test_index,molecule_id,cyp_index,cyp_target,predicted_pic50,late_motion,final_step,late_amplitude,best_recurrence_lag,recurrence_ratio,recurrence_distance,curvature,spectral_concentration,selected_for_visualisation,selection_reason
0,OCNT-0010024,0,CYP1A2,4.903620719909668,7.489180916309124e-06,0.0,7.477994222426787e-05,32,0.5566614860562749,0.0001335841661784798,0.7290857434272766,0.23062430574510923,False,
0,OCNT-0010024,1,CYP2C9,4.688598155975342,8.200999582186341e-05,0.0,0.0012292524334043264,32,0.7761229430845811,0.0020370432175695896,0.59050452709198,0.3252889006816623,False,
0,OCNT-0010024,2,CYP2D6,3.6338770389556885,1.5284265828086063e-05,0.0,0.00018092614482156932,32,0.6449482101305903,0.00031564829987473786,0.5124641060829163,0.33590449365117964,False,
0,OCNT-0010024,3,CYP3A4,3.251270055770874,8.223679515140248e-09,0.0,7.236250212372397e-07,32,0.11913342409808987,6.947357888975603e-08,1.0,0.08807762317364383,True,curved
1,OCNT-0491471,0,CYP1A2,4.632295608520508,2.3485285964852665e-06,0.0,2.3248068828252144e-05,32,0.5197398416012988,3.9226280932780355e-05,0.8043904304504395,0.2104598063752116,False,
1,OCNT-0491471,1,CYP2C9,4.495960235595703,1.5282312233466655e-05,0.0,0.00017222035967279226,32,0.49839330691982414,0.0002438907540636137,0.729158341884613,0.2177855189423378,False,
1,OCNT-0491471,2,CYP2D6,4.6417236328125,0.00035762478364631534,0.0015320571837946773,0.003783523803576827,32,0.8337232185501757,0.009541389532387257,3.064432803512318e-06,0.3666075795388667,False,
1,OCNT-0491471,3,CYP3A4,4.189329147338867,1.3433762546810613e-07,0.0,1.958812845259672e-06,32,0.6842972878020674,3.1606350603397004e-06,0.9880024790763855,0.39427763927598486,False,
2,OCNT-0493952,0,CYP1A2,5.016672134399414,3.299747504570405e-06,0.0,3.257188291172497e-05,32,0.5419848851546047,5.7402659876970574e-05,0.7773454785346985,0.2235148115465146,False,
2,OCNT-0493952,1,CYP2C9,4.845699310302734,1.982293906621635e-05,0.0,0.00022688452736474574,32,0.5169008160666578,0.000328053196426481,0.7170579433441162,0.22406442250411834,False,
2,OCNT-0493952,2,CYP2D6,4.806386947631836,2.9703834059091605e-08,0.0,1.0506565786272404e-06,32,0.3053864962246902,3.880004726397601e-07,1.0,0.16537991378031103,True,curved
2,OCNT-0493952,3,CYP3A4,4.5615034103393555,8.977117431641091e-07,0.0,1.313667235081084e-05,32,0.7730419588727827,2.2454376448877156e-05,0.7506129145622253,0.4178469168656213,False,
3,OCNT-0495173,0,CYP1A2,4.47452449798584,0.0005327812395989895,0.0,0.00848461128771305,2,1.000575662398768,0.0010661958949640393,0.3133868873119354,0.5853517064992049,False,
3,OCNT-0495173,1,CYP2C9,4.343231201171875,1.915461143653374e-05,0.0,0.0002166086051147431,32,0.4834538579651814,0.00029648657073266804,0.693011999130249,0.22856301177699961,False,
3,OCNT-0495173,2,CYP2D6,4.513200283050537,1.0248454174188737e-07,0.0,1.802289261831902e-06,32,0.45215893510902205,1.6275484995276202e-06,0.9669927358627319,0.21111192595788178,False,
3,OCNT-0495173,3,CYP3A4,3.9229981899261475,4.84609870454733e-07,0.0,6.750287866452709e-06,32,0.6626582389853511,1.0488233783689793e-05,0.8526694178581238,0.32899580609878665,False,
4,OCNT-0495806,0,CYP1A2,4.927262306213379,1.9665891159093007e-05,8.283758688776288e-06,0.00027166627114638686,32,0.9584883763312223,0.0006034916150383651,6.68132197461091e-05,0.562020255610229,False,
4,OCNT-0495806,1,CYP2C9,4.838098526000977,4.0038365114014596e-05,0.0,0.0005170914810150862,32,0.9642222853985165,0.0012356968363747,0.46705833077430725,0.5163009235431103,False,
4,OCNT-0495806,2,CYP2D6,4.601799964904785,5.71002146898536e-07,0.0,9.03858381207101e-06,32,0.7432879621866629,1.3819260857417248e-05,0.8166308999061584,0.3775153543936157,False,
4,OCNT-0495806,3,CYP3A4,4.605530261993408,5.538200653631975e-08,0.0,1.4505976650980301e-06,32,0.39447773163377464,8.253358600995853e-07,0.994025707244873,0.15989701090571584,False,
5,OCNT-0496981,0,CYP1A2,4.851145267486572,0.0002977433323394507,0.0,0.004121390171349049,32,0.928231138776453,0.008844285272061825,0.24427418410778046,0.681295122209683,False,
5,OCNT-0496981,1,CYP2C9,4.763506889343262,9.822357242228463e-06,0.0,0.00011135942622786388,32,0.4687661102219927,0.00014749042748007923,0.7472483515739441,0.21442446638920948,False,
5,OCNT-0496981,2,CYP2D6,4.77330207824707,5.829895854958522e-08,0.0,1.2229586445755558e-06,32,0.4038287650209291,8.825946906654281e-07,0.9970043301582336,0.19034658427554477,False,
5,OCNT-0496981,3,CYP3A4,4.44590950012207,3.620891675382154e-07,0.0,4.869633812631946e-06,32,0.6631426987836646,7.895942871982697e-06,0.8767569661140442,0.32684881635539387,False,
6,OCNT-0497785,0,CYP1A2,4.578867435455322,7.821733015589416e-05,1.1630162589426618e-05,0.0008489636820740998,32,0.7022845061207191,0.0017580109415575862,3.3533357054693624e-05,0.39202956564846947,False,
6,OCNT-0497785,1,CYP2C9,3.9842445850372314,4.752452514367178e-05,0.0,0.0005626117927022278,32,0.5766087551751305,0.000877082347869873,0.6417036652565002,0.2750676877212046,False,
6,OCNT-0497785,2,CYP2D6,4.423613548278809,2.644915184646379e-06,0.0,2.8835223929490894e-05,32,0.44493225615488075,3.780023689614609e-05,0.810592532157898,0.22467928705060813,False,
6,OCNT-0497785,3,CYP3A4,3.500929117202759,1.2924725524499081e-05,0.0,0.00014015755732543766,32,0.5942262441167032,0.0002459569077473134,0.593838632106781,0.3648167661323421,False,
7,OCNT-1498525,0,CYP1A2,4.8149871826171875,2.466875685058767e-06,0.0,2.358540950808674e-05,32,0.46411421471132513,3.6785702832276e-05,0.8225178718566895,0.2158767747852984,False,
7,OCNT-1498525,1,CYP2C9,4.446117401123047,6.056745405658148e-05,0.0,0.0007308321073651314,32,0.5910770125202041,0.001145790098235011,0.6237255930900574,0.2766593594118828,False,
7,OCNT-1498525,2,CYP2D6,4.1144185066223145,9.964976197807118e-05,8.376520668207377e-07,0.0017657040152698755,32,0.8889412590011732,0.002834933577105403,0.027661960572004318,0.4715047961532881,False,
7,OCNT-1498525,3,CYP3A4,2.942972183227539,5.288341981213307e-06,0.0,6.635374302277341e-05,32,0.42324954822770106,7.176066719694063e-05,0.7984043955802917,0.1504463188496661,False,
8,OCNT-2148029,0,CYP1A2,4.725547790527344,2.306314854649827e-06,0.0,2.1314372133929282e-05,32,0.4638320592844974,3.438019484747201e-05,0.8315016031265259,0.22134397484410284,False,
8,OCNT-2148029,1,CYP2C9,4.237999439239502,5.65186383028049e-05,0.0,0.0006831679493188858,32,0.5910661581429796,0.0010691892821341753,0.6267054677009583,0.2769335923092421,False,
8,OCNT-2148029,2,CYP2D6,3.8162713050842285,9.453068196307868e-05,7.952251621645701e-07,0.0016774930991232395,32,0.8821251505268626,0.0026686948258429766,0.02773064374923706,0.4716898491272506,False,
8,OCNT-2148029,3,CYP3A4,2.636458396911621,3.961123729823157e-05,3.0630228138761595e-05,0.0007744608446955681,32,0.9001027911625966,0.0011412219610065222,5.185980990063399e-05,0.409263130524565,False,
9,OCNT-2308485,0,CYP1A2,4.908492565155029,0.00012105036876164377,0.0,0.0012481616577133536,32,0.8261714117020528,0.003200531704351306,0.6446866989135742,0.33027103406534764,False,
9,OCNT-2308485,1,CYP2C9,4.800510406494141,1.5063907994772308e-05,0.0,0.00017244010814465582,32,0.5169970743755535,0.0002493813226465136,0.7290818095207214,0.22429438778055694,False,
9,OCNT-2308485,2,CYP2D6,4.843319892883301,2.253245767747103e-08,0.0,7.420339898089878e-07,32,0.2654676676516261,2.7636210120363103e-07,1.0,0.15501850582246876,True,curved
9,OCNT-2308485,3,CYP3A4,4.560629844665527,6.783169510526932e-07,0.0,9.91246270132251e-06,32,0.7692246351762978,1.6943051377893426e-05,0.7865636348724365,0.41691408495510474,False,
10,OCNT-2311186,0,CYP1A2,5.00083589553833,3.641898047135328e-06,0.0,3.600563286454417e-05,32,0.5468191946891917,6.39016943750903e-05,0.7682933807373047,0.22636024370562344,False,
10,OCNT-2311186,1,CYP2C9,4.921950817108154,2.1456819013110362e-05,0.0,0.0002476984809618443,32,0.5265325589002445,0.0003616953326854855,0.7200626134872437,0.21970187675558778,False,
10,OCNT-2311186,2,CYP2D6,4.57963228225708,2.992524969158694e-06,9.42432194506182e-08,5.585630424320698e-05,32,0.8261019346383051,7.937253394629806e-05,0.5035898089408875,0.4526127617435587,False,
10,OCNT-2311186,3,CYP3A4,4.466179847717285,3.02079370158026e-05,2.102528014802374e-05,0.0005797724006697536,32,0.8820666881335091,0.0008529355400241911,3.8560076063731685e-05,0.47224627529949037,False,
11,OCNT-2312792,0,CYP1A2,4.648998260498047,3.626908437581733e-05,1.5485740334497677e-07,0.0005033875931985676,32,0.9004602840060767,0.0010453719878569245,0.2081890106201172,0.43778790217833774,False,
11,OCNT-2312792,1,CYP2C9,4.441776275634766,2.626464811328333e-05,0.0,0.0003118962049484253,32,0.5678789975412785,0.00047746626660227776,0.6749698519706726,0.26597111923103733,False,
11,OCNT-2312792,2,CYP2D6,4.275768280029297,7.370994126176811e-07,0.0,1.0464222214068286e-05,32,0.6967812567708389,1.6658075765008107e-05,0.7954866290092468,0.4472603297029518,False,
11,OCNT-2312792,3,CYP3A4,3.9851255416870117,3.986842330050422e-06,0.0,5.904279532842338e-05,32,0.7605678687579132,9.727583528729156e-05,0.6029098033905029,0.38887152540512937,False,
12,OCNT-2314689,0,CYP1A2,4.782669544219971,0.00010664389992598444,0.0,0.00099276565015316,32,0.7600891436936424,0.0025941270869225264,0.5513637661933899,0.30611935802284085,False,
12,OCNT-2314689,1,CYP2C9,4.561241626739502,1.4798876691202167e-05,0.0,0.00016722691361792386,32,0.49510843537294447,0.0002346239925827831,0.7351663708686829,0.21398833914147117,False,
12,OCNT-2314689,2,CYP2D6,4.588756561279297,2.7515184228832368e-06,5.960464477539063e-08,5.1247014198452234e-05,32,0.8232392071378439,7.274848758243024e-05,0.5186522006988525,0.5021561681969832,False,
12,OCNT-2314689,3,CYP3A4,4.162494659423828,2.650410715432372e-05,1.9231556507293135e-05,0.0005031722830608487,32,0.8873391534318018,0.0007528641726821661,3.424394526518881e-05,0.4654102812338182,False,
13,OCNT-2461740,0,CYP1A2,4.95701789855957,4.048803930345457e-06,0.0,3.987197487731464e-05,32,0.5428000092509944,7.049980195006356e-05,0.7652487754821777,0.22370015179518526,False,
13,OCNT-2461740,1,CYP2C9,4.701137542724609,2.4171102268155664e-05,0.0,0.0002765480021480471,32,0.5165098276029966,0.0003996728628408164,0.7049944996833801,0.22335174854461837,False,
13,OCNT-2461740,2,CYP2D6,4.721735000610352,3.504738188553347e-08,0.0,8.46890316097415e-07,32,0.3236813974216979,4.6659198460474727e-07,1.0,0.18964575963022584,True,curved
13,OCNT-2461740,3,CYP3A4,4.359050273895264,1.1142615221615415e-06,0.0,1.640005393710453e-05,32,0.777459026313642,2.7970152586931363e-05,0.7231544852256775,0.41812178461453553,False,
14,OCNT-2469049,0,CYP1A2,4.811293125152588,3.1535080779576674e-05,2.0374852738314075e-06,0.00047634041402488947,32,0.962156954601541,0.0009712422033771873,0.0001237336837220937,0.5114989001728498,False,
14,OCNT-2469049,1,CYP2C9,4.635662078857422,3.298099181847647e-05,0.0,0.0004577200161293149,32,0.7065952681352846,0.0007459609187208116,0.5965797901153564,0.2784311597792875,False,
14,OCNT-2469049,2,CYP2D6,4.48764181137085,3.0847806442579895e-07,0.0,4.1597731978981756e-06,32,0.4760814743538569,4.8518882067583036e-06,0.9278954267501831,0.2876474841764884,False,
14,OCNT-2469049,3,CYP3A4,4.206883907318115,5.910080744797597e-06,0.0,9.216045873472467e-05,32,0.805567108131296,0.0001526087144156918,0.5274232625961304,0.4157530947357539,False,
15,OCNT-2534775,0,CYP1A2,5.068490505218506,3.0600458558183163e-06,0.0,3.02446678688284e-05,32,0.5464027758625212,5.367941048461944e-05,0.7803390622138977,0.22624008623295583,False,
15,OCNT-2534775,1,CYP2C9,5.009270191192627,1.8036334950011224e-05,0.0,0.0002075520169455558,32,0.5265310113128414,0.00030406255973502994,0.7290492653846741,0.21979758013979156,False,
15,OCNT-2534775,2,CYP2D6,4.859678268432617,4.057773139720666e-08,0.0,1.1104845043519163e-06,32,0.32906168446612766,5.325821916812856e-07,1.0,0.17052257358990303,True,curved
15,OCNT-2534775,3,CYP3A4,4.721823692321777,1.8958277223646292e-06,5.960464477539063e-08,2.8547667170641944e-05,32,0.8111362718131374,4.946835178998299e-05,0.630048930644989,0.4466086424869075,False,
16,OCNT-2534776,0,CYP1A2,4.267971992492676,0.00013668459723703563,0.0,0.0023416485637426376,32,0.9555967861330984,0.004179997369647026,0.45508068799972534,0.5024602897404683,False,
16,OCNT-2534776,1,CYP2C9,4.101911544799805,1.7012613170663826e-05,0.0,0.0001942515082191676,32,0.4736336950429587,0.0002579994616098702,0.7081175446510315,0.2203885922204567,False,
16,OCNT-2534776,2,CYP2D6,4.304684638977051,2.619897031763685e-06,2.9802322387695312e-08,4.826347139896825e-05,32,0.8119692656851518,6.833265797467902e-05,0.5337221622467041,0.4189474119959965,False,
16,OCNT-2534776,3,CYP3A4,3.534630537033081,2.480751572875306e-05,1.8374430510448292e-05,0.0004701290454249829,32,0.8849962180763941,0.0007028290419839323,3.827048931270838e-05,0.4610125010631584,False,
17,OCNT-2534778,0,CYP1A2,4.99603271484375,1.0206351817032555e-06,0.0,9.437237167730927e-06,32,0.4637147226660991,1.529346263851039e-05,0.8616912364959717,0.19359841102777908,False,
17,OCNT-2534778,1,CYP2C9,4.818534851074219,9.005112588056363e-06,0.0,0.00010323939204681665,32,0.4774478842313372,0.00013773588580079377,0.738120436668396,0.22524662027707387,False,
17,OCNT-2534778,2,CYP2D6,4.645534515380859,2.6940838324662764e-06,5.960464477539063e-08,5.000846795155667e-05,32,0.8175441292027049,7.074265158735216e-05,0.5276172757148743,0.4250481935300785,False,
17,OCNT-2534778,3,CYP3A4,4.414170265197754,2.5945724701159634e-05,2.0397665139171295e-05,0.0004913666634820402,32,0.88816379378409,0.0007376939174719155,3.6283072404330596e-05,0.46298626920449254,False,
18,OCNT-2534781,0,CYP1A2,4.915071964263916,0.00018876408284995705,0.0,0.002659542253240943,2,1.000696537733254,0.0003778111422434449,0.4851170778274536,0.5299075476323056,False,
18,OCNT-2534781,1,CYP2C9,4.712924003601074,1.810024696169421e-05,0.0,0.00020706566283479333,32,0.5162809606266482,0.00029919922235421836,0.7200922966003418,0.22321861007876348,False,
18,OCNT-2534781,2,CYP2D6,4.783960342407227,2.7821503323366414e-08,0.0,7.897749583207769e-07,32,0.29747282843653566,3.600278262183565e-07,1.0,0.19398678191813234,False,
18,OCNT-2534781,3,CYP3A4,4.425909042358398,8.41999167278118e-07,0.0,1.2282590432732832e-05,32,0.7735181271936091,2.1089177607791498e-05,0.7594589591026306,0.41782397335486887,False,
19,OCNT-2534782,0,CYP1A2,4.73200798034668,4.702495971287135e-06,0.0,5.048573439125903e-05,32,0.5106802159049193,7.701051072217524e-05,0.768302857875824,0.22155754998573446,False,
19,OCNT-2534782,1,CYP2C9,4.522110939025879,2.037800004472956e-05,0.0,0.00022944677039049566,32,0.4974867309439316,0.0003245683037675917,0.7140167355537415,0.21726580161700043,False,
19,OCNT-2534782,2,CYP2D6,4.685441017150879,1.4159016181736206e-08,0.0,9.194296808345825e-07,32,0.21734699217407075,1.6802846403152216e-07,1.0,0.18026480775620096,False,
19,OCNT-2534782,3,CYP3A4,4.189454555511475,1.8694498749027844e-07,0.0,2.8212411962158512e-06,32,0.7036470037022179,4.434552010934567e-06,0.9489303231239319,0.388201107406381,False,
20,OCNT-2534783,0,CYP1A2,4.826339244842529,0.0002516835811547935,0.0,0.003545999526977539,2,1.00071060515335,0.0005037448718212545,0.47603845596313477,0.5298834500405436,False,
20,OCNT-2534783,1,CYP2C9,4.604696750640869,2.398515061940998e-05,0.0,0.00027430488262325525,32,0.5159377358415614,0.00039616011781618,0.7080311179161072,0.2235530264876724,False,
20,OCNT-2534783,2,CYP2D6,4.6796183586120605,3.666379200240044e-08,0.0,1.263039166587987e-06,32,0.3323357138538335,4.962574280398258e-07,1.0,0.16193374058016743,False,
20,OCNT-2534783,3,CYP3A4,4.259705543518066,1.173826603917405e-06,0.0,1.7216301785083488e-05,32,0.7778320791802195,2.9466185878845863e-05,0.7171671390533447,0.4184649021488908,False,
21,OCNT-2534784,0,CYP1A2,4.918025970458984,0.00018876392277888954,0.0,0.00265954970382154,2,1.0006960758050674,0.00037781064747832716,0.48509156703948975,0.5299474403394888,False,
21,OCNT-2534784,1,CYP2C9,4.7169647216796875,1.8099719454767182e-05,0.0,0.00020706206851173192,32,0.5162718425854249,0.0002991852234117687,0.7201256155967712,0.22320269183940183,False,
21,OCNT-2534784,2,CYP2D6,4.792328834533691,2.782673114154477e-08,0.0,8.598411795901484e-07,32,0.29087959592152585,3.520967766235117e-07,1.0,0.17087939577319605,False,
21,OCNT-2534784,3,CYP3A4,4.4327287673950195,8.424262887274381e-07,0.0,1.2422675354173407e-05,32,0.7732151662356435,2.1091485905344598e-05,0.7596017122268677,0.4183125472865615,False,
22,OCNT-2534785,0,CYP1A2,4.918164253234863,0.0001887637481559068,0.0,0.002659545047208667,2,1.0006965389682088,0.0003778104728553444,0.4851217269897461,0.529928245799999,False,
22,OCNT-2534785,1,CYP2C9,4.7169294357299805,1.8101172827300616e-05,0.0,0.00020706909708678722,32,0.5162834928847174,0.00029921598616056144,0.7200990915298462,0.22332016474283956,False,
22,OCNT-2534785,2,CYP2D6,4.79130744934082,2.735416515520228e-08,0.0,1.220654098688101e-06,32,0.29483030038948455,3.5242047147221456e-07,1.0,0.15256397296202673,False,
22,OCNT-2534785,3,CYP3A4,4.432707786560059,8.428179967268079e-07,0.0,1.2274724213057198e-05,32,0.7726450626572238,2.1085619664518163e-05,0.7565760612487793,0.4186633363639186,False,
23,OCNT-2534787,0,CYP1A2,4.865628242492676,0.00022651630570180714,0.0,0.0031914596911519766,2,1.0007056573586466,0.0004533723113127053,0.4820272624492645,0.5299350322107886,False,
23,OCNT-2534787,1,CYP2C9,4.662038326263428,2.182555545005016e-05,0.0,0.00024981432943604887,32,0.5168593761979169,0.0003611491702031344,0.7111033201217651,0.22350542224663886,False,
23,OCNT-2534787,2,CYP2D6,4.72639274597168,3.226216449547792e-08,0.0,9.572935368851176e-07,32,0.3163928592000248,4.27886305942593e-07,1.0,0.19738685299818304,False,
23,OCNT-2534787,3,CYP3A4,4.336413383483887,9.970818837246043e-07,0.0,1.4680481399409473e-05,32,0.7753356598031865,2.4986447897390462e-05,0.7383820414543152,0.4183457629032662,False,
24,OCNT-2534798,0,CYP1A2,5.044656753540039,1.0391785281171906e-06,0.0,1.1794886631832924e-05,32,0.5643261608363052,1.8946524505736306e-05,0.8256461024284363,0.18550754945020245,False,
24,OCNT-2534798,1,CYP2C9,4.921003341674805,7.851368536648806e-06,0.0,8.897528459783643e-05,32,0.4699696223052794,0.00011822734086308628,0.7592772245407104,0.21534200986124435,False,
24,OCNT-2534798,2,CYP2D6,4.877036094665527,5.5767827689123806e-08,0.0,1.230253928952152e-06,32,0.40410676330636025,8.504711672685517e-07,0.997006893157959,0.19591320361863218,False,
24,OCNT-2534798,3,CYP3A4,4.591045379638672,3.111340731720702e-07,0.0,4.456163878785446e-06,32,0.6639156042969665,6.8225895120122004e-06,0.8887910842895508,0.3218127345839076,False,
25,OCNT-2534799,0,CYP1A2,5.027255535125732,1.0769946356958826e-06,0.0,1.2234387213538866e-05,32,0.5642178003057265,1.9625655113486573e-05,0.8195984363555908,0.18656888124861476,False,
25,OCNT-2534799,1,CYP2C9,4.858215808868408,8.132420589390676e-06,0.0,9.213547309627756e-05,32,0.46997263674305506,0.00012245487596374005,0.7563061118125916,0.21544396421268688,False,
25,OCNT-2534799,2,CYP2D6,4.860482215881348,5.79881600515364e-08,0.0,1.077522938430775e-06,32,0.40304816833908125,8.768801080805133e-07,0.9970258474349976,0.19531097564257047,False,
25,OCNT-2534799,3,CYP3A4,4.563751220703125,3.2456236453981546e-07,0.0,4.6248551370808855e-06,32,0.6648316789003593,7.1176850724441465e-06,0.8857660889625549,0.32737529027642565,False,
26,OCNT-2534800,0,CYP1A2,5.008934020996094,3.4750585200526984e-06,0.0,3.4249285818077624e-05,32,0.5425199423379576,6.0502839914988726e-05,0.7743694186210632,0.22372638813630646,False,
26,OCNT-2534800,1,CYP2C9,4.82802677154541,2.06137392524397e-05,0.0,0.0002357496414333582,32,0.515974368718228,0.00034052226692438126,0.7140345573425293,0.22320694408527683,False,
26,OCNT-2534800,2,CYP2D6,4.795492649078369,3.091583167247336e-08,0.0,1.1108254511782434e-06,32,0.30528790644918385,3.997154749413312e-07,1.0,0.2116465786283097,False,
26,OCNT-2534800,3,CYP3A4,4.527985572814941,9.697513405626523e-07,0.0,1.4295233995653689e-05,32,0.7757784249926903,2.4322238459717482e-05,0.7413882613182068,0.4188381218332684,False,
27,OCNT-2534803,0,CYP1A2,4.759929656982422,1.1301065569568891e-05,0.0,7.852994167478755e-05,32,0.3725989878201123,0.00013486373063642532,0.7864328622817993,0.2382707150079893,False,
27,OCNT-2534803,1,CYP2C9,4.482905387878418,1.3810988093609922e-05,0.0,0.00015617816825397313,32,0.497020001741711,0.00021981784084346145,0.7351751923561096,0.215897732007149,False,
27,OCNT-2534803,2,CYP2D6,4.767438888549805,9.897745734122054e-09,0.0,7.959155823300534e-07,32,0.18703817801923062,1.1909241948160343e-07,1.0,0.14243123480503694,False,
27,OCNT-2534803,3,CYP3A4,4.2093939781188965,1.3159645106952667e-07,0.0,2.0246081930963555e-06,32,0.6771734322645682,3.0683313525514677e-06,0.9909893870353699,0.39164760481635924,False,
28,OCNT-2534805,0,CYP1A2,4.995899200439453,2.9120728868292645e-06,0.0,2.9030950827291235e-05,32,0.5427388249296016,5.0749516958603635e-05,0.7833686470985413,0.22897488306947253,False,
28,OCNT-2534805,1,CYP2C9,4.77629280090332,1.7443740944145247e-05,0.0,0.00019966297259088606,32,0.5168622967317895,0.00028867778019048274,0.7200458645820618,0.22418421801430283,False,
28,OCNT-2534805,2,CYP2D6,4.80352783203125,2.6297692912180537e-08,0.0,1.1196946161362575e-06,32,0.2960598409888716,3.4388125413897797e-07,1.0,0.2057031545712099,False,
28,OCNT-2534805,3,CYP3A4,4.501947402954102,7.912409500931972e-07,0.0,1.159793282567989e-05,32,0.7708586739657275,1.9764593162108213e-05,0.7654892206192017,0.41827222424935306,False,
29,OCNT-2534806,0,CYP1A2,5.020112037658691,3.1561878586217063e-06,0.0,3.1173905881587416e-05,32,0.5419737541829875,5.4911703045945615e-05,0.7802829742431641,0.22408714699371596,False,
29,OCNT-2534806,1,CYP2C9,4.854249000549316,1.8961047317134216e-05,0.0,0.00021702077356167138,32,0.5168802601930927,0.0003137843159493059,0.7170494794845581,0.22407838870806224,False,
29,OCNT-2534806,2,CYP2D6,4.814150333404541,2.8749782998716e-08,0.0,1.1068630101362942e-06,32,0.30499385707450033,3.781902648825053e-07,1.0,0.16910821599317793,False,
29,OCNT-2534806,3,CYP3A4,4.57444953918457,8.582366604059644e-07,0.0,1.2579228496178985e-05,32,0.7731042409338486,2.1479598217410967e-05,0.7565212845802307,0.41631905597493535,False,
30,OCNT-2534808,0,CYP1A2,4.8094329833984375,4.682874987338437e-06,0.0,4.886820534011349e-05,32,0.5364293905486954,8.055667422013357e-05,0.7502198815345764,0.23032886796188468,False,
30,OCNT-2534808,1,CYP2C9,4.495092391967773,3.055543129448779e-05,0.0,0.00035083916736766696,32,0.5049005329534397,0.0004938400816172361,0.6839708685874939,0.22545971593357172,False,
30,OCNT-2534808,2,CYP2D6,4.474669933319092,1.054324698657183e-07,0.0,1.6472936295031104e-06,32,0.45023863903409206,1.6631090602459153e-06,0.9639853835105896,0.1985934104982921,False,
30,OCNT-2534808,3,CYP3A4,3.970952272415161,1.295809283874405e-06,0.0,1.8329175873077475e-05,32,0.7445721017336461,3.1112613214645535e-05,0.7263580560684204,0.38967914843663015,False,
31,OCNT-2534809,0,CYP1A2,4.940121173858643,0.000232952312217094,1.365714012990793e-07,0.003914650063961744,2,1.0012587135092283,0.0004665110900532454,0.09060518443584442,0.7543467246969286,False,
31,OCNT-2534809,1,CYP2C9,4.759692668914795,7.427463970088866e-06,0.0,8.456487557850778e-05,32,0.478052388422726,0.00011377591727068648,0.750211775302887,0.22414067540193194,False,
31,OCNT-2534809,2,CYP2D6,4.842963218688965,6.364470550579426e-08,0.0,1.275943986911443e-06,32,0.4182110430522695,9.85568931355374e-07,0.991006076335907,0.18972936474347418,False,
31,OCNT-2534809,3,CYP3A4,4.5202741622924805,2.13006941862659e-07,0.0,3.171326625306392e-06,32,0.6397572248077231,4.565449671645183e-06,0.9280325770378113,0.3134973121338451,False,
32,OCNT-2534810,0,CYP1A2,4.947332382202148,0.0002597982529550791,1.2287812012345967e-07,0.004366000648587942,2,1.0012640835570674,0.00052027334459126,0.08467023819684982,0.7543575728827252,False,
32,OCNT-2534810,1,CYP2C9,4.8114213943481445,8.284711839223746e-06,0.0,9.43057966651395e-05,32,0.47811834789293284,0.00012690732546616346,0.7442323565483093,0.2243133799927187,False,
32,OCNT-2534810,2,CYP2D6,4.846367835998535,7.21491915101069e-08,0.0,1.597104528627824e-06,32,0.41887693605570137,1.1011328524546116e-06,0.9820658564567566,0.19628544872198433,False,
32,OCNT-2534810,3,CYP3A4,4.564268112182617,2.371387495259114e-07,0.0,3.286712853878271e-06,32,0.6439608888144825,5.092726041766582e-06,0.9159386157989502,0.32737452489291463,False,
33,OCNT-2534811,0,CYP1A2,4.949951648712158,4.678827735915547e-06,0.0,4.616620935848914e-05,32,0.5447465801592882,8.17351319710724e-05,0.7592166066169739,0.2249348225124481,False,
33,OCNT-2534811,1,CYP2C9,4.760850429534912,2.7041991415899247e-05,0.0,0.00031133019365370274,32,0.5161158142287288,0.00044678273843601346,0.701950192451477,0.22115886580735566,False,
33,OCNT-2534811,2,CYP2D6,4.661215782165527,1.560129447852887e-07,0.0,1.911330400616862e-06,32,0.3912146977381751,2.0782945284736343e-06,0.948927640914917,0.16005402007428873,False,
33,OCNT-2534811,3,CYP3A4,4.354856014251709,2.436673867123318e-06,0.0,3.6753099266206846e-05,32,0.8064913408417826,6.31430812063627e-05,0.5998110771179199,0.44050026883626486,False,
34,OCNT-2534813,0,CYP1A2,4.298040390014648,0.00012661199434660375,0.0,0.002101905643939972,32,0.9423513047917161,0.003818316850811243,0.4732397496700287,0.4756127165995576,False,
34,OCNT-2534813,1,CYP2C9,4.035529613494873,1.538703145342879e-05,0.0,0.00017556555394548923,32,0.4781223432040413,0.00023557327222079039,0.7080824971199036,0.2237344332089024,False,
34,OCNT-2534813,2,CYP2D6,4.5182881355285645,1.1198070382079095e-07,0.0,1.7995027974393452e-06,32,0.4435748592846241,1.7314423530478962e-06,0.9641758799552917,0.18861840446940492,False,
34,OCNT-2534813,3,CYP3A4,3.6399214267730713,4.2555313939374173e-07,0.0,5.808050445921253e-06,32,0.6610396276553848,9.213372322847135e-06,0.8647322058677673,0.3160072955604527,False,
35,OCNT-2534822,0,CYP1A2,4.69271183013916,4.073281161254272e-05,2.635105147419381e-06,0.000615275464951992,32,0.9622275655454394,0.0012545234058052301,0.00010156416101381183,0.5114144192042194,False,
35,OCNT-2534822,1,CYP2C9,4.471531867980957,4.2599323933245614e-05,0.0,0.0005911898333579302,32,0.7066429603284995,0.0009635065216571093,0.5815944671630859,0.27842280380446116,False,
35,OCNT-2534822,2,CYP2D6,4.303057670593262,3.979389759933838e-07,0.0,5.102265276946127e-06,32,0.4803343306851152,6.270307039812906e-06,0.9188469648361206,0.29545322270838226,False,
35,OCNT-2534822,3,CYP3A4,3.973036289215088,7.632505003130063e-06,0.0,0.00011898369848495349,32,0.805993974582817,0.00019711401546373963,0.4973852336406708,0.4157676151340699,False,
36,OCNT-2534823,0,CYP1A2,5.059877395629883,2.6998848170478595e-06,0.0,2.665756255737506e-05,32,0.5420413560715491,4.700382851297036e-05,0.7893756031990051,0.22419289305740853,False,
36,OCNT-2534823,1,CYP2C9,4.939423561096191,1.6114301615743898e-05,0.0,0.0001843713253038004,32,0.516385514303367,0.0002664433850441128,0.7261041402816772,0.22335396076437042,False,
36,OCNT-2534823,2,CYP2D6,4.867690563201904,2.399403165043168e-08,0.0,9.999992016673787e-07,32,0.28600959292494565,3.1112381293496583e-07,1.0,0.15214214684929375,False,
36,OCNT-2534823,3,CYP3A4,4.663649082183838,7.451648684764223e-07,0.0,1.1048799933632836e-05,32,0.7718465439118667,1.865188460214995e-05,0.7746003866195679,0.4176025723500525,False,
37,OCNT-2534824,0,CYP1A2,4.917097091674805,0.00018876399553846568,0.0,0.002659534104168415,2,1.0006956901045787,0.00037781064747832716,0.4880872666835785,0.5299258220911152,False,
37,OCNT-2534824,1,CYP2C9,4.71559476852417,1.8036540495813824e-05,0.0,0.00020627009507734329,32,0.5159475034778729,0.0002979541604872793,0.7200278043746948,0.22302906171207684,False,
37,OCNT-2534824,2,CYP2D6,4.787889003753662,2.624511097337745e-08,0.0,1.117786496251938e-06,32,0.30019740754288504,3.481820272099867e-07,1.0,0.1550093850446751,False,
37,OCNT-2534824,3,CYP3A4,4.430576801300049,8.4940393207944e-07,0.0,1.2572007108246908e-05,32,0.7740603587842154,2.128737651219126e-05,0.7594248056411743,0.4193725373316342,False,
38,OCNT-2534827,0,CYP1A2,5.032562732696533,1.1165883506691898e-06,0.0,1.27788407553453e-05,32,0.564509272585455,2.035102625086438e-05,0.8166327476501465,0.1861814738629307,False,
38,OCNT-2534827,1,CYP2C9,4.8874664306640625,8.433182301814668e-06,0.0,9.54578717937693e-05,32,0.4700448926445875,0.00012699759099632502,0.7562314867973328,0.21541622671228688,False,
38,OCNT-2534827,2,CYP2D6,4.859293460845947,6.07508283678726e-08,0.0,1.0381820629845606e-06,32,0.4050050944726062,9.169422696686524e-07,0.9940300583839417,0.19028707774858303,False,
38,OCNT-2534827,3,CYP3A4,4.590599060058594,3.357205571319355e-07,0.0,4.8182637328864075e-06,32,0.6645153815828581,7.351572094194125e-06,0.8828009963035583,0.3279558662643193,False,
39,OCNT-2534828,0,CYP1A2,4.863735198974609,0.00013219330867286772,0.0,0.0018334902124479413,32,0.9872901563607234,0.004176736809313297,0.4971981644630432,0.5169845239555585,False,
39,OCNT-2534828,1,CYP2C9,4.49184513092041,2.5140401703538373e-05,0.0,0.00029759263270534575,32,0.5679167770294854,0.0004570667224470526,0.6809476613998413,0.26708650616938207,False,
39,OCNT-2534828,2,CYP2D6,4.746794700622559,3.0132551387396234e-07,0.0,3.6757146517629735e-06,32,0.44754105951371703,4.4585904106497765e-06,0.9157953858375549,0.18988843946600917,False,
39,OCNT-2534828,3,CYP3A4,4.192258834838867,3.8081507227616385e-06,0.0,5.617605711449869e-05,32,0.7609038971486868,9.296786447521299e-05,0.6057577729225159,0.39128482382287344,False,
40,OCNT-2534829,0,CYP1A2,4.459595203399658,0.00018289251602254808,0.0,0.0032321945764124393,32,0.9768271937861189,0.0057172528468072414,0.32543906569480896,0.5853534223358245,False,
40,OCNT-2534829,1,CYP2C9,4.263416767120361,5.693465209333226e-05,0.0,0.0006688691792078316,32,0.5547902703179511,0.0010109548456966877,0.6357932686805725,0.25226284848413694,False,
40,OCNT-2534829,2,CYP2D6,4.074431419372559,5.2725354180438444e-05,3.475518042250769e-07,0.0008620592998340726,32,0.8726270474773894,0.001472585485316813,0.160178080201149,0.40180834375586577,False,
40,OCNT-2534829,3,CYP3A4,2.993166208267212,6.235814907995518e-06,0.0,7.758864376228303e-05,32,0.41059463907264543,8.206393977161497e-05,0.7892827391624451,0.14054759908829084,False,
41,OCNT-2534831,0,CYP1A2,4.30460786819458,0.00042816944187507033,3.8692837733833585e-07,0.006610564421862364,21,0.9913230365835293,0.008913747034966946,0.03938876464962959,0.6751907818796963,False,
41,OCNT-2534831,1,CYP2C9,4.043490409851074,9.144733667199034e-06,0.0,0.00010812305117724463,32,0.4854283823413882,0.00014220696175470948,0.7262651920318604,0.2213261613266754,False,
41,OCNT-2534831,2,CYP2D6,4.491311073303223,7.468877782912386e-08,0.0,1.7183555200972478e-06,32,0.4242507269054009,1.1497368177515455e-06,0.9850522875785828,0.18685736306242584,False,
41,OCNT-2534831,3,CYP3A4,3.6358320713043213,2.1014862738866213e-07,0.0,3.1025301723275334e-06,32,0.6422482685286576,4.524482392298523e-06,0.9249211549758911,0.316848226635804,False,
42,OCNT-2534832,0,CYP1A2,4.413727760314941,8.793701999820769e-05,7.463745532731991e-06,0.0010620509274303913,32,0.7416206759625312,0.002087146509438753,0.0001159545499831438,0.5057110651135794,False,
42,OCNT-2534832,1,CYP2C9,4.340278625488281,4.74652722459723e-07,0.0,4.1421499190619215e-06,32,0.4798548969765375,7.4420154305698816e-06,0.8917316198348999,0.19098460274819587,False,
42,OCNT-2534832,2,CYP2D6,4.416872024536133,4.932693400405697e-07,0.0,7.86646796768764e-06,32,0.7376970047634732,1.1880329111590981e-05,0.8346240520477295,0.3962176273704021,False,
42,OCNT-2534832,3,CYP3A4,4.0457000732421875,5.812589876086349e-08,0.0,1.2411467196216108e-06,32,0.3940266538799983,8.58989437801938e-07,0.9940447807312012,0.1716897712193103,False,
43,OCNT-2534833,0,CYP1A2,5.009554862976074,3.4757740650093183e-06,0.0,3.4159307688241825e-05,32,0.5424662059904898,6.050926822354086e-05,0.7744691967964172,0.22375596960375094,False,
43,OCNT-2534833,1,CYP2C9,4.830820083618164,2.0612022126442753e-05,0.0,0.00023573603539261967,32,0.5159798886425002,0.0003404975577723235,0.7141194343566895,0.2232115691787276,False,
43,OCNT-2534833,2,CYP2D6,4.7921600341796875,3.004513260407293e-08,0.0,6.930382596692652e-07,32,0.31296675603392893,4.010494478734472e-07,1.0,0.1892853596487813,False,
43,OCNT-2534833,3,CYP3A4,4.53171443939209,9.710870472190436e-07,0.0,1.4205110346665606e-05,32,0.7752224841826987,2.4337943614227697e-05,0.7414477467536926,0.4191013475574119,False,
44,OCNT-2534834,0,CYP1A2,4.964609146118164,4.048608843731927e-06,0.0,3.994031067122705e-05,32,0.5428456520895854,7.05023412592709e-05,0.7652731537818909,0.2236309962858879,False,
44,OCNT-2534834,1,CYP2C9,4.743621826171875,2.4170421966118738e-05,0.0,0.00027656793827190995,32,0.5165138653185564,0.00039966474287211895,0.7080090641975403,0.22331139046047213,False,
44,OCNT-2534834,2,CYP2D6,4.727112770080566,3.531529557676549e-08,0.0,1.345164264421328e-06,32,0.3245367096906224,4.706072616045276e-07,1.0,0.16327260645655434,False,
44,OCNT-2534834,3,CYP3A4,4.3638763427734375,1.115648160521232e-06,0.0,1.645435440877918e-05,32,0.7766831521210773,2.797670276777353e-05,0.7203723788261414,0.41908361201015154,False,
45,OCNT-2534835,0,CYP1A2,5.009548187255859,3.4751585644698935e-06,0.0,3.417741390876472e-05,32,0.5425317372576549,6.0505892179207876e-05,0.7744699716567993,0.22362207490161662,False,
45,OCNT-2534835,1,CYP2C9,4.8308000564575195,2.0612926164176315e-05,0.0,0.00023575362865813076,32,0.5159887580884033,0.0003405183379072696,0.7140493392944336,0.22312910281936654,False,
45,OCNT-2534835,2,CYP2D6,4.792177200317383,3.082300281675998e-08,0.0,6.261534508666955e-07,32,0.3041148546311076,3.972762101511762e-07,1.0,0.17270665227857995,False,
45,OCNT-2534835,3,CYP3A4,4.531650543212891,9.706510581963812e-07,0.0,1.4319461115519516e-05,32,0.7752542464675133,2.4328124709427357e-05,0.7414461970329285,0.4180570509505188,False,
46,OCNT-2534836,0,CYP1A2,5.022428035736084,2.90407047032204e-06,0.0,2.869577656383626e-05,32,0.5417338242660543,5.051681728218682e-05,0.7833791375160217,0.22323739392956685,False,
46,OCNT-2534836,1,CYP2C9,4.8519792556762695,1.7445114281144924e-05,0.0,0.00019968603737652302,32,0.5168451822915271,0.0002886909351218492,0.7231203317642212,0.22401668325155905,False,
46,OCNT-2534836,2,CYP2D6,4.832667350769043,2.6636442385097325e-08,0.0,1.1118228258055751e-06,32,0.2943375522557835,3.450713847996667e-07,1.0,0.15901635094675703,False,
46,OCNT-2534836,3,CYP3A4,4.527329444885254,7.907221402092546e-07,0.0,1.171230360341724e-05,32,0.7711604977931599,1.975952909560874e-05,0.7655668258666992,0.41804002080788083,False,
47,OCNT-2534837,0,CYP1A2,5.0227556228637695,2.9040918434475316e-06,0.0,2.8668790037045255e-05,32,0.5417241160922307,5.051628249930218e-05,0.7834228277206421,0.22448765854878183,False,
47,OCNT-2534837,1,CYP2C9,4.835562705993652,1.744458313623909e-05,0.0,0.00019965936371590942,32,0.5168573667157725,0.0002886889560613781,0.7231432199478149,0.22414532075135898,False,
47,OCNT-2534837,2,CYP2D6,4.833903789520264,2.595440840025276e-08,0.0,7.263892598530219e-07,32,0.29442379986429923,3.3874667337840947e-07,1.0,0.1479410506655322,False,
47,OCNT-2534837,3,CYP3A4,4.566242218017578,7.901076628513692e-07,0.0,1.1602449376368895e-05,32,0.771749760043089,1.9759452698053792e-05,0.7685786485671997,0.4191571034642167,False,
48,OCNT-2534838,0,CYP1A2,5.022429943084717,2.903898121076054e-06,0.0,2.872185177693609e-05,32,0.54174600753886,5.051496555097401e-05,0.783353865146637,0.22353012433071243,False,
48,OCNT-2534838,1,CYP2C9,4.852008819580078,1.74447941390099e-05,0.0,0.00019969216373283416,32,0.5168632593048345,0.00028869573725387454,0.7230777740478516,0.22401669871229268,False,
48,OCNT-2534838,2,CYP2D6,4.832680702209473,2.6245537299018906e-08,0.0,1.150413254435989e-06,32,0.296275951627032,3.436377937759971e-07,1.0,0.14760620179236236,False,
48,OCNT-2534838,3,CYP3A4,4.527471542358398,7.894136047070788e-07,0.0,1.180088656838052e-05,32,0.7724189469097321,1.975943087018095e-05,0.7683879733085632,0.4184887465433026,False,
49,OCNT-2534839,0,CYP1A2,5.021318435668945,3.02520288641972e-06,0.0,2.986760955536738e-05,32,0.5418035279595275,5.262347622192465e-05,0.7803797125816345,0.223903865848319,False,
49,OCNT-2534839,1,CYP2C9,4.853082656860352,1.8172228010371327e-05,0.0,0.00020798793411813676,32,0.5168423702120621,0.0003007150662597269,0.7171164155006409,0.22398683782510886,False,
49,OCNT-2534839,2,CYP2D6,4.823797702789307,2.668970999764042e-08,0.0,1.003948909783503e-06,32,0.3040880902561118,3.5702092304745747e-07,1.0,0.16430946002185942,False,
49,OCNT-2534839,3,CYP3A4,4.55027437210083,8.225297278841026e-07,0.0,1.206107572215842e-05,32,0.7724461425487371,2.0578700059559196e-05,0.7625290155410767,0.41790179779570236,False,
50,OCNT-2534840,0,CYP1A2,4.8047051429748535,5.690928446711041e-05,2.9802322387695312e-08,0.0005418636137619615,32,0.7339038931426688,0.0013367451028898358,0.6658771634101868,0.2943164204729633,False,
50,OCNT-2534840,1,CYP2C9,4.52015495300293,1.8516237105359323e-05,0.0,0.00021224745432846248,32,0.5145629437132179,0.0003050532832276076,0.7200741767883301,0.22349073017973461,False,
50,OCNT-2534840,2,CYP2D6,4.529387474060059,2.74820104095852e-06,4.214684778958144e-08,5.109358608024195e-05,32,0.822458547923833,7.259219273691997e-05,0.518537700176239,0.4512730164229912,False,
50,OCNT-2534840,3,CYP3A4,4.101691246032715,2.6925044949166477e-05,1.9573591998778284e-05,0.0005127685144543648,32,0.8854745951232119,0.0007632095366716385,3.267716965638101e-05,0.46633322510103636,False,
51,OCNT-2534843,0,CYP1A2,4.343484401702881,2.969841989397537e-05,0.0,0.00021264191309455782,32,0.4580136867020912,0.0004354196134954691,0.753173291683197,0.23133428794199926,False,
51,OCNT-2534843,1,CYP2C9,4.106053352355957,1.9784703908953816e-05,0.0,0.0002264257927890867,32,0.5167174675685164,0.00032730461680330336,0.7169834971427917,0.22393217515870273,False,
51,OCNT-2534843,2,CYP2D6,4.540010452270508,0.00041489710565656424,5.304750629875343e-06,0.006562594790011644,2,1.0015703034664845,0.0008311172714456916,2.1014586309320293e-05,0.7107052136477588,False,
51,OCNT-2534843,3,CYP3A4,3.8197827339172363,8.94834329301375e-07,0.0,1.3040133126196451e-05,32,0.7732702778069163,2.238980778201949e-05,0.7534564733505249,0.4171365372104292,False,
52,OCNT-2534844,0,CYP1A2,4.695772171020508,0.0001238344411831349,0.0,0.0013474036240950227,32,0.8474411784168567,0.003358428133651614,0.5785283446311951,0.3818425614751018,False,
52,OCNT-2534844,1,CYP2C9,4.371627330780029,3.2402967917732894e-05,0.0,0.0003718814696185291,32,0.5041703414130334,0.000522933027241379,0.68087238073349,0.2249857062352497,False,
52,OCNT-2534844,2,CYP2D6,4.4101972579956055,1.1139235311929951e-07,0.0,1.769581558619393e-06,32,0.45180265057392444,1.7550523807585705e-06,0.9609853029251099,0.20069335567595187,False,
52,OCNT-2534844,3,CYP3A4,3.854447603225708,1.3205589084464009e-06,0.0,1.8881723008234985e-05,32,0.7532594809651018,3.20721956086345e-05,0.7172297239303589,0.39898364308640316,False,
53,OCNT-2534845,0,CYP1A2,5.007406711578369,2.8410315735527547e-06,0.0,2.778155067062471e-05,32,0.5355863588858758,4.886315582552925e-05,0.7864164113998413,0.22010566936909626,False,
53,OCNT-2534845,1,CYP2C9,4.796417236328125,1.8493516108719632e-05,0.0,0.00021021603606641293,32,0.5099669759214113,0.00030195782892405987,0.720059335231781,0.22256517837536074,False,
53,OCNT-2534845,2,CYP2D6,4.810590744018555,1.5641839823388182e-08,0.0,1.034502815855376e-06,32,0.24181650225357046,1.984198405580173e-07,1.0,0.19905458359001774,False,
53,OCNT-2534845,3,CYP3A4,4.513641834259033,1.84177665119023e-07,0.0,2.9325549348868662e-06,32,0.7046588781953159,4.378528501547407e-06,0.9520910978317261,0.3817922989845199,False,
54,OCNT-2534847,0,CYP1A2,4.912031173706055,0.00016383625916205347,0.0,0.0019531440921127796,32,0.8995586565531285,0.004716458264738321,0.4851078689098358,0.5478882819410308,False,
54,OCNT-2534847,1,CYP2C9,4.715028285980225,2.3217109628603794e-05,0.0,0.000274840509518981,32,0.5679530119967489,0.0004221410199534148,0.6839584708213806,0.26699700228686474,False,
54,OCNT-2534847,2,CYP2D6,4.817631721496582,2.758889650067431e-07,0.0,3.2464449759572744e-06,32,0.4458596377115886,4.07892321163672e-06,0.9218636155128479,0.186059145961812,False,
54,OCNT-2534847,3,CYP3A4,4.443049907684326,3.5363623283046763e-06,0.0,5.221711762715131e-05,32,0.7607395292275898,8.633145625935867e-05,0.6148198843002319,0.3915136798241746,False,
55,OCNT-2534850,0,CYP1A2,4.483798980712891,0.00016112921002786607,3.637836982761655e-07,0.0019848495721817017,32,0.8434061940252872,0.004348985850811005,0.1358889788389206,0.4741357395802959,False,
55,OCNT-2534850,1,CYP2C9,4.338651657104492,1.6145360859809443e-05,0.0,0.0001857430615928024,32,0.516685769471404,0.00026711184182204306,0.726087749004364,0.22276705847589534,False,
55,OCNT-2534850,2,CYP2D6,4.39310359954834,5.163579430700338e-08,0.0,1.2844155889979447e-06,32,0.4764770913860407,9.397774078934162e-07,1.0,0.2465042673977813,False,
55,OCNT-2534850,3,CYP3A4,3.985050916671753,7.430341497638437e-07,2.9802322387695312e-08,1.1124644515803084e-05,32,0.7676106478764699,1.8497185010346584e-05,0.7775089144706726,0.4104531900901473,False,
56,OCNT-2534851,0,CYP1A2,4.8590898513793945,0.00025507574900984764,7.47438434700598e-07,0.0040178499184548855,2,1.0022125626385827,0.0005113002844154835,0.012219085358083248,0.7449980995553687,False,
56,OCNT-2534851,1,CYP2C9,4.610903263092041,2.9708857255172916e-05,0.0,0.00035744509659707546,32,0.5655866206052985,0.0005378748173825443,0.6839120388031006,0.24901961501330594,False,
56,OCNT-2534851,2,CYP2D6,4.704474925994873,4.0784951238492795e-07,0.0,4.8362403504143e-06,32,0.41724794801679876,5.579099251917796e-06,0.9098341464996338,0.1910335297283386,False,
56,OCNT-2534851,3,CYP3A4,4.244385719299316,8.393824828090146e-06,0.0,0.00013028888497501612,32,0.8041684066176642,0.000216258893487975,0.4855029881000519,0.41570519967700764,False,
57,OCNT-2534852,0,CYP1A2,4.60935115814209,0.000315079465508461,8.535387223673752e-07,0.004966634325683117,2,1.002230604943401,0.0006315846112556756,0.006172195076942444,0.7470054495187142,False,
57,OCNT-2534852,1,CYP2C9,4.218787670135498,3.60186786565464e-05,0.0,0.0004271852667443454,32,0.5706617331264112,0.0006579260225407779,0.6598149538040161,0.2688910189668389,False,
57,OCNT-2534852,2,CYP2D6,4.5405073165893555,2.7850380774907535e-06,0.0,3.362380084581673e-05,32,0.4027389420964538,3.6021461710333824e-05,0.8375188708305359,0.13986288677293485,False,
57,OCNT-2534852,3,CYP3A4,3.8265225887298584,1.0722829756559804e-05,5.960464477539063e-08,0.0001583458506502211,32,0.789648061416949,0.000271205062745139,0.4822210371494293,0.41436802573527176,False,
58,OCNT-2534853,0,CYP1A2,4.861625671386719,0.00024345425481442362,6.854534149169922e-07,0.003835599636659026,2,1.002216926069532,0.00048800799413584173,0.015216016210615635,0.7457271802715645,False,
58,OCNT-2534853,1,CYP2C9,4.5418782234191895,2.7475276510813273e-05,0.0,0.0003252987808082253,32,0.5682278437829006,0.0004997727810405195,0.6748939156532288,0.26726445433833457,False,
58,OCNT-2534853,2,CYP2D6,4.721851348876953,3.226851390536467e-07,0.0,4.005850314570125e-06,32,0.44825058363318054,4.772041847900255e-06,0.9159343838691711,0.18311252410452172,False,
58,OCNT-2534853,3,CYP3A4,4.224070072174072,4.015708782389993e-06,0.0,5.910034815315157e-05,32,0.7599299420696362,9.789621253730729e-05,0.6058047413825989,0.39088115831237236,False,
59,OCNT-2534855,0,CYP1A2,4.879075527191162,5.05911384607316e-06,5.960464477539063e-08,5.773949305876158e-05,32,0.6100352978055478,9.895482799038291e-05,0.5636426210403442,0.22354908417888808,False,
59,OCNT-2534855,1,CYP2C9,4.684839725494385,3.259227378293872e-05,0.0,0.000385905965231359,32,0.5394340680954747,0.0005627768696285784,0.6809023022651672,0.23965329119769035,False,
59,OCNT-2534855,2,CYP2D6,4.567667007446289,3.6741550957231084e-07,0.0,4.510020971792983e-06,32,0.4262463332660345,5.147903266333742e-06,0.9127533435821533,0.19727437788000907,False,
59,OCNT-2534855,3,CYP3A4,4.195711135864258,7.374649158009561e-06,0.0,0.00011394560715416446,32,0.8008861260211602,0.00018925641779787838,0.5003980398178101,0.4135867108040341,False,
60,OCNT-2534856,0,CYP1A2,4.772981643676758,4.002584319096059e-06,0.0,4.2560081055853516e-05,32,0.526959903226419,6.766307342331856e-05,0.7624161243438721,0.21679755006680748,False,
60,OCNT-2534856,1,CYP2C9,4.562481880187988,2.5043043933692388e-05,0.0,0.0002854751655831933,32,0.49888773570305367,0.00039995700353756547,0.6992232799530029,0.22036663930124006,False,
60,OCNT-2534856,2,CYP2D6,4.565550327301025,7.251817635278712e-08,0.0,1.2351117675279966e-06,32,0.42750491865230056,1.1288616406091023e-06,0.9850710034370422,0.19994880377990698,False,
60,OCNT-2534856,3,CYP3A4,4.116525650024414,1.095095967684756e-06,0.0,1.560273813083768e-05,32,0.7464775883126146,2.6397739929961972e-05,0.7445098161697388,0.3923652688044435,False,
61,OCNT-2534857,0,CYP1A2,4.619640350341797,3.7892044929321855e-05,0.0,0.0002474198117852211,32,0.3791774468787189,0.00045989122008904815,0.7592513561248779,0.13088555407011437,False,
61,OCNT-2534857,1,CYP2C9,4.44836950302124,2.3062162654241547e-05,0.0,0.0002640878374222666,32,0.5174220871169839,0.0003820174897555262,0.7080490589141846,0.22424813978226218,False,
61,OCNT-2534857,2,CYP2D6,4.68855619430542,3.322157837715167e-08,0.0,1.0689461760193808e-06,32,0.28349568466472225,3.921001905382582e-07,1.0,0.14165435676114907,False,
61,OCNT-2534857,3,CYP3A4,4.1352458000183105,1.0074269312099204e-06,0.0,1.4737990568391979e-05,32,0.774200559772966,2.520615998946596e-05,0.7354446053504944,0.41824897705423714,False,
62,OCNT-2534858,0,CYP1A2,5.031764030456543,2.9044672373856883e-06,0.0,2.8691305487882346e-05,32,0.5416777447194571,5.0518465286586434e-05,0.7833652496337891,0.22351244522425034,False,
62,OCNT-2534858,1,CYP2C9,4.878261089324951,1.7443324395571835e-05,0.0,0.0001996647333726287,32,0.5168148099810423,0.0002886443689931184,0.7230908274650574,0.22419690217322624,False,
62,OCNT-2534858,2,CYP2D6,4.8347063064575195,2.6302281241896708e-08,0.0,6.781179990866804e-07,32,0.2933824462670517,3.408144664263091e-07,1.0,0.15995533179447494,False,
62,OCNT-2534858,3,CYP3A4,4.612831115722656,7.909987402854313e-07,0.0,1.1585249922063667e-05,32,0.7709918502019871,1.976203202502802e-05,0.7685253024101257,0.41761735873885464,False,
63,OCNT-2534860,0,CYP1A2,4.421787261962891,0.0004905477399006486,4.5772586076964217e-07,0.005487255752086639,32,0.8536798065446317,0.01340093556791544,0.09385745227336884,0.5209380413632732,False,
63,OCNT-2534860,1,CYP2C9,4.152542591094971,2.8090627893107012e-05,0.0,0.0003339337999932468,32,0.5766118704451755,0.0005185009795241058,0.6689260601997375,0.27366931764034186,False,
63,OCNT-2534860,2,CYP2D6,4.666667938232422,4.6411651055677794e-07,0.0,4.9354553084413055e-06,32,0.4865674866376862,7.382069725281326e-06,0.8887502551078796,0.23751799743070534,False,
63,OCNT-2534860,3,CYP3A4,3.8249714374542236,2.925158923972049e-06,2.9802322387695312e-08,3.71197093045339e-05,32,0.6764221365065748,6.35330070508644e-05,0.6479909420013428,0.4158930273595238,False,
64,OCNT-2534861,0,CYP1A2,4.681163787841797,0.00019093220180366188,0.0,0.00176599423866719,32,0.7266322176085872,0.004439832177013159,0.6327049136161804,0.31799667501530493,False,
64,OCNT-2534861,1,CYP2C9,4.478027820587158,1.908658305183053e-05,0.0,0.00021860435663256794,32,0.5175637439985277,0.0003162783687002957,0.7171398401260376,0.22441362742248194,False,
64,OCNT-2534861,2,CYP2D6,4.758516788482666,2.8622707759495825e-08,0.0,7.452640602423344e-07,32,0.3010068707444267,3.7202241287559445e-07,1.0,0.18991216584481227,False,
64,OCNT-2534861,3,CYP3A4,4.200074672698975,8.3045665633108e-07,0.0,1.2126856745453551e-05,32,0.7724936108088546,2.077591670968104e-05,0.7595449686050415,0.41854571481985814,False,
65,OCNT-2534862,0,CYP1A2,4.692424297332764,0.00018297544738743454,0.0,0.0016923915827646852,32,0.7266299010833381,0.004254806321114302,0.6357035636901855,0.31796948020348026,False,
65,OCNT-2534862,1,CYP2C9,4.458456993103027,1.8310271116206422e-05,0.0,0.0002096967800753191,32,0.5176268804436513,0.0003034580731764436,0.7201290130615234,0.22445067686817272,False,
65,OCNT-2534862,2,CYP2D6,4.767681121826172,2.641260543612134e-08,0.0,1.1375752819731133e-06,32,0.30260066375412903,3.525913143676007e-07,1.0,0.15003232245258685,False,
65,OCNT-2534862,3,CYP3A4,4.184440612792969,7.932829930723528e-07,0.0,1.1689484381349757e-05,32,0.7714518644059835,1.983021320484113e-05,0.7685934901237488,0.41818513893699055,False,
66,OCNT-2534863,0,CYP1A2,4.396694183349609,0.0003761195403058082,2.3324007258906931e-07,0.0036356633063405752,32,0.7241474869918263,0.008715944364666939,0.2025904804468155,0.4010020809982629,False,
66,OCNT-2534863,1,CYP2C9,4.139652252197266,3.083906267420389e-05,0.0,0.00037515530129894614,32,0.6018411011116505,0.0005941194831393659,0.6629520654678345,0.28322490337639744,False,
66,OCNT-2534863,2,CYP2D6,4.672603607177734,4.126003204873996e-06,0.0,4.290125070838258e-05,32,0.42917701788131163,5.680248068529181e-05,0.8017179369926453,0.17323640975290455,False,
66,OCNT-2534863,3,CYP3A4,3.833359956741333,1.4405302863451652e-05,0.0,0.00019510951824486256,32,0.6296482816391298,0.00029045026167295873,0.5937902927398682,0.25346976021211765,False,
67,OCNT-2534864,0,CYP1A2,4.452566623687744,0.00019320790306665003,0.0,0.0017796135507524014,32,0.7231978937485247,0.0044715129770338535,0.6177381873130798,0.3178941367965954,False,
67,OCNT-2534864,1,CYP2C9,4.16473913192749,2.1144400307093747e-05,0.0,0.00024337363720405847,32,0.5372556633731655,0.00036369028384797275,0.6929972171783447,0.25562741113947646,False,
67,OCNT-2534864,2,CYP2D6,4.715840816497803,5.143307646449102e-08,0.0,8.118532264234091e-07,32,0.37559448949682916,7.383655997728056e-07,1.0,0.20154752841183535,False,
67,OCNT-2534864,3,CYP3A4,3.8833062648773193,7.016895438027859e-07,0.0,1.0177582225878723e-05,32,0.7075964272663292,1.611484731256496e-05,0.8045450448989868,0.39132983415688377,False,
68,OCNT-2534866,0,CYP1A2,4.914886474609375,0.00018876382091548294,0.0,0.0026595427189022303,2,1.000696230353696,0.00037781050195917487,0.48516473174095154,0.5299273504073727,False,
68,OCNT-2534866,1,CYP2C9,4.712911605834961,1.8100241504726e-05,0.0,0.0002070700575131923,32,0.5162747884834659,0.0002991955552715808,0.7200960516929626,0.22313712071972974,False,
68,OCNT-2534866,2,CYP2D6,4.784908294677734,2.8051864831013518e-08,0.0,1.2739928934024647e-06,32,0.28733658943126567,3.4987817798537435e-07,1.0,0.15982572727031705,False,
68,OCNT-2534866,3,CYP3A4,4.425852298736572,8.422712198807858e-07,0.0,1.2279191651032306e-05,32,0.773238865530996,2.108829539793078e-05,0.7624840140342712,0.4181607504825393,False,
69,OCNT-2534867,0,CYP1A2,4.930510520935059,0.00019696222443599254,0.0,0.002774969907477498,2,1.0006929613096203,0.000394217437133193,0.4850830137729645,0.5301447389857386,False,
69,OCNT-2534867,1,CYP2C9,4.830129623413086,1.9605216948548332e-05,0.0,0.00022559236094821244,32,0.5265254889981937,0.0003304931742604822,0.7230935096740723,0.219746488625282,False,
69,OCNT-2534867,2,CYP2D6,4.781039237976074,4.4440511715038156e-08,0.0,7.730248512416438e-07,32,0.33653563417736737,5.862775083187444e-07,1.0,0.16372258198716705,False,
69,OCNT-2534867,3,CYP3A4,4.508149147033691,2.0553520698740613e-06,0.0,3.097009539487772e-05,32,0.8117693903963923,5.3650866902899e-05,0.6179251074790955,0.44611547818876107,False,
70,OCNT-2534868,0,CYP1A2,5.025525093078613,1.1161966995132389e-06,0.0,1.3098628187435679e-05,32,0.6009937726379851,2.1658790501533076e-05,0.7955040335655212,0.18384460017457963,False,
70,OCNT-2534868,1,CYP2C9,4.827192783355713,7.67739493312547e-06,0.0,8.748871914576739e-05,32,0.4781300881413406,0.00011761839414248243,0.747173547744751,0.22423556546545487,False,
70,OCNT-2534868,2,CYP2D6,4.8611555099487305,6.717596789940217e-08,0.0,1.6353167211491382e-06,32,0.4141250760686417,1.022736114464351e-06,0.9910356402397156,0.20541307339304218,False,
70,OCNT-2534868,3,CYP3A4,4.559996128082275,2.260050706581751e-07,0.0,3.272217782068765e-06,32,0.6428685148407339,4.855047336604912e-06,0.9218648672103882,0.3170456911250539,False,
71,OCNT-2534869,0,CYP1A2,5.019316673278809,2.8265287710382836e-06,0.0,2.78123243333539e-05,32,0.5388396043329018,4.890988930128515e-05,0.7863141894340515,0.22283456920233796,False,
71,OCNT-2534869,1,CYP2C9,4.822490692138672,1.819921817514114e-05,0.0,0.00020849559223279357,32,0.5116043441505812,0.0002981092839036137,0.7200930118560791,0.2181311828399658,False,
71,OCNT-2534869,2,CYP2D6,4.82459831237793,1.4155901340018318e-08,0.0,8.607744348410051e-07,32,0.2293216847613492,1.7726310375110188e-07,1.0,0.1391351629274846,False,
71,OCNT-2534869,3,CYP3A4,4.541208744049072,2.301823229799993e-07,0.0,3.5112950627080863e-06,32,0.7227583939381701,5.555001280299621e-06,0.9280327558517456,0.4074364466997865,False,
72,OCNT-2534870,0,CYP1A2,4.528317451477051,0.0005125030875205994,7.730044444542727e-07,0.006989392451941967,32,0.9252246231596362,0.015174071304500103,0.03367956355214119,0.6347062332315645,False,
72,OCNT-2534870,1,CYP2C9,4.1913251876831055,3.732436380232684e-05,0.0,0.0004540245281532407,32,0.601860427176175,0.0007190424366854131,0.6508765816688538,0.2831719479954259,False,
72,OCNT-2534870,2,CYP2D6,4.612663269042969,5.126441919856006e-06,0.0,5.335565219866112e-05,32,0.4296998934561693,7.062811346258968e-05,0.7924982309341431,0.17344186640759826,False,
72,OCNT-2534870,3,CYP3A4,3.833317518234253,1.7723872588248923e-05,0.0,0.0002416551433270797,32,0.6316530703848412,0.00035845296224579215,0.5696032047271729,0.25593780315875625,False,
73,OCNT-2534871,0,CYP1A2,5.040477752685547,1.0044515192930703e-06,0.0,1.1407378224248532e-05,32,0.5641543838333425,1.8313832697458565e-05,0.8285515308380127,0.18618749445973726,False,
73,OCNT-2534871,1,CYP2C9,4.880770683288574,7.5894072324445006e-06,0.0,8.59090214362368e-05,32,0.46997101242410716,0.00011428803554736078,0.7622334957122803,0.21554451660339083,False,
73,OCNT-2534871,2,CYP2D6,4.881320476531982,5.469437880378791e-08,0.0,1.209165930049494e-06,32,0.3976664272512036,8.232570394284267e-07,1.0,0.19382417280511824,False,
73,OCNT-2534871,3,CYP3A4,4.600377082824707,3.0129262995615136e-07,0.0,4.367602741695009e-06,32,0.6622502733444064,6.596916136913933e-06,0.8918404579162598,0.33930943957829507,False,
74,OCNT-2534872,0,CYP1A2,4.9749040603637695,3.4741519812087063e-06,0.0,3.4926397347589955e-05,32,0.5501141807338199,6.133380520623177e-05,0.771437406539917,0.23585945326131458,False,
74,OCNT-2534872,1,CYP2C9,4.756720066070557,2.6050087399198674e-05,0.0,0.00032245414331555367,32,0.5845733160392805,0.00048748901463113725,0.695941686630249,0.2451424152058202,False,
74,OCNT-2534872,2,CYP2D6,4.768736362457275,5.291528850648319e-07,0.0,5.694772880815435e-06,32,0.4095750685626734,7.066354555718135e-06,0.8977708220481873,0.17307481131316038,False,
74,OCNT-2534872,3,CYP3A4,4.402925491333008,1.3471671991283074e-05,6.664001972467304e-08,0.0002257953747175634,32,0.8735643351223396,0.00037686745054088533,0.3648502230644226,0.4716735028577797,False,
75,OCNT-2534873,0,CYP1A2,5.012742519378662,3.7444531244545942e-06,0.0,3.710000601131469e-05,32,0.5485416468374935,6.590316479559988e-05,0.7683881521224976,0.22725711646415464,False,
75,OCNT-2534873,1,CYP2C9,4.8467302322387695,2.8222601031302474e-05,0.0,0.0003493566473480314,32,0.584585891928856,0.000528140168171376,0.693053662776947,0.24510656883873466,False,
75,OCNT-2534873,2,CYP2D6,4.798253059387207,5.734897854381416e-07,0.0,6.16961960986373e-06,32,0.4102160328569518,7.65941967983963e-06,0.8948586583137512,0.1668743376822739,False,
75,OCNT-2534873,3,CYP3A4,4.485526084899902,1.457740472687874e-05,2.9802322387695312e-08,0.0002442928380332887,32,0.8734488157623417,0.00040772324427962303,0.35295775532722473,0.47138361365338854,False,
76,OCNT-2534874,0,CYP1A2,5.017039775848389,3.9069418562576175e-06,0.0,3.864948666887358e-05,32,0.548666279721801,6.877100531710312e-05,0.7653199434280396,0.22724078838558645,False,
76,OCNT-2534874,1,CYP2C9,4.87886381149292,2.9448914574459195e-05,0.0,0.0003645455581136048,32,0.5846064520506287,0.0005510998889803886,0.6899729371070862,0.24513414092246671,False,
76,OCNT-2534874,2,CYP2D6,4.791727066040039,5.97375844790804e-07,0.0,6.3621937442803755e-06,32,0.4107105960024275,7.982582246768288e-06,0.891864538192749,0.1659846050802404,False,
76,OCNT-2534874,3,CYP3A4,4.511482238769531,1.5212215657811612e-05,2.9802322387695312e-08,0.0002549207129050046,32,0.8734583424784127,0.00042547108023427427,0.3499443233013153,0.47144975163750397,False,
77,OCNT-2534875,0,CYP1A2,4.6579999923706055,4.5022079575574026e-05,0.0,0.00033312838058918715,32,0.5029670907887692,0.0007247889298014343,0.7381735444068909,0.18311797937586463,False,
77,OCNT-2534875,1,CYP2C9,4.4964165687561035,1.973035432456527e-05,0.0,0.00022574595641344786,32,0.5164314473275183,0.00032622527214698493,0.7170743942260742,0.22386575102776016,False,
77,OCNT-2534875,2,CYP2D6,4.736327171325684,2.865882819946819e-08,0.0,8.104108246698161e-07,32,0.29100839542643153,3.600013940285862e-07,1.0,0.17022351793109247,False,
77,OCNT-2534875,3,CYP3A4,4.2105607986450195,9.061333230420132e-07,0.0,1.3365091945161112e-05,32,0.773176771196676,2.2666656150249764e-05,0.7504992485046387,0.42044413113705825,False,
78,OCNT-2534877,0,CYP1A2,3.893134117126465,0.0003776692901737988,0.00026859669014811516,0.004214799962937832,32,0.7932196549056072,0.009586644358932972,3.5577868402469903e-06,0.3987234943345374,False,
78,OCNT-2534877,1,CYP2C9,3.5984368324279785,3.73545044567436e-05,0.0,0.00043593416921794415,32,0.54244711617775,0.0006485845660790801,0.6570236086845398,0.2552471910600783,False,
78,OCNT-2534877,2,CYP2D6,4.309539794921875,5.308458526087634e-07,0.0,5.366004188545048e-06,32,0.42365170016284015,7.332168479479151e-06,0.8948646187782288,0.2080997377394825,False,
78,OCNT-2534877,3,CYP3A4,3.097311019897461,1.3017667015446932e-06,0.0,1.538271681056358e-05,32,0.5670235964298869,2.380168552917894e-05,0.7956343293190002,0.3184471944040638,False,
79,OCNT-2534878,0,CYP1A2,4.773614883422852,2.467309741405188e-06,0.0,2.365779255342204e-05,32,0.4641373903393755,3.679398651001975e-05,0.8225212693214417,0.21570411067722922,False,
79,OCNT-2534878,1,CYP2C9,4.272267818450928,6.0567526816157624e-05,0.0,0.0007308254716917872,32,0.5910758821940229,0.0011457892833277583,0.6237040162086487,0.2766515426640047,False,
79,OCNT-2534878,2,CYP2D6,4.082100868225098,9.964989294530824e-05,8.658074648337788e-07,0.001765702967531979,32,0.8889406748693026,0.002834935439750552,0.024631133303046227,0.4715038551991729,False,
79,OCNT-2534878,3,CYP3A4,2.7588207721710205,5.288431111694081e-06,0.0,6.635700265178457e-05,32,0.42324410192448975,7.176095095928758e-05,0.7983874678611755,0.15043394434980126,False,
80,OCNT-2534879,0,CYP1A2,5.068079948425293,3.058797119592782e-06,0.0,3.020272561116144e-05,32,0.5463771654810408,5.3655061492463574e-05,0.7803383469581604,0.2265568412910625,False,
80,OCNT-2534879,1,CYP2C9,5.008833408355713,1.8047945559374057e-05,0.0,0.00020771459094248712,32,0.5265725780914121,0.0003042822063434869,0.7260923981666565,0.21976223934699832,False,
80,OCNT-2534879,2,CYP2D6,4.857931137084961,4.0206899143413466e-08,0.0,8.157087449944811e-07,32,0.3286274891961531,5.279797505863826e-07,1.0,0.1633688477207157,False,
80,OCNT-2534879,3,CYP3A4,4.721458911895752,1.8873548697229126e-06,0.0,2.840362867573276e-05,32,0.8110126815662708,4.924092354485765e-05,0.6299304366111755,0.44581754508756577,False,
81,OCNT-2534881,0,CYP1A2,4.733796119689941,2.181576201110147e-05,3.2098430438054493e-06,0.00022133141465019435,32,0.779873333138512,0.0005446825525723398,0.000609997718129307,0.459311485894224,False,
81,OCNT-2534881,1,CYP2C9,4.408663749694824,1.6496000171173364e-05,0.0,0.00018571349210105836,32,0.4973924866439285,0.00026271873502992094,0.7261881232261658,0.21733740971879958,False,
81,OCNT-2534881,2,CYP2D6,4.74420166015625,1.1982612235783563e-08,0.0,1.0864071100513684e-06,32,0.2073677639407989,1.4587152463718667e-07,1.0,0.1625309920353341,False,
81,OCNT-2534881,3,CYP3A4,4.123664855957031,1.5169744926879503e-07,0.0,2.578162821009755e-06,32,0.6931122838566166,3.5863836274074856e-06,0.9729941487312317,0.3961716583722581,False,
82,OCNT-2534882,0,CYP1A2,4.552918910980225,2.9989878385094926e-05,0.0,0.0002239216264570132,32,0.5032966722053438,0.0004831628466490656,0.753168523311615,0.1849869706054756,False,
82,OCNT-2534882,1,CYP2C9,4.3723297119140625,1.5550263924524188e-05,0.0,0.00017794454470276833,32,0.5166253186715433,0.0002572424418758601,0.7261297106742859,0.22394300735978234,False,
82,OCNT-2534882,2,CYP2D6,4.666038513183594,0.0003355366934556514,1.9881767002516426e-05,0.00524360965937376,2,1.001553208599073,0.0006721357349306345,5.236770903138677e-06,0.7043766907926244,False,
82,OCNT-2534882,3,CYP3A4,4.127951145172119,7.052660180306702e-07,0.0,1.0386695066699758e-05,32,0.7705584078203924,1.7636935808695853e-05,0.7834275960922241,0.4169315571672151,False,
83,OCNT-2534883,0,CYP1A2,4.9150004386901855,5.195040557737229e-06,0.0,5.106066237203777e-05,32,0.5429209469802553,9.042961755767465e-05,0.7531870007514954,0.2237705442258707,False,
83,OCNT-2534883,1,CYP2C9,4.704581260681152,3.088155426667072e-05,0.0,0.00035321974428370595,32,0.5161318530793721,0.0005102116847410798,0.6929779648780823,0.22361413282573553,False,
83,OCNT-2534883,2,CYP2D6,4.624502182006836,4.637200490265059e-08,0.0,1.0742812719399808e-06,32,0.35106079309098703,6.332800239761127e-07,1.0,0.19024543620368053,False,
83,OCNT-2534883,3,CYP3A4,4.300238132476807,1.5009849221314653e-06,2.9802322387695312e-08,2.2025658836355433e-05,32,0.7799172458724724,3.771018236875534e-05,0.6871526837348938,0.417342745279787,False,
84,OCNT-2534884,0,CYP1A2,4.902398586273193,3.1547701837553177e-06,5.960464477539063e-08,3.737633232958615e-05,32,0.7203941677854206,7.29562234482728e-05,0.5216699242591858,0.26195233111851934,False,
84,OCNT-2534884,1,CYP2C9,4.764262676239014,1.3369460248213727e-05,0.0,0.00015054478717502207,32,0.4626130555828635,0.0001980644155992195,0.7320927977561951,0.20438187212427944,False,
84,OCNT-2534884,2,CYP2D6,4.630548477172852,6.587873002672495e-08,0.0,1.174176190943399e-06,32,0.4119368351748035,1.000231804937357e-06,0.9880169630050659,0.19256118910487435,False,
84,OCNT-2534884,3,CYP3A4,4.3720831871032715,1.1565661139911754e-07,0.0,1.8859687997974106e-06,32,0.6374202200731921,2.563074076533667e-06,0.9879952073097229,0.35467327050630637,False,
85,OCNT-2534888,0,CYP1A2,4.834506034851074,0.00014014037151355296,1.4901161193847656e-08,0.0019551124423742294,32,0.8196748167236109,0.00367608736269176,0.26529639959335327,0.7113710385672218,False,
85,OCNT-2534888,1,CYP2C9,4.717303276062012,8.106317181955092e-06,0.0,9.179797780234367e-05,32,0.4699800532331433,0.00012206422979943454,0.7561891674995422,0.21519971625860018,False,
85,OCNT-2534888,2,CYP2D6,4.84134578704834,5.794428403760321e-08,0.0,9.783170753507875e-07,32,0.4049368151657073,8.804205435808399e-07,0.9970188140869141,0.2174423419007805,False,
85,OCNT-2534888,3,CYP3A4,4.396792411804199,3.271407820193417e-07,0.0,4.609858478943352e-06,32,0.666321422695525,7.188612016761908e-06,0.8858175873756409,0.33663065710579065,False,
86,OCNT-2534890,0,CYP1A2,4.954045295715332,4.036703103338368e-06,0.0,4.0168895793613046e-05,32,0.5477353866851072,7.092871965141967e-05,0.7652993202209473,0.23223055863183512,False,
86,OCNT-2534890,1,CYP2C9,4.785014629364014,2.3733433408779092e-05,0.0,0.0002731125568971038,32,0.5265920717690976,0.0004000993212684989,0.714107096195221,0.21973979458325432,False,
86,OCNT-2534890,2,CYP2D6,4.712922096252441,5.274839764979333e-08,0.0,1.037962192640407e-06,32,0.34877020207933845,7.003126825111394e-07,0.9940246343612671,0.15669537504504186,False,
86,OCNT-2534890,3,CYP3A4,4.369075298309326,2.4907772058213595e-06,1.4901161193847656e-08,3.749380630324595e-05,32,0.8132448035120738,6.507981015602127e-05,0.5907864570617676,0.44661712196748465,False,
87,OCNT-2534891,0,CYP1A2,4.74882173538208,5.212538599153049e-05,0.0,0.0005025413702242076,32,0.6024211749027063,0.0010050387354567647,0.596618115901947,0.26845217631146423,False,
87,OCNT-2534891,1,CYP2C9,4.572172164916992,4.879482003161684e-05,0.0,0.0005777156911790371,32,0.5500119095895356,0.0008589834324084222,0.6689339876174927,0.232817173108548,False,
87,OCNT-2534891,2,CYP2D6,4.454693794250488,5.722739047087089e-07,0.0,6.179713182064006e-06,32,0.4351329798976683,8.107730536721647e-06,0.8887924551963806,0.20210998133088198,False,
87,OCNT-2534891,3,CYP3A4,3.9970343112945557,3.388377763258177e-06,5.960464477539063e-08,5.072581916465424e-05,32,0.8039315769664717,8.742602221900597e-05,0.5577369332313538,0.43800702903382427,False,
88,OCNT-2534892,0,CYP1A2,4.746082305908203,0.00015701861411798745,2.9802322387695312e-08,0.0021903954911977053,32,0.8197032840142842,0.004118939861655235,0.26226747035980225,0.7113600918127437,False,
88,OCNT-2534892,1,CYP2C9,4.552089691162109,9.079020856006537e-06,0.0,0.00010279576963512227,32,0.4700363202007658,0.00013670943735633045,0.7531713247299194,0.21529716709320346,False,
88,OCNT-2534892,2,CYP2D6,4.772932052612305,6.458849810542233e-08,0.0,1.1331499081279617e-06,32,0.41143234236807513,9.820198556553805e-07,0.991076648235321,0.18866622600178676,False,
88,OCNT-2534892,3,CYP3A4,4.220386028289795,3.6662291336142516e-07,0.0,5.034088189859176e-06,32,0.6677553586398678,8.04774299467681e-06,0.8767312169075012,0.33156524856520386,False,
89,OCNT-2534895,0,CYP1A2,4.580649375915527,0.00015359255485236645,9.079393748834264e-06,0.0019518764456734061,32,0.8469178006706897,0.004162839613854885,7.293903036043048e-05,0.4469185989328669,False,
89,OCNT-2534895,1,CYP2C9,4.417350769042969,1.5944131519063376e-05,0.0,0.00018186389934271574,32,0.47800675590509367,0.00024403784482274204,0.7110562920570374,0.2216409251782835,False,
89,OCNT-2534895,2,CYP2D6,4.2545485496521,4.378782705316553e-07,0.0,6.928119546500966e-06,32,0.7033000985828227,1.0079770618176553e-05,0.8587846755981445,0.35330062288524955,False,
89,OCNT-2534895,3,CYP3A4,3.9206607341766357,5.289556384013849e-07,0.0,7.268872650456615e-06,32,0.6663590041683989,1.1492414159874897e-05,0.8436075448989868,0.29468111709912115,False,
90,OCNT-2534896,0,CYP1A2,4.868565082550049,0.0003507078217808157,4.214684778958144e-08,0.0060571059584617615,2,1.0025127770793973,0.0007031981949694455,0.12967057526111603,0.8214704079513045,True,spectral
90,OCNT-2534896,1,CYP2C9,4.651706695556641,8.757729119679425e-06,0.0,9.918994328472763e-05,32,0.470044142700511,0.00013187903095968068,0.7531855702400208,0.21542738242289042,False,
90,OCNT-2534896,2,CYP2D6,4.8088698387146,6.243926975457725e-08,0.0,1.1277593330305535e-06,32,0.4104632883174969,9.514771477370232e-07,0.9940409660339355,0.1994086603327782,False,
90,OCNT-2534896,3,CYP3A4,4.3669114112854,3.481368935354112e-07,0.0,4.9190493882633746e-06,32,0.6653431963172766,7.625086254847702e-06,0.8827555179595947,0.33300440035747897,False,
91,OCNT-2534899,0,CYP1A2,3.75846529006958,0.0004812059341929853,0.00030162016628310084,0.006106773391366005,32,0.8497024057827405,0.013084490783512592,3.3243952657358022e-06,0.4970881019044062,False,
91,OCNT-2534899,1,CYP2C9,3.4938414096832275,7.306862971745431e-05,0.0,0.0008665472269058228,32,0.574540865922568,0.0013435730943456292,0.6177557110786438,0.2717038887902302,False,
91,OCNT-2534899,2,CYP2D6,3.7413885593414307,5.5122131016105413e-05,3.195943065747997e-07,0.0009405427845194936,32,0.8691071256566781,0.0015333032933995128,0.15706758201122284,0.39576354170747285,False,
91,OCNT-2534899,3,CYP3A4,2.073951005935669,7.75925764173735e-06,0.0,9.971098188543692e-05,32,0.42353704575524026,0.00010529818973736838,0.7592802047729492,0.1839181250476568,False,
92,OCNT-2534900,0,CYP1A2,4.857546806335449,8.069013347267173e-06,0.0,8.568925113650039e-05,32,0.6356079736508062,0.00016432272968813777,0.6660557985305786,0.2843181016097069,False,
92,OCNT-2534900,1,CYP2C9,4.61148738861084,1.214545477523643e-07,0.0,2.1073474272270687e-06,32,0.502573408552748,2.114097924277303e-06,0.9610612392425537,0.22615877010335883,False,
92,OCNT-2534900,2,CYP2D6,4.565662860870361,2.9942326396081853e-09,0.0,1.2663787174460595e-06,32,0.05040750344570894,2.0960218449772583e-08,1.0,0.06361916529268963,False,
92,OCNT-2534900,3,CYP3A4,4.328322887420654,6.204302849255328e-07,0.0,8.562855327909347e-06,32,0.7478050292611926,1.5086046005308162e-05,0.8076618313789368,0.3875126179177883,False,
93,OCNT-2534905,0,CYP1A2,5.004941940307617,3.4173365293099778e-06,0.0,3.361983908689581e-05,32,0.5395274414852095,5.9172547480557114e-05,0.7773696780204773,0.2219695980833319,False,
93,OCNT-2534905,1,CYP2C9,4.760222434997559,2.535913881729357e-05,0.0,0.0003006393671967089,32,0.5691607062801063,0.0004620517429430038,0.6809518337249756,0.2670760919143459,False,
93,OCNT-2534905,2,CYP2D6,4.804473876953125,2.9384526101239317e-07,0.0,3.6394189919519704e-06,32,0.447688753345125,4.352899395598797e-06,0.9188601970672607,0.18392647392885386,False,
93,OCNT-2534905,3,CYP3A4,4.436886787414551,3.877485596603947e-06,0.0,5.733872967539355e-05,32,0.7613296058473414,9.470905206399038e-05,0.6029610633850098,0.390353662486984,False,
94,OCNT-2534908,0,CYP1A2,4.695718765258789,8.946658635977656e-05,0.0,0.0015843514120206237,32,0.9640686373486037,0.002760370261967182,0.46709033846855164,0.5394318848053394,False,
94,OCNT-2534908,1,CYP2C9,4.52239990234375,1.0839100468729157e-05,0.0,0.00012362706183921546,32,0.47754023606846163,0.00016578822396695614,0.726250410079956,0.22322164637465652,False,
94,OCNT-2534908,2,CYP2D6,4.715847969055176,7.903975074441405e-08,0.0,1.7256433011425543e-06,32,0.42835189534692747,1.2204910717628081e-06,0.9790569543838501,0.19438899435117982,False,
94,OCNT-2534908,3,CYP3A4,4.219198226928711,2.8368677362777817e-07,0.0,4.0528784666094e-06,32,0.6487416688147339,6.096859124227194e-06,0.8977718353271484,0.3300177602428979,False,
95,OCNT-2534910,0,CYP1A2,4.9127960205078125,6.615247912122868e-06,0.0,6.563748320331797e-05,32,0.5513058600560873,0.00011688121594488621,0.7382253408432007,0.228196824762838,False,
95,OCNT-2534910,1,CYP2C9,4.723836898803711,5.940678602200933e-05,0.0,0.0008299060864374042,32,0.708437099086795,0.0013469777768477798,0.6146599650382996,0.3033086800503704,False,
95,OCNT-2534910,2,CYP2D6,4.076081275939941,8.193071153073106e-06,0.0,9.69878165051341e-05,32,0.6443085976585997,0.00016912989667616785,0.5817033052444458,0.3352981578545069,False,
95,OCNT-2534910,3,CYP3A4,3.753844976425171,7.179610861385299e-07,0.0,1.0537421076151077e-05,32,0.771971691068333,1.7982891222345643e-05,0.7805266976356506,0.4144489392670184,False,
96,OCNT-2534912,0,CYP1A2,4.664546966552734,8.253272244473919e-05,0.0,0.0014487516600638628,32,0.9625755922357131,0.002542515518143773,0.4821908473968506,0.524700816370484,False,
96,OCNT-2534912,1,CYP2C9,4.493326187133789,1.029770282912068e-05,0.0,0.00011745137453544885,32,0.47750373425726605,0.00015750293096061796,0.7292273640632629,0.22353916941333474,False,
96,OCNT-2534912,2,CYP2D6,4.725359916687012,7.452092631865526e-08,0.0,1.3430171748041175e-06,32,0.419347899145373,1.1341975323375664e-06,0.982136070728302,0.20502032675748622,False,
96,OCNT-2534912,3,CYP3A4,4.201539039611816,2.694035003969475e-07,0.0,3.7175104807829484e-06,32,0.6478826530601848,5.7926617955672555e-06,0.9037933349609375,0.3195607182129708,False,
97,OCNT-2534913,0,CYP1A2,4.580275535583496,0.0002495916560292244,8.94725053512957e-06,0.0038196598179638386,2,1.0012642361934172,0.0004998344229534268,5.820609203510685e-06,0.6205520372760704,False,
97,OCNT-2534913,1,CYP2C9,4.312551498413086,1.014029658108484e-05,0.0,0.00012062308815075085,32,0.4800982784866027,0.00015594047727063298,0.7293140292167664,0.21561321614547935,False,
97,OCNT-2534913,2,CYP2D6,4.401049613952637,6.786825679228059e-08,0.0,1.4285283214121591e-06,32,0.42048446000546186,1.0477565410837997e-06,0.9880247712135315,0.21309178710556462,False,
97,OCNT-2534913,3,CYP3A4,3.773282766342163,3.206301357749908e-07,0.0,4.745890691992827e-06,32,0.6688336046599163,7.076369456626708e-06,0.8887726068496704,0.33282522243446533,False,
98,OCNT-2534915,0,CYP1A2,4.623434066772461,0.0001421578781446442,9.26930079003796e-06,0.002516920445486903,2,1.0010237574322376,0.00028462684713304043,7.0665614657627884e-06,0.6610383073269561,False,
98,OCNT-2534915,1,CYP2C9,4.363565444946289,1.0516232578083873e-05,0.0,0.00012511898239608854,32,0.4800893614691812,0.00016171303286682814,0.7262023687362671,0.21542007418236353,False,
98,OCNT-2534915,2,CYP2D6,4.387722969055176,7.028629056549107e-08,0.0,1.6372634945582831e-06,32,0.42155393193153207,1.0830400469785673e-06,0.985093355178833,0.20672585700517546,False,
98,OCNT-2534915,3,CYP3A4,3.778515577316284,3.321867438899062e-07,0.0,4.922044354316313e-06,32,0.6707551120953081,7.344752248172881e-06,0.8857887983322144,0.3290027405712572,False,
99,OCNT-2534916,0,CYP1A2,4.445809364318848,0.0002593357057776302,1.1698163689288776e-05,0.003584930906072259,32,0.9657284408784139,0.008014640770852566,3.586440288927406e-05,0.49684822304166565,False,
99,OCNT-2534916,1,CYP2C9,4.211986541748047,8.972478099167347e-06,0.0,0.00010761430894490331,32,0.481262535038527,0.00013833376578986645,0.738146960735321,0.21398627573570686,False,
99,OCNT-2534916,2,CYP2D6,4.141301155090332,3.3721460113156354e-07,2.9802322387695312e-08,5.350217179511674e-06,32,0.7084845381393395,7.871877642173786e-06,0.8827943205833435,0.3581843649833646,False,
99,OCNT-2534916,3,CYP3A4,3.6412017345428467,2.9227328468550695e-07,0.0,4.277267635188764e-06,32,0.6562688695427289,6.347921498672804e-06,0.8979119658470154,0.3106889534348176,False,
100,OCNT-2534919,0,CYP1A2,4.617773056030273,0.0001421578199369833,9.31265367398737e-06,0.002516920678317547,2,1.0010232460648574,0.0002846265851985663,7.413417279167334e-06,0.6610732522448853,False,
100,OCNT-2534919,1,CYP2C9,4.3315935134887695,1.0515607755223755e-05,0.0,0.00012509651423897594,32,0.48009608584507896,0.00016170569870155305,0.7261632084846497,0.21530195541691266,False,
100,OCNT-2534919,2,CYP2D6,4.384064674377441,7.046288885703689e-08,0.0,1.4305369404610246e-06,32,0.4213877559029156,1.0849944374058396e-06,0.9850236177444458,0.19799792221682128,False,
100,OCNT-2534919,3,CYP3A4,3.7747979164123535,3.3228090501324914e-07,0.0,4.8300717025995255e-06,32,0.6700404848862994,7.338946033996763e-06,0.8828034996986389,0.32639763280320566,False,
101,OCNT-2534921,0,CYP1A2,4.418949127197266,0.00012293801410123706,8.931117918109521e-06,0.002360242186114192,2,1.000772974861067,0.0002460860996507108,3.4491160477045923e-05,0.67977695488902,False,
101,OCNT-2534921,1,CYP2C9,4.196033000946045,8.447462278127205e-06,0.0,0.00010132328316103667,32,0.4811982912765481,0.00013023092469666153,0.7412179112434387,0.21405484411829723,False,
101,OCNT-2534921,2,CYP2D6,4.18682336807251,2.896533715102123e-07,0.0,4.561021341942251e-06,32,0.6936106169746045,6.650968316535e-06,0.9012082815170288,0.358589689462018,False,
101,OCNT-2534921,3,CYP3A4,3.6548869609832764,2.745372285062331e-07,0.0,4.120799530937802e-06,32,0.6562205514866875,5.975013664283324e-06,0.9009831547737122,0.2974419571656164,False,
102,OCNT-2534922,0,CYP1A2,4.4194488525390625,0.00015704082034062594,9.764641617948655e-06,0.002491407096385956,32,0.9136441514254818,0.004591634031385183,4.674943193094805e-05,0.6159004890818398,False,
102,OCNT-2534922,1,CYP2C9,4.191361427307129,8.445568710158113e-06,0.0,0.00010127252608072013,32,0.481166007175984,0.00013019303150940686,0.7413092851638794,0.21404328605313672,False,
102,OCNT-2534922,2,CYP2D6,4.183737754821777,3.1830592206461006e-07,0.0,5.392209004639881e-06,32,0.7048438614744285,7.404941243294161e-06,0.888899028301239,0.36697819786030184,False,
102,OCNT-2534922,3,CYP3A4,3.6478588581085205,2.748069505287276e-07,0.0,4.065229404659476e-06,32,0.6550080645448837,5.969627181912074e-06,0.9009141325950623,0.30165979291119394,False,
103,OCNT-2534924,0,CYP1A2,4.829717636108398,2.1117886717547663e-05,2.6620998596627032e-06,0.00018813910719472915,32,0.6658957898310012,0.0004502070660237223,0.0003580939373932779,0.42830849165892804,False,
103,OCNT-2534924,1,CYP2C9,4.650025844573975,6.701266556774499e-06,0.0,7.753349200356752e-05,32,0.4769262243617256,0.00010242492862744257,0.7501615285873413,0.22084534878970674,False,
103,OCNT-2534924,2,CYP2D6,4.821582317352295,5.382974066492352e-08,0.0,1.2293545523789362e-06,32,0.38997928591020875,7.96552853898902e-07,1.0,0.18895583175974162,False,
103,OCNT-2534924,3,CYP3A4,4.404498100280762,9.218261709520448e-08,0.0,1.7534551943754195e-06,32,0.5814056166555891,1.9011055201190175e-06,0.9970067143440247,0.3102240249962624,False,
104,OCNT-2534925,0,CYP1A2,4.835017204284668,1.8907685443991795e-05,2.329352355445735e-06,0.00016844921628944576,32,0.6659609490845912,0.0004031500720884651,0.0004900324274785817,0.4283288770501971,False,
104,OCNT-2534925,1,CYP2C9,4.61083984375,5.98282440478215e-06,0.0,6.93015317665413e-05,32,0.47691119297785683,9.145744115812704e-05,0.7562147378921509,0.2203683154450107,False,
104,OCNT-2534925,2,CYP2D6,4.821481227874756,4.758676297456077e-08,0.0,1.1348648740749923e-06,32,0.38472055337836736,7.089539622029406e-07,1.0,0.1858289212992557,False,
104,OCNT-2534925,3,CYP3A4,4.373244762420654,8.276317942090827e-08,0.0,1.5622779301338596e-06,32,0.573630229324276,1.7027764442900661e-06,1.0,0.3040650134787287,False,
105,OCNT-2534927,0,CYP1A2,4.763489723205566,0.00020991760538890958,6.006055173202185e-06,0.0031304354779422283,2,1.0012943751647994,0.0004203986609354615,0.00012842089927289635,0.597022263604972,False,
105,OCNT-2534927,1,CYP2C9,4.570827960968018,3.6107434425503016e-05,0.0,0.0005021181423217058,32,0.8361310777398113,0.0009663650998845696,0.48515355587005615,0.34058334717218297,False,
105,OCNT-2534927,2,CYP2D6,4.513932704925537,4.026116755539988e-07,0.0,6.535133252327796e-06,32,0.746776435586942,9.860117643256672e-06,0.8527734875679016,0.40908153831227945,False,
105,OCNT-2534927,3,CYP3A4,4.24108362197876,6.120149009802844e-07,0.0,9.230150681105442e-06,32,0.7627871420756599,1.5182878996711224e-05,0.801567554473877,0.41075687764547386,False,
106,OCNT-2534928,0,CYP1A2,4.9294047355651855,5.792252522951458e-06,3.5762786865234375e-07,6.982094782870263e-05,32,0.6884636384016084,0.0001278284762520343,0.32894468307495117,0.2461401030398125,False,
106,OCNT-2534928,1,CYP2C9,4.6293182373046875,2.433934059808962e-05,0.0,0.0002786643453873694,32,0.5173111762164845,0.0004030779527965933,0.7050317525863647,0.224016143309606,False,
106,OCNT-2534928,2,CYP2D6,4.711637496948242,3.400892722993376e-08,0.0,9.549376045470126e-07,32,0.32523448608514666,4.580230665851559e-07,1.0,0.15051601702586256,False,
106,OCNT-2534928,3,CYP3A4,4.287750720977783,1.0629353255353635e-06,0.0,1.56307069119066e-05,32,0.7749997169925518,2.6608786356518976e-05,0.7293524742126465,0.41877247590568256,False,
107,OCNT-2534930,0,CYP1A2,5.024165630340576,3.158566414640518e-06,0.0,3.115292201982811e-05,32,0.5417992296225279,5.4935258958721533e-05,0.7775182127952576,0.22363205665881483,False,
107,OCNT-2534930,1,CYP2C9,4.858839988708496,1.8935237676487304e-05,0.0,0.00021670306159649044,32,0.5167498758630181,0.00031327837496064603,0.7170912027359009,0.2240021568140697,False,
107,OCNT-2534930,2,CYP2D6,4.823444843292236,2.8809239438487566e-08,0.0,6.804721124353819e-07,32,0.30251615692060646,3.756935029741726e-07,1.0,0.222123513351153,False,
107,OCNT-2534930,3,CYP3A4,4.582204341888428,8.627648071524163e-07,0.0,1.2737084944092203e-05,32,0.7727433876539983,2.1581543478532694e-05,0.75648432970047,0.4157338424055561,False,
108,OCNT-2534933,0,CYP1A2,5.019365310668945,3.0252908800321165e-06,0.0,2.9836479370715097e-05,32,0.5418084586889178,5.2625480748247355e-05,0.7803661227226257,0.22411246864126474,False,
108,OCNT-2534933,1,CYP2C9,4.844057083129883,1.8172180716646835e-05,0.0,0.0002080388367176056,32,0.516880079992838,0.00030073622474446893,0.7200256586074829,0.22410544209310806,False,
108,OCNT-2534933,2,CYP2D6,4.826325416564941,2.6830438315528227e-08,0.0,1.1492666089907289e-06,32,0.30252060442823786,3.5654292673825694e-07,1.0,0.16448648750129985,False,
108,OCNT-2534933,3,CYP3A4,4.513399600982666,8.222315273087588e-07,0.0,1.2036965927109122e-05,32,0.7727738747550407,2.058005702565424e-05,0.7624028921127319,0.419193688953298,False,
109,OCNT-2534934,0,CYP1A2,4.907467365264893,0.00019182186224497855,0.0,0.002377485390752554,32,0.9579438944200851,0.005880453158169985,0.5815814733505249,0.4647697276329861,False,
109,OCNT-2534934,1,CYP2C9,4.704169273376465,1.882025389932096e-05,0.0,0.00021524018666241318,32,0.5159471655908073,0.0003108933160547167,0.7200407385826111,0.2231572428874074,False,
109,OCNT-2534934,2,CYP2D6,4.795672416687012,2.7862048668225725e-08,0.0,6.990059091549483e-07,32,0.3028162571413604,3.6688780369331653e-07,1.0,0.15882255276396018,False,
109,OCNT-2534934,3,CYP3A4,4.420600414276123,8.863170251061092e-07,0.0,1.312073891313048e-05,32,0.7746656371738312,2.2219071979634464e-05,0.7504212856292725,0.419140724287161,False,
110,OCNT-2534935,0,CYP1A2,4.756427764892578,7.92474893387407e-05,7.586564606754109e-06,0.0010728634661063552,32,0.9067915907948407,0.002299840794876218,0.00010760720761027187,0.5657534194686015,False,
110,OCNT-2534935,1,CYP2C9,4.692515850067139,3.6834640923189e-05,0.0,0.0004756644193548709,32,0.9641381567612938,0.0011367463739588857,0.47311335802078247,0.5164703327958369,False,
110,OCNT-2534935,2,CYP2D6,4.588934421539307,5.291732350087841e-07,0.0,8.260262802650686e-06,32,0.740192611264306,1.2770945431839209e-05,0.8228002190589905,0.4046510416034056,False,
110,OCNT-2534935,3,CYP3A4,4.432628154754639,5.0946823648700956e-08,0.0,8.84088990460441e-07,32,0.3905932233988493,7.617733217557543e-07,1.0,0.16358435564630197,False,
111,OCNT-2534937,0,CYP1A2,4.974736213684082,9.268043754673272e-07,0.0,8.865915333444718e-06,32,0.4744931257719857,1.422423156327568e-05,0.8646600842475891,0.22290096021675082,False,
111,OCNT-2534937,1,CYP2C9,4.700690269470215,8.010352757992223e-06,0.0,9.122004848904908e-05,32,0.4774072449167384,0.0001225271844305098,0.7471578121185303,0.22388807020186446,False,
111,OCNT-2534937,2,CYP2D6,4.805370807647705,6.653284856383834e-08,0.0,1.2052275906171417e-06,32,0.4172901717291831,1.0219649766440853e-06,0.9910337924957275,0.19078473289690506,False,
111,OCNT-2534937,3,CYP3A4,4.4116716384887695,2.4068447146419203e-07,0.0,3.7132415400265018e-06,32,0.6449877734892842,5.174029411136871e-06,0.9130067229270935,0.32567948123839124,False,
112,OCNT-2534938,0,CYP1A2,4.4475483894348145,0.00024168656091205776,8.85852387000341e-06,0.0034087966196238995,32,0.9698080372819146,0.007500776555389166,4.566164716379717e-05,0.5221540312449194,False,
112,OCNT-2534938,1,CYP2C9,4.195104122161865,8.445724233752117e-06,0.0,0.00010129691509064287,32,0.48115500604134287,0.00013019244943279773,0.7411981225013733,0.2138543869344281,False,
112,OCNT-2534938,2,CYP2D6,4.18615198135376,3.202782181688235e-07,0.0,5.100207090436015e-06,32,0.7013510707296535,7.412511422444368e-06,0.8921453356742859,0.3793698213598899,False,
112,OCNT-2534938,3,CYP3A4,3.6486711502075195,2.746649272467039e-07,0.0,4.159198397246655e-06,32,0.6554198731993339,5.9704016166506335e-06,0.9039837121963501,0.304862401054315,False,
113,OCNT-2534939,0,CYP1A2,4.433068752288818,0.0002490229671820998,9.166240488411859e-06,0.0035123853012919426,32,0.9698474448907698,0.007728767581284046,4.4430416892282665e-05,0.5221620773837791,False,
113,OCNT-2534939,1,CYP2C9,4.202460765838623,8.700812941242475e-06,0.0,0.00010435017611598596,32,0.48120475858839845,0.00013413390843197703,0.7383334636688232,0.21384347209352378,False,
113,OCNT-2534939,2,CYP2D6,4.163738250732422,3.279160694091843e-07,0.0,5.3018056860310026e-06,32,0.7060801142092287,7.635066140210256e-06,0.8888748288154602,0.35389628925691075,False,
113,OCNT-2534939,3,CYP3A4,3.6461970806121826,2.8319814759925066e-07,0.0,4.126122803427279e-06,32,0.655955581114185,6.154398761282209e-06,0.8978350758552551,0.30339543200473057,False,
114,OCNT-2534942,0,CYP1A2,4.464577674865723,0.0003077929432038218,0.0001877077593235299,0.0034522670321166515,32,0.8857050558956779,0.008723923936486244,3.033409666386433e-05,0.3670461407570898,False,
114,OCNT-2534942,1,CYP2C9,4.222018241882324,9.26228312891908e-06,0.0,0.00011112442734884098,32,0.4812753433760881,0.00014280067989602685,0.7351590991020203,0.21383224996530148,False,
114,OCNT-2534942,2,CYP2D6,4.117370128631592,3.4857748687500134e-07,2.9802322387695312e-08,5.713020982511807e-06,32,0.7084184107611577,8.128732588374987e-06,0.8797633051872253,0.3645482418281758,False,
114,OCNT-2534942,3,CYP3A4,3.6358087062835693,3.008243254498666e-07,0.0,4.3777190512628295e-06,32,0.6589222673072787,6.55389021630981e-06,0.8948183059692383,0.3102238887845489,False,
115,OCNT-2534943,0,CYP1A2,4.436717987060547,0.00019830098608508706,0.00017604514141567051,0.0022513268049806356,32,0.8063274389199198,0.005116914864629507,2.7819929528050125e-05,0.4528546739207866,False,
115,OCNT-2534943,1,CYP2C9,4.200362682342529,8.701391379872803e-06,0.0,0.00010442553320899606,32,0.48119916820597347,0.00013414125714916736,0.7412421703338623,0.21391861924068406,False,
115,OCNT-2534943,2,CYP2D6,4.162464141845703,3.277647522281768e-07,0.0,5.1802962843794376e-06,32,0.705791506188396,7.62852778279921e-06,0.8857969641685486,0.36875503692353195,False,
115,OCNT-2534943,3,CYP3A4,3.643120765686035,2.825115643645404e-07,0.0,4.1077646528719924e-06,32,0.6572569931592481,6.152168680273462e-06,0.9008700847625732,0.3023109769269539,False,
116,OCNT-2534947,0,CYP1A2,4.663910865783691,0.00022207829169929028,8.049730695347534e-07,0.0029013827443122864,32,0.8914633824019756,0.0063354745507240295,0.02158416248857975,0.5731692419581735,False,
116,OCNT-2534947,1,CYP2C9,4.52614164352417,2.102448917185029e-07,0.0,2.177575424866518e-06,32,0.4512598820574211,3.1804058835405158e-06,0.9308670163154602,0.1737929524087965,False,
116,OCNT-2534947,2,CYP2D6,4.594473838806152,1.5853862578296685e-07,0.0,2.74193234872655e-06,32,0.6490926161927367,3.5007096812478267e-06,0.9610902070999146,0.33360554012108967,False,
116,OCNT-2534947,3,CYP3A4,4.311767578125,4.086631832933563e-08,0.0,1.2420175607985584e-06,32,0.37310153791830003,6.073056511013419e-07,1.0,0.15811361282163586,False,
117,OCNT-2534948,0,CYP1A2,4.582746505737305,0.00021459169511217624,1.685168535914272e-05,0.002788970712572336,32,0.9071655359737164,0.006229736376553774,6.039835716364905e-05,0.6214631677212407,False,
117,OCNT-2534948,1,CYP2C9,4.333125591278076,7.540986644016812e-06,0.0,8.721269841771573e-05,32,0.48013521927502895,0.00011601582809817046,0.7473065257072449,0.2226314662414764,False,
117,OCNT-2534948,2,CYP2D6,4.412894248962402,4.28176264222202e-07,0.0,6.762504654034274e-06,32,0.7167969139478297,1.0050668606709223e-05,0.8558520674705505,0.36400397897878817,False,
117,OCNT-2534948,3,CYP3A4,3.986030340194702,2.386063044923503e-07,0.0,3.6280487165640807e-06,32,0.633290280006031,5.038078597863205e-06,0.9159059524536133,0.28026797532489955,False,
118,OCNT-2534949,0,CYP1A2,4.944409370422363,0.00014144870510790497,0.0,0.0010181639809161425,32,0.5491030721480252,0.0024856131058186293,0.5152309536933899,0.2301521244865216,False,
118,OCNT-2534949,1,CYP2C9,4.730160236358643,1.2879036148660816e-07,0.0,1.7354229839838808e-06,32,0.5472352036593108,2.4304310954903485e-06,0.9580513834953308,0.2518807462603849,False,
118,OCNT-2534949,2,CYP2D6,4.843085289001465,2.8713020583381876e-06,7.300048565639372e-08,5.3439493058249354e-05,32,0.8238139390341808,7.595701754326001e-05,0.5156570076942444,0.4943790778941435,False,
118,OCNT-2534949,3,CYP3A4,4.504037380218506,2.783301351882983e-05,2.112684705934953e-05,0.0005275190342217684,32,0.8891282916286889,0.0007921923534013331,3.2230494980467483e-05,0.46689902992279914,False,
119,OCNT-2534950,0,CYP1A2,4.967668533325195,0.0001481980289099738,0.0,0.0010667917085811496,32,0.5491194204772515,0.0026042850222438574,0.5152093172073364,0.23002918904140462,False,
119,OCNT-2534950,1,CYP2C9,4.756942272186279,0.0,0.0,1.1008232831954956e-06,2,0.0,0.0,1.0,4.2291444291744155e-28,True,recurrence
119,OCNT-2534950,2,CYP2D6,5.05474328994751,6.264752605567026e-10,0.0,9.38692835461552e-07,32,0.008639479447065572,2.937830867466573e-09,1.0,0.007750066467394364,False,
119,OCNT-2534950,3,CYP3A4,4.657566070556641,0.0,0.0,8.717179298400879e-07,2,0.0,0.0,1.0,1.3828665433051346e-28,True,recurrence
120,OCNT-2534951,0,CYP1A2,4.942952632904053,0.00010239701805403456,0.0,0.0009715217747725546,32,0.7666333019628686,0.0025122761726379395,0.590457022190094,0.35152863119215405,False,
120,OCNT-2534951,1,CYP2C9,4.784741401672363,0.0,0.0,7.040798664093018e-07,2,0.0,0.0,1.0,3.215396957210522e-28,True,recurrence
120,OCNT-2534951,2,CYP2D6,5.060946464538574,6.264752605567026e-10,0.0,9.652779908719822e-07,32,0.015190759977506163,5.165575522880772e-09,1.0,0.021931821755079545,False,
120,OCNT-2534951,3,CYP3A4,4.691159725189209,0.0,0.0,8.977949619293213e-07,2,0.0,0.0,1.0,1.7186806080176242e-28,True,recurrence
121,OCNT-2534952,0,CYP1A2,4.80797004699707,0.00017299245519097894,0.0,0.0013658821117132902,32,0.6103402997993236,0.0033788918517529964,0.5364367961883545,0.2600807570861208,False,
121,OCNT-2534952,1,CYP2C9,4.550848960876465,1.5682038792874664e-05,0.0,0.00017657876014709473,32,0.49714079277079737,0.00024963688338175416,0.726081132888794,0.21737613255918176,False,
121,OCNT-2534952,2,CYP2D6,4.749826431274414,1.2086498912822208e-08,0.0,7.456509933945199e-07,32,0.19098454871198922,1.3498176087978209e-07,1.0,0.11449118403857078,False,
121,OCNT-2534952,3,CYP3A4,4.259724140167236,1.4700498240927118e-07,0.0,2.3559910005133133e-06,32,0.6907821175573887,3.4705994949035812e-06,0.9760021567344666,0.3901562571351539,False,
122,OCNT-2534953,0,CYP1A2,4.6580610275268555,0.00014961199485696852,0.0,0.0016609483864158392,32,0.8410053580523537,0.004026652779430151,0.32848161458969116,0.543067983454026,False,
122,OCNT-2534953,1,CYP2C9,4.36968994140625,5.054896610090509e-05,0.0,0.0006181203061714768,32,0.5915973514672295,0.0009571376140229404,0.6447652578353882,0.2680948471697685,False,
122,OCNT-2534953,2,CYP2D6,4.503215789794922,4.004642687505111e-05,0.0,0.0005147468764334917,32,0.7103689151346424,0.0009105548961088061,0.542613685131073,0.3262147747316301,False,
122,OCNT-2534953,3,CYP3A4,3.8261353969573975,1.08843169073225e-05,6.651077910646563e-07,0.00023373587464448065,32,0.9047932579126966,0.00031542734359391034,0.0911894217133522,0.6155020482185365,False,
123,OCNT-2534954,0,CYP1A2,4.770326137542725,0.0001626453740755096,0.0,0.0015043556923046708,32,0.726625364253508,0.0037820646539330482,0.6387648582458496,0.3179756269191515,False,
123,OCNT-2534954,1,CYP2C9,4.599223613739014,1.6270640116999857e-05,0.0,0.0001863429497461766,32,0.5175503477323219,0.0002696336305234581,0.7261273264884949,0.22442910932194815,False,
123,OCNT-2534954,2,CYP2D6,4.817939758300781,2.365946372151484e-08,0.0,1.0681548019420006e-06,32,0.2880765261096558,3.1028804414745537e-07,1.0,0.16129405270358008,False,
123,OCNT-2534954,3,CYP3A4,4.351795673370361,7.06947844264505e-07,0.0,1.0446954547660425e-05,32,0.7703408877023415,1.7673415641183965e-05,0.7807843089103699,0.41782464993587387,False,
124,OCNT-2534955,0,CYP1A2,4.868978500366211,7.648488826816902e-05,0.0,0.0008216591668315232,32,0.8117932690683818,0.001987137133255601,0.56642085313797,0.4073167147222405,False,
124,OCNT-2534955,1,CYP2C9,4.744538307189941,1.3870618204236962e-05,0.0,0.00015616414020769298,32,0.4974060205319601,0.00022093769803177565,0.7351442575454712,0.21736897685979348,False,
124,OCNT-2534955,2,CYP2D6,4.820287704467773,1.1565970403637493e-08,0.0,9.243285603588447e-07,32,0.18108803314083924,1.2497085322138446e-07,1.0,0.15064467156798309,False,
124,OCNT-2534955,3,CYP3A4,4.488132476806641,1.2884494537956925e-07,0.0,2.3117729597288417e-06,32,0.6780352565334303,3.012536581081804e-06,0.9940271973609924,0.3829737715517294,False,
125,OCNT-2534956,0,CYP1A2,4.79603385925293,7.967138662934303e-05,0.0,0.0008559085545130074,32,0.8117990171944565,0.0020699286833405495,0.5635031461715698,0.40745166646955977,False,
125,OCNT-2534956,1,CYP2C9,4.49683952331543,1.4442318388319109e-05,0.0,0.00016260473057627678,32,0.49739101483858944,0.00023003050591796637,0.732123613357544,0.2173805917811325,False,
125,OCNT-2534956,2,CYP2D6,4.756319522857666,1.0768345326539475e-08,0.0,6.993355441409221e-07,32,0.19300249893506596,1.2826696149659256e-07,1.0,0.14952698556873853,False,
125,OCNT-2534956,3,CYP3A4,4.219701290130615,1.3445311708437657e-07,0.0,2.27946657105349e-06,32,0.6771147107429326,3.129962578896084e-06,0.9880175590515137,0.3930018947334055,False,
126,OCNT-2534958,0,CYP1A2,4.555438041687012,1.832254019973334e-05,0.0,0.00011889693996636197,32,0.4168114414125754,0.0002445188001729548,0.6870591640472412,0.17968812826054864,False,
126,OCNT-2534958,1,CYP2C9,4.338829040527344,1.117218107538065e-05,0.0,0.00012580837938003242,32,0.497240322983492,0.0001779274025466293,0.7441248893737793,0.2174985464911363,False,
126,OCNT-2534958,2,CYP2D6,4.817273139953613,8.888496161318926e-09,0.0,8.601374474892509e-07,32,0.15235173666931043,9.208624618395334e-08,1.0,0.11434406014759622,False,
126,OCNT-2534958,3,CYP3A4,4.113897323608398,1.0500576763661229e-07,0.0,1.9631577288237168e-06,32,0.6654967854802326,2.4491509975632653e-06,1.0,0.3952064668004084,False,
127,OCNT-2534959,0,CYP1A2,4.575646877288818,3.0207806958060246e-06,0.0,3.287920480943285e-05,32,0.5199510468397444,5.0427443056833e-05,0.789463996887207,0.21694286603481822,False,
127,OCNT-2534959,1,CYP2C9,4.3810930252075195,1.5765466741868295e-05,0.0,0.00017754353757482022,32,0.49749981059154585,0.00025114533491432667,0.7291001677513123,0.21726866537190678,False,
127,OCNT-2534959,2,CYP2D6,4.668732643127441,0.0001951095910044387,9.97066599666141e-05,0.003047906793653965,2,1.001487771274828,0.00039081976865418255,1.0601368103380082e-06,0.7316157253299228,False,
127,OCNT-2534959,3,CYP3A4,4.105941295623779,1.4563427441771637e-07,0.0,2.387717131568934e-06,32,0.6855991640011936,3.4144873097829986e-06,0.9761080741882324,0.38804268143791204,False,
128,OCNT-2534960,0,CYP1A2,4.727675914764404,5.977277851343388e-06,0.0,5.662635521730408e-05,32,0.5169502215474905,9.904398757498711e-05,0.7592312097549438,0.19877317700441194,False,
128,OCNT-2534960,1,CYP2C9,4.43156623840332,7.107789133442566e-05,0.0,0.0008448799489997327,32,0.5660227332594518,0.0012875956017524004,0.6237813830375671,0.25468673329155883,False,
128,OCNT-2534960,2,CYP2D6,3.972656011581421,8.604877803009003e-05,8.38711684991722e-07,0.0015622451901435852,32,0.8929172500798734,0.002458987757563591,0.021545054391026497,0.49928589863446127,False,
128,OCNT-2534960,3,CYP3A4,3.0037553310394287,3.046637175430078e-06,0.0,3.5994515201309696e-05,32,0.47899324189413345,4.6851473598508164e-05,0.7351803779602051,0.20351602243391875,False,
129,OCNT-2534962,0,CYP1A2,4.690672874450684,8.987798537418712e-06,9.28188057969237e-07,0.00010644888243405148,32,0.7005543330176727,0.00020171029609628022,0.0500318706035614,0.27735152726152035,False,
129,OCNT-2534962,1,CYP2C9,4.339508056640625,7.090632425388321e-05,0.0,0.0008422110695391893,32,0.5654349749112589,0.001283154240809381,0.6267399787902832,0.2544985604428949,False,
129,OCNT-2534962,2,CYP2D6,3.962941884994507,7.788879884174094e-05,7.765778491375386e-07,0.0013843127526342869,32,0.8933383844279101,0.0022268795873969793,0.039501748979091644,0.47925131824799394,False,
129,OCNT-2534962,3,CYP3A4,2.8700919151306152,3.8119690088933567e-06,0.0,4.4269076170166954e-05,32,0.4616593990347735,5.6462333304807544e-05,0.7292279005050659,0.18881491448460846,False,
130,OCNT-2534963,0,CYP1A2,4.483743667602539,0.00019001445616595447,0.0,0.0035837041214108467,20,0.9831571470087356,0.003736478043720126,0.20801647007465363,0.677727974374005,False,
130,OCNT-2534963,1,CYP2C9,4.305503845214844,5.2700808737426996e-05,0.0,0.0006254535401239991,32,0.5646215566115371,0.0009523730841465294,0.6418150067329407,0.2542080342169703,False,
130,OCNT-2534963,2,CYP2D6,4.0825018882751465,0.00038595538353547454,1.8756531972030643e-06,0.006266460288316011,2,1.0012979815618175,0.0007729327189736068,0.00012122471525799483,0.5851015723797561,False,
130,OCNT-2534963,3,CYP3A4,3.206739664077759,2.889108145609498e-06,0.0,3.3404499845346436e-05,32,0.4569687071648202,4.239365443936549e-05,0.7713871002197266,0.18660578406611103,False,
131,OCNT-2534964,0,CYP1A2,4.545200824737549,0.0001333187974523753,0.0,0.0021990593522787094,32,0.9253167544753845,0.00394788384437561,0.40071767568588257,0.5367665148899547,False,
131,OCNT-2534964,1,CYP2C9,4.372500419616699,4.974010516889393e-05,0.0,0.0005847804713994265,32,0.5556108755043468,0.0008845343836583197,0.6447867751121521,0.252624320901382,False,
131,OCNT-2534964,2,CYP2D6,4.16631555557251,0.00015885307220742106,0.00033608957892283797,0.0022935625165700912,32,0.9406502743652648,0.004781906958669424,6.362311250995845e-05,0.5004724028905427,False,
131,OCNT-2534964,3,CYP3A4,3.2125864028930664,5.0594840104167815e-06,0.0,6.282064714469016e-05,32,0.4130945320377533,6.701363599859178e-05,0.7983320951461792,0.14091625762885046,False,
132,OCNT-2534965,0,CYP1A2,4.7733259201049805,0.00017504720017313957,0.0,0.00247662584297359,2,1.0004957510350792,0.0003502879699226469,0.4880974590778351,0.5432370000708889,False,
132,OCNT-2534965,1,CYP2C9,4.525958061218262,6.384612061083317e-05,0.0,0.0008912105113267899,32,0.7077311036717406,0.0014461748069152236,0.6116271615028381,0.30294431438917013,False,
132,OCNT-2534965,2,CYP2D6,3.948502779006958,8.680848623043858e-06,0.0,0.0001031500069075264,32,0.6460715103721199,0.0001796771102817729,0.5726049542427063,0.33642222779619235,False,
132,OCNT-2534965,3,CYP3A4,3.476083517074585,7.760560265523964e-07,0.0,1.1424872354837134e-05,32,0.7740150741484959,1.9469414837658405e-05,0.7712919116020203,0.4139773870521479,False,
133,OCNT-2534966,0,CYP1A2,4.705661773681641,0.00026975024957209826,0.0,0.0022473002318292856,32,0.6527449303331792,0.00563470833003521,0.6447230577468872,0.2854841793045706,False,
133,OCNT-2534966,1,CYP2C9,4.509068012237549,2.5545527023496106e-05,0.0,0.00029229093343019485,32,0.5165732618887517,0.00042244166252203286,0.7019526362419128,0.2238672618568796,False,
133,OCNT-2534966,2,CYP2D6,4.6728668212890625,3.677738291685273e-08,0.0,8.43885459289595e-07,32,0.3313041107802755,4.959212560606829e-07,1.0,0.15459091631822047,False,
133,OCNT-2534966,3,CYP3A4,4.1612725257873535,1.167666596302297e-06,0.0,1.717149280011654e-05,32,0.7772952977221008,2.9292630642885342e-05,0.720303475856781,0.41937693529347636,False,
134,OCNT-2534967,0,CYP1A2,4.705743789672852,0.00026974896900355816,0.0,0.0022472820710390806,32,0.652742472722044,0.005634660366922617,0.6446945071220398,0.28542609032268496,False,
134,OCNT-2534967,1,CYP2C9,4.5089921951293945,2.558181222411804e-05,0.0,0.00029273302061483264,32,0.5167055999234724,0.00042314984602853656,0.702050507068634,0.22394996000799727,False,
134,OCNT-2534967,2,CYP2D6,4.672111511230469,3.694183092761705e-08,0.0,9.386070587424911e-07,32,0.3327052433241347,4.997693849873031e-07,1.0,0.17173763162488537,False,
134,OCNT-2534967,3,CYP3A4,4.161133289337158,1.1620911664067535e-06,0.0,1.7094194845412858e-05,32,0.7774463784924913,2.915961704275105e-05,0.7172420024871826,0.41752228579707656,False,
135,OCNT-2534968,0,CYP1A2,4.705657005310059,0.0002697496965993196,0.0,0.002247283700853586,32,0.6527412515852015,0.00563466502353549,0.6447355151176453,0.2855114288852091,False,
135,OCNT-2534968,1,CYP2C9,4.5090436935424805,2.557921106927097e-05,0.0,0.0002927152090705931,32,0.5167049878177159,0.00042310633580200374,0.7020431160926819,0.22389153084058974,False,
135,OCNT-2534968,2,CYP2D6,4.672857284545898,3.724001373939245e-08,0.0,9.414944770469447e-07,32,0.33084880929623334,5.001376734981022e-07,1.0,0.16436740006220593,False,
135,OCNT-2534968,3,CYP3A4,4.161227703094482,1.1625937759163207e-06,0.0,1.703321686363779e-05,32,0.7772060224900459,2.9163102226448245e-05,0.7143893837928772,0.4179629141349462,False,
136,OCNT-2534969,0,CYP1A2,4.798330307006836,7.382137118838727e-05,0.0,0.000549375603441149,32,0.553012325102101,0.0013065490638837218,0.5875213146209717,0.24529684816332692,False,
136,OCNT-2534969,1,CYP2C9,4.559874534606934,1.4427913811232429e-05,0.0,0.00016243895515799522,32,0.49735152918413705,0.00022978299239184707,0.7320491671562195,0.2172417052727994,False,
136,OCNT-2534969,2,CYP2D6,4.77926778793335,1.0780218495654026e-08,0.0,8.678626954861102e-07,32,0.1841972061652474,1.224850620928919e-07,1.0,0.11701837298760093,False,
136,OCNT-2534969,3,CYP3A4,4.289094924926758,1.342994551123411e-07,0.0,2.2821250240667723e-06,32,0.6814982925666678,3.1468746328755515e-06,0.9880104660987854,0.3851441861844454,False,
137,OCNT-2534972,0,CYP1A2,5.0926513671875,0.00013368498184718192,0.0,0.002176788868382573,2,1.0020627929287962,0.0002679415338207036,0.3766443133354187,0.731357564555972,False,
137,OCNT-2534972,1,CYP2C9,4.916950225830078,0.0,0.0,6.07222318649292e-07,2,0.0,0.0,1.0,2.526591441501242e-28,True,recurrence
137,OCNT-2534972,2,CYP2D6,5.083583831787109,0.0,0.0,9.387731552124023e-07,2,0.0,0.0,1.0,1.9065750662322332e-28,False,
137,OCNT-2534972,3,CYP3A4,4.82012939453125,0.0,0.0,6.891787052154541e-07,2,0.0,0.0,1.0,2.121138768408555e-28,False,
138,OCNT-2534974,0,CYP1A2,4.777863502502441,3.6452143831411377e-05,0.0,0.00027321241213940084,32,0.5412187509487784,0.0006314878701232374,0.7350647449493408,0.1916119185238465,False,
138,OCNT-2534974,1,CYP2C9,4.594718933105469,1.44323621498188e-05,0.0,0.00016250585031230003,32,0.4973558085051291,0.00022985576651990414,0.7320980429649353,0.2173192186592922,False,
138,OCNT-2534974,2,CYP2D6,4.782565593719482,1.1155956158859226e-08,0.0,7.389139113911369e-07,32,0.18002495719709055,1.21875203262789e-07,1.0,0.17797114775062253,False,
138,OCNT-2534974,3,CYP3A4,4.255609512329102,1.3657650015375111e-05,0.0,0.00011152032675454393,32,0.5993947812714165,0.0002621541789267212,0.7050509452819824,0.27062499465130024,False,
139,OCNT-2534975,0,CYP1A2,4.581934928894043,0.0001801390462787822,2.8071192446077475e-06,0.0031332187354564667,32,0.964343362415567,0.005559217184782028,0.00023961480474099517,0.6220207953701599,False,
139,OCNT-2534975,1,CYP2C9,4.28739595413208,3.8410882552852854e-05,0.0,0.0004567897703964263,32,0.5616073213233133,0.00069047836586833,0.6508862376213074,0.2600228508188557,False,
139,OCNT-2534975,2,CYP2D6,4.243386268615723,4.2125080653931946e-05,2.4934411158028524e-07,0.0006873753154650331,32,0.8715792244708006,0.0011751699494197965,0.1813046783208847,0.4004601189171773,False,
139,OCNT-2534975,3,CYP3A4,3.239978790283203,4.983710823580623e-06,0.0,6.238438800210133e-05,32,0.4101978042103845,6.554909487022087e-05,0.8013587594032288,0.14342952784870677,False,
140,OCNT-2534976,0,CYP1A2,4.776385307312012,0.00027329701697453856,0.0,0.003240276826545596,32,0.9390621479205136,0.00821287278085947,0.5604080557823181,0.405341681183895,False,
140,OCNT-2534976,1,CYP2C9,4.603496551513672,1.733509634505026e-05,0.0,0.0001951843878487125,32,0.49746079308632507,0.0002761121722869575,0.7231605648994446,0.21750015241492018,False,
140,OCNT-2534976,2,CYP2D6,4.74862003326416,1.3169910495491877e-08,0.0,6.575917268492049e-07,32,0.21958180262103127,1.6280610282137786e-07,1.0,0.12741963189835326,False,
140,OCNT-2534976,3,CYP3A4,4.2676262855529785,1.5900667449386674e-07,0.0,2.6078753307956504e-06,32,0.6927948170550295,3.7467823403858347e-06,0.9670308828353882,0.3938797646579185,False,
141,OCNT-2534977,0,CYP1A2,4.649627685546875,9.330656212114263e-06,0.0,9.538006270304322e-05,32,0.5457365743613511,0.00016312120715156198,0.7142292857170105,0.2352474201458133,False,
141,OCNT-2534977,1,CYP2C9,4.286019802093506,8.240727765951306e-05,0.0,0.001124817761592567,32,0.6803947363973962,0.0017944410210475326,0.6026592254638672,0.2949061281519131,False,
141,OCNT-2534977,2,CYP2D6,3.5496370792388916,9.909906111715827e-06,0.0,0.00011676418944261968,32,0.6446429268919195,0.000204633513931185,0.5604727268218994,0.3357383709104166,False,
141,OCNT-2534977,3,CYP3A4,2.9545695781707764,1.2374224525046884e-06,0.0,1.7565042071510106e-05,32,0.745414791090617,2.9755108698736876e-05,0.7292449474334717,0.38563327922893187,False,
142,OCNT-2534978,0,CYP1A2,4.778919696807861,0.0004076549084857106,2.9802322387695312e-08,0.006150861270725727,2,1.001314846954058,0.0008164018508978188,0.35258474946022034,0.6375392054674851,False,
142,OCNT-2534978,1,CYP2C9,4.550039768218994,2.036228761426173e-05,0.0,0.0002314424782525748,32,0.5101304833563599,0.0003325607976876199,0.7140679359436035,0.22280345780386368,False,
142,OCNT-2534978,2,CYP2D6,4.729340553283691,1.645344482881228e-08,0.0,6.628841333622404e-07,32,0.25233645225452495,2.136053893764256e-07,1.0,0.16765733010829995,False,
142,OCNT-2534978,3,CYP3A4,4.244868755340576,1.977203254455162e-07,0.0,3.1538763778371504e-06,32,0.7102531231901583,4.721088316728128e-06,0.9430598020553589,0.40426825306195924,False,
143,OCNT-2534979,0,CYP1A2,4.7813568115234375,0.0004076545010320842,0.0,0.00615085382014513,2,1.001315205226341,0.0008164013270288706,0.35253992676734924,0.6375374543912643,False,
143,OCNT-2534979,1,CYP2C9,4.552103042602539,2.0367038814583793e-05,0.0,0.00023152882931753993,32,0.5101545888413048,0.00033265407546423376,0.7139738202095032,0.22281466008162493,False,
143,OCNT-2534979,2,CYP2D6,4.734000205993652,1.660444226558866e-08,0.0,9.231903845829947e-07,32,0.2506807696592711,2.1341510603178904e-07,1.0,0.1806584319375575,False,
143,OCNT-2534979,3,CYP3A4,4.248128414154053,1.975922430119681e-07,0.0,3.1402746571984608e-06,32,0.7110937246978901,4.723761321656639e-06,0.9430209398269653,0.39856694053815067,False,
144,OCNT-2534980,0,CYP1A2,4.867629051208496,4.121289748582058e-06,2.9802322387695312e-08,4.300333603168838e-05,32,0.5362230652135694,7.088937127264217e-05,0.7592917680740356,0.22978437047047412,False,
144,OCNT-2534980,1,CYP2C9,4.604033470153809,2.6889698347076774e-05,0.0,0.0003087134682573378,32,0.5048589011772928,0.00043457766878418624,0.6899943947792053,0.2255044910986117,False,
144,OCNT-2534980,2,CYP2D6,4.5588483810424805,9.423786195839057e-08,0.0,1.762447141118173e-06,32,0.4396239002733615,1.4664145737697254e-06,0.9730572700500488,0.19476897154934195,False,
144,OCNT-2534980,3,CYP3A4,4.167510509490967,1.1408279760871665e-06,0.0,1.6305977624142542e-05,32,0.7435290124443862,2.73815676337108e-05,0.7383809685707092,0.3880769980482033,False,
145,OCNT-2534981,0,CYP1A2,4.676163196563721,0.0004567845317069441,2.0406458133948036e-05,0.007219829596579075,2,1.0018438212561722,0.0009152735583484173,7.88070319686085e-05,0.6556268463857988,False,
145,OCNT-2534981,1,CYP2C9,4.622420310974121,5.196267807150434e-07,0.0,4.395173618831905e-06,32,0.4818486514532486,8.166398401954211e-06,0.885715901851654,0.18534981136371534,False,
145,OCNT-2534981,2,CYP2D6,4.427440643310547,6.883624905640318e-07,0.0,1.0842557458090596e-05,32,0.744187224785686,1.6630798199912533e-05,0.7956010103225708,0.41000444794774427,False,
145,OCNT-2534981,3,CYP3A4,4.365420341491699,6.859271195480687e-08,0.0,9.78419393504737e-07,32,0.4062353327176026,1.0216683676844696e-06,0.9850324392318726,0.1557024073938474,False,
146,OCNT-2534982,0,CYP1A2,4.537168502807617,9.467777999816462e-05,7.367023044935195e-06,0.0014858304057270288,32,0.942833530859737,0.0028567940462380648,6.214699533302337e-05,0.5501144767547065,False,
146,OCNT-2534982,1,CYP2C9,4.44057559967041,5.90191177707311e-07,0.0,5.255463292996865e-06,32,0.48180482562809035,9.253600183001254e-06,0.8827922940254211,0.1887330753555393,False,
146,OCNT-2534982,2,CYP2D6,4.254306793212891,4.539714666407235e-07,0.0,7.2599818849994335e-06,32,0.7216119776330876,1.0713835763453972e-05,0.846982479095459,0.3591233959630782,False,
146,OCNT-2534982,3,CYP3A4,4.136476993560791,7.3949806278506e-08,0.0,1.6412980130553478e-06,32,0.4050369552615387,1.0880887657549465e-06,0.9821021556854248,0.1799091429111987,False,
147,OCNT-2534983,0,CYP1A2,4.729513168334961,8.109022019198164e-05,5.272990165394731e-06,0.0011853142641484737,32,0.9121936598739279,0.002367331413552165,7.326093327719718e-05,0.5323926278236251,False,
147,OCNT-2534983,1,CYP2C9,4.675666332244873,3.562083179531328e-07,0.0,3.4436307032592595e-06,32,0.4758157964925945,5.575926479650661e-06,0.9037887454032898,0.18303249065286853,False,
147,OCNT-2534983,2,CYP2D6,4.603140830993652,3.713069816058123e-07,0.0,6.040495463821571e-06,32,0.7279639973818856,8.882488145900425e-06,0.8678572177886963,0.358810455305811,False,
147,OCNT-2534983,3,CYP3A4,4.426309108734131,4.3859373022314685e-08,0.0,1.059589635588054e-06,32,0.3727256917486618,6.423927061405266e-07,1.0,0.15246932198435303,False,
148,OCNT-2534984,0,CYP1A2,4.418489456176758,9.608973778085783e-05,4.214684850012418e-07,0.0014340415364131331,32,0.8849556369996605,0.0027214081492275,0.09695828706026077,0.4770898454343035,False,
148,OCNT-2534984,1,CYP2C9,4.351090908050537,3.0200538958524703e-07,0.0,2.861899702111259e-06,32,0.4574165557301186,4.566925781546161e-06,0.9157858490943909,0.1749266449847866,False,
148,OCNT-2534984,2,CYP2D6,4.3943400382995605,3.005170583492145e-07,0.0,5.005535513191717e-06,32,0.6906739897690378,6.862913778604707e-06,0.8977780342102051,0.37321442664797744,False,
148,OCNT-2534984,3,CYP3A4,4.095576286315918,6.059684665160603e-08,0.0,1.1391039151931182e-06,32,0.4021884734186803,9.085836154554272e-07,0.9909908175468445,0.1549709066583108,False,
149,OCNT-2534985,0,CYP1A2,4.589249610900879,6.195914465934038e-06,0.0,5.734698788728565e-05,32,0.4712192753996575,9.357908857055008e-05,0.7654041051864624,0.21283408295987705,False,
149,OCNT-2534985,1,CYP2C9,4.387824058532715,1.6507834516232833e-05,0.0,0.00018586128135211766,32,0.4974672010202007,0.0002629465889185667,0.7261586785316467,0.21733394393077204,False,
149,OCNT-2534985,2,CYP2D6,4.698554039001465,2.4310788049319854e-08,0.0,1.1952199656661833e-06,32,0.27678286283852327,3.038924205611693e-07,1.0,0.1462864224721515,False,
149,OCNT-2534985,3,CYP3A4,4.095518589019775,1.519125305549096e-07,0.0,2.559884478614549e-06,32,0.6893479491182077,3.571650267986115e-06,0.9759920239448547,0.3893007550948733,False,
150,OCNT-2534986,0,CYP1A2,4.96168327331543,3.727672492459533e-06,0.0,3.667337296064943e-05,32,0.5397683461986599,6.455927359638736e-05,0.7714158296585083,0.22127831125040406,False,
150,OCNT-2534986,1,CYP2C9,4.6136932373046875,2.7664807930705138e-05,0.0,0.00032796559389680624,32,0.5691848939757267,0.0005040666437707841,0.6749410033226013,0.2669799801850756,False,
150,OCNT-2534986,2,CYP2D6,4.757419109344482,3.204618792551628e-07,0.0,3.849905624520034e-06,32,0.4494420209765671,4.752750555780949e-06,0.9158468842506409,0.18784398392546325,False,
150,OCNT-2534986,3,CYP3A4,4.2985358238220215,4.229536443745019e-06,0.0,6.266628042794764e-05,32,0.7617644499542975,0.00010334490070817992,0.596731960773468,0.3904592152840395,False,
151,OCNT-2534987,0,CYP1A2,4.976016998291016,3.4702907214523293e-06,0.0,3.415738319745287e-05,32,0.5425035179659611,6.041823871782981e-05,0.7743632197380066,0.22395984593317908,False,
151,OCNT-2534987,1,CYP2C9,4.705234050750732,2.073591349471826e-05,0.0,0.0002372663584537804,32,0.5165445974924369,0.0003429180651437491,0.7140270471572876,0.2234170633231105,False,
151,OCNT-2534987,2,CYP2D6,4.772405624389648,3.0181045218569125e-08,0.0,1.0523528999328846e-06,32,0.31099251309647685,3.998721354037116e-07,1.0,0.17428294567689698,False,
151,OCNT-2534987,3,CYP3A4,4.398902416229248,9.550952881909325e-07,0.0,1.4054507118999027e-05,32,0.775030963832549,2.393531940469984e-05,0.7444836497306824,0.4173463039463776,False,
152,OCNT-2534988,0,CYP1A2,4.964973449707031,2.7014170882466715e-06,0.0,2.6663481548894197e-05,32,0.5418100914233805,4.701034049503505e-05,0.7893814444541931,0.22393912554585904,False,
152,OCNT-2534988,1,CYP2C9,4.448826313018799,1.61141997523373e-05,0.0,0.00018439459381625056,32,0.5163809925607467,0.00026643936871550977,0.7260499596595764,0.2233741377346482,False,
152,OCNT-2534988,2,CYP2D6,4.810873985290527,2.4041622026516052e-08,0.0,5.072221824775625e-07,32,0.28656966224635755,3.121694760466198e-07,1.0,0.16307392165517115,False,
152,OCNT-2534988,3,CYP3A4,4.180859565734863,7.447961252182722e-07,0.0,1.0947718692477793e-05,32,0.7724445000245616,1.865721969807055e-05,0.774533748626709,0.4180642876074894,False,
153,OCNT-2534989,0,CYP1A2,4.984603404998779,3.17231570079457e-06,0.0,3.130371624138206e-05,32,0.5423419858049698,5.522890933207236e-05,0.7774337530136108,0.22409580481741592,False,
153,OCNT-2534989,1,CYP2C9,4.703984260559082,1.8837436073226854e-05,0.0,0.00021544579067267478,32,0.5160202113836612,0.00031122105428949,0.7200321555137634,0.223175008833372,False,
153,OCNT-2534989,2,CYP2D6,4.786681175231934,2.8552076258847592e-08,0.0,9.136749099525332e-07,32,0.29853690633157953,3.6829496252721583e-07,1.0,0.16724286277357867,False,
153,OCNT-2534989,3,CYP3A4,4.413956642150879,8.830871252030192e-07,0.0,1.3095409485686105e-05,32,0.7738195787690522,2.211482569691725e-05,0.7505480051040649,0.4193744246714373,False,
154,OCNT-2534991,0,CYP1A2,4.620181083679199,3.900511364918202e-05,4.4658759179583285e-06,0.0005868494627065957,32,0.9794132140049614,0.0012227813713252544,4.6002398448763415e-05,0.5356351204832115,False,
154,OCNT-2534991,1,CYP2C9,4.334239482879639,1.6102781955851242e-05,0.0,0.00018583217752166092,32,0.5161971859514128,0.00026615592651069164,0.7260920405387878,0.2214360675761901,False,
154,OCNT-2534991,2,CYP2D6,4.384909152984619,3.165545194860897e-07,0.0,5.336133199307369e-06,32,0.7388309762672969,7.720595021964982e-06,0.8828158378601074,0.4074024942745504,False,
154,OCNT-2534991,3,CYP3A4,3.966374158859253,7.659541552129667e-07,0.0,1.1412456842663232e-05,32,0.766845443944592,1.9041181076318026e-05,0.771552562713623,0.41207057599498925,False,
155,OCNT-2534992,0,CYP1A2,4.812878608703613,3.258731885580346e-05,2.128520236510667e-06,0.0004922189982607961,32,0.9621592546318439,0.0010036419844254851,0.00015877294936217368,0.511594097250254,False,
155,OCNT-2534992,1,CYP2C9,4.68184757232666,3.410947465454228e-05,0.0,0.0004734097747132182,32,0.7069848940731135,0.0007719025015830994,0.5935565829277039,0.2785670998029933,False,
155,OCNT-2534992,2,CYP2D6,4.476805210113525,3.1881285167401074e-07,0.0,4.181391886959318e-06,32,0.4766312008232755,5.015118858864298e-06,0.9278534054756165,0.2970308293558625,False,
155,OCNT-2534992,3,CYP3A4,4.223324298858643,6.107954050094122e-06,2.9802322387695312e-08,9.526317444397137e-05,32,0.8055011176385746,0.0001576966024003923,0.5215162038803101,0.41572205282995217,False,
156,OCNT-2534993,0,CYP1A2,4.8129801750183105,3.2586434826953337e-05,2.072279585263459e-06,0.000492254679556936,32,0.9621658176271347,0.0010036216117441654,0.00015098502626642585,0.5114664405079044,False,
156,OCNT-2534993,1,CYP2C9,4.681793212890625,3.408526390558109e-05,0.0,0.00047303931205533445,32,0.7066671385802941,0.000771008082665503,0.593547523021698,0.27839739394995927,False,
156,OCNT-2534993,2,CYP2D6,4.475969314575195,3.1902027330943383e-07,0.0,4.14594524045242e-06,32,0.4761234031604723,5.012936071580043e-06,0.9278435707092285,0.28882868370669196,False,
156,OCNT-2534993,3,CYP3A4,4.223178386688232,6.107825811341172e-06,0.0,9.524991764919832e-05,32,0.8055129475992824,0.00015769561287015676,0.524502694606781,0.41556904810120743,False,
157,OCNT-2534995,0,CYP1A2,4.667137145996094,6.400598067557439e-05,6.134868726803688e-06,0.0008199618314392865,32,0.7936849074669146,0.0016258725663647056,0.00010421818296890706,0.5095219187295963,False,
157,OCNT-2534995,1,CYP2C9,4.544578552246094,3.732668858447141e-07,0.0,3.481290605122922e-06,32,0.47680124205224955,5.847748070664238e-06,0.9037553071975708,0.1753216380387017,False,
157,OCNT-2534995,2,CYP2D6,4.55651330947876,3.939051396173454e-07,0.0,6.23414871370187e-06,32,0.7285961327518057,9.417079127160832e-06,0.8587302565574646,0.348639132477103,False,
157,OCNT-2534995,3,CYP3A4,4.285058975219727,4.5521762359612694e-08,0.0,9.009281143335102e-07,32,0.3786524514120515,6.727504455739108e-07,1.0,0.1653111838792961,False,
158,OCNT-2534996,0,CYP1A2,4.592381477355957,5.549692650674842e-05,5.294778929965105e-06,0.0007282033329829574,32,0.79150436587309,0.00140588718932122,0.00010158301301999018,0.5077749267713352,False,
158,OCNT-2534996,1,CYP2C9,4.444982528686523,8.552568033337593e-06,0.0,9.841188148129731e-05,32,0.47178994945865943,0.00012927147326990962,0.7532017827033997,0.21363715603452482,False,
158,OCNT-2534996,2,CYP2D6,4.385556221008301,3.616125923144864e-07,0.0,5.946438704995671e-06,32,0.7098287901023533,8.441002137260512e-06,0.8767403960227966,0.35793381846419214,False,
158,OCNT-2534996,3,CYP3A4,4.0245442390441895,3.5893472727366316e-07,0.0,5.053364930063253e-06,32,0.6606081907663226,7.79908168624388e-06,0.8768811225891113,0.29897496422903824,False,
159,OCNT-2534997,0,CYP1A2,4.334378719329834,5.856472853338346e-05,3.674277024856565e-07,0.000748916994780302,32,0.7976819913119341,0.0014951681951060891,0.1391458660364151,0.4493554839853834,False,
159,OCNT-2534997,1,CYP2C9,4.2670512199401855,2.503920768504031e-07,0.0,2.541674348321976e-06,32,0.45318678569616805,3.77619994651468e-06,0.9248212575912476,0.16831555502175002,False,
159,OCNT-2534997,2,CYP2D6,4.400416374206543,1.7616711147638853e-06,6.664001972467304e-08,2.1236941392999142e-05,32,0.8082611422488134,4.5823133405065164e-05,0.6270989775657654,0.39569719145914284,False,
159,OCNT-2534997,3,CYP3A4,3.9846434593200684,4.7225171329046134e-08,0.0,1.238671075043385e-06,32,0.3812200915665293,6.980923217270174e-07,1.0,0.1571697949450417,False,
160,OCNT-2534998,0,CYP1A2,4.6555891036987305,6.691197631880641e-05,6.352807304210728e-06,0.0008572016377002001,32,0.7937035674869639,0.0016997187631204724,9.445792238693684e-05,0.5095242977349703,False,
160,OCNT-2534998,1,CYP2C9,4.569657325744629,3.903847414221673e-07,0.0,3.4088782285834895e-06,32,0.47720573240251485,6.1141086007410195e-06,0.9007734060287476,0.19086176047381231,False,
160,OCNT-2534998,2,CYP2D6,4.5390825271606445,4.1279994889009686e-07,0.0,6.6755901571013965e-06,32,0.7285103455460257,9.856452379608527e-06,0.8587860465049744,0.39161740677186496,False,
160,OCNT-2534998,3,CYP3A4,4.307849407196045,4.737630376894231e-08,0.0,7.475186976080295e-07,32,0.3815429336295014,7.005287443462294e-07,1.0,0.14971162725599368,False,
161,OCNT-2534999,0,CYP1A2,4.67225456237793,6.69112050672993e-05,6.409370143956039e-06,0.0008572012302465737,32,0.7937043429711512,0.001699700835160911,9.587245585862547e-05,0.5094765175808315,False,
161,OCNT-2534999,1,CYP2C9,4.627020835876465,3.8973118421381514e-07,0.0,3.5252232919447124e-06,32,0.47763894627284154,6.109669811849017e-06,0.9007856249809265,0.1808476358551992,False,
161,OCNT-2534999,2,CYP2D6,4.54599666595459,4.1148410900859744e-07,0.0,6.566878710145829e-06,32,0.7309437026659505,9.858596968115307e-06,0.8556996583938599,0.3897460136672636,False,
161,OCNT-2534999,3,CYP3A4,4.370845794677734,4.7455596785539456e-08,0.0,1.1381839613022748e-06,32,0.3834376436629759,7.049804366943135e-07,1.0,0.1657236995698523,False,
162,OCNT-2535000,0,CYP1A2,4.663824081420898,6.399183621397242e-05,6.08427853876492e-06,0.0008198718423955142,32,0.7937513468157845,0.0016256493981927633,0.00010457599273649976,0.5095541418324612,False,
162,OCNT-2535000,1,CYP2C9,4.540224552154541,3.727316766344302e-07,0.0,3.3002211239363533e-06,32,0.4767673158739317,5.83916653340566e-06,0.9008524417877197,0.185036220846806,False,
162,OCNT-2535000,2,CYP2D6,4.548845291137695,3.9418048913830717e-07,0.0,6.402183316822629e-06,32,0.728316568376507,9.419883099326398e-06,0.8618044853210449,0.3794993989459171,False,
162,OCNT-2535000,3,CYP3A4,4.277462959289551,4.5387643865524296e-08,0.0,8.673011961946031e-07,32,0.37712684964040116,6.684213644803094e-07,1.0,0.16108002915769382,False,
163,OCNT-2535002,0,CYP1A2,4.79566764831543,3.491479583317414e-05,2.2543640625372063e-06,0.0005273825372569263,32,0.9621840929636205,0.0010753306560218334,0.00014525795995723456,0.5114776457217529,False,
163,OCNT-2535002,1,CYP2C9,4.671599388122559,3.6544148315442726e-05,0.0,0.0005072291241958737,32,0.70699920980701,0.0008270001271739602,0.5905670523643494,0.27859643646889065,False,
163,OCNT-2535002,2,CYP2D6,4.4376983642578125,3.407259612231428e-07,0.0,4.350911694928072e-06,32,0.4783924806218674,5.369109203456901e-06,0.9248210787773132,0.2963868612567946,False,
163,OCNT-2535002,3,CYP3A4,4.245433807373047,6.542620212712791e-06,4.214684778958144e-08,0.00010200354154221714,32,0.8057841978737186,0.00016895993030630052,0.5154080390930176,0.41575542572135443,False,
164,OCNT-2535004,0,CYP1A2,4.808017730712891,3.25862638419494e-05,2.0965674139006296e-06,0.00049221096560359,32,0.9621674048821448,0.0010036180028691888,0.00012387550668790936,0.5115058260357777,False,
164,OCNT-2535004,1,CYP2C9,4.655721664428711,3.40808073815424e-05,0.0,0.00047297682613134384,32,0.7065884545847139,0.0007708214689046144,0.5935455560684204,0.27857183549991194,False,
164,OCNT-2535004,2,CYP2D6,4.473470211029053,3.1880603046374745e-07,0.0,4.186309524811804e-06,32,0.47692573280207345,5.018113824917236e-06,0.9278544187545776,0.2886453070596215,False,
164,OCNT-2535004,3,CYP3A4,4.220164775848389,6.1072996686561964e-06,0.0,9.519261220702901e-05,32,0.8055876556120334,0.00015769667515996844,0.5244476199150085,0.4157779951396346,False,
165,OCNT-2535005,0,CYP1A2,4.820919513702393,4.908630216959864e-06,0.0,5.073109787190333e-05,32,0.5466937753879645,8.604750473750755e-05,0.7532293200492859,0.23314110766547733,False,
165,OCNT-2535005,1,CYP2C9,4.29317569732666,2.8779293643310666e-05,0.0,0.00032914418261498213,32,0.5159825878195768,0.0004753527755383402,0.6959375739097595,0.22347642093833558,False,
165,OCNT-2535005,2,CYP2D6,4.569416522979736,4.3558387119446706e-08,0.0,9.846278317127144e-07,32,0.3479615380660557,5.963602802694368e-07,1.0,0.17743705104083976,False,
165,OCNT-2535005,3,CYP3A4,3.892871856689453,1.4075070566832437e-06,0.0,2.054008473351132e-05,32,0.7796995902967999,3.536734948283993e-05,0.6931042075157166,0.41901940552512285,False,
166,OCNT-2535006,0,CYP1A2,4.944149494171143,3.6847595765721053e-06,0.0,3.82202269975096e-05,32,0.5502664380062704,6.505927012767643e-05,0.76540607213974,0.23558297348263257,False,
166,OCNT-2535006,1,CYP2C9,4.6517438888549805,2.3179127310868353e-05,8.365910275642818e-07,0.0002784468524623662,32,0.5650873822095476,0.00041932426393032074,0.08509227633476257,0.24606099671687842,False,
166,OCNT-2535006,2,CYP2D6,4.72950553894043,4.7573777806064754e-08,0.0,9.738590733832098e-07,32,0.3421596921557965,6.30381634891819e-07,0.9970019459724426,0.15666836026499542,False,
166,OCNT-2535006,3,CYP3A4,4.269039154052734,2.267358013341436e-06,0.0,3.412521255086176e-05,32,0.8123417267830149,5.919977411394939e-05,0.6059492826461792,0.44670323602862766,False,
167,OCNT-2535007,0,CYP1A2,4.9986162185668945,3.0957330636738334e-06,0.0,3.2121577532961965e-05,32,0.5497913007731513,5.464016066980548e-05,0.7774456143379211,0.2359870326958644,False,
167,OCNT-2535007,1,CYP2C9,4.770257949829102,1.7992377252085134e-05,0.0,0.0002069678739644587,32,0.5262645290304525,0.0003031684027519077,0.7260580062866211,0.2196727439706202,False,
167,OCNT-2535007,2,CYP2D6,4.80512809753418,4.0206721507729526e-08,0.0,1.0754334880402894e-06,32,0.3311676883568382,5.320590048540907e-07,1.0,0.1641637231377695,False,
167,OCNT-2535007,3,CYP3A4,4.466110706329346,1.90925175047596e-06,2.9802322387695312e-08,2.8806220143451355e-05,32,0.8114039452165344,4.983323015039787e-05,0.6270588040351868,0.44634676001846496,False,
168,OCNT-2535008,0,CYP1A2,4.7814717292785645,8.733579306863248e-05,0.0,0.0015520935412496328,32,0.968154228653037,0.002706054365262389,0.4790927469730377,0.5191164040915263,False,
168,OCNT-2535008,1,CYP2C9,4.71160364151001,1.2645922652154695e-05,0.0,0.00014334300067275763,32,0.46882241169966743,0.0001898681657621637,0.7321045398712158,0.21440443194058567,False,
168,OCNT-2535008,2,CYP2D6,4.697013854980469,7.31025977529498e-08,0.0,1.3666360700881341e-06,32,0.4275408055341019,1.1369520507287234e-06,0.9850125312805176,0.19997405560331027,False,
168,OCNT-2535008,3,CYP3A4,4.337793350219727,4.644883517812559e-07,0.0,6.245640179258771e-06,32,0.6704303755636156,1.0179564924328588e-05,0.8495580554008484,0.32752867835762617,False,
169,OCNT-2535010,0,CYP1A2,4.5582051277160645,0.00020186712208669633,7.59067916078493e-06,0.002936492906883359,32,0.9940261766939799,0.006421476602554321,8.80918960319832e-05,0.6256670570256344,False,
169,OCNT-2535010,1,CYP2C9,4.394254684448242,1.838534080889076e-05,0.0,0.00021196134912315756,32,0.5180506480412769,0.0003049509832635522,0.7172008752822876,0.22355050149669659,False,
169,OCNT-2535010,2,CYP2D6,4.497001647949219,2.3745661792418105e-07,0.0,3.869096872222144e-06,32,0.7169390920073877,5.677162334905006e-06,0.9161518216133118,0.38196864963728955,False,
169,OCNT-2535010,3,CYP3A4,4.040905952453613,1.129254656007106e-06,0.0,1.836105002439581e-05,32,0.6870506854054308,2.5047222152352333e-05,0.7533997893333435,0.33350136556759497,False,
170,OCNT-2535011,0,CYP1A2,4.883458137512207,7.259312496898929e-06,0.0,7.431390986312181e-05,32,0.59306702190438,0.00013795806444250047,0.6961013674736023,0.2559927754324642,False,
170,OCNT-2535011,1,CYP2C9,4.749390602111816,2.055650475085713e-05,0.0,0.0002365252294111997,32,0.526682062399932,0.00034662429243326187,0.7200344204902649,0.2198762442273963,False,
170,OCNT-2535011,2,CYP2D6,4.54780387878418,4.724102709019462e-08,0.0,1.1308973171253456e-06,32,0.3450319772846201,6.319995122794353e-07,0.9969965815544128,0.16883570949468696,False,
170,OCNT-2535011,3,CYP3A4,4.3357720375061035,2.2567612631974043e-06,0.0,3.610253770602867e-05,32,0.8107625507198922,5.880976459593512e-05,0.6058411002159119,0.44191378191249653,False,
171,OCNT-2535012,0,CYP1A2,5.029311180114746,3.6409651329449844e-06,0.0,3.599652336561121e-05,32,0.5468237782746155,6.388590554706752e-05,0.7683859467506409,0.22616169122434288,False,
171,OCNT-2535012,1,CYP2C9,4.95308780670166,2.149544161511585e-05,0.0,0.0002473904751241207,32,0.5266740771909594,0.0003624434757512063,0.7171825766563416,0.2197026425526067,False,
171,OCNT-2535012,2,CYP2D6,4.796695709228516,4.758013005812245e-08,0.0,9.197468671118258e-07,32,0.34189494947082033,6.299633810158412e-07,0.9970360994338989,0.16080863076489732,False,
171,OCNT-2535012,3,CYP3A4,4.590840816497803,2.2485094177682186e-06,0.0,3.381438727956265e-05,32,0.8117609565461872,5.8667832490755245e-05,0.6059952974319458,0.4462741556606221,False,
172,OCNT-2535015,0,CYP1A2,4.7627034187316895,0.0001569606683915481,6.143906006172983e-08,0.00218975730240345,32,0.8196814111314231,0.004117310047149658,0.2622520625591278,0.7113804873557161,False,
172,OCNT-2535015,1,CYP2C9,4.569201946258545,9.07931462279521e-06,0.0,0.00010276792454533279,32,0.4700379890611291,0.00013671434135176241,0.7501723766326904,0.21536628382450773,False,
172,OCNT-2535015,2,CYP2D6,4.794341087341309,6.483404035861895e-08,0.0,1.3904203797210357e-06,32,0.41266830783590236,9.88212377706077e-07,0.9910107254981995,0.1960904523365356,False,
172,OCNT-2535015,3,CYP3A4,4.238858699798584,3.666680186142912e-07,0.0,5.07190270582214e-06,32,0.6680719154030125,8.052522389334626e-06,0.8767126798629761,0.3202518840900059,False,
173,OCNT-2535017,0,CYP1A2,4.680549621582031,0.00038793901330791414,3.6241694942873437e-06,0.005529212765395641,2,1.0001595221513788,0.0007760217995382845,0.0001582126278663054,0.5480525404888483,False,
173,OCNT-2535017,1,CYP2C9,4.508411407470703,9.019237950269599e-06,0.0,0.00010277472028974444,32,0.47804421830985394,0.00013812399993184954,0.7352356314659119,0.22348538926421793,False,
173,OCNT-2535017,2,CYP2D6,4.734386444091797,6.232933458250045e-08,0.0,1.42758869969839e-06,32,0.4114469553225964,9.52309903823334e-07,0.9940380454063416,0.21509000453600724,False,
173,OCNT-2535017,3,CYP3A4,4.2314982414245605,1.6520431245226064e-07,0.0,2.4463040517730406e-06,32,0.626464269966731,3.512295734253712e-06,0.9459786415100098,0.3163772865617655,False,
174,OCNT-2535018,0,CYP1A2,4.600438117980957,3.1658619263907894e-06,0.0,3.441229637246579e-05,32,0.5200224804835168,5.284862709231675e-05,0.7864460945129395,0.2157939921418178,False,
174,OCNT-2535018,1,CYP2C9,4.403563022613525,1.651617458264809e-05,0.0,0.00018596963491290808,32,0.4975082134688469,0.0002631010429468006,0.7231599688529968,0.2172502532459185,False,
174,OCNT-2535018,2,CYP2D6,4.657772064208984,0.00020437654166016728,0.00010430408292450011,0.003192928619682789,2,1.0014916556600792,0.00040938283200375736,1.04972400549741e-06,0.7315329099529946,False,
174,OCNT-2535018,3,CYP3A4,4.118855953216553,1.523253416735315e-07,0.0,2.423671048745746e-06,32,0.6887716923087551,3.5777632092504064e-06,0.9731217622756958,0.39621513046506834,False,
175,OCNT-2535020,0,CYP1A2,4.999418258666992,3.323740656924201e-06,0.0,3.286030550953001e-05,32,0.5465755531893022,5.830851659993641e-05,0.7744055986404419,0.22630562895037343,False,
175,OCNT-2535020,1,CYP2C9,4.794558048248291,1.9636945580714382e-05,0.0,0.00022600946249440312,32,0.5266833273774979,0.00033112699748016894,0.7231248617172241,0.21983585651913984,False,
175,OCNT-2535020,2,CYP2D6,4.797417640686035,4.3056950005393446e-08,0.0,1.0776599310702295e-06,32,0.33418256358550663,5.673826422025741e-07,1.0,0.16973461605789075,False,
175,OCNT-2535020,3,CYP3A4,4.47352409362793,2.044111397481174e-06,2.9802322387695312e-08,3.081854083575308e-05,32,0.8105993698062662,5.3281964937923476e-05,0.6181487441062927,0.4460106739374753,False,
176,OCNT-2535021,0,CYP1A2,4.551630973815918,3.38981067216082e-06,0.0,3.550871042534709e-05,32,0.5365141506508998,5.836948912474327e-05,0.7772777676582336,0.22510250975354276,False,
176,OCNT-2535021,1,CYP2C9,4.15693473815918,1.9273158613941632e-05,0.0,0.00022007864026818424,32,0.5142254801129443,0.00031730852788314223,0.7170342206954956,0.22293524049839067,False,
176,OCNT-2535021,2,CYP2D6,4.637862205505371,8.308106771437451e-05,1.7021275198203512e-06,0.0014352904399856925,2,1.0019141600124177,0.0001665002346271649,0.0001618795795366168,0.7921265102979764,False,
176,OCNT-2535021,3,CYP3A4,3.859025478363037,8.910326414479641e-07,1.4901161193847656e-08,1.3036344171268865e-05,32,0.7731903665632522,2.229343226645142e-05,0.7533945441246033,0.4180150460137266,False,
177,OCNT-2535023,0,CYP1A2,4.3061394691467285,0.00028179341461509466,0.0,0.0037936661392450333,32,0.9743603733644929,0.008786498568952084,0.5123623013496399,0.5783217045446192,False,
177,OCNT-2535023,1,CYP2C9,4.061574459075928,1.6747098925407045e-05,0.0,0.0001916533219628036,32,0.5166882332704545,0.0002770622668322176,0.7230711579322815,0.22403818134502912,False,
177,OCNT-2535023,2,CYP2D6,4.594364643096924,0.000361346872523427,2.1391244445112534e-05,0.005646962206810713,2,1.0015559120558966,0.0007238382240757346,3.1319368645199575e-06,0.7043824490867634,False,
177,OCNT-2535023,3,CYP3A4,3.802819013595581,7.568355613329913e-07,0.0,1.1260362953180447e-05,32,0.7721998248346922,1.894880915642716e-05,0.7743887901306152,0.41986545026473926,False,
178,OCNT-2535025,0,CYP1A2,4.769328594207764,6.0609632782870904e-05,0.0,0.0006978175952099264,32,0.9060908607312538,0.001757660647854209,0.5302764773368835,0.44871822325199945,False,
178,OCNT-2535025,1,CYP2C9,4.552245140075684,1.5039061509014573e-05,0.0,0.00016932228754740208,32,0.49724079217770994,0.00023945623252075166,0.7320674657821655,0.21726463302048335,False,
178,OCNT-2535025,2,CYP2D6,4.736607551574707,1.571911667497261e-08,0.0,9.098795317186159e-07,32,0.2252454492013838,1.8537964763254422e-07,1.0,0.17846943651479966,False,
178,OCNT-2535025,3,CYP3A4,4.234184265136719,1.407202319114731e-07,0.0,2.456095671732328e-06,32,0.6866113523430709,3.31155911226233e-06,0.9820139408111572,0.3939441818033038,False,
179,OCNT-2535030,0,CYP1A2,4.722343444824219,1.5649100532755256e-05,0.0,0.00010478325566509739,32,0.39114799139207246,0.00019600082305260003,0.7592753171920776,0.2146506854518551,False,
179,OCNT-2535030,1,CYP2C9,4.584744453430176,1.3855728866474237e-05,0.0,0.00015598941536154598,32,0.4973148812913254,0.00022066026576794684,0.7351128458976746,0.2174552521285619,False,
179,OCNT-2535030,2,CYP2D6,4.78147029876709,1.9117715410743585e-08,0.0,8.6730983639427e-07,32,0.2273150289489175,2.1180461828862462e-07,1.0,0.15612968517937756,False,
179,OCNT-2535030,3,CYP3A4,4.327939510345459,1.2918069103307062e-07,0.0,2.6069105842907447e-06,32,0.6760121484294545,3.0108108148851898e-06,0.9910181760787964,0.3970580305988672,False,
180,OCNT-2535033,0,CYP1A2,4.855265140533447,5.200262603466399e-05,0.0,0.00036373239709064364,32,0.4623953060033518,0.0007696126122027636,0.6959359049797058,0.17829992030971464,False,
180,OCNT-2535033,1,CYP2C9,4.69850492477417,1.3331549780559726e-05,0.0,0.00015011735376901925,32,0.49736525599114456,0.00021233994630165398,0.735124409198761,0.21738226483784584,False,
180,OCNT-2535033,2,CYP2D6,4.813275337219238,9.755099839026116e-09,0.0,8.260112167590705e-07,32,0.17125684988833365,1.0826227736515648e-07,1.0,0.16511471489030866,False,
180,OCNT-2535033,3,CYP3A4,4.416769027709961,1.2467377530356316e-07,0.0,2.017654878727626e-06,32,0.6734656254541204,2.9023410661466187e-06,0.9970007538795471,0.3804733158137134,False,
181,OCNT-2535034,0,CYP1A2,4.8626604080200195,5.007676008972339e-05,0.0,0.0003502375620882958,32,0.4623913403791048,0.0007411098922602832,0.6989719867706299,0.1783607911458878,False,
181,OCNT-2535034,1,CYP2C9,4.70330810546875,1.2839092960348353e-05,0.0,0.00014455363270826638,32,0.4973073122218613,0.0002044783323071897,0.7381203770637512,0.2174971579537469,False,
181,OCNT-2535034,2,CYP2D6,4.8218817710876465,9.697904701511106e-09,0.0,8.923744871935924e-07,32,0.1715706427096339,1.0814662942948416e-07,1.0,0.18786506481777526,False,
181,OCNT-2535034,3,CYP3A4,4.398595809936523,1.1876108629849114e-07,0.0,1.9500275811878964e-06,32,0.6765245680812432,2.787521225400269e-06,1.0,0.39179350771299726,False,
182,OCNT-2535035,0,CYP1A2,4.779485702514648,3.811120041063987e-05,0.0,0.00031702665728516877,32,0.5996856504093538,0.0007315435796044767,0.7079861760139465,0.23122730949482684,False,
182,OCNT-2535035,1,CYP2C9,4.504718780517578,1.7762520656106062e-05,0.0,0.00020288318046368659,32,0.5146305756878548,0.0002926810411736369,0.7199972867965698,0.22280280570009012,False,
182,OCNT-2535035,2,CYP2D6,4.753696918487549,2.4504723583618215e-08,0.0,8.858028195390943e-07,32,0.2640259369722564,2.915245431722724e-07,1.0,0.18414426179716026,False,
182,OCNT-2535035,3,CYP3A4,4.218725204467773,7.976548204169376e-07,0.0,1.1884701962117106e-05,32,0.7721794359146735,1.995694219658617e-05,0.7655327916145325,0.4158361740630209,False,
183,OCNT-2535036,0,CYP1A2,4.2240519523620605,0.00013353186659514904,0.0,0.002261427463963628,32,0.9464725845218158,0.004044598899781704,0.4579940140247345,0.5011573401079442,False,
183,OCNT-2535036,1,CYP2C9,4.062739849090576,1.6362700989702716e-05,0.0,0.0001861712516983971,32,0.4736452497531849,0.00024815526558086276,0.7111078500747681,0.21967231212452193,False,
183,OCNT-2535036,2,CYP2D6,4.473019599914551,1.0640950165452523e-07,0.0,1.93703544937307e-06,32,0.4484117615630371,1.6703804703865899e-06,0.9640312790870667,0.2032318600259781,False,
183,OCNT-2535036,3,CYP3A4,3.616182804107666,5.377989396038174e-07,0.0,7.3371807047806215e-06,32,0.6686323853197961,1.1720835573214572e-05,0.8406480550765991,0.32433173284429834,False,
184,OCNT-2535037,0,CYP1A2,4.878818035125732,5.007714935345575e-05,0.0,0.00035023645614273846,32,0.46238923577513386,0.0007411122787743807,0.6989248991012573,0.17835740794052296,False,
184,OCNT-2535037,1,CYP2C9,4.757621765136719,1.2835006600653287e-05,0.0,0.0001445312809664756,32,0.49734592956328055,0.00020442917593754828,0.741141140460968,0.21732839596505948,False,
184,OCNT-2535037,2,CYP2D6,4.831704139709473,9.372556952769173e-09,0.0,6.767110676264565e-07,32,0.17579591913512588,1.0897972657630817e-07,1.0,0.17718855853664067,False,
184,OCNT-2535037,3,CYP3A4,4.485612869262695,1.1931227561490232e-07,0.0,2.114111339324154e-06,32,0.6752577439267715,2.794211695800186e-06,1.0,0.3745754721052702,False,
185,OCNT-2535039,0,CYP1A2,4.912399768829346,5.113628503750078e-06,2.980232238769531e-07,6.19322236161679e-05,32,0.6943623071352596,0.00011384494428057224,0.3800261616706848,0.24244181161717443,False,
185,OCNT-2535039,1,CYP2C9,4.5102314949035645,2.08232959266752e-05,0.0,0.00023837263870518655,32,0.5170831544299346,0.0003447214839980006,0.7140892744064331,0.2239546680986278,False,
185,OCNT-2535039,2,CYP2D6,4.718605995178223,2.968507217815386e-08,0.0,1.0098617622134043e-06,32,0.31267337276385376,3.9707089172225096e-07,1.0,0.1511963154880161,False,
185,OCNT-2535039,3,CYP3A4,4.19718599319458,9.179869948638952e-07,0.0,1.347028955933638e-05,32,0.7749066547021896,2.301130552950781e-05,0.7473191618919373,0.41763953014705,False,
186,OCNT-2535040,0,CYP1A2,4.728187561035156,4.155243914283346e-06,0.0,4.2671927076298743e-05,32,0.5359565506818023,7.143647235352546e-05,0.7652718424797058,0.2193945513484054,False,
186,OCNT-2535040,1,CYP2C9,4.5733160972595215,2.3693268303759396e-05,0.0,0.000272598845185712,32,0.5264192286403118,0.00039929139893501997,0.7139900326728821,0.21967655721353038,False,
186,OCNT-2535040,2,CYP2D6,4.7030181884765625,5.284602266897309e-08,0.0,1.24907455756329e-06,32,0.33189069958829254,6.674563337583095e-07,0.9940274953842163,0.14214115781459735,False,
186,OCNT-2535040,3,CYP3A4,4.205367088317871,2.5008339434862137e-06,0.0,3.775805453187786e-05,32,0.8130374444158464,6.532486440846696e-05,0.5907369256019592,0.44653749513797103,False,
187,OCNT-2535041,0,CYP1A2,4.623859882354736,4.612387328961631e-06,0.0,5.1068273023702204e-05,32,0.5465410834435612,8.084238652372733e-05,0.7322637438774109,0.2287310857944435,False,
187,OCNT-2535041,1,CYP2C9,4.474535942077637,1.80180595634738e-05,0.0,0.00020730282994918525,32,0.5263582802412038,0.00030365498969331384,0.7260799407958984,0.21973602225644984,False,
187,OCNT-2535041,2,CYP2D6,4.764755725860596,4.3249297476677384e-08,0.0,9.709669939184096e-07,32,0.3077647379798363,5.24424194736639e-07,1.0,0.15620758074375163,False,
187,OCNT-2535041,3,CYP3A4,4.174476623535156,1.895428795251064e-06,0.0,2.853681507986039e-05,32,0.8115735709382504,4.948466084897518e-05,0.62986159324646,0.44602522156528707,False,
188,OCNT-2535042,0,CYP1A2,4.601635932922363,3.6403650938154897e-06,0.0,3.761990228667855e-05,32,0.5309360009004221,6.201952783158049e-05,0.7713751792907715,0.2198000189097748,False,
188,OCNT-2535042,1,CYP2C9,4.47919225692749,2.0469782612053677e-05,0.0,0.00023552615311928093,32,0.5263949640278134,0.0003449745418038219,0.7200446128845215,0.21981818027644193,False,
188,OCNT-2535042,2,CYP2D6,4.66252326965332,0.0001930889266077429,2.4291233785334043e-05,0.0030627876985818148,2,1.0018297989824647,0.00038690451765432954,2.3488180431741057e-06,0.7338067993096278,False,
188,OCNT-2535042,3,CYP3A4,4.148478031158447,2.1552689304371597e-06,0.0,3.243455648771487e-05,32,0.8118089128885454,5.624910772894509e-05,0.6119313836097717,0.44630076865924057,False,
189,OCNT-2535044,0,CYP1A2,4.641495704650879,0.00021072386880405247,0.0,0.0026062345132231712,32,0.9557844658613127,0.006445317063480616,0.5814393758773804,0.4643954369064156,False,
189,OCNT-2535044,1,CYP2C9,4.506237030029297,2.1443811419885606e-05,0.0,0.0002467211161274463,32,0.5264256632372049,0.0003614027809817344,0.7200530171394348,0.21966978461883152,False,
189,OCNT-2535044,2,CYP2D6,4.721731185913086,4.716068247034855e-08,0.0,1.2041634818160674e-06,32,0.32433256430483604,5.932502631367242e-07,0.9969991445541382,0.13231882707705425,False,
189,OCNT-2535044,3,CYP3A4,4.165567874908447,2.257001597172348e-06,0.0,3.3980439184233546e-05,32,0.8123503062939945,5.893118213862181e-05,0.6057751774787903,0.44605031892950464,False,
190,OCNT-2535045,0,CYP1A2,4.885998725891113,3.488411948637804e-06,0.0,3.432530866120942e-05,32,0.45808873307834297,5.128265911480412e-05,0.7954357266426086,0.23014074816766988,False,
190,OCNT-2535045,1,CYP2C9,4.739577770233154,1.3809931260766461e-05,0.0,0.00015545307542197406,32,0.49706860514617146,0.000219822526560165,0.7352028489112854,0.217072601269799,False,
190,OCNT-2535045,2,CYP2D6,4.813474178314209,1.0424749952164802e-08,0.0,1.0083283541462151e-06,32,0.17264614782785526,1.1284014078682958e-07,1.0,0.12988161663621012,False,
190,OCNT-2535045,3,CYP3A4,4.483096599578857,1.3053026748366392e-07,0.0,2.1514542822842486e-06,32,0.6819289592815442,3.0666130896861432e-06,0.9909923672676086,0.38683917334083234,False,
191,OCNT-2535047,0,CYP1A2,5.001152038574219,3.169471710862126e-06,0.0,3.11815419991035e-05,32,0.5423054150078811,5.5175831221276894e-05,0.7804381847381592,0.22322835116579548,False,
191,OCNT-2535047,1,CYP2C9,4.850725173950195,1.8910061044152826e-05,0.0,0.000217093838728033,32,0.5164217795952267,0.00031266341102309525,0.717095136642456,0.2237417155783467,False,
191,OCNT-2535047,2,CYP2D6,4.623077392578125,2.757088623184245e-06,9.42432194506182e-08,5.120945570524782e-05,32,0.8239606074164361,7.295910472748801e-05,0.5216467976570129,0.4384939055572488,False,
191,OCNT-2535047,3,CYP3A4,4.424970626831055,2.7387372028897516e-05,2.1260448193061166e-05,0.0005208617076277733,32,0.8866866348750536,0.0007773722754791379,3.97259573219344e-05,0.46584567217917494,False,
192,OCNT-2535048,0,CYP1A2,4.9760308265686035,3.4769880130625097e-06,0.0,3.4406297345412895e-05,32,0.5467683741286067,6.101039252826013e-05,0.7743189930915833,0.2260076260299178,False,
192,OCNT-2535048,1,CYP2C9,4.888148307800293,2.0481027604546398e-05,0.0,0.00023716480063740164,32,0.5265709796067916,0.00034527937532402575,0.7201284766197205,0.21980621620199278,False,
192,OCNT-2535048,2,CYP2D6,4.394463062286377,5.72577027924126e-06,1.6049041562382627e-07,0.00010651237244019285,32,0.8267403272517931,0.0001517437631264329,0.38939952850341797,0.497404250778666,False,
192,OCNT-2535048,3,CYP3A4,4.327814102172852,5.6932443840196356e-05,4.246843309374526e-05,0.0010861697373911738,32,0.8863593276751708,0.0016150869196280837,1.844278995122295e-05,0.4689603013140935,False,
193,OCNT-2535049,0,CYP1A2,4.522037506103516,7.096747867763042e-05,7.948062261675659e-07,0.0012278074864298105,32,0.9216727958873125,0.0020933763589709997,0.1305418312549591,0.6185871953893272,False,
193,OCNT-2535049,1,CYP2C9,4.312324523925781,2.7254855012870394e-05,0.0,0.00030832370975986123,32,0.4818717358454746,0.0004204212164040655,0.6930429935455322,0.21628352358065056,False,
193,OCNT-2535049,2,CYP2D6,4.377231121063232,1.0413224060812354e-07,0.0,1.9583135326683987e-06,32,0.44447040153978745,1.6233088899753056e-06,0.967075765132904,0.20754043936577343,False,
193,OCNT-2535049,3,CYP3A4,3.7358529567718506,6.972535970817262e-07,0.0,9.405825949215796e-06,32,0.6887440715464118,1.5587735106237233e-05,0.8106126189231873,0.3398112778888979,False,
194,OCNT-2535050,0,CYP1A2,4.317666053771973,9.653447341406718e-05,0.0,0.0015022645238786936,32,0.8901856559368304,0.0027501601725816727,0.476137638092041,0.4837746419861629,False,
194,OCNT-2535050,1,CYP2C9,4.073523998260498,2.4862094505806454e-05,0.0,0.0002823862014338374,32,0.4899049997422015,0.0003899188304785639,0.6960777044296265,0.2202736732801175,False,
194,OCNT-2535050,2,CYP2D6,4.431901931762695,7.439828664246306e-08,0.0,1.3825844007442356e-06,32,0.4210405191031512,1.1371231494194944e-06,0.9820970296859741,0.20447134952858867,False,
194,OCNT-2535050,3,CYP3A4,3.614097833633423,3.8035804550418106e-07,0.0,5.3199978538032155e-06,32,0.6843992236940657,8.549143785785418e-06,0.8709295988082886,0.34829395641004407,False,
195,OCNT-2535051,0,CYP1A2,4.507094383239746,4.399782483233139e-05,0.0,0.00029418166377581656,32,0.40898978896434685,0.0005759600317105651,0.7622081637382507,0.14670145950885055,False,
195,OCNT-2535051,1,CYP2C9,4.337115287780762,1.825754043238703e-05,0.0,0.00020904521807096899,32,0.5173627564617405,0.00030243024230003357,0.7170037627220154,0.22419459102901163,False,
195,OCNT-2535051,2,CYP2D6,4.740553379058838,2.7628004772850545e-08,0.0,1.2111044043194852e-06,32,0.2589599420271833,3.1181266990643053e-07,1.0,0.14250543441437258,False,
195,OCNT-2535051,3,CYP3A4,4.07337760925293,7.98042606220406e-07,0.0,1.1716225344571285e-05,32,0.7717551159687348,1.995555248868186e-05,0.7624751329421997,0.4171189782386733,False,
196,OCNT-2535052,0,CYP1A2,4.246331214904785,8.869735756888986e-05,0.0,0.0013070013374090195,32,0.8489365490106863,0.0024098213762044907,0.4760764241218567,0.4949370394930611,False,
196,OCNT-2535052,1,CYP2C9,4.020074367523193,2.0296238290029578e-05,0.0,0.00023054060875438154,32,0.48986831575207485,0.00031831624801270664,0.7050991058349609,0.22037814490350097,False,
196,OCNT-2535052,2,CYP2D6,4.496494770050049,5.7191019919855535e-08,0.0,1.041510586219374e-06,32,0.402289463865135,8.649676601635292e-07,0.9970106482505798,0.19691019515407182,False,
196,OCNT-2535052,3,CYP3A4,3.625715494155884,3.153285490498092e-07,0.0,4.56344241683837e-06,32,0.6776474961291012,7.054658453853335e-06,0.8889369964599609,0.3528203615939434,False,
197,OCNT-2535053,0,CYP1A2,4.683676719665527,3.479995211819187e-05,1.9992005206859176e-07,0.00048391695600003004,32,0.8998725920628157,0.0010023846989497542,0.21747297048568726,0.43632349265421394,False,
197,OCNT-2535053,1,CYP2C9,4.562613487243652,2.59298049058998e-05,0.0,0.0003127981908619404,32,0.5649005939814568,0.0004689091583713889,0.6899134516716003,0.24768679737901877,False,
197,OCNT-2535053,2,CYP2D6,4.307485103607178,8.482199405079882e-07,0.0,1.1068769708799664e-05,32,0.6610617452256001,1.8154763893107884e-05,0.7894437909126282,0.4073248695301712,False,
197,OCNT-2535053,3,CYP3A4,4.087975025177002,7.631279913766775e-06,0.0,0.00011891688336618245,32,0.8059822714280087,0.00019707955652847886,0.4973010718822479,0.41600358772075097,False,
198,OCNT-2535054,0,CYP1A2,4.644275665283203,7.756773993605748e-05,3.9198835111164954e-07,0.0009580942569300532,32,0.736152342367061,0.0018274891190230846,0.12109918147325516,0.47419001255749915,False,
198,OCNT-2535054,1,CYP2C9,4.5134687423706055,2.3939381208037958e-05,0.0,0.0002888705348595977,32,0.5648697410173764,0.0004329049843363464,0.6930320858955383,0.24775476840896096,False,
198,OCNT-2535054,2,CYP2D6,4.357666969299316,3.2915605174821394e-07,0.0,3.8093212424428202e-06,32,0.400547256819594,4.347136837168364e-06,0.921795666217804,0.16049625713206303,False,
198,OCNT-2535054,3,CYP3A4,4.0647454261779785,7.0466026045323815e-06,0.0,0.00010980908700730652,32,0.8057393684088844,0.00018194504082202911,0.5064408779144287,0.41579210311963344,False,
199,OCNT-2535058,0,CYP1A2,4.568935394287109,3.804447260336019e-05,2.3888378564151935e-07,0.0005327704129740596,32,0.8551391560657979,0.0010413398267701268,0.16008733212947845,0.4221047771196546,False,
199,OCNT-2535058,1,CYP2C9,4.4397292137146,2.074844451271929e-05,0.0,0.00025036814622581005,32,0.5648220577546895,0.0003751944750547409,0.7019490599632263,0.24770441230962198,False,
199,OCNT-2535058,2,CYP2D6,4.431891441345215,2.888411074764008e-07,0.0,3.5203001971240155e-06,32,0.39571315507740984,3.7841714402020443e-06,0.925023078918457,0.1898258892033817,False,
199,OCNT-2535058,3,CYP3A4,4.0391974449157715,6.107033186708577e-06,0.0,9.517651051282883e-05,32,0.8055614187105589,0.00015768466982990503,0.5245059728622437,0.41593368870254477,False,
200,OCNT-2535059,0,CYP1A2,4.826540470123291,3.258702781749889e-05,2.101856125591439e-06,0.0004922235384583473,32,0.9621643854019285,0.0010036383755505085,0.00019795348634943366,0.5114248736207427,False,
200,OCNT-2535059,1,CYP2C9,4.716129779815674,3.4106993552995846e-05,0.0,0.0004734219401143491,32,0.7069917360057786,0.0007718538399785757,0.5936661958694458,0.2784740031185372,False,
200,OCNT-2535059,2,CYP2D6,4.4823455810546875,3.2096195923259074e-07,0.0,4.124735824007075e-06,32,0.4733369549082739,5.013008831156185e-06,0.9279808402061462,0.293685320054229,False,
200,OCNT-2535059,3,CYP3A4,4.337787628173828,6.1079722399881575e-06,2.9802322387695312e-08,9.523797052679583e-05,32,0.8054886882143533,0.00015769463789183646,0.5245487093925476,0.41584854177358077,False,
201,OCNT-2535061,0,CYP1A2,5.033940315246582,3.3297130812570686e-06,0.0,3.292397013865411e-05,32,0.5466632833919873,5.842235259478912e-05,0.7744032144546509,0.22658902636660644,False,
201,OCNT-2535061,1,CYP2C9,4.937108516693115,1.9453989807516336e-05,0.0,0.00022365382756106555,32,0.5256967639547002,0.00032742900657467544,0.7231507897377014,0.21950925810441374,False,
201,OCNT-2535061,2,CYP2D6,4.818297386169434,4.4936680154705755e-08,0.0,1.1945427331738756e-06,32,0.33429579996245945,5.876832460671721e-07,1.0,0.1579997776799136,False,
201,OCNT-2535061,3,CYP3A4,4.622925758361816,2.1028160972491605e-06,5.960464477539063e-08,3.179826308041811e-05,32,0.812666529350259,5.4944477597018704e-05,0.6148839592933655,0.4475612563993924,False,
202,OCNT-2535062,0,CYP1A2,4.819938659667969,7.188454765127972e-05,0.0,0.0012661551591008902,32,0.9622054266152439,0.0022136743646115065,0.49113649129867554,0.5052680098016713,False,
202,OCNT-2535062,1,CYP2C9,4.757510185241699,1.1557894140423741e-05,0.0,0.00013067940017208457,32,0.4705927309637297,0.00017420054064132273,0.7381291389465332,0.2155097219621488,False,
202,OCNT-2535062,2,CYP2D6,4.724924087524414,8.032147746916962e-08,0.0,1.6355686511815293e-06,32,0.432879201562489,1.2511452496255515e-06,0.9789993166923523,0.19069238374466485,False,
202,OCNT-2535062,3,CYP3A4,4.416459083557129,4.7273596237573656e-07,0.0,6.4709220168879256e-06,32,0.6731047033730225,1.0397819096397143e-05,0.8527706265449524,0.326208310930945,False,
203,OCNT-2535064,0,CYP1A2,4.912867546081543,4.4900521061208565e-06,0.0,4.607167647918686e-05,32,0.60047474674213,8.646936475997791e-05,0.7172176837921143,0.26295978508112366,False,
203,OCNT-2535064,1,CYP2C9,4.729498863220215,8.688193702255376e-06,0.0,9.897645213641226e-05,32,0.47773852080740536,0.0001329747901763767,0.7412893772125244,0.2235125166549467,False,
203,OCNT-2535064,2,CYP2D6,4.629479885101318,7.270225665934049e-08,0.0,1.39933194986952e-06,32,0.42203252539964603,1.1168973514941172e-06,0.9850499629974365,0.20363325497271928,False,
203,OCNT-2535064,3,CYP3A4,4.398421287536621,4.491743084145128e-07,0.0,7.490269581467146e-06,32,0.7051833028483275,1.0361665772506967e-05,0.849907398223877,0.38488695630599623,False,
204,OCNT-2535065,0,CYP1A2,4.9068193435668945,6.699713594571222e-06,0.0,6.871230289107189e-05,32,0.5949668814329618,0.0001277458359254524,0.699080765247345,0.2573707087876972,False,
204,OCNT-2535065,1,CYP2C9,4.7482428550720215,1.8138052837457508e-05,0.0,0.00020751747069880366,32,0.5162934008937338,0.0002998310374096036,0.7201385498046875,0.22337372833250949,False,
204,OCNT-2535065,2,CYP2D6,4.58970832824707,2.7048404405149995e-08,0.0,9.369781537316157e-07,32,0.2993139390328333,3.5485132343637815e-07,1.0,0.16706127779209512,False,
204,OCNT-2535065,3,CYP3A4,4.392589569091797,9.69254074334458e-07,0.0,1.6269883417407982e-05,32,0.7717764739584168,2.4184488211176358e-05,0.7413637042045593,0.40572467048102867,False,
205,OCNT-2535066,0,CYP1A2,4.850539684295654,8.039102795009967e-06,0.0,8.241791510954499e-05,32,0.5951621048026317,0.00015329667076002806,0.6869832277297974,0.2574215823920748,False,
205,OCNT-2535066,1,CYP2C9,4.663646221160889,2.1770863895653747e-05,0.0,0.000249071279540658,32,0.5163828424973467,0.00035991246113553643,0.7110978364944458,0.2233374801012145,False,
205,OCNT-2535066,2,CYP2D6,4.498347282409668,3.214863397715817e-08,0.0,1.124861682910705e-06,32,0.31602148956491055,4.262359709628072e-07,1.0,0.15521458056857246,False,
205,OCNT-2535066,3,CYP3A4,4.259646892547607,1.1617091786320088e-06,0.0,1.943187089636922e-05,32,0.7736158422129207,2.900648905779235e-05,0.720228910446167,0.408434245636087,False,
206,OCNT-2535067,0,CYP1A2,4.853275775909424,7.656286470592022e-06,0.0,7.845481013646349e-05,32,0.595107150015378,0.000145992380566895,0.6900518536567688,0.2572888825865206,False,
206,OCNT-2535067,1,CYP2C9,4.635707378387451,2.07337270694552e-05,0.0,0.00023721046454738826,32,0.5163800397990932,0.00034277269151061773,0.7141079306602478,0.2232696030871582,False,
206,OCNT-2535067,2,CYP2D6,4.519364356994629,2.979856361662314e-08,0.0,1.0007379387388937e-06,32,0.3212075265621458,4.0907514176069526e-07,1.0,0.1786855754427582,False,
206,OCNT-2535067,3,CYP3A4,4.241941452026367,1.1081897355325054e-06,0.0,1.869800871645566e-05,32,0.772105318561016,2.7627527742879465e-05,0.7264494895935059,0.40383782555034287,False,
207,OCNT-2535069,0,CYP1A2,4.850696563720703,8.039075510168914e-06,0.0,8.239433373091742e-05,32,0.5951548568072511,0.0001532942842459306,0.6870834231376648,0.2575632965203553,False,
207,OCNT-2535069,1,CYP2C9,4.663583755493164,2.177298483729828e-05,0.0,0.0002490989863872528,32,0.5163970715592212,0.0003599574265535921,0.7140565514564514,0.2232417500160795,False,
207,OCNT-2535069,2,CYP2D6,4.497101783752441,3.1598876404359544e-08,0.0,1.2728473848255817e-06,32,0.31773128888479896,4.2295246771573147e-07,1.0,0.1574360927268159,False,
207,OCNT-2535069,3,CYP3A4,4.259523868560791,1.1619342785706976e-06,0.0,1.9351457012817264e-05,32,0.7734341213283737,2.900524668802973e-05,0.7202745676040649,0.404778744638183,False,
208,OCNT-2535070,0,CYP1A2,4.832019805908203,8.458790034637786e-06,0.0,8.668602822581306e-05,32,0.595226847264393,0.0001613072381587699,0.6840462684631348,0.257459112024382,False,
208,OCNT-2535070,1,CYP2C9,4.6349945068359375,2.296155616932083e-05,0.0,0.0002627330250106752,32,0.5165914107125322,0.00037974107544869184,0.7080618143081665,0.22333820014213862,False,
208,OCNT-2535070,2,CYP2D6,4.465695381164551,3.29427791712078e-08,0.0,1.0894058277699514e-06,32,0.32172027946369436,4.4209801330907794e-07,1.0,0.22200944083791924,False,
208,OCNT-2535070,3,CYP3A4,4.21488618850708,1.2146122116973856e-06,0.0,2.0349392798379995e-05,32,0.7737130964972244,3.0319952202262357e-05,0.714165210723877,0.40837649232723405,False,
209,OCNT-2535071,0,CYP1A2,4.925393104553223,6.431599558709422e-06,0.0,6.590540579054505e-05,32,0.594942944553076,0.0001226362946908921,0.7020813226699829,0.2574874244335243,False,
209,OCNT-2535071,1,CYP2C9,4.774028301239014,1.7418984498362988e-05,0.0,0.0001993182086152956,32,0.5163384844953071,0.00028797617414966226,0.720175564289093,0.2232338195184002,False,
209,OCNT-2535071,2,CYP2D6,4.626060485839844,2.667996490401947e-08,0.0,8.749843800615054e-07,32,0.295092089875121,3.4636696000234224e-07,1.0,0.18021224125409807,False,
209,OCNT-2535071,3,CYP3A4,4.433954238891602,9.313109785580309e-07,0.0,1.552053254272323e-05,32,0.7703347428684904,2.320398562005721e-05,0.7473404407501221,0.4007510421584535,False,
210,OCNT-2535072,0,CYP1A2,4.899050712585449,6.990759175096173e-06,0.0,7.168213778641075e-05,32,0.595011485778266,0.00013329702778719366,0.6960386037826538,0.2574976611238016,False,
210,OCNT-2535072,1,CYP2C9,4.736013412475586,1.893367516458966e-05,0.0,0.00021662053768523037,32,0.5163461451008091,0.0003130077966488898,0.7201342582702637,0.22332960849695832,False,
210,OCNT-2535072,2,CYP2D6,4.57900333404541,2.7432976779095952e-08,0.0,9.11512188395136e-07,32,0.308526439331684,3.695700172556826e-07,1.0,0.16068514292594382,False,
210,OCNT-2535072,3,CYP3A4,4.374072551727295,1.0129281236004317e-06,0.0,1.6869493265403435e-05,32,0.7705491230847413,2.5222923795809038e-05,0.7384633421897888,0.4071852357804162,False,
211,OCNT-2535073,0,CYP1A2,4.235506534576416,4.112101669306867e-05,2.6863449420488905e-07,0.0005729984841309488,32,0.849188253503061,0.0011176952393725514,0.1541215181350708,0.4218160559719057,False,
211,OCNT-2535073,1,CYP2C9,4.031684398651123,2.2230547983781435e-05,0.0,0.00026826123939827085,32,0.5648546753774796,0.00040200568037107587,0.6990301012992859,0.2477139307852179,False,
211,OCNT-2535073,2,CYP2D6,4.332934379577637,3.130906236492592e-07,0.0,3.88421767638647e-06,32,0.39772933874996835,4.112083843210712e-06,0.9250733852386475,0.15246483919457132,False,
211,OCNT-2535073,3,CYP3A4,3.63236927986145,6.5336857915099245e-06,0.0,0.00010182822006754577,32,0.8054384122141424,0.0001686571486061439,0.5125217437744141,0.41584089972090327,False,
212,OCNT-2535076,0,CYP1A2,4.728025436401367,0.00012663440429605544,0.0,0.0018319013761356473,2,1.0005415189294338,0.00025342596927657723,0.38267776370048523,0.607094705728632,False,
212,OCNT-2535076,1,CYP2C9,4.416154861450195,1.568822335684672e-05,0.0,0.00017966993618756533,32,0.5175138355782715,0.00025996952899731696,0.7260701060295105,0.22438042649640488,False,
212,OCNT-2535076,2,CYP2D6,4.780879497528076,2.2998607462909604e-08,0.0,8.185427304852055e-07,32,0.2587858476816921,2.7326632334734313e-07,1.0,0.14806043941765906,False,
212,OCNT-2535076,3,CYP3A4,4.163516998291016,6.812865649408195e-07,0.0,9.988432793761604e-06,32,0.7696518256448976,1.702559893601574e-05,0.7865892648696899,0.41744577547795036,False,
213,OCNT-2535077,0,CYP1A2,4.760621547698975,1.0543093594606034e-05,3.2782554626464844e-07,0.00011849957809317857,32,0.6104494464454142,0.0002061481645796448,0.361942857503891,0.2542818564041573,False,
213,OCNT-2535077,1,CYP2C9,4.454329490661621,8.330937998834997e-05,0.0,0.001163681037724018,32,0.7083755023053351,0.0018886850448325276,0.5996100902557373,0.30336289847748055,False,
213,OCNT-2535077,2,CYP2D6,3.6500601768493652,1.1467743206594605e-05,0.0,0.00013576372293755412,32,0.6446570645691286,0.00023677466379012913,0.5454772710800171,0.3353501345117769,False,
213,OCNT-2535077,3,CYP3A4,3.142216682434082,9.585486395735643e-07,0.0,1.4163790183374658e-05,32,0.7752818792045065,2.4028742700465955e-05,0.744399905204773,0.4123397530104309,False,
214,OCNT-2535079,0,CYP1A2,4.934318542480469,4.10939992434578e-06,0.0,4.060893115820363e-05,32,0.5407986432241483,7.128850847948343e-05,0.7682852745056152,0.22742252403787755,False,
214,OCNT-2535079,1,CYP2C9,4.603742599487305,3.0431301638600416e-05,0.0,0.0003607681719586253,32,0.5691938553715903,0.0005544640589505434,0.6690134406089783,0.2670506638745418,False,
214,OCNT-2535079,2,CYP2D6,4.703707695007324,3.5294132771923614e-07,0.0,4.177883511147229e-06,32,0.44966403519806625,5.222453182796016e-06,0.9098724126815796,0.18486750404580582,False,
214,OCNT-2535079,3,CYP3A4,4.262948989868164,4.651716608350398e-06,0.0,6.881811714265496e-05,32,0.7618521539163743,0.00011364924284862354,0.5849407315254211,0.3903612589233785,False,
215,OCNT-2535081,0,CYP1A2,4.934431076049805,2.261307236040011e-05,9.502548891759943e-06,0.0003119695174973458,32,0.9585696953433506,0.000693945330567658,3.740694228326902e-05,0.5624105431014366,False,
215,OCNT-2535081,1,CYP2C9,4.914758205413818,4.609101961250417e-05,0.0,0.0005960153066553175,32,0.9649314665088337,0.0014234983827918768,0.4580506384372711,0.5173806458466017,False,
215,OCNT-2535081,2,CYP2D6,4.573160171508789,6.568341746060469e-07,0.0,1.0387960173829924e-05,32,0.7469752850566469,1.5939476725179702e-05,0.8014344573020935,0.3963996886240109,False,
215,OCNT-2535081,3,CYP3A4,4.673725128173828,6.343949365827939e-08,0.0,1.3039558552918606e-06,32,0.40410466519958155,9.496717439105851e-07,0.9880580902099609,0.16798394631867994,False,
216,OCNT-2535082,0,CYP1A2,5.023065090179443,3.5779578411165858e-06,0.0,3.527491935528815e-05,32,0.5440799763334927,6.246835255296901e-05,0.7743176221847534,0.2243204734568633,False,
216,OCNT-2535082,1,CYP2C9,4.872493743896484,2.611443960631732e-05,0.0,0.0003145491355098784,32,0.5661754686754212,0.00047331253881566226,0.6899865865707397,0.24862799154256382,False,
216,OCNT-2535082,2,CYP2D6,4.8105034828186035,3.564158532753936e-07,0.0,4.167573933955282e-06,32,0.4156592120837409,4.873731995758135e-06,0.9158570766448975,0.18445233928617394,False,
216,OCNT-2535082,3,CYP3A4,4.493500232696533,7.710178579145577e-06,5.960464477539063e-08,0.0001200989427161403,32,0.8070102049735324,0.00019936841272283345,0.497534841299057,0.41737717673900565,False,
217,OCNT-2535083,0,CYP1A2,4.789193630218506,0.00022928757243789732,0.0,0.0019101898651570082,32,0.6527369709234766,0.004789472091943026,0.6507297158241272,0.2854304962093431,False,
217,OCNT-2535083,1,CYP2C9,4.623874664306641,2.1740097508882172e-05,0.0,0.00024877028772607446,32,0.5166536490300615,0.000359592551831156,0.7109495401382446,0.22399990146018633,False,
217,OCNT-2535083,2,CYP2D6,4.745460510253906,3.142493198993179e-08,0.0,1.0979010767186992e-06,32,0.3168545962020985,4.2002176314781536e-07,1.0,0.15498615377565467,False,
217,OCNT-2535083,3,CYP3A4,4.316976547241211,9.884297469398007e-07,0.0,1.450177478545811e-05,32,0.7759131203091321,2.4790231691440567e-05,0.7352917790412903,0.4188735792258823,False,
218,OCNT-2535084,0,CYP1A2,4.990274429321289,1.739418803481385e-05,7.312751677091001e-06,0.000239986737142317,32,0.9584394510625805,0.0005337875336408615,7.78463581809774e-05,0.5629569629348146,False,
218,OCNT-2535084,1,CYP2C9,4.941720008850098,3.54218136635609e-05,0.0,0.0004575075290631503,32,0.9642506761470819,0.0010932848090305924,0.47318580746650696,0.5164208801887219,False,
218,OCNT-2535084,2,CYP2D6,4.696423530578613,5.081070071355498e-07,0.0,7.891407221904956e-06,32,0.7397735732961026,1.226501990458928e-05,0.83175128698349,0.40790293211357537,False,
218,OCNT-2535084,3,CYP3A4,4.734074592590332,4.929787777996353e-08,0.0,1.5014802556834184e-06,32,0.3869801260872117,7.343072070398193e-07,1.0,0.15197522514749917,False,
219,OCNT-2535086,0,CYP1A2,4.655590534210205,6.690892769256607e-05,6.386955647030845e-06,0.0008571890066377819,32,0.7937197746698655,0.001699676038697362,0.00010023939103120938,0.5094669852893536,False,
219,OCNT-2535086,1,CYP2C9,4.569637298583984,3.9013747255012277e-07,0.0,3.5493774248607224e-06,32,0.47707483785354293,6.108656634751242e-06,0.9007449150085449,0.19188540078714778,False,
219,OCNT-2535086,2,CYP2D6,4.539046287536621,4.112482372420345e-07,0.0,6.56450902170036e-06,32,0.7308676031303267,9.852054063230753e-06,0.8556923866271973,0.3620036242786953,False,
219,OCNT-2535086,3,CYP3A4,4.3077521324157715,4.737943015697965e-08,0.0,8.854366910782119e-07,32,0.38128946388906354,7.001015092100715e-07,1.0,0.17760187679444772,False,
220,OCNT-2535087,0,CYP1A2,4.930566787719727,5.189253442949848e-06,2.980232238769531e-07,6.232583109522238e-05,32,0.6773620535697341,0.00011269686365267262,0.4042055904865265,0.24335236604412477,False,
220,OCNT-2535087,1,CYP2C9,4.557187080383301,2.7195052098250017e-05,0.0,0.0003273992915637791,32,0.565938505110292,0.0004926843685097992,0.6899077296257019,0.2488579183980839,False,
220,OCNT-2535087,2,CYP2D6,4.734254360198975,3.669099442049628e-07,0.0,4.204905962978955e-06,32,0.41627253476545556,5.020712251280202e-06,0.9128102660179138,0.19083545657674456,False,
220,OCNT-2535087,3,CYP3A4,4.211945056915283,7.749460564809851e-06,0.0,0.00012040000729029998,32,0.8048722658801087,0.0001998519874177873,0.4912896752357483,0.4162133827583519,False,
221,OCNT-2535088,0,CYP1A2,4.770198822021484,0.00016264514124486595,0.0,0.0015043446328490973,32,0.7266222442574046,0.0037820430006831884,0.6387768387794495,0.3179532377068822,False,
221,OCNT-2535088,1,CYP2C9,4.599254608154297,1.6290876374114305e-05,0.0,0.00018658980843611062,32,0.5176899172423379,0.00027004157891497016,0.7261191010475159,0.2243753901062782,False,
221,OCNT-2535088,2,CYP2D6,4.818828582763672,2.393035103409602e-08,0.0,6.626691515521088e-07,32,0.2856554067361884,3.1015642321108317e-07,1.0,0.16284832598955323,False,
221,OCNT-2535088,3,CYP3A4,4.351860523223877,7.040353580123337e-07,5.960464477539063e-08,1.0414742973807734e-05,32,0.770131274526049,1.7596830730326474e-05,0.7806121706962585,0.41569370317686044,False,
222,OCNT-2535091,0,CYP1A2,5.019311904907227,2.8262461455597077e-06,0.0,2.782706724246964e-05,32,0.5388564616840379,4.890654599876143e-05,0.7863547801971436,0.22183807371542155,False,
222,OCNT-2535091,1,CYP2C9,4.822476387023926,1.8202114006271586e-05,0.0,0.00020853248133789748,32,0.5116210762997384,0.0002981664438266307,0.723008394241333,0.21813989197315942,False,
222,OCNT-2535091,2,CYP2D6,4.824602127075195,1.3387917441320951e-08,0.0,7.404573239000456e-07,32,0.2288626226913675,1.712838439971165e-07,1.0,0.1369023658705975,False,
222,OCNT-2535091,3,CYP3A4,4.541164398193359,2.2886382566866814e-07,0.0,3.547664846337284e-06,32,0.7250183897337356,5.541781320062e-06,0.9280503988265991,0.40566502217510103,False,
223,OCNT-2535092,0,CYP1A2,4.649423599243164,1.5785321011207998e-05,0.0,0.00014840437506791204,32,0.46579865260697084,0.0002354380558244884,0.6870377063751221,0.2610867635001415,False,
223,OCNT-2535092,1,CYP2C9,4.431532859802246,3.770706825889647e-05,0.0,0.00046226524864323437,32,0.5413836929307482,0.0006534209824167192,0.6869783997535706,0.2203111370346751,False,
223,OCNT-2535092,2,CYP2D6,4.481464385986328,2.7981644961982965e-05,0.0,0.0003694597980938852,32,0.8139261386628072,0.0007290602079592645,0.5364390015602112,0.37761385684862675,False,
223,OCNT-2535092,3,CYP3A4,3.9460232257843018,3.641336297732778e-05,9.907536878017709e-06,0.0006348381284624338,32,0.9720400119490218,0.0011329589178785682,1.2868498743046075e-05,0.5686144305831778,False,
224,OCNT-2535093,0,CYP1A2,4.5831756591796875,0.00019267610332462937,0.0,0.001617385889403522,32,0.6505444087686321,0.004011227749288082,0.6477603912353516,0.2862773434252544,False,
224,OCNT-2535093,1,CYP2C9,4.388556480407715,1.8163756976719014e-05,0.0,0.000207863500691019,32,0.5167034904975386,0.00030049419729039073,0.7200354337692261,0.2239660857255601,False,
224,OCNT-2535093,2,CYP2D6,4.544842720031738,2.671242782525951e-08,0.0,1.0572995279289898e-06,32,0.29832397419664697,3.504703158796474e-07,1.0,0.16169823432339986,False,
224,OCNT-2535093,3,CYP3A4,4.033917427062988,9.440637427360343e-07,0.0,1.567426988913212e-05,32,0.7702836927127131,2.351679177081678e-05,0.7474021911621094,0.4033035797540073,False,
225,OCNT-2535094,0,CYP1A2,4.595992088317871,0.0002566044277045876,0.00024923900491558015,0.0023008680436760187,32,0.8463036008276593,0.006949558854103088,2.5473805180808995e-06,0.32112475537807117,False,
225,OCNT-2535094,1,CYP2C9,4.281768798828125,1.0322860362066422e-05,0.0,0.00011907709995284677,32,0.4755263966259302,0.0001572335313539952,0.7261838912963867,0.22015724106686674,False,
225,OCNT-2535094,2,CYP2D6,4.663048267364502,6.814410369315738e-08,0.0,1.230976295119035e-06,32,0.4167932190590944,1.0422378409202793e-06,0.9880626797676086,0.19516764699075778,False,
225,OCNT-2535094,3,CYP3A4,3.9451143741607666,1.4943124426736176e-07,0.0,2.33779087466246e-06,32,0.6191679816826463,3.158871095365612e-06,0.9579498171806335,0.3176649500473523,False,
226,OCNT-2535095,0,CYP1A2,4.78953742980957,0.00010225913865724578,0.0,0.0009519741288386285,32,0.7601543013989001,0.002487690420821309,0.551533579826355,0.3063569769889517,False,
226,OCNT-2535095,1,CYP2C9,4.512239456176758,1.4194990399118979e-05,0.0,0.00015967703075148165,32,0.4951538364391668,0.00022507697576656938,0.7350530028343201,0.2133731626839569,False,
226,OCNT-2535095,2,CYP2D6,4.767721652984619,1.0423820917537796e-08,0.0,4.858475222135894e-07,32,0.1758728498629444,1.1494385887544922e-07,1.0,0.15987822785640066,False,
226,OCNT-2535095,3,CYP3A4,4.232285976409912,1.7607483471238083e-07,0.0,2.9237367016321514e-06,32,0.7049617399497391,4.197620455670403e-06,0.955035388469696,0.4000254757056442,False,
227,OCNT-2535096,0,CYP1A2,4.659287452697754,0.00010258338443236426,0.0,0.0009669958963058889,32,0.7588741526627127,0.0024913749657571316,0.5514623522758484,0.27108157957466084,False,
227,OCNT-2535096,1,CYP2C9,4.3654866218566895,3.200953869963996e-05,0.0,0.0003651187289506197,32,0.5062759004469959,0.0005187430651858449,0.6959899067878723,0.2165233599900327,False,
227,OCNT-2535096,2,CYP2D6,4.496825218200684,1.9218356328565278e-07,0.0,2.476636836945545e-06,32,0.4293416240705981,2.777786221486167e-06,0.9370639324188232,0.20751520930776912,False,
227,OCNT-2535096,3,CYP3A4,3.898298501968384,2.6402829007565742e-06,7.450580596923828e-09,4.01176257582847e-05,32,0.8121025404437142,6.88736472511664e-05,0.5850223898887634,0.4451850796727287,False,
228,OCNT-2535097,0,CYP1A2,4.7471489906311035,8.792820881353691e-05,0.0,0.0008288128883577883,32,0.7588669747934278,0.002135468879714608,0.5635274648666382,0.2714977594987541,False,
228,OCNT-2535097,1,CYP2C9,4.501290321350098,2.7527818019734696e-05,0.0,0.00031407643109560013,32,0.5065986011197926,0.00044641984277404845,0.7020239233970642,0.21675282406036028,False,
228,OCNT-2535097,2,CYP2D6,4.596932411193848,1.5793578711509326e-07,0.0,2.013443690884742e-06,32,0.4231500261107705,2.2739850464859046e-06,0.9490921497344971,0.2077525342770411,False,
228,OCNT-2535097,3,CYP3A4,4.092329502105713,2.216442226199433e-06,2.9802322387695312e-08,3.3620792237343267e-05,32,0.8108712588173878,5.777145634056069e-05,0.6120632290840149,0.44493507251163866,False,
229,OCNT-2535098,0,CYP1A2,4.935791492462158,0.00017655413830652833,0.0,0.0021906541660428047,32,0.9577301170418859,0.005411225371062756,0.5844464898109436,0.46469318494352163,False,
229,OCNT-2535098,1,CYP2C9,4.8074727058410645,2.7093397875432856e-05,0.0,0.0003353850916028023,32,0.5845845320528611,0.0005070152692496777,0.6930063366889954,0.2451298357721738,False,
229,OCNT-2535098,2,CYP2D6,4.799294471740723,5.497710162671865e-07,0.0,5.9949425121885724e-06,32,0.40982799834537187,7.34111472411314e-06,0.8978132605552673,0.16365179293619028,False,
229,OCNT-2535098,3,CYP3A4,4.46098518371582,1.3994370419823099e-05,5.960464477539063e-08,0.00023451869492419064,32,0.8733868584766855,0.0003913994587492198,0.358894944190979,0.4715132864944078,False,
230,OCNT-2535099,0,CYP1A2,5.00318717956543,3.4757224511849927e-06,0.0,3.4319811675231904e-05,32,0.5467421068406253,6.098531957832165e-05,0.7713106274604797,0.22580087491500558,False,
230,OCNT-2535099,1,CYP2C9,4.917846202850342,2.0513873096206225e-05,0.0,0.00023683614563196898,32,0.526687986958477,0.00034590967698022723,0.7230538129806519,0.2197661291300418,False,
230,OCNT-2535099,2,CYP2D6,4.599506378173828,2.8602921702258755e-06,6.664001972467304e-08,5.350147694116458e-05,32,0.826624666402909,7.592493784613907e-05,0.5095590353012085,0.45436370456954994,False,
230,OCNT-2535099,3,CYP3A4,4.445879936218262,2.9346823794185184e-05,2.220004898845218e-05,0.0005621635355055332,32,0.884019595324883,0.0008304642396979034,3.222043960704468e-05,0.4710845378845301,False,
231,OCNT-2535100,0,CYP1A2,4.751838684082031,0.000233571176067926,0.0,0.002747861435636878,32,0.917443048664632,0.0068575176410377026,0.4188229739665985,0.576681388592992,False,
231,OCNT-2535100,1,CYP2C9,4.523151397705078,1.4201841622707434e-05,0.0,0.00015976812574081123,32,0.49516833182610587,0.00022519212507177144,0.7351135611534119,0.2131173458086248,False,
231,OCNT-2535100,2,CYP2D6,4.787941932678223,1.0653131710114394e-08,0.0,7.207978569567786e-07,32,0.17147126951709926,1.1332539884278958e-07,1.0,0.15352022806881865,False,
231,OCNT-2535100,3,CYP3A4,4.250778675079346,1.7631312232424534e-07,0.0,3.1087329261936247e-06,32,0.7029161618190489,4.190800154901808e-06,0.9579852819442749,0.39471427031298034,False,
232,OCNT-2535101,0,CYP1A2,4.976110935211182,3.325602619952406e-06,0.0,3.28983151121065e-05,32,0.5466433502997855,5.83483197260648e-05,0.7743517160415649,0.22591663971258846,False,
232,OCNT-2535101,1,CYP2C9,4.857100009918213,1.9596271158661693e-05,0.0,0.0002269017422804609,32,0.5266040657630662,0.0003303917474113405,0.7230908274650574,0.2198603537917863,False,
232,OCNT-2535101,2,CYP2D6,4.423125267028809,5.486125701281708e-06,1.8128045553567063e-07,0.00010218764509772882,32,0.8272168184850047,0.00014548760373145342,0.395470529794693,0.4880273978346108,False,
232,OCNT-2535101,3,CYP3A4,4.311418056488037,5.4879365052329376e-05,4.2195457353955135e-05,0.00104618351906538,32,0.8869980751406713,0.0015579763567075133,2.1562518668361008e-05,0.46869377229325776,False,
233,OCNT-2535102,0,CYP1A2,4.775328636169434,5.74242185393814e-05,0.0,0.00040224145050160587,32,0.47035550784973595,0.0008644640329293907,0.7532044649124146,0.1670512017883481,False,
233,OCNT-2535102,1,CYP2C9,4.480617046356201,1.87483528861776e-05,0.0,0.00021567368821706623,32,0.5263227504526597,0.00031593433232046664,0.7260528206825256,0.2196373390630348,False,
233,OCNT-2535102,2,CYP2D6,4.74458122253418,4.190959401739747e-08,0.0,1.4649790500698145e-06,32,0.32909257718938134,5.466579864332743e-07,1.0,0.1859365408777966,False,
233,OCNT-2535102,3,CYP3A4,4.159843921661377,1.984018126677256e-06,0.0,2.9935468774056062e-05,32,0.8119888269009855,5.181185406399891e-05,0.6240367889404297,0.4463094209613799,False,
234,OCNT-2535110,0,CYP1A2,4.668363094329834,0.0001330663071712479,5.473008286571712e-07,0.001871101907454431,32,0.9152697899990662,0.003897623158991337,0.08495853841304779,0.5096253645557892,False,
234,OCNT-2535110,1,CYP2C9,4.5368876457214355,2.4896697141230106e-05,0.0,0.0003004434984177351,32,0.5648888903367262,0.00045022452832199633,0.6929277777671814,0.24768208017088345,False,
234,OCNT-2535110,2,CYP2D6,4.336908340454102,3.4215335631415655e-07,0.0,4.1687335397000425e-06,32,0.40149965049768727,4.524462383415084e-06,0.9218316078186035,0.1767160055487189,False,
234,OCNT-2535110,3,CYP3A4,4.0747761726379395,7.328527772187954e-06,2.9802322387695312e-08,0.0001142187902587466,32,0.8057704648155168,0.00018922140588983893,0.5004085302352905,0.4159122590683454,False,
235,OCNT-2535111,0,CYP1A2,4.681417465209961,0.0003264957049395889,0.0,0.004928207024931908,2,1.001249205730642,0.0006538271554745734,0.3585950434207916,0.6323921136124281,False,
235,OCNT-2535111,1,CYP2C9,4.3678669929504395,5.1309059927007183e-05,0.0,0.0006217042682692409,32,0.5815620874047379,0.0009550470276735723,0.6448193192481995,0.26488869003293203,False,
235,OCNT-2535111,2,CYP2D6,4.496175765991211,2.1752683096565306e-05,0.0,0.0002592884411569685,32,0.5975718369613986,0.0004161525284871459,0.6179662346839905,0.2575931199520408,False,
235,OCNT-2535111,3,CYP3A4,3.8112103939056396,6.434449460357428e-06,5.1619135632563484e-08,0.00010905044473474845,32,0.712525005076979,0.00014693860430270433,0.6058090329170227,0.41339377629393204,False,
236,OCNT-2535115,0,CYP1A2,4.636024475097656,8.532292122254148e-05,9.5367431640625e-07,0.0006091615068726242,32,0.5257316738733894,0.0014355910243466496,0.004356969613581896,0.238577651184283,False,
236,OCNT-2535115,1,CYP2C9,4.319908618927002,1.752754906192422e-05,0.0,0.00020070388563908637,32,0.517345587670103,0.00029033515602350235,0.7200446724891663,0.2243303774564438,False,
236,OCNT-2535115,2,CYP2D6,4.760205268859863,2.5173298112690645e-08,0.0,1.0068705478261109e-06,32,0.2789113913343667,3.1392747246172803e-07,1.0,0.17057948244513949,False,
236,OCNT-2535115,3,CYP3A4,4.057263374328613,7.66466143886646e-07,0.0,1.1175144209119026e-05,32,0.7710387182127266,1.915793473017402e-05,0.7715518474578857,0.4164216857357316,False,
237,OCNT-2535117,0,CYP1A2,4.855088710784912,0.00016482661885675043,0.0,0.002347455359995365,21,0.9768920356513674,0.0033815791830420494,0.3194414973258972,0.6508787692896625,False,
237,OCNT-2535117,1,CYP2C9,4.678201198577881,8.538388101442251e-06,0.0,9.732459875522181e-05,32,0.47748208483998733,0.0001306144695263356,0.7412015795707703,0.2235002848281646,False,
237,OCNT-2535117,2,CYP2D6,4.8123884201049805,7.266001489369955e-08,0.0,1.4107141623753705e-06,32,0.4196066132262712,1.109910044760909e-06,0.9850629568099976,0.18992145809668537,False,
237,OCNT-2535117,3,CYP3A4,4.392053127288818,2.5245560664188815e-07,0.0,3.705808467202587e-06,32,0.6488878768448739,5.449736363516422e-06,0.9098790287971497,0.3215853099639775,False,
238,OCNT-2535118,0,CYP1A2,5.001064300537109,1.0819491080837906e-06,0.0,1.0098490747623146e-05,32,0.4679831215752992,1.6352440070477314e-05,0.8585744500160217,0.1822506361419325,False,
238,OCNT-2535118,1,CYP2C9,4.72601842880249,9.02981628314592e-06,0.0,0.00010269296762999147,32,0.4778934914201028,0.0001382422196911648,0.7352472543716431,0.2238529594568612,False,
238,OCNT-2535118,2,CYP2D6,4.824584007263184,7.812462143874654e-08,0.0,1.56396845341078e-06,32,0.424895415681794,1.1981999250565423e-06,0.9820460081100464,0.19789895492854148,False,
238,OCNT-2535118,3,CYP3A4,4.463115692138672,2.5701004346956324e-07,0.0,3.449460109550273e-06,32,0.6465932520536817,5.524700554815354e-06,0.9069300293922424,0.3179571286494012,False,
239,OCNT-2535119,0,CYP1A2,5.001064300537109,1.082021640286257e-06,0.0,1.0096808182424866e-05,32,0.46805604073863927,1.63560744113056e-05,0.8586790561676025,0.18122969896603064,False,
239,OCNT-2535119,1,CYP2C9,4.726017951965332,9.029000466398429e-06,0.0,0.00010269176709698513,32,0.47792298992303106,0.0001382382761221379,0.7381666302680969,0.2238591141271616,False,
239,OCNT-2535119,2,CYP2D6,4.824584007263184,7.779096478088832e-08,0.0,1.5687373888795264e-06,32,0.42669257282492873,1.1987120842604782e-06,0.9820470213890076,0.19881132838956517,False,
239,OCNT-2535119,3,CYP3A4,4.463115215301514,2.570025401382736e-07,0.0,3.431208824622445e-06,32,0.6471664923199554,5.529443114937749e-06,0.9069636464118958,0.3222698386491851,False,
240,OCNT-2535120,0,CYP1A2,4.984619140625,4.914931651001098e-06,2.682209014892578e-07,5.8852627262240276e-05,32,0.6740189802874362,0.00010622391710057855,0.39818888902664185,0.24546848955251677,False,
240,OCNT-2535120,1,CYP2C9,4.73271369934082,2.6379859264125116e-05,0.0,0.00031255133217200637,32,0.5687383991459724,0.0004802856419701129,0.6779687404632568,0.2671544925003534,False,
240,OCNT-2535120,2,CYP2D6,4.779498100280762,3.0391089467229904e-07,0.0,3.738524355867412e-06,32,0.4481684999426029,4.50191919298959e-06,0.9158481359481812,0.1824384886581874,False,
240,OCNT-2535120,3,CYP3A4,4.401345252990723,3.876724804285914e-06,5.960464477539063e-08,5.723104186472483e-05,32,0.7602363804464249,9.45545471040532e-05,0.6057857871055603,0.3914487476153958,False,
241,OCNT-2535121,0,CYP1A2,4.74349308013916,1.889957275125198e-05,2.6681835151975974e-05,0.0002230624813819304,32,0.8693023642307738,0.0005260203615762293,7.53591230022721e-05,0.5474405539102866,False,
241,OCNT-2535121,1,CYP2C9,4.298467636108398,3.692010068334639e-05,0.0,0.00043337393435649574,32,0.5439778632781117,0.0006428530323319137,0.6569799780845642,0.2540262997162991,False,
241,OCNT-2535121,2,CYP2D6,4.432008743286133,3.9054569356267166e-07,0.0,4.829815679840976e-06,32,0.4635032475721845,5.940935352555243e-06,0.9038161039352417,0.18555356292983383,False,
241,OCNT-2535121,3,CYP3A4,3.761430025100708,4.282486315787537e-06,0.0,6.260469672270119e-05,32,0.7547146168596334,0.00010366726928623393,0.5997922420501709,0.3869952633586769,False,
242,OCNT-2535122,0,CYP1A2,3.879729986190796,0.0003072598483413458,0.0002245272626169026,0.003550247522071004,32,0.8114367323808105,0.007978561334311962,4.295304734114325e-06,0.42540966055238405,False,
242,OCNT-2535122,1,CYP2C9,3.617077112197876,3.146691233268939e-05,0.0,0.00036712951259687543,32,0.5423554177478294,0.0005462935660034418,0.6629757285118103,0.255144257374989,False,
242,OCNT-2535122,2,CYP2D6,4.295160293579102,5.1694782996491995e-06,2.9802322387695312e-08,5.9098681958857924e-05,32,0.7197315028133054,0.0001192906784126535,0.5425913333892822,0.34626287477910467,False,
242,OCNT-2535122,3,CYP3A4,3.1270065307617188,1.1026075981135364e-06,0.0,1.2852886356995441e-05,32,0.564858126357941,2.0110894183744676e-05,0.8077177405357361,0.31584574118869535,False,
243,OCNT-2535123,0,CYP1A2,4.859805583953857,0.00014404335524886847,8.215987691073678e-06,0.0022573138121515512,2,1.0013370484525808,0.00028849192312918603,0.00010852551349671558,0.6330874644465461,False,
243,OCNT-2535123,1,CYP2C9,4.804245948791504,3.9906895835883915e-05,0.0,0.0005108253681100905,32,0.959192430949806,0.0012252154992893338,0.47325167059898376,0.5104638009960563,False,
243,OCNT-2535123,2,CYP2D6,4.422573566436768,3.172127435391303e-06,6.664001972467304e-08,5.986835458315909e-05,32,0.8209062099101988,8.359130151802674e-05,0.5096390247344971,0.4512537158098119,False,
243,OCNT-2535123,3,CYP3A4,4.460690498352051,2.692816633498296e-05,2.1266712792566977e-05,0.0005098722176626325,32,0.8895300916733614,0.0007667939062230289,3.3997090213233605e-05,0.46463788365017644,False,
244,OCNT-2535124,0,CYP1A2,5.044178009033203,1.1166681588292704e-06,0.0,1.2878448615083471e-05,32,0.5644591947255959,2.035066245298367e-05,0.8166232705116272,0.18575993392895307,False,
244,OCNT-2535124,1,CYP2C9,4.927881240844727,8.433286893705372e-06,0.0,9.544455679133534e-05,32,0.4700321221094086,0.00012699571379926056,0.7562525868415833,0.2151693673564744,False,
244,OCNT-2535124,2,CYP2D6,4.865386009216309,6.073317138088896e-08,0.0,1.131948693000595e-06,32,0.40591947040550863,9.187830869450408e-07,0.9969996213912964,0.19240933307579727,False,
244,OCNT-2535124,3,CYP3A4,4.635627746582031,3.3572584356988955e-07,0.0,4.950622496835422e-06,32,0.6645944171421198,7.352558895945549e-06,0.8859131336212158,0.33014913308398725,False,
245,OCNT-2535126,0,CYP1A2,4.877749919891357,2.042656888079364e-05,2.6652691303752363e-05,0.0002473682106938213,32,0.9409965886256703,0.0006153837312012911,3.116335574304685e-05,0.5788842317131866,False,
245,OCNT-2535126,1,CYP2C9,4.592031955718994,1.338239962933585e-05,0.0,0.00015276993508450687,32,0.478730461800922,0.00020516318909358233,0.7140018939971924,0.22438645962680484,False,
245,OCNT-2535126,2,CYP2D6,4.659884452819824,1.1200886973483648e-07,0.0,2.0065913304279093e-06,32,0.4516692261386755,1.763444856806018e-06,0.9609373807907104,0.20185100819340085,False,
245,OCNT-2535126,3,CYP3A4,4.189233303070068,3.9451532529710676e-07,0.0,5.306234015733935e-06,32,0.6620007074434323,8.569261808588635e-06,0.8706097602844238,0.32258066102809413,False,
246,OCNT-2535127,0,CYP1A2,4.346063613891602,5.367868652683683e-05,6.115329142630799e-06,0.0007913887384347618,32,0.9885196037842809,0.0016983142122626305,2.1631458366755396e-05,0.6133889936208581,False,
246,OCNT-2535127,1,CYP2C9,4.295388698577881,4.490730987072311e-07,0.0,4.122915925108828e-06,32,0.4794128114574192,7.042736797302496e-06,0.8946987986564636,0.20852300689402856,False,
246,OCNT-2535127,2,CYP2D6,4.387667179107666,2.8511506116046803e-06,0.0,3.300967364339158e-05,32,0.8029999052341018,7.352011743932962e-05,0.5698451995849609,0.4362256827008374,False,
246,OCNT-2535127,3,CYP3A4,4.0085835456848145,5.466968389100657e-08,0.0,9.209680911226314e-07,32,0.39134071350290955,8.09852167549252e-07,0.9969933032989502,0.16945206232181328,False,
247,OCNT-2535128,0,CYP1A2,4.7376389503479,3.8582293200306594e-05,2.2778801849199226e-06,0.0005774588789790869,32,0.9692517355386522,0.0011969807092100382,0.00019121583318337798,0.5385347975029331,False,
247,OCNT-2535128,1,CYP2C9,4.501076698303223,3.792636562138796e-05,0.0,0.0004992164904251695,32,0.71560681843044,0.0008687207009643316,0.587684154510498,0.2646874673526854,False,
247,OCNT-2535128,2,CYP2D6,4.325474262237549,1.168686409869224e-07,0.0,2.1563409973168746e-06,32,0.5950997211955151,2.4159837721526856e-06,0.9851823449134827,0.33197997729497986,False,
247,OCNT-2535128,3,CYP3A4,4.0906901359558105,9.126906093115394e-07,0.0,1.3714022315980401e-05,32,0.7718010840655594,2.2788275600760244e-05,0.7503730654716492,0.410595170094435,False,
248,OCNT-2535131,0,CYP1A2,5.04417610168457,1.1160220765304985e-06,0.0,1.2820779375033453e-05,32,0.564734755879066,2.0348921680124477e-05,0.8165408372879028,0.18557129872927203,False,
248,OCNT-2535131,1,CYP2C9,4.9278764724731445,8.432641152467113e-06,0.0,9.543963824398816e-05,32,0.47007205871484153,0.00012699679064098746,0.7561940550804138,0.21520776025780664,False,
248,OCNT-2535131,2,CYP2D6,4.865390777587891,5.983439876899865e-08,0.0,1.3056836678515538e-06,32,0.40649130373422787,9.083864256353991e-07,0.9970077872276306,0.19122196637176683,False,
248,OCNT-2535131,3,CYP3A4,4.635593414306641,3.346971482187655e-07,0.0,4.8296228669642005e-06,32,0.6658621356670742,7.344664936681511e-06,0.8858116865158081,0.3265246213628964,False,
249,OCNT-2535133,0,CYP1A2,4.800444602966309,8.691488619660959e-05,0.0,0.000933698087465018,32,0.8118083433413256,0.002258123131468892,0.5633980631828308,0.4074465925267935,False,
249,OCNT-2535133,1,CYP2C9,4.638453006744385,1.5746367353131063e-05,0.0,0.00017730516265146434,32,0.4973742930910797,0.0002507779863663018,0.7292163968086243,0.21748745371882355,False,
249,OCNT-2535133,2,CYP2D6,4.764909744262695,1.124515236483603e-08,0.0,9.604428896636819e-07,32,0.20659341748762858,1.404514762270992e-07,1.0,0.15905932231522082,False,
249,OCNT-2535133,3,CYP3A4,4.2818603515625,1.481154612292812e-07,0.0,2.4620201202196768e-06,32,0.6806483434338393,3.4438728562236065e-06,0.979030191898346,0.3992952832284431,False,
250,OCNT-2535134,0,CYP1A2,4.661846160888672,0.0003404284070711583,0.0,0.005148600321263075,2,1.0012270618929764,0.0006817122921347618,0.3585508465766907,0.6334235386520868,False,
250,OCNT-2535134,1,CYP2C9,4.365177631378174,6.814464722992852e-05,0.0,0.0009540074970573187,32,0.7102434683738943,0.001549004577100277,0.6056788563728333,0.30457736532494795,False,
250,OCNT-2535134,2,CYP2D6,3.8570094108581543,9.554082680551801e-06,0.0,0.00011303346400381997,32,0.644536700424191,0.0001972608733922243,0.5638173222541809,0.3357398198689406,False,
250,OCNT-2535134,3,CYP3A4,3.252283811569214,1.639770772499105e-07,0.0,2.5120734790107235e-06,32,0.7025720209240832,3.911405656253919e-06,0.9670538902282715,0.38077221642627834,False,
251,OCNT-2535135,0,CYP1A2,4.661846160888672,0.00034042849438264966,0.0,0.00514859426766634,2,1.0012271470675214,0.0006817125249654055,0.3585382401943207,0.6334327532039603,False,
251,OCNT-2535135,1,CYP2C9,4.365177154541016,6.81450983393006e-05,0.0,0.0009540162864141166,32,0.710245279477281,0.0015490187797695398,0.6086243987083435,0.30461623986223124,False,
251,OCNT-2535135,2,CYP2D6,3.857008695602417,9.554703865433112e-06,2.9802322387695312e-08,0.00011303563951514661,32,0.644503683882233,0.0001972635800484568,0.5610173940658569,0.33587088949023136,False,
251,OCNT-2535135,3,CYP3A4,3.2522833347320557,1.6326906404628971e-07,0.0,2.433118424960412e-06,32,0.7049985121086233,3.908941835106816e-06,0.9671067595481873,0.3873989944630418,False,
252,OCNT-2535136,0,CYP1A2,4.720318794250488,1.0550676051934715e-05,0.0,0.00010797227878356352,32,0.5937900241151748,0.00020066637080162764,0.6719570159912109,0.2564394664153504,False,
252,OCNT-2535136,1,CYP2C9,4.470306873321533,2.8755624953191727e-05,0.0,0.00032883798121474683,32,0.5157798863861788,0.00047477538464590907,0.6959483027458191,0.22346310850335901,False,
252,OCNT-2535136,2,CYP2D6,4.274367809295654,4.417534782419352e-08,0.0,1.1448341865616385e-06,32,0.34390047613547015,5.961896931694355e-07,1.0,0.1741943143104725,False,
252,OCNT-2535136,3,CYP3A4,3.9598991870880127,1.5975089127095998e-06,2.9802322387695312e-08,2.63994479610119e-05,32,0.7774223545659503,3.999082764494233e-05,0.6810885667800903,0.3881100911438687,False,
253,OCNT-2535137,0,CYP1A2,5.0127410888671875,3.824473878921708e-06,0.0,3.784984437515959e-05,32,0.5468517348444415,6.710043817292899e-05,0.7682894468307495,0.22670620306420142,False,
253,OCNT-2535137,1,CYP2C9,4.906251907348633,2.2518726837006398e-05,0.0,0.0002591031661722809,32,0.5264378141062562,0.00037951915874145925,0.7170116305351257,0.21975045781690072,False,
253,OCNT-2535137,2,CYP2D6,4.776155948638916,5.0072582524762765e-08,0.0,1.3880130609322805e-06,32,0.3400388090335472,6.536643013532739e-07,0.997009813785553,0.15520475792169303,False,
253,OCNT-2535137,3,CYP3A4,4.560361385345459,2.370207312196726e-06,8.940696716308594e-08,3.5780649341177195e-05,32,0.8123819046707283,6.187639519339427e-05,0.5998542904853821,0.4464152022552479,False,
254,OCNT-2535138,0,CYP1A2,4.709244728088379,9.790260810405016e-05,0.0,0.0011028655571863055,32,0.8573185347502011,0.0026861533988267183,0.6176849007606506,0.3882069482011093,False,
254,OCNT-2535138,1,CYP2C9,4.463281154632568,3.345661752973683e-05,0.0,0.00038282707100734115,32,0.5166250922781473,0.0005532702198252082,0.689985454082489,0.22366353591417654,False,
254,OCNT-2535138,2,CYP2D6,4.355080604553223,4.7907366962363085e-08,0.0,1.3307799235917628e-06,32,0.35160166704054713,6.51530456252658e-07,0.9970128536224365,0.15788531103121034,False,
254,OCNT-2535138,3,CYP3A4,3.9617698192596436,1.6283806871797424e-06,0.0,2.5679837563075125e-05,32,0.7784400373842815,4.081219594809227e-05,0.6723719835281372,0.4175118797735683,False,
255,OCNT-2535139,0,CYP1A2,4.6912126541137695,4.010052725789137e-05,0.0,0.0003705798299051821,32,0.6771974063768913,0.0008692078408785164,0.6929839253425598,0.24670085133241065,False,
255,OCNT-2535139,1,CYP2C9,4.511742115020752,1.5498249922529794e-05,0.0,0.00017726689111441374,32,0.5159986760110344,0.00025607156567275524,0.7290966510772705,0.2231334109872431,False,
255,OCNT-2535139,2,CYP2D6,4.5138349533081055,0.000336031022015959,2.089744339173194e-05,0.005251486320048571,2,1.0015537818357372,0.0006731263129040599,2.4118337478284957e-06,0.7026100433732858,False,
255,OCNT-2535139,3,CYP3A4,4.1952595710754395,8.264094049081905e-07,0.0,1.376283762510866e-05,32,0.768776236081519,2.057637357211206e-05,0.765521228313446,0.3937043490051612,False,
256,OCNT-2535141,0,CYP1A2,5.027872562408447,3.906948677467881e-06,0.0,3.863828897010535e-05,32,0.5486553398694407,6.876975385239348e-05,0.7652878165245056,0.22718225672853998,False,
256,OCNT-2535141,1,CYP2C9,4.920794486999512,2.945046617242042e-05,0.0,0.0003645560354925692,32,0.5846162896698542,0.0005511381896212697,0.6899500489234924,0.24514592738664293,False,
256,OCNT-2535141,2,CYP2D6,4.800264358520508,5.9712306210713e-07,0.0,6.36828008282464e-06,32,0.410647156814295,7.97802749730181e-06,0.8918142914772034,0.16394629773869496,False,
256,OCNT-2535141,3,CYP3A4,4.555737495422363,1.521494868939044e-05,2.9802322387695312e-08,0.0002549783093854785,32,0.8735045944082489,0.0004255700041539967,0.3498980700969696,0.47150332970728476,False,
257,OCNT-2535143,0,CYP1A2,5.024878978729248,3.463856046437286e-06,0.0,3.4488821256672964e-05,32,0.5489284878622519,6.1020753491902724e-05,0.7713614106178284,0.2322921650204185,False,
257,OCNT-2535143,1,CYP2C9,4.902390480041504,2.6060008167405613e-05,0.0,0.00032260786974802613,32,0.5846539904710572,0.0004877418978139758,0.6988954544067383,0.24517393429024245,False,
257,OCNT-2535143,2,CYP2D6,4.810556411743164,5.269325242807099e-07,0.0,6.021181889082072e-06,32,0.4103342841878628,7.050298336253036e-06,0.8977357745170593,0.16300689327777906,False,
257,OCNT-2535143,3,CYP3A4,4.568299770355225,1.3435676009976305e-05,2.9802322387695312e-08,0.00022511414135806262,32,0.8732840888269192,0.00037574063753709197,0.3618842661380768,0.471258458662687,False,
258,OCNT-2535145,0,CYP1A2,4.649747848510742,0.0001035205350490287,4.470348358154297e-08,0.0009673175518400967,32,0.7609923604290477,0.002521150279790163,0.503364086151123,0.3169946654728468,False,
258,OCNT-2535145,1,CYP2C9,4.3672404289245605,2.1325813577277586e-05,0.0,0.00024024970480240881,32,0.48380958433792204,0.00033031907514669,0.7139958739280701,0.2100720484225425,False,
258,OCNT-2535145,2,CYP2D6,4.521940231323242,3.970319539803313e-08,0.0,1.1817297718152986e-06,32,0.3765088653938652,5.988381985844171e-07,1.0,0.17089736160380986,False,
258,OCNT-2535145,3,CYP3A4,3.929544687271118,2.3845086616347544e-07,0.0,3.7449128740263404e-06,32,0.7084286856954046,5.632311058434425e-06,0.91892409324646,0.37770958731013826,False,
259,OCNT-2535146,0,CYP1A2,4.878510475158691,6.142233905848116e-05,0.0,0.0005775393219664693,32,0.7225407557215644,0.0014203957980498672,0.6717849373817444,0.2910691421211372,False,
259,OCNT-2535146,1,CYP2C9,4.748778343200684,2.487308665877208e-05,0.0,0.0002991290530189872,32,0.5649999868162677,0.0004498861962929368,0.6929226517677307,0.24881404624302075,False,
259,OCNT-2535146,2,CYP2D6,4.781346797943115,4.912259328193613e-07,0.0,6.173869678605115e-06,32,0.5261661907387634,8.439300472673494e-06,0.8887704014778137,0.18019765473202967,False,
259,OCNT-2535146,3,CYP3A4,4.40692138671875,7.275671578099718e-06,0.0,0.00011315399024169892,32,0.8057365296632116,0.00018785061547532678,0.5004634857177734,0.41710401252338847,False,
260,OCNT-2535147,0,CYP1A2,5.0465192794799805,3.3257301765843295e-06,0.0,3.280311284470372e-05,32,0.546634614046546,5.834961848449893e-05,0.7743800282478333,0.2262562612821738,False,
260,OCNT-2535147,1,CYP2C9,4.975949287414551,1.960534973477479e-05,0.0,0.0002256108564324677,32,0.5265476117101429,0.0003305092977825552,0.72307288646698,0.2197146509286776,False,
260,OCNT-2535147,2,CYP2D6,4.8281707763671875,4.448130397349814e-08,0.0,8.92267223662202e-07,32,0.33143107138801897,5.778175022896903e-07,1.0,0.15992179012057695,False,
260,OCNT-2535147,3,CYP3A4,4.639913558959961,2.0592672171915183e-06,5.960464477539063e-08,3.098117667832412e-05,32,0.8119658737758495,5.376557965064421e-05,0.6178650259971619,0.4461290978607009,False,
261,OCNT-2535148,0,CYP1A2,5.041970252990723,3.325601255710353e-06,0.0,3.28882088069804e-05,32,0.5466117063977325,5.834491821588017e-05,0.7742950320243835,0.22655413660622786,False,
261,OCNT-2535148,1,CYP2C9,4.947724342346191,1.961394264071714e-05,0.0,0.00022572244051843882,32,0.5266057380722421,0.0003306905855424702,0.7230446338653564,0.2198418524635612,False,
261,OCNT-2535148,2,CYP2D6,4.826425552368164,4.414117782403082e-08,0.0,1.0656144695531111e-06,32,0.3316180681829048,5.745341695728712e-07,1.0,0.1687808758025674,False,
261,OCNT-2535148,3,CYP3A4,4.638460636138916,2.057073515970842e-06,2.9802322387695312e-08,3.0978240829426795e-05,32,0.812192892513943,5.3723597375210375e-05,0.6178312301635742,0.4459986886311901,False,
262,OCNT-2535150,0,CYP1A2,4.989604949951172,1.179065293399617e-06,0.0,1.1441667084000073e-05,32,0.477410359248146,1.8165506844525225e-05,0.8556603193283081,0.2113453826383398,False,
262,OCNT-2535150,1,CYP2C9,4.749969482421875,9.736307220009621e-06,0.0,0.00010998320067301393,32,0.4703212698885831,0.0001466846588300541,0.7471408843994141,0.21511418380474662,False,
262,OCNT-2535150,2,CYP2D6,4.800217151641846,6.718691025753287e-08,0.0,1.3582903193309903e-06,32,0.41357636004183806,1.0215258043899667e-06,0.9880488514900208,0.1879921979788618,False,
262,OCNT-2535150,3,CYP3A4,4.446529388427734,3.7043454881313664e-07,0.0,5.174195848667296e-06,32,0.6679258680945992,8.131266440614127e-06,0.870773434638977,0.334231105517946,False,
263,OCNT-2535151,0,CYP1A2,4.454258441925049,0.00036903523141518235,4.6566128730773926e-08,0.006430697161704302,2,1.001606224338183,0.0007392760016955435,0.2232062965631485,0.6723489889127234,False,
263,OCNT-2535151,1,CYP2C9,4.185415744781494,1.0620021384966094e-05,0.0,0.00012106406211387366,32,0.47840916470836115,0.00016273598885163665,0.7261584401130676,0.2240839925914075,False,
263,OCNT-2535151,2,CYP2D6,4.653092384338379,3.63372464562417e-07,0.0,4.54641622127383e-06,32,0.7018434364374528,8.385568435187452e-06,0.8707716464996338,0.25333008474329,False,
263,OCNT-2535151,3,CYP3A4,3.881281614303589,3.0913832915757666e-07,0.0,4.224107215122785e-06,32,0.6535734276222247,6.674570613540709e-06,0.8918895721435547,0.3329234689796542,False,
264,OCNT-2535152,0,CYP1A2,4.849971771240234,4.654619260691106e-05,0.0,0.0004971164744347334,32,0.8201606281151507,0.0012218737974762917,0.6296783089637756,0.35010205503286984,False,
264,OCNT-2535152,1,CYP2C9,4.695867538452148,1.2356441402516793e-05,0.0,0.00013911766291130334,32,0.49719008394822306,0.0001967511052498594,0.7411502003669739,0.2174031100105978,False,
264,OCNT-2535152,2,CYP2D6,4.834521293640137,9.819773438835e-09,0.0,7.65924653478578e-07,32,0.16349139574321503,1.0369159753054191e-07,1.0,0.17503289504010378,False,
264,OCNT-2535152,3,CYP3A4,4.425320625305176,1.1612436878749577e-07,0.0,2.303788505741977e-06,32,0.6709644268350055,2.7079988740297267e-06,1.0,0.3939140228829447,False,
265,OCNT-2535153,0,CYP1A2,4.248257160186768,0.0001169348179246299,7.685662808398774e-07,0.0019265615846961737,32,0.9415911388294702,0.0035236545372754335,0.15151719748973846,0.4759170152190959,False,
265,OCNT-2535153,1,CYP2C9,3.9703452587127686,2.1430592823890038e-05,0.0,0.0002441835531499237,32,0.4755299853134426,0.00032626063330098987,0.6930186748504639,0.22127256609918455,False,
265,OCNT-2535153,2,CYP2D6,4.350583553314209,1.5020027888112963e-07,0.0,2.323344233445823e-06,32,0.46027955743280047,2.359581230848562e-06,0.9490615725517273,0.19280650367885432,False,
265,OCNT-2535153,3,CYP3A4,3.4367852210998535,6.921974318174762e-07,0.0,9.409294762008358e-06,32,0.6745165372803136,1.5156600966292899e-05,0.8195587396621704,0.32257611345787734,False,
266,OCNT-2535154,0,CYP1A2,4.841940402984619,0.00023300887551158667,5.824810500598687e-07,0.0038531781174242496,2,1.001276206078653,0.0004666325112339109,0.030338063836097717,0.7208703146440838,False,
266,OCNT-2535154,1,CYP2C9,4.717373847961426,1.3860264516551979e-05,0.0,0.00015650859859306365,32,0.46699809886435373,0.0002072763891192153,0.7290875315666199,0.21064139119225855,False,
266,OCNT-2535154,2,CYP2D6,4.647886276245117,8.372708748538571e-08,0.0,1.4913216546119656e-06,32,0.43215596115380506,1.2961510265085963e-06,0.9789760708808899,0.1934679811252019,False,
266,OCNT-2535154,3,CYP3A4,4.323817729949951,3.5549606991480687e-07,0.0,4.9727286750567146e-06,32,0.6683403010588529,7.816824108886067e-06,0.8768104910850525,0.32853986987456696,False,
267,OCNT-2535155,0,CYP1A2,4.940125942230225,0.00023295427672564983,1.6049041562382627e-07,0.003914672415703535,2,1.001259140143966,0.0004665152227971703,0.09052224457263947,0.7543431060072661,False,
267,OCNT-2535155,1,CYP2C9,4.75970458984375,7.427490345435217e-06,0.0,8.456615614704788e-05,32,0.47804317258266515,0.00011377412738511339,0.7501788139343262,0.2239984111051078,False,
267,OCNT-2535155,2,CYP2D6,4.8429460525512695,6.364175675344086e-08,0.0,1.378474735247437e-06,32,0.41765055916121274,9.842086683420348e-07,0.991034746170044,0.190705196032873,False,
267,OCNT-2535155,3,CYP3A4,4.520345687866211,2.1302710706549988e-07,0.0,3.0676417281938484e-06,32,0.6402414938238569,4.569318662106525e-06,0.9249464273452759,0.329926364544097,False,
268,OCNT-2535156,0,CYP1A2,4.963956356048584,0.00024909566855058074,5.685920996256755e-07,0.004125847946852446,2,1.0013222491839406,0.0004988700966350734,0.030410094186663628,0.7212673957579132,False,
268,OCNT-2535156,1,CYP2C9,4.882974624633789,8.455634997517336e-06,0.0,9.567296365275979e-05,32,0.47005150000509927,0.00012733710173051804,0.7532647848129272,0.2151547074076762,False,
268,OCNT-2535156,2,CYP2D6,4.854249954223633,6.08011703207012e-08,0.0,1.355545691694715e-06,32,0.4036069429915005,9.144270052274805e-07,0.9940170049667358,0.20181596539058472,False,
268,OCNT-2535156,3,CYP3A4,4.587588310241699,3.26690638985383e-07,0.0,4.684024133894127e-06,32,0.6642634884176163,7.156841547839576e-06,0.885810136795044,0.3350642897409936,False,
269,OCNT-2535158,0,CYP1A2,4.6431474685668945,0.0002558720298111439,8.940696716308594e-08,0.0042573134414851665,2,0.9999274801510369,0.0005117269465699792,0.1418706476688385,0.7792359488278537,False,
269,OCNT-2535158,1,CYP2C9,4.516183376312256,7.597511284984648e-06,0.0,8.656475256429985e-05,32,0.47806043105648205,0.00011637920397333801,0.7472994923591614,0.2242513377608727,False,
269,OCNT-2535158,2,CYP2D6,4.787331581115723,8.88498379936209e-06,9.432752449356485e-06,0.00010848686360986903,32,0.962525363965182,0.00027397272060625255,0.00017178489360958338,0.5768136070049257,False,
269,OCNT-2535158,3,CYP3A4,4.278658390045166,2.1908692815486575e-07,0.0,3.209888063793187e-06,32,0.6418490646909997,4.705255378212314e-06,0.921908438205719,0.3135093965526599,False,
270,OCNT-2535160,0,CYP1A2,4.963953018188477,0.0002490956976544112,5.413860435510287e-07,0.004125835373997688,2,1.001322950029011,0.0004988705040886998,0.030349690467119217,0.7212518901289379,False,
270,OCNT-2535160,1,CYP2C9,4.88298225402832,8.455984243482817e-06,0.0,9.566602238919586e-05,32,0.47004156281956133,0.00012733966286759824,0.756213903427124,0.21513431720833415,False,
270,OCNT-2535160,2,CYP2D6,4.85423469543457,5.941897285310915e-08,0.0,1.390865804751229e-06,32,0.408870963205142,9.082688734451949e-07,0.9970070719718933,0.19650996936241846,False,
270,OCNT-2535160,3,CYP3A4,4.5876665115356445,3.270177728609269e-07,0.0,4.4646903916145675e-06,32,0.6639785127463088,7.160721906984691e-06,0.8858420252799988,0.3239829209519577,False,
271,OCNT-2535161,0,CYP1A2,4.694823741912842,0.0002651624381542206,1.1175870895385742e-07,0.004535382613539696,2,1.001139184660707,0.0005309490370564163,0.14485019445419312,0.7848392440464458,False,
271,OCNT-2535161,1,CYP2C9,4.568709373474121,8.156394869729411e-06,0.0,9.294985648011789e-05,32,0.47808051594900713,0.00012493421672843397,0.7412590980529785,0.2240708436933379,False,
271,OCNT-2535161,2,CYP2D6,4.799873352050781,6.43374278297415e-08,0.0,1.2318461131144431e-06,32,0.40620569263455214,9.662811635280377e-07,0.9940071702003479,0.18659898965733865,False,
271,OCNT-2535161,3,CYP3A4,4.3245368003845215,2.3157861051004147e-07,0.0,3.340839612064883e-06,32,0.6421556761898585,4.964194431522628e-06,0.9189072847366333,0.3309161309034528,False,
272,OCNT-2535163,0,CYP1A2,4.984801769256592,3.3223946047655772e-06,0.0,3.302909681224264e-05,32,0.5433774985981279,5.794394382974133e-05,0.7773807644844055,0.23050710085035253,False,
272,OCNT-2535163,1,CYP2C9,4.7732672691345215,1.9776389308390208e-05,0.0,0.00022626228746958077,32,0.5164579376143507,0.00032700281008146703,0.7170653939247131,0.22319147911405135,False,
272,OCNT-2535163,2,CYP2D6,4.772565841674805,2.9389493505505015e-08,0.0,9.321736911260814e-07,32,0.30100715360146807,3.794086183006584e-07,1.0,0.15353139297462254,False,
272,OCNT-2535163,3,CYP3A4,4.473134994506836,9.147871651293826e-07,0.0,1.344533302471973e-05,32,0.7734623794329442,2.2889218598720618e-05,0.7506017684936523,0.41887415214593615,False,
273,OCNT-2535164,0,CYP1A2,4.836745262145996,3.8061603845562786e-05,0.0,0.0003164650406688452,32,0.599285223424349,0.0007301039877347648,0.7110159993171692,0.2310136873710849,False,
273,OCNT-2535164,1,CYP2C9,4.6751298904418945,1.7752887288224883e-05,0.0,0.000202768889721483,32,0.5145659571235486,0.00029248566715978086,0.720049262046814,0.22275473661373088,False,
273,OCNT-2535164,2,CYP2D6,4.802218437194824,2.5105315160089958e-08,0.0,1.1409171065679402e-06,32,0.2617135079173401,2.940011256669095e-07,1.0,0.18928965723346103,False,
273,OCNT-2535164,3,CYP3A4,4.40249490737915,8.003564744285541e-07,0.0,1.1712386367435101e-05,32,0.7717855549431375,2.0013485482195392e-05,0.7655184864997864,0.4185719115697216,False,
274,OCNT-2535166,0,CYP1A2,5.031764030456543,2.9045115752523998e-06,0.0,2.8694434149656445e-05,32,0.5416970823536259,5.052103733760305e-05,0.7834267020225525,0.22397617476465437,False,
274,OCNT-2535166,1,CYP2C9,4.878260135650635,1.74444867298007e-05,0.0,0.0001996881328523159,32,0.5168452668697674,0.00028868060326203704,0.7201966643333435,0.22419009952485144,False,
274,OCNT-2535166,2,CYP2D6,4.834706783294678,2.6035550604319724e-08,0.0,6.62306035792426e-07,32,0.2952319110889283,3.4044302310576313e-07,1.0,0.16548995055708898,False,
274,OCNT-2535166,3,CYP3A4,4.612829208374023,7.903010441623337e-07,0.0,1.15303255370236e-05,32,0.7714644073985389,1.9756920664804056e-05,0.7655268907546997,0.4189273517754882,False,
275,OCNT-2535167,0,CYP1A2,4.570720195770264,0.00012209615670144558,0.0,0.0010910608107224107,32,0.6977814708152208,0.0027265092357993126,0.6116467118263245,0.3233869219069265,False,
275,OCNT-2535167,1,CYP2C9,4.354236602783203,9.281606253352948e-06,0.0,0.00010577573266346008,32,0.47753754780487045,0.00014198690769262612,0.7381154894828796,0.22348727339444313,False,
275,OCNT-2535167,2,CYP2D6,4.744665145874023,7.801123302897395e-08,0.0,1.473929387429962e-06,32,0.42945655666572,1.209504034704878e-06,0.9791638255119324,0.20072851455934645,False,
275,OCNT-2535167,3,CYP3A4,4.0888519287109375,2.7979294259239396e-07,0.0,4.011940745840548e-06,32,0.6503193088542756,6.030654276401037e-06,0.9038926362991333,0.3249091733178102,False,
276,OCNT-2535168,0,CYP1A2,5.031764030456543,2.9047223506495357e-06,0.0,2.869161471608095e-05,32,0.5416406311150597,5.0519425712991506e-05,0.7835214734077454,0.22347127982944032,False,
276,OCNT-2535168,1,CYP2C9,4.878260135650635,1.744473229337018e-05,0.0,0.00019968824926763773,32,0.5168417993141295,0.0002886827278416604,0.7200803160667419,0.22415061853364313,False,
276,OCNT-2535168,2,CYP2D6,4.834706783294678,2.6279332487888496e-08,0.0,6.532675342896255e-07,32,0.2934473083700949,3.4067431897710776e-07,1.0,0.16501028770099163,False,
276,OCNT-2535168,3,CYP3A4,4.612828254699707,7.911516490821668e-07,0.0,1.1535957128216978e-05,32,0.7707021549053918,1.9758377675316297e-05,0.768637478351593,0.41737406274805744,False,
277,OCNT-2535170,0,CYP1A2,5.013243675231934,2.7167031930730445e-06,3.5762786865234375e-07,3.333858694531955e-05,32,0.8137684891735824,7.10049644112587e-05,0.38310518860816956,0.294243588849624,False,
277,OCNT-2535170,1,CYP2C9,4.825741767883301,8.595695362600964e-06,0.0,9.791504999157041e-05,32,0.4774632574254578,0.0001314849068876356,0.7411743402481079,0.22362636794273072,False,
277,OCNT-2535170,2,CYP2D6,4.834884166717529,7.247258793086075e-08,0.0,1.3541355201596161e-06,32,0.4212340283933615,1.1116883342765504e-06,0.9850708246231079,0.21726650374427328,False,
277,OCNT-2535170,3,CYP3A4,4.541955947875977,2.527673075292114e-07,0.0,3.858043783111498e-06,32,0.6506159594330779,5.470739324664464e-06,0.9098663330078125,0.3232366843096759,False,
278,OCNT-2535171,0,CYP1A2,4.739368915557861,0.00014690199168398976,0.0,0.001158038154244423,32,0.6090282244874365,0.0028631535824388266,0.5513737797737122,0.2592515196054903,False,
278,OCNT-2535171,1,CYP2C9,4.4636383056640625,1.3318625860847533e-05,0.0,0.00015063767204992473,32,0.4972562527848151,0.00021208776161074638,0.7351912260055542,0.2162399062077525,False,
278,OCNT-2535171,2,CYP2D6,4.77619743347168,1.0626806101754482e-08,0.0,7.100983339114464e-07,32,0.17166266472022718,1.133072800030277e-07,1.0,0.143760596547849,False,
278,OCNT-2535171,3,CYP3A4,4.198354244232178,1.2485101308357116e-07,0.0,2.0360612325021066e-06,32,0.6754369556611713,2.914667447839747e-06,0.9970090985298157,0.3860394897221038,False,
279,OCNT-2535172,0,CYP1A2,4.817203521728516,3.788210597122088e-05,0.0,0.00029219244606792927,32,0.6015031950210598,0.00072935112984851,0.7139779329299927,0.22915470701330007,False,
279,OCNT-2535172,1,CYP2C9,4.649162292480469,0.0,0.0,8.731149137020111e-07,2,0.0,0.0,1.0,3.192801622965184e-28,False,
279,OCNT-2535172,2,CYP2D6,5.021211624145508,1.7734814150571765e-07,0.0,2.169185563616338e-06,32,0.6071552901787548,3.6399812870513415e-06,0.9368618726730347,0.28701575314139816,False,
279,OCNT-2535172,3,CYP3A4,4.552999496459961,0.0,0.0,9.685754776000977e-07,2,0.0,0.0,1.0,3.7940923730140682e-28,False,
280,OCNT-2535176,0,CYP1A2,4.627520561218262,0.00018798568635247648,2.429940423098742e-06,0.0026095130015164614,32,0.961680584527941,0.005785337649285793,0.0001758730213623494,0.5185396786695833,False,
280,OCNT-2535176,1,CYP2C9,4.423915386199951,3.932233084924519e-05,0.0,0.0005457185907289386,32,0.7066318518135096,0.0008893912890926003,0.5875789523124695,0.27841010143261846,False,
280,OCNT-2535176,2,CYP2D6,4.346557140350342,3.6840043549091206e-07,0.0,4.642432941182051e-06,32,0.4778445097998438,5.786130259366473e-06,0.9219259023666382,0.3017104080220529,False,
280,OCNT-2535176,3,CYP3A4,3.9564058780670166,7.045864094834542e-06,0.0,0.00010986565030179918,32,0.8058424568197201,0.00018194927542936057,0.5064225196838379,0.41595069794800116,False,
281,OCNT-2535177,0,CYP1A2,4.862738132476807,4.468864790396765e-05,0.0,0.000379979086574167,32,0.6215861999826794,0.0008890900062397122,0.7019450068473816,0.24180219155817137,False,
281,OCNT-2535177,1,CYP2C9,4.732875347137451,1.9364913896424696e-05,0.0,0.00022119459754321724,32,0.514579931052991,0.00031903813942335546,0.7170520424842834,0.22290117029018072,False,
281,OCNT-2535177,2,CYP2D6,4.7877984046936035,2.61591317496368e-08,0.0,1.0434320074637071e-06,32,0.29247948500495374,3.3842573543552135e-07,1.0,0.16434605127653118,False,
281,OCNT-2535177,3,CYP3A4,4.446659564971924,8.741483270569006e-07,0.0,1.2918859283672646e-05,32,0.7721680176560856,2.1846753952559084e-05,0.7535222768783569,0.4166405916051618,False,
282,OCNT-2535178,0,CYP1A2,4.6029438972473145,0.0001179707032861188,4.793196694663493e-06,0.0014178662095218897,32,0.8184986628035097,0.003090145532041788,0.00010409305104985833,0.5423861375906497,False,
282,OCNT-2535178,1,CYP2C9,4.4151482582092285,1.3156076420273166e-05,0.0,0.00014977667888160795,32,0.4954485768480126,0.0002087396424030885,0.7381398677825928,0.21167213059589102,False,
282,OCNT-2535178,2,CYP2D6,4.38989782333374,4.2972519054274017e-07,0.0,6.840257810836192e-06,32,0.7318362884592339,1.0297819244442508e-05,0.8501312732696533,0.3539416910384968,False,
282,OCNT-2535178,3,CYP3A4,4.047061443328857,1.8139770929792576e-07,0.0,2.860170297935838e-06,32,0.6745344591380629,4.131339210289298e-06,0.9492231607437134,0.3298825476775544,False,
283,OCNT-2535180,0,CYP1A2,4.683272361755371,0.00015449625789187849,1.0854143511096481e-05,0.0019623434636741877,32,0.8633479626917181,0.0042685652151703835,6.924677290953696e-05,0.587543404609978,False,
283,OCNT-2535180,1,CYP2C9,4.525792121887207,3.7312321410354343e-07,0.0,3.48750199918868e-06,32,0.47754822037836087,5.854713890585117e-06,0.9037550687789917,0.20296117758136073,False,
283,OCNT-2535180,2,CYP2D6,4.56207799911499,4.815008196601411e-07,0.0,7.5901120908383746e-06,32,0.7367951286629899,1.1588333109102678e-05,0.8347938060760498,0.4053228705497025,False,
283,OCNT-2535180,3,CYP3A4,4.299767017364502,4.8684842823831787e-08,0.0,1.1669721970974933e-06,32,0.3861045808801457,7.250715725604095e-07,1.0,0.16178375621368363,False,
284,OCNT-2535182,0,CYP1A2,4.686485290527344,8.466563303954899e-05,6.231750376173295e-06,0.0009563235216774046,32,0.6917932647107731,0.0018744970439001918,0.00011671487300191075,0.5181533980111763,False,
284,OCNT-2535182,1,CYP2C9,4.53571081161499,3.5735826031668694e-07,0.0,3.372816763658193e-06,32,0.47623590322855947,5.59837417313247e-06,0.9037649035453796,0.18834698673397604,False,
284,OCNT-2535182,2,CYP2D6,4.577592849731445,3.75773367977672e-07,0.0,5.94999801251106e-06,32,0.7284735783873334,8.992822586151306e-06,0.8678258061408997,0.3790911014547389,False,
284,OCNT-2535182,3,CYP3A4,4.318166732788086,4.3814647909812265e-08,0.0,9.248973356079659e-07,32,0.37263859762157653,6.417092777155631e-07,1.0,0.1741842128913188,False,
285,OCNT-2535183,0,CYP1A2,4.754467964172363,0.0001656323584029451,1.269988115382148e-05,0.0023403491359204054,32,0.9527610482319416,0.00505016278475523,6.785127334296703e-05,0.6539882345927612,False,
285,OCNT-2535183,1,CYP2C9,4.5335798263549805,3.7330224245124555e-07,0.0,3.4099061849701684e-06,32,0.47730129654438136,5.854421033291146e-06,0.9038125276565552,0.20453384493107704,False,
285,OCNT-2535183,2,CYP2D6,4.576468467712402,4.813649070456449e-07,0.0,7.489531981264008e-06,32,0.7370481516714043,1.1589107089093886e-05,0.8318325877189636,0.4049223213347489,False,
285,OCNT-2535183,3,CYP3A4,4.308509349822998,4.920631724303348e-08,0.0,1.1745189567591297e-06,32,0.3820618679255034,7.23855237083626e-07,1.0,0.16478580258395195,False,
286,OCNT-2535184,0,CYP1A2,5.00792932510376,3.0261312531365547e-06,0.0,2.9826167519786395e-05,32,0.5417964371578212,5.263888306217268e-05,0.7834279537200928,0.223962568414609,False,
286,OCNT-2535184,1,CYP2C9,4.782110214233398,1.8146567526855506e-05,0.0,0.00020768234389834106,32,0.5167263672094936,0.000300223269732669,0.7200629711151123,0.22410992490317205,False,
286,OCNT-2535184,2,CYP2D6,4.819296360015869,2.7247535783203602e-08,0.0,1.1601870255617541e-06,32,0.30389269358523135,3.62216127314241e-07,1.0,0.17726136078755805,False,
286,OCNT-2535184,3,CYP3A4,4.506208419799805,8.26802477149613e-07,0.0,1.2158252502558753e-05,32,0.7721627781839454,2.0676727217505686e-05,0.762540340423584,0.41816888121911255,False,
287,OCNT-2535186,0,CYP1A2,4.882314205169678,0.0001763774489518255,0.0,0.0014694196870550513,32,0.6527344469147401,0.003684293245896697,0.6597320437431335,0.28543574661914184,False,
287,OCNT-2535186,1,CYP2C9,4.720296859741211,1.6647029042360373e-05,0.0,0.0001904212695080787,32,0.5161045006880863,0.0002750965650193393,0.7230762243270874,0.22379855136841037,False,
287,OCNT-2535186,2,CYP2D6,4.828439712524414,2.5124878177962273e-08,0.0,7.271207778103417e-07,32,0.287588137767013,3.2324794574378757e-07,1.0,0.16231134100290917,False,
287,OCNT-2535186,3,CYP3A4,4.460373878479004,7.732806466265174e-07,0.0,1.1289429494354408e-05,32,0.7718023341363446,1.9345210603205487e-05,0.7686635851860046,0.41963101989334395,False,
288,OCNT-2535190,0,CYP1A2,5.012576103210449,3.037194574062596e-06,0.0,2.9889470170019194e-05,32,0.5423086340419772,5.288063766784035e-05,0.7803354859352112,0.2239166590416733,False,
288,OCNT-2535190,1,CYP2C9,4.7853193283081055,1.8129054296878166e-05,0.0,0.00020742093329317868,32,0.5164210179216261,0.000299756444292143,0.7200344800949097,0.22340190914583563,False,
288,OCNT-2535190,2,CYP2D6,4.820823669433594,2.690396705418152e-08,0.0,1.1021539876310271e-06,32,0.2965617009514593,3.5021770372622996e-07,1.0,0.17070416476690417,False,
288,OCNT-2535190,3,CYP3A4,4.503726005554199,8.383574368053814e-07,0.0,1.239742232428398e-05,32,0.772865856595564,2.098132790706586e-05,0.7594705820083618,0.4176743568427498,False,
289,OCNT-2535194,0,CYP1A2,4.9908447265625,3.316860329505289e-06,0.0,3.269543230999261e-05,32,0.5424420157529508,5.7748122344492e-05,0.7773815393447876,0.22394870900060548,False,
289,OCNT-2535194,1,CYP2C9,4.744417190551758,1.9675073417602107e-05,0.0,0.00022502380306832492,32,0.5159663170806253,0.0003250187146477401,0.7170282602310181,0.22318626669250458,False,
289,OCNT-2535194,2,CYP2D6,4.791701316833496,2.9771094034458656e-08,0.0,1.1916652056243038e-06,32,0.30464286973372495,3.8771136701143405e-07,1.0,0.17479471494000542,False,
289,OCNT-2535194,3,CYP3A4,4.445672988891602,9.275078696191486e-07,0.0,1.3659489013662096e-05,32,0.7742183888246776,2.322674663446378e-05,0.74449223279953,0.41786663635414956,False,
290,OCNT-2535197,0,CYP1A2,4.67041015625,0.00018310149607714266,2.768730382740614e-06,0.0027824239805340767,32,0.9525034012854334,0.005581258330494165,2.8322619982645847e-05,0.5938368330025823,False,
290,OCNT-2535197,1,CYP2C9,4.293001651763916,3.248718712711707e-05,0.0,0.00038456087349914014,32,0.5435107585549029,0.0005652022664435208,0.6778849363327026,0.2405463410873306,False,
290,OCNT-2535197,2,CYP2D6,4.501415252685547,4.263322637143574e-07,0.0,4.429833097674418e-06,32,0.4212667196484529,5.8819923651753925e-06,0.9038161039352417,0.20451640127843318,False,
290,OCNT-2535197,3,CYP3A4,3.8519604206085205,1.310935772380617e-06,0.0,1.9096860341960564e-05,32,0.7592568093618615,3.2093743357108906e-05,0.7114500403404236,0.41483592787764045,False,
291,OCNT-2535199,0,CYP1A2,4.897305965423584,0.00010721106809796765,5.960464477539063e-08,0.001766712637618184,32,0.8947573691384617,0.003069978905841708,0.22610901296138763,0.7461083466802831,False,
291,OCNT-2535199,1,CYP2C9,4.742613792419434,8.389473805436864e-06,0.0,9.494504047324881e-05,32,0.4684934484152233,0.00012592315033543855,0.7562212944030762,0.21405937922013946,False,
291,OCNT-2535199,2,CYP2D6,4.815420150756836,5.086137022658477e-08,0.0,1.1281626939307898e-06,32,0.3928211169270887,7.650442057638429e-07,1.0,0.19951442270592448,False,
291,OCNT-2535199,3,CYP3A4,4.455318450927734,3.098508898347063e-07,0.0,4.330368938099127e-06,32,0.6598231882434561,6.753441084583756e-06,0.891834020614624,0.33343776767099015,False,
292,OCNT-2535201,0,CYP1A2,4.782153606414795,0.00014236346760299057,7.898346666479483e-06,0.0022911978885531425,32,0.9005067365858442,0.0041026645340025425,5.81674903514795e-05,0.7205517413346563,False,
292,OCNT-2535201,1,CYP2C9,4.513350486755371,9.777157174539752e-06,0.0,0.00011156743858009577,32,0.4771525015644578,0.00014943892892915756,0.7321158051490784,0.22315178600881003,False,
292,OCNT-2535201,2,CYP2D6,4.727283000946045,7.241565924687166e-08,0.0,1.251705725735519e-06,32,0.41963038873050074,1.1066916840718477e-06,0.9850669503211975,0.19778425348941744,False,
292,OCNT-2535201,3,CYP3A4,4.217583179473877,2.565838315149449e-07,0.0,3.5435223253443837e-06,32,0.6455018724354129,5.506571596924914e-06,0.9099203944206238,0.3263549760640968,False,
293,OCNT-2535202,0,CYP1A2,4.746049404144287,0.00018861722492147237,2.4027400513659813e-07,0.003003279445692897,30,0.984318874367372,0.005570080131292343,0.07856391370296478,0.7066262253099926,False,
293,OCNT-2535202,1,CYP2C9,4.358800411224365,7.17880448064534e-06,0.0,8.171159424819052e-05,32,0.4777783478001628,0.00010990896407747641,0.7531459927558899,0.2238158177083975,False,
293,OCNT-2535202,2,CYP2D6,4.769937038421631,5.949989656528487e-08,0.0,1.4212923815648537e-06,32,0.4165031357984559,9.263015954275033e-07,0.9969983100891113,0.1992840337246424,False,
293,OCNT-2535202,3,CYP3A4,4.107310771942139,2.208696514571784e-07,0.0,3.1708091228210833e-06,32,0.6461926745770312,4.7739608817209955e-06,0.9218792915344238,0.3334923258164686,False,
294,OCNT-2535203,0,CYP1A2,5.002506256103516,3.334225993967266e-06,0.0,3.330183608341031e-05,32,0.547331272655871,5.857278301846236e-05,0.7774307131767273,0.2315456300596299,False,
294,OCNT-2535203,1,CYP2C9,4.864325523376465,1.9612047253758647e-05,0.0,0.00022569023713003844,32,0.5265656654464606,0.0003306334838271141,0.7231033444404602,0.21970400689989317,False,
294,OCNT-2535203,2,CYP2D6,4.785643577575684,4.439018042035059e-08,0.0,1.309927483816864e-06,32,0.3369181881459708,5.864013132850232e-07,1.0,0.16850615826354698,False,
294,OCNT-2535203,3,CYP3A4,4.512316703796387,2.0581874196068384e-06,0.0,3.106113217654638e-05,32,0.8111844329001859,5.3685806051362306e-05,0.6182613372802734,0.44545774884548195,False,
295,OCNT-2535204,0,CYP1A2,4.782668113708496,0.00010664407454896718,0.0,0.0009927659993991256,32,0.7600867394693881,0.0025941231288015842,0.5484870672225952,0.3061396730164745,False,
295,OCNT-2535204,1,CYP2C9,4.561253070831299,1.4801660654484294e-05,0.0,0.00016722272266633809,32,0.49508580635857297,0.00023465737467631698,0.7350913286209106,0.21370665989464854,False,
295,OCNT-2535204,2,CYP2D6,4.58875036239624,2.7573489660426276e-06,6.664001972467304e-08,5.144033639226109e-05,32,0.8239199010022783,7.296236435649917e-05,0.5185756087303162,0.5082128640484266,False,
295,OCNT-2535204,3,CYP3A4,4.162876129150391,2.6992096536559984e-05,2.123813101206906e-05,0.0005115620442666113,32,0.8891466229298357,0.0007682823343202472,3.3975724363699555e-05,0.4649648915606222,False,
296,OCNT-2535205,0,CYP1A2,4.5319318771362305,0.00010396720608696342,0.0,0.001714526442810893,32,0.9015432224932374,0.0029996782541275024,0.45210543274879456,0.5471060696362943,False,
296,OCNT-2535205,1,CYP2C9,4.278317928314209,2.6790590709424578e-05,0.0,0.00030441262060776353,32,0.4899885654949599,0.000420223455876112,0.6900535821914673,0.22080961521890413,False,
296,OCNT-2535205,2,CYP2D6,4.406507968902588,8.114499649991558e-08,0.0,1.4442757674260065e-06,32,0.4345569073146283,1.26744600947859e-06,0.979093611240387,0.21143825827101775,False,
296,OCNT-2535205,3,CYP3A4,3.782719612121582,5.819204034196446e-07,0.0,8.226224053942133e-06,32,0.6897166604777744,1.3064235645288136e-05,0.8288742303848267,0.3474974268933999,False,
297,OCNT-2535207,0,CYP1A2,4.835715293884277,0.00028611946618184447,0.0,0.004828219767659903,2,1.002193131013483,0.0005735139711759984,0.2983742654323578,0.749386620866539,False,
297,OCNT-2535207,1,CYP2C9,4.5291428565979,1.5068754692038056e-05,0.0,0.00017242893227376044,32,0.4971402197294892,0.00023988017346709967,0.7290905117988586,0.21466942654838223,False,
297,OCNT-2535207,2,CYP2D6,4.752570152282715,1.1052852855186757e-08,0.0,5.778081231255783e-07,32,0.20634659813138567,1.3901390616410936e-07,1.0,0.13063999733482892,False,
297,OCNT-2535207,3,CYP3A4,4.236694812774658,1.3945894750122534e-07,0.0,2.2598608211410465e-06,32,0.6881339659707699,3.2911289054027293e-06,0.9820191860198975,0.3825584632456205,False,
298,OCNT-2535208,0,CYP1A2,4.714604377746582,0.00031323303119279444,2.9802322387695312e-08,0.004241907503455877,32,0.9366658131630042,0.009388929232954979,0.21710097789764404,0.658670609422829,False,
298,OCNT-2535208,1,CYP2C9,4.503012657165527,9.483639587415382e-06,0.0,0.00010731033398769796,32,0.4685911067807135,0.00014235632261261344,0.7472910284996033,0.2138859745958254,False,
298,OCNT-2535208,2,CYP2D6,4.73939323425293,5.706260353122161e-08,0.0,1.18694504180894e-06,32,0.4035449786219269,8.660088610668026e-07,1.0,0.19735058710457581,False,
298,OCNT-2535208,3,CYP3A4,4.181562900543213,3.494578493246081e-07,0.0,4.771181920659728e-06,32,0.662962438465364,7.625825674040243e-06,0.8798336982727051,0.3291980545686636,False,
299,OCNT-2535209,0,CYP1A2,5.004441261291504,3.1956001294020098e-06,0.0,3.179529448971152e-05,32,0.5471775366997315,5.612903623841703e-05,0.7774139642715454,0.2314964083188041,False,
299,OCNT-2535209,1,CYP2C9,4.862780570983887,1.8794924471876584e-05,0.0,0.00021630615810863674,32,0.5265560191149541,0.0003168590774293989,0.7260501980781555,0.2197584198724022,False,
299,OCNT-2535209,2,CYP2D6,4.7964558601379395,4.3223760570754166e-08,0.0,1.1437641660450026e-06,32,0.3285752279695764,5.596162964138784e-07,1.0,0.16429102827014058,False,
299,OCNT-2535209,3,CYP3A4,4.490090370178223,1.9725232505152235e-06,0.0,2.972568472614512e-05,32,0.8109667291466277,5.1448332669679075e-05,0.624243974685669,0.44618512564647084,False,
300,OCNT-2535211,0,CYP1A2,4.615023136138916,3.7739507661171956e-06,0.0,3.881530210492201e-05,32,0.5346336716163335,6.473687972174957e-05,0.7683226466178894,0.219269694836685,False,
300,OCNT-2535211,1,CYP2C9,4.498539924621582,2.1443323930725455e-05,0.0,0.00024673089501447976,32,0.5264267300493302,0.000361395301297307,0.7200080752372742,0.21972730075760868,False,
300,OCNT-2535211,2,CYP2D6,4.700402736663818,5.64310425943404e-07,0.0,6.3000511545396876e-06,32,0.7209503635827107,1.3249577932583634e-05,0.8227147459983826,0.3664087453863709,False,
300,OCNT-2535211,3,CYP3A4,4.156460285186768,2.256946345369215e-06,1.1175870895385742e-08,3.3993201213888824e-05,32,0.8123842979208501,5.8932211686624214e-05,0.605806291103363,0.44619609256591475,False,
301,OCNT-2535212,0,CYP1A2,5.033672332763672,2.904532721004216e-06,0.0,2.8763723094016314e-05,32,0.5416802409110869,5.05198331666179e-05,0.7833946943283081,0.22402604108620283,False,
301,OCNT-2535212,1,CYP2C9,4.8807597160339355,1.744385554047767e-05,0.0,0.00019967388652730733,32,0.5168673968721343,0.0002886825241148472,0.7200225591659546,0.22419249813198433,False,
301,OCNT-2535212,2,CYP2D6,4.838534832000732,2.601118254119683e-08,0.0,1.3045398645772366e-06,32,0.2970363260857605,3.422921395213052e-07,1.0,0.2093851751034146,False,
301,OCNT-2535212,3,CYP3A4,4.617274284362793,7.906686505521066e-07,0.0,1.1650268788798712e-05,32,0.7711873808792824,1.975889790628571e-05,0.7685778141021729,0.4196052285406697,False,
302,OCNT-2535213,0,CYP1A2,4.81204891204834,3.851398287224583e-05,2.21100299313548e-06,0.0003090115496888757,32,0.6306666746621091,0.0007774653495289385,0.0004897488979622722,0.34241995728511165,False,
302,OCNT-2535213,1,CYP2C9,4.587982177734375,5.77689479541732e-06,0.0,6.684468826279044e-05,32,0.47680108917526604,8.829432772472501e-05,0.759215772151947,0.22037321794715448,False,
302,OCNT-2535213,2,CYP2D6,4.82345724105835,4.542755860370562e-08,0.0,1.132181523644249e-06,32,0.3822822276842372,6.780470584999421e-07,1.0,0.20311500830382273,False,
302,OCNT-2535213,3,CYP3A4,4.355096817016602,8.0062662277669e-08,0.0,1.514599262009142e-06,32,0.5702528605603145,1.6434717053925851e-06,1.0,0.31733170628682167,False,
303,OCNT-2535214,0,CYP1A2,4.827854156494141,0.0001327372738160193,6.664001972467304e-08,0.00218735053204,32,0.8947737134200671,0.0038009206764400005,0.21412506699562073,0.7461085517995694,False,
303,OCNT-2535214,1,CYP2C9,4.677089214324951,1.038690152199706e-05,0.0,0.00011754579463740811,32,0.4686283413998309,0.0001559130469104275,0.7442852258682251,0.21417719551058367,False,
303,OCNT-2535214,2,CYP2D6,4.744630813598633,6.272558294995179e-08,0.0,1.2568948477564845e-06,32,0.41006985565827725,9.543222176944255e-07,0.9940205812454224,0.22118829291919434,False,
303,OCNT-2535214,3,CYP3A4,4.343659400939941,3.826070269496995e-07,0.0,5.39073653271771e-06,32,0.6651413752479237,8.356453690794297e-06,0.8708769083023071,0.32733941998987887,False,
304,OCNT-2535215,0,CYP1A2,4.565526485443115,8.538923793821596e-06,0.0,7.004522194620222e-05,32,0.44525630800437954,0.0001218067918671295,0.7562754154205322,0.21088220331545376,False,
304,OCNT-2535215,1,CYP2C9,4.3629608154296875,1.576159047544934e-05,0.0,0.00017750193364918232,32,0.49743357146541023,0.0002510501944925636,0.7262078523635864,0.21734590686976907,False,
304,OCNT-2535215,2,CYP2D6,4.706672668457031,2.1055610588405216e-08,0.0,1.122074081649771e-06,32,0.2578578788129684,2.5625388389016734e-07,1.0,0.1458586659471557,False,
304,OCNT-2535215,3,CYP3A4,4.078913688659668,1.4442818496718246e-07,0.0,2.326653884665575e-06,32,0.6897882992266935,3.408728161957697e-06,0.9760304689407349,0.3815733980914193,False,
305,OCNT-2535216,0,CYP1A2,4.567014217376709,1.0295329047949053e-05,0.0,7.91027705417946e-05,32,0.42443734263815797,0.00013996692723594606,0.7502002716064453,0.19392597394992112,False,
305,OCNT-2535216,1,CYP2C9,4.362878322601318,1.576138129166793e-05,0.0,0.0001774788834154606,32,0.4974664078489335,0.0002510634367354214,0.7290713787078857,0.21728193156925366,False,
305,OCNT-2535216,2,CYP2D6,4.707141876220703,2.118971131892522e-08,0.0,7.829674473214254e-07,32,0.24845994681185335,2.4798060849207104e-07,1.0,0.12843589260103203,False,
305,OCNT-2535216,3,CYP3A4,4.078794956207275,1.4509653567529313e-07,0.0,2.3035779577185167e-06,32,0.6863987895823811,3.4066583793901373e-06,0.9760845303535461,0.3806500813930358,False,
306,OCNT-2535217,0,CYP1A2,4.871851921081543,6.601786481041927e-06,0.0,6.770738400518894e-05,32,0.5934233280270514,0.00012555482680909336,0.7021941542625427,0.2560721523658596,False,
306,OCNT-2535217,1,CYP2C9,4.603085517883301,1.80807983269915e-05,0.0,0.00020681136811617762,32,0.5160254261175605,0.00029872998129576445,0.7200872898101807,0.2232442929031025,False,
306,OCNT-2535217,2,CYP2D6,4.57241153717041,2.7610260744381776e-08,0.0,7.528778951382264e-07,32,0.29212715415156154,3.51583310020942e-07,1.0,0.15623617866282707,False,
306,OCNT-2535217,3,CYP3A4,4.243033409118652,9.630739441490732e-07,0.0,1.5960609744070098e-05,32,0.7711676052198589,2.401289930276107e-05,0.7446733713150024,0.407479723557302,False,
307,OCNT-2535218,0,CYP1A2,4.852720260620117,8.917047125578392e-06,0.0,9.463525930186734e-05,32,0.6357419984935236,0.00018160956096835434,0.6540785431861877,0.2843446473505935,False,
307,OCNT-2535218,1,CYP2C9,4.675656318664551,1.3436176971026725e-07,0.0,1.8418702438793844e-06,32,0.5057490726607082,2.3363465970760444e-06,0.9580149054527283,0.21824922568946528,False,
307,OCNT-2535218,2,CYP2D6,4.527499198913574,3.5976364110013037e-09,0.0,8.605373977843556e-07,32,0.07301715184522309,3.177154184186293e-08,1.0,0.11371466175242329,False,
307,OCNT-2535218,3,CYP3A4,4.374892234802246,6.847535587439779e-07,0.0,9.666818186815362e-06,32,0.7500430039772501,1.667504147917498e-05,0.7955915927886963,0.34923784680210157,False,
308,OCNT-2535219,0,CYP1A2,4.450144290924072,0.00019234922365285456,0.0,0.0021913344971835613,32,0.7930092005566071,0.004881364293396473,0.4972490072250366,0.4109712534423593,False,
308,OCNT-2535219,1,CYP2C9,4.187066555023193,8.090033588814549e-06,0.0,9.241703082807362e-05,32,0.47739959298473084,0.00012374248763080686,0.7442867159843445,0.22319813707924072,False,
308,OCNT-2535219,2,CYP2D6,4.7277350425720215,5.743937947499944e-08,0.0,1.4136244317342062e-06,32,0.40263705513212905,8.689149808560614e-07,0.9970243573188782,0.1889910486622161,False,
308,OCNT-2535219,3,CYP3A4,3.9241175651550293,2.173975985897414e-07,0.0,2.948551809822675e-06,32,0.6390819464220435,4.650422397389775e-06,0.9219067096710205,0.3253551567052313,False,
309,OCNT-2535220,0,CYP1A2,4.975074768066406,1.2477645441322238e-06,0.0,1.172317934106104e-05,32,0.4655759996405201,1.873871951829642e-05,0.8526831865310669,0.18877618255222883,False,
309,OCNT-2535220,1,CYP2C9,4.74506139755249,1.0769034815893974e-05,0.0,0.0001227040629601106,32,0.47770500137394367,0.00016477436292916536,0.7291752696037292,0.2236727543390697,False,
309,OCNT-2535220,2,CYP2D6,4.769646644592285,1.0076965395455773e-07,0.0,1.761616545081779e-06,32,0.4449882880239805,1.5773183577039163e-06,0.9699904918670654,0.1905201272979992,False,
309,OCNT-2535220,3,CYP3A4,4.448918342590332,3.5157250977135845e-07,0.0,4.689341494668042e-06,32,0.6567003128427884,7.598232969030505e-06,0.8799065351486206,0.3217449649279698,False,
310,OCNT-2535221,0,CYP1A2,4.892826080322266,3.962313712690957e-06,0.0,4.137248106417246e-05,32,0.5362454795354838,6.816432869527489e-05,0.7653540372848511,0.22925105559249948,False,
310,OCNT-2535221,1,CYP2C9,4.672828674316406,2.585343645478133e-05,0.0,0.00029682612512260675,32,0.5048501501081263,0.00041782911284826696,0.696067750453949,0.2254648233108606,False,
310,OCNT-2535221,2,CYP2D6,4.588353157043457,9.042467752351513e-08,0.0,1.4178835954226088e-06,32,0.4387296559722983,1.4098970950726653e-06,0.9760233163833618,0.20753393062808378,False,
310,OCNT-2535221,3,CYP3A4,4.253127098083496,1.096473056350078e-06,0.0,1.5651286958018318e-05,32,0.7436028201892867,2.6328847525292076e-05,0.7444008588790894,0.39075861991400934,False,
311,OCNT-2535224,0,CYP1A2,4.70195198059082,0.00015979267482180148,0.0,0.002200057730078697,32,0.9815686236834262,0.005019433330744505,0.49117133021354675,0.51571209002005,False,
311,OCNT-2535224,1,CYP2C9,4.529595375061035,2.1812924387631938e-05,0.0,0.00024968793150037527,32,0.5169641142347551,0.00036101340083405375,0.7110692262649536,0.22410457817793852,False,
311,OCNT-2535224,2,CYP2D6,4.695267677307129,3.057144937201883e-08,0.0,7.918016535768402e-07,32,0.3097069962865292,4.020883750399662e-07,1.0,0.19701129347342566,False,
311,OCNT-2535224,3,CYP3A4,4.211955547332764,9.843726047620294e-07,0.0,1.449100182071561e-05,32,0.7752543509045506,2.4668534024385735e-05,0.7412856817245483,0.41797121101612256,False,
312,OCNT-2535225,0,CYP1A2,4.737298011779785,0.00023405265528708696,0.0,0.0027635751757770777,32,0.9192851488994987,0.006885450333356857,0.4098252058029175,0.583625255302539,False,
312,OCNT-2535225,1,CYP2C9,4.468827247619629,1.4176608601701446e-05,0.0,0.00015947449719533324,32,0.4950611377476233,0.00022474363504443318,0.735091507434845,0.21324405185346046,False,
312,OCNT-2535225,2,CYP2D6,4.780837059020996,9.651311749792058e-09,0.0,6.578608235940919e-07,32,0.18022691953133296,1.1333425220527715e-07,1.0,0.1404939408907782,False,
312,OCNT-2535225,3,CYP3A4,4.191739082336426,1.7782132033516973e-07,0.0,2.6504817469685804e-06,32,0.7007811065815179,4.211892246530624e-06,0.9580184817314148,0.3930244480083346,False,
313,OCNT-2535226,0,CYP1A2,4.876055717468262,0.0002838565851561725,0.0,0.0038714767433702946,2,1.001025613259749,0.0005683154449798167,0.3344855308532715,0.5663414712988877,False,
313,OCNT-2535226,1,CYP2C9,4.695156574249268,1.8958748114528134e-05,0.0,0.0002169981598854065,32,0.516896019094056,0.0003137558524031192,0.7170857787132263,0.22412434997064112,False,
313,OCNT-2535226,2,CYP2D6,4.774389743804932,2.8404590679542707e-08,0.0,9.01114390217117e-07,32,0.3002728389103645,3.6901937505717797e-07,1.0,0.14883347707937364,False,
313,OCNT-2535226,3,CYP3A4,4.407731533050537,8.589096296418575e-07,0.0,1.278204217669554e-05,32,0.7718421216062177,2.1461153664859012e-05,0.7567674517631531,0.41862558904905034,False,
314,OCNT-2535228,0,CYP1A2,3.8924224376678467,0.00037401556619443,0.0003812580544035882,0.003693173872306943,32,0.7665379033665359,0.009174552746117115,1.8705445654632058e-06,0.3594933261959504,False,
314,OCNT-2535228,1,CYP2C9,3.6295197010040283,3.902476601069793e-05,0.0,0.0004580053500831127,32,0.5653479982518445,0.0007061832584440708,0.653892993927002,0.26954290941594067,False,
314,OCNT-2535228,2,CYP2D6,4.424233913421631,8.052095381572144e-07,0.0,8.68657480168622e-06,32,0.4331822263792707,1.1300297046545893e-05,0.8738265633583069,0.19999981075797446,False,
314,OCNT-2535228,3,CYP3A4,3.2259438037872314,1.7363162214678596e-06,0.0,1.9347429770277813e-05,32,0.55942303890142,3.1261744879884645e-05,0.7774561643600464,0.31228093908893567,False,
315,OCNT-2535229,0,CYP1A2,4.711446762084961,1.1783113222918473e-05,2.6162042559008114e-06,0.0001384304341627285,32,0.8602748586447762,0.00032465020194649696,0.000393883470678702,0.5214157699845006,False,
315,OCNT-2535229,1,CYP2C9,4.442770957946777,6.9793613874935545e-06,0.0,8.078484097495675e-05,32,0.47702798045256833,0.00010669187031453475,0.7471908330917358,0.22058234948787991,False,
315,OCNT-2535229,2,CYP2D6,4.752943992614746,5.1922750543553775e-08,0.0,1.423037701897556e-06,32,0.3818420959464615,7.566308113382547e-07,1.0,0.18713178155804688,False,
315,OCNT-2535229,3,CYP3A4,4.180427074432373,9.643151344107537e-08,0.0,1.6829051219247049e-06,32,0.5814542951679539,1.980321940209251e-06,0.9940429925918579,0.30157483913096084,False,
316,OCNT-2535231,0,CYP1A2,4.712238788604736,0.0001716834813123569,0.0,0.0019357434939593077,32,0.8989605134768257,0.004939061123877764,0.6417530179023743,0.37431594302919113,False,
316,OCNT-2535231,1,CYP2C9,4.545516014099121,1.5722027455922216e-05,0.0,0.0001769968366716057,32,0.4972775008027257,0.0002503418654669076,0.7291639447212219,0.21732679629631824,False,
316,OCNT-2535231,2,CYP2D6,4.763062477111816,1.08393551911945e-08,0.0,8.999467127068783e-07,32,0.19843617313254533,1.3232902063009533e-07,1.0,0.1761122857132872,False,
316,OCNT-2535231,3,CYP3A4,4.232624530792236,1.4676552950732003e-07,0.0,2.5349872885271907e-06,32,0.6866624819411796,3.4446402423782274e-06,0.979002058506012,0.386378027819931,False,
317,OCNT-2535233,0,CYP1A2,4.743185520172119,9.764824790181592e-05,1.911302661028458e-06,0.0010422640480101109,32,0.833804238295716,0.0026056915521621704,0.0005714315338991582,0.4218665771387718,False,
317,OCNT-2535233,1,CYP2C9,4.521844387054443,4.92918888994609e-06,0.0,5.700232577510178e-05,32,0.47647330707397445,7.530853326898068e-05,0.7714507579803467,0.22087695186214285,False,
317,OCNT-2535233,2,CYP2D6,4.828957557678223,3.903796397253245e-08,0.0,1.1434790394559968e-06,32,0.36478839212435765,5.724313609789533e-07,1.0,0.18918222706453586,False,
317,OCNT-2535233,3,CYP3A4,4.303365230560303,6.861669277213878e-08,0.0,1.2207106010464486e-06,32,0.5587558295574063,1.4056811323825968e-06,1.0,0.29431078687720735,False,
318,OCNT-2535234,0,CYP1A2,4.702268600463867,1.0235538866254501e-05,2.5242848096240778e-06,0.00012414160300977528,32,0.883994604677432,0.0002898240345530212,0.000442473276052624,0.5411110326982269,False,
318,OCNT-2535234,1,CYP2C9,4.436448097229004,6.975827091082465e-06,0.0,8.070036710705608e-05,32,0.4769993683809815,0.00010663152352208272,0.7502490282058716,0.22089663597649573,False,
318,OCNT-2535234,2,CYP2D6,4.683132171630859,0.00019516004249453545,0.00015398977848235518,0.0028948697727173567,2,1.0008304368616407,0.00039066423778422177,1.0463128319315729e-06,0.7131183038327926,False,
318,OCNT-2535234,3,CYP3A4,4.172723293304443,9.721861715661362e-08,0.0,1.680175046203658e-06,32,0.5790854840207407,1.9868398339895066e-06,0.9940391182899475,0.298083307302515,False,
319,OCNT-2535237,0,CYP1A2,3.871743679046631,0.0003022729652002454,0.00023801966744940728,0.0032253721728920937,32,0.7832228694602181,0.007576157804578543,3.1902848149911733e-06,0.3428369501087486,False,
319,OCNT-2535237,1,CYP2C9,3.6081340312957764,3.273634138167836e-05,0.0,0.0003819683042820543,32,0.542356704818774,0.0005683263298124075,0.6629102826118469,0.25515695279443357,False,
319,OCNT-2535237,2,CYP2D6,4.266688823699951,6.158134056022391e-06,8.429369557916289e-08,7.149217708501965e-05,32,0.7461567993852136,0.0001472766452934593,0.4765356183052063,0.3678359611763632,False,
319,OCNT-2535237,3,CYP3A4,3.1019833087921143,1.1377081818864099e-06,0.0,1.3303801097208634e-05,32,0.5661620619225421,2.0793242583749816e-05,0.8046935796737671,0.32606952360799635,False,
320,OCNT-2535238,0,CYP1A2,3.871309518814087,0.00037173350574448705,0.00023698392033111304,0.0037553373258560896,32,0.742763710280411,0.008835762739181519,3.40231213158404e-06,0.34953831160185617,False,
320,OCNT-2535238,1,CYP2C9,3.598037004470825,3.416493200347759e-05,0.0,0.0003986501833423972,32,0.5423804999937648,0.0005931461346335709,0.6599243879318237,0.2551544603926675,False,
320,OCNT-2535238,2,CYP2D6,4.23922061920166,6.421064881578786e-06,2.9802322387695312e-08,7.455170270986855e-05,32,0.7464404110837284,0.00015361301484517753,0.46745556592941284,0.36741729000127205,False,
320,OCNT-2535238,3,CYP3A4,3.0734503269195557,1.187807129099383e-06,0.0,1.4129640476312488e-05,32,0.566187216894588,2.170185871364083e-05,0.8016026616096497,0.3169990245137002,False,
321,OCNT-2535239,0,CYP1A2,4.632261276245117,9.630375279812142e-05,8.606349183537532e-06,0.0016996428603306413,32,0.9807474988945823,0.0030227031093090773,9.082006727112457e-05,0.5835028171758802,False,
321,OCNT-2535239,1,CYP2C9,4.421613693237305,1.0149672561965417e-05,0.0,0.00011572265066206455,32,0.47832046939155953,0.00015550653915852308,0.7291654944419861,0.22419661589624934,False,
321,OCNT-2535239,2,CYP2D6,4.694185256958008,8.099895154600745e-08,0.0,1.4778752301936038e-06,32,0.432906389868085,1.260608883058012e-06,0.9790548086166382,0.20575597866642048,False,
321,OCNT-2535239,3,CYP3A4,4.088404655456543,2.930682683199848e-07,0.0,4.014357273263158e-06,32,0.6506090189425601,6.309726359177148e-06,0.8978350758552551,0.31536321132280687,False,
322,OCNT-2535240,0,CYP1A2,4.6486921310424805,0.00030989141669124365,8.10716301202774e-06,0.004010372329503298,32,0.9049855283876969,0.00897460151463747,9.259024955099449e-05,0.5659976385980858,False,
322,OCNT-2535240,1,CYP2C9,4.418155193328857,9.681138180894777e-06,0.0,0.00011036199430236593,32,0.4782900715005531,0.0001483256055507809,0.7321912050247192,0.22413172426785974,False,
322,OCNT-2535240,2,CYP2D6,4.743459701538086,8.290744091254965e-08,0.0,1.6877150983418687e-06,32,0.43180437780731407,1.2837708709412254e-06,0.9790534377098083,0.20413716857994016,False,
322,OCNT-2535240,3,CYP3A4,4.098120212554932,2.797791296416108e-07,0.0,4.162414825259475e-06,32,0.650214613231689,6.0293959904811345e-06,0.9008975028991699,0.3181382526401684,False,
323,OCNT-2535241,0,CYP1A2,4.8501739501953125,1.112166228267597e-05,0.0,7.873363210819662e-05,32,0.39623340390820616,0.00014114356599748135,0.7621860504150391,0.1972836284158674,False,
323,OCNT-2535241,1,CYP2C9,4.579372406005859,1.3322920494829305e-05,0.0,0.00014999019913375378,32,0.49730464776699945,0.00021217674657236785,0.738105058670044,0.2173150479746781,False,
323,OCNT-2535241,2,CYP2D6,4.826615333557129,9.91271509320768e-09,0.0,8.132124094117898e-07,32,0.1859528015276169,1.1849040504330333e-07,1.0,0.13211487672988914,False,
323,OCNT-2535241,3,CYP3A4,4.331050872802734,1.2415195271842094e-07,0.0,1.9438762137724552e-06,32,0.6759639196109418,2.9018201530561782e-06,0.9970101714134216,0.3967429508499811,False,
324,OCNT-2535242,0,CYP1A2,4.8591108322143555,4.711179371952312e-06,0.0,3.1554518500342965e-05,32,0.3849294648702977,5.8154273574473336e-05,0.8315209150314331,0.1393226696071166,False,
324,OCNT-2535242,1,CYP2C9,4.626170635223389,6.0103229770902544e-06,1.7881393432617188e-06,6.854881212348118e-05,32,0.9349194590896114,0.00018011254724115133,0.00046839340939186513,0.49415430835357554,False,
324,OCNT-2535242,2,CYP2D6,4.572657585144043,5.260852049104869e-06,1.429269218533591e-07,9.772484190762043e-05,32,0.8253538051075848,0.00013921016943641007,0.4040408432483673,0.461927924308845,False,
324,OCNT-2535242,3,CYP3A4,4.2154316902160645,5.058779788669199e-05,3.697242573252879e-05,0.0009593461873009801,32,0.8882928125331254,0.0014382611261680722,1.626291123102419e-05,0.4671960229767472,False,
325,OCNT-2535245,0,CYP1A2,4.685459136962891,0.00012854266969952732,0.0,0.0022327820770442486,2,1.0015535083854952,0.00025750475469976664,0.2922948896884918,0.7869172682206242,False,
325,OCNT-2535245,1,CYP2C9,4.368132591247559,2.9600127163575962e-05,0.0,0.0003358722315169871,32,0.5067606539682689,0.00048016791697591543,0.6961989998817444,0.2204179073220296,False,
325,OCNT-2535245,2,CYP2D6,4.534884929656982,3.069247966891453e-08,0.0,7.107300916686654e-07,32,0.3086709716186513,4.01938791583234e-07,1.0,0.17536876349206015,False,
325,OCNT-2535245,3,CYP3A4,3.9417457580566406,8.728526381673873e-07,0.0,1.265296850760933e-05,32,0.768984756938457,2.1724807083955966e-05,0.7565475106239319,0.4138548212453047,False,
326,OCNT-2535246,0,CYP1A2,4.690067291259766,3.7632912608387414e-06,0.0,3.94067210436333e-05,32,0.5227933262776235,6.312484765658155e-05,0.777340829372406,0.21235163948077407,False,
326,OCNT-2535246,1,CYP2C9,4.52719259262085,2.7720456273527816e-05,0.0,0.0003229598223697394,32,0.532650173064012,0.0004726602346636355,0.6899682283401489,0.23843733841742354,False,
326,OCNT-2535246,2,CYP2D6,4.529211521148682,0.0004762937896884978,0.00022839262965135276,0.0064945826306939125,2,1.0010015721332082,0.0009535616845823824,3.1543783052256913e-07,0.6166624918498701,False,
326,OCNT-2535246,3,CYP3A4,4.148411273956299,1.6585044022576767e-06,0.0,2.3998885808396153e-05,32,0.7331583156512166,3.91448920709081e-05,0.7110978960990906,0.3580431458509895,False,
327,OCNT-2535247,0,CYP1A2,4.8686981201171875,5.6201006373157725e-05,0.0,0.0004232693463563919,32,0.5074619693450835,0.000912798335775733,0.7351207733154297,0.19400444819820184,False,
327,OCNT-2535247,1,CYP2C9,4.694801330566406,2.611157287901733e-05,0.0,0.00031449017114937305,32,0.566140497195915,0.00047323136823251843,0.6899107694625854,0.2486128642045024,False,
327,OCNT-2535247,2,CYP2D6,4.76365852355957,3.5683171972777927e-07,0.0,4.305195034248754e-06,32,0.4147884327582771,4.869041731581092e-06,0.9159024953842163,0.184948266668277,False,
327,OCNT-2535247,3,CYP3A4,4.365120887756348,7.726053809165023e-06,0.0,0.00012036408588755876,32,0.8072351830617547,0.0001998340740101412,0.4943695664405823,0.41732658158730274,False,
328,OCNT-2535251,0,CYP1A2,4.6187262535095215,7.674027074244805e-06,0.0,7.765893678879365e-05,32,0.5494056567810961,0.00013509273412637413,0.7292370200157166,0.22198920789765728,False,
328,OCNT-2535251,1,CYP2C9,4.319674968719482,7.130995800253004e-05,0.0,0.000993187539279461,32,0.7056300180504063,0.0016104161040857434,0.608680248260498,0.30287561077873415,False,
328,OCNT-2535251,2,CYP2D6,3.9147791862487793,8.819179129204713e-06,0.0,0.00010356998245697469,32,0.6450225180098474,0.0001822406193241477,0.5758334398269653,0.34297860568676897,False,
328,OCNT-2535251,3,CYP3A4,3.2286229133605957,7.13774988980731e-06,0.0,0.00011120123963337392,32,0.8069580060563081,0.00018457388796377927,0.5036093592643738,0.41680357767601633,False,
329,OCNT-2535253,0,CYP1A2,4.758137226104736,1.4782960533921141e-05,5.699650500901043e-06,0.00023331481497734785,32,0.9137420629576456,0.0004325424088165164,0.00014329064288176596,0.44550512455789115,False,
329,OCNT-2535253,1,CYP2C9,4.499472618103027,3.920802191714756e-05,0.0,0.0005405835690908134,32,0.7672767872926368,0.0009629144915379584,0.49433282017707825,0.30241169960178316,False,
329,OCNT-2535253,2,CYP2D6,4.360104560852051,4.044839840844361e-07,0.0,6.687564564344939e-06,32,0.7268985974277866,9.641210453992244e-06,0.8589450120925903,0.3758057038227126,False,
329,OCNT-2535253,3,CYP3A4,4.027504920959473,8.748834261496086e-07,0.0,1.2666412658290938e-05,32,0.7419338907810703,2.1008800104027614e-05,0.7654131054878235,0.3915346022294367,False,
330,OCNT-2535254,0,CYP1A2,4.555727958679199,2.99897619697731e-05,0.0,0.00022390077356249094,32,0.5032935926916957,0.0004831580154132098,0.7531355023384094,0.18485910690077578,False,
330,OCNT-2535254,1,CYP2C9,4.375553131103516,1.555019298393745e-05,0.0,0.00017795378516893834,32,0.5166391886897174,0.00025724817533046007,0.7260385155677795,0.22398028706516543,False,
330,OCNT-2535254,2,CYP2D6,4.671977996826172,0.00033553651883266866,1.9885967049049214e-05,0.005243607796728611,2,1.0015535563498057,0.0006721356185153127,3.2820255455590086e-06,0.7043809204072703,False,
330,OCNT-2535254,3,CYP3A4,4.1332831382751465,7.040358696031035e-07,0.0,1.0400581231806427e-05,32,0.7705627587906663,1.7606702385819517e-05,0.7804656624794006,0.41829411626988633,False,
331,OCNT-2535255,0,CYP1A2,4.638580322265625,1.486267319705803e-05,0.0,9.840827260632068e-05,32,0.3783334958556467,0.00018005857418756932,0.7532241344451904,0.2042042418441049,False,
331,OCNT-2535255,1,CYP2C9,4.476714134216309,1.3839200619258918e-05,0.0,0.00015582027845084667,32,0.49724735173551077,0.00022036730661056936,0.7352318167686462,0.2173781930774094,False,
331,OCNT-2535255,2,CYP2D6,4.7900590896606445,1.0455178056645309e-08,0.0,5.597163408310735e-07,32,0.18078177030111714,1.1833354562895693e-07,1.0,0.161476798930767,False,
331,OCNT-2535255,3,CYP3A4,4.192952632904053,1.2826117767872347e-07,0.0,2.1685818865080364e-06,32,0.6838612369882082,3.025646719834185e-06,0.9939919114112854,0.3930042590327895,False,
332,OCNT-2535256,0,CYP1A2,4.597688674926758,6.147865497041494e-05,0.0,0.00041217930265702307,32,0.41629922269403047,0.0008191257365979254,0.7501503825187683,0.15155677828972236,False,
332,OCNT-2535256,1,CYP2C9,4.421161651611328,2.1908530470682308e-05,0.0,0.0002508430043235421,32,0.5174024492126057,0.00036290244315750897,0.7110887765884399,0.22427469093707791,False,
332,OCNT-2535256,2,CYP2D6,4.703197479248047,3.100798195987409e-08,0.0,7.774244181746326e-07,32,0.29320899017540586,3.847650873467501e-07,1.0,0.17238876713079743,False,
332,OCNT-2535256,3,CYP3A4,4.118772506713867,9.571600685376325e-07,0.0,1.4235574781196192e-05,32,0.773787772752506,2.394805233052466e-05,0.7413904666900635,0.4177121750754896,False,
333,OCNT-2535257,0,CYP1A2,4.716559886932373,0.0002150202199118212,0.0,0.0022287280298769474,32,0.8338948796627256,0.005738003179430962,0.6176311373710632,0.3447761699087379,False,
333,OCNT-2535257,1,CYP2C9,4.548182964324951,2.178854811063502e-05,0.0,0.00024937326088547707,32,0.5168546618651589,0.00036053379881195724,0.7110833525657654,0.2240266275619081,False,
333,OCNT-2535257,2,CYP2D6,4.714022636413574,3.165853357245396e-08,0.0,7.002682878010091e-07,32,0.30735003704041614,4.0972005876938056e-07,1.0,0.1810160335426934,False,
333,OCNT-2535257,3,CYP3A4,4.239874362945557,9.871135944194975e-07,0.0,1.4470633686869405e-05,32,0.7756553013445231,2.4749326257733628e-05,0.7412853240966797,0.4182548233293055,False,
334,OCNT-2535258,0,CYP1A2,5.004889965057373,3.037488568224944e-06,0.0,2.984857746923808e-05,32,0.5422308749329205,5.287815656629391e-05,0.7803904414176941,0.22418073168431285,False,
334,OCNT-2535258,1,CYP2C9,4.83322811126709,1.8123068002751097e-05,0.0,0.000208069832297042,32,0.5164074797848867,0.00029964966233819723,0.720038890838623,0.22387934778887292,False,
334,OCNT-2535258,2,CYP2D6,4.643812656402588,2.6390091534267412e-06,1.0745380052412656e-07,4.9029164074454457e-05,32,0.8241246694179605,6.985964137129486e-05,0.5275335907936096,0.44340813905965015,False,
334,OCNT-2535258,3,CYP3A4,4.446569919586182,2.621884414111264e-05,2.0284262063796632e-05,0.0004985788254998624,32,0.8866026461292751,0.0007441460038535297,3.715613638632931e-05,0.46614102122376694,False,
335,OCNT-2535259,0,CYP1A2,4.888364791870117,3.442539764364483e-06,0.0,3.3086522307712585e-05,32,0.5231702313927984,5.780051287729293e-05,0.783353865146637,0.21045013120513625,False,
335,OCNT-2535259,1,CYP2C9,4.587296485900879,2.3312368284678087e-05,0.0,0.000267542724031955,32,0.5043140238600929,0.0003763775166589767,0.6989910006523132,0.22519513657711185,False,
335,OCNT-2535259,2,CYP2D6,4.61630392074585,8.002743356883002e-08,0.0,1.6389612937928177e-06,32,0.4333298909183488,1.24837049497728e-06,0.9790682792663574,0.1997684991977131,False,
335,OCNT-2535259,3,CYP3A4,4.1838483810424805,9.357948442811903e-07,0.0,1.3354578186408617e-05,32,0.7491722773384566,2.267402487632353e-05,0.7594006061553955,0.3968904551282922,False,
336,OCNT-2535260,0,CYP1A2,4.681318283081055,5.7774737797444686e-05,0.0,0.0005659875459969044,32,0.7291000311186301,0.0013481873320415616,0.6629183888435364,0.25152165124480785,False,
336,OCNT-2535260,1,CYP2C9,4.378190040588379,7.185644062701613e-05,0.0,0.00100427377037704,32,0.7088232191688156,0.001630099257454276,0.6056249737739563,0.303458544331063,False,
336,OCNT-2535260,2,CYP2D6,3.79516863822937,9.925227459461894e-06,0.0,0.00011747704411391169,32,0.6444424348401713,0.00020488582958932966,0.560640811920166,0.3353069246679742,False,
336,OCNT-2535260,3,CYP3A4,3.2127773761749268,8.366503720935725e-07,0.0,1.2422524378052913e-05,32,0.7742052790096424,2.09753980016103e-05,0.7563061714172363,0.411947757204126,False,
337,OCNT-2535261,0,CYP1A2,4.757960319519043,3.375593678356381e-06,0.0,3.4711116313701496e-05,32,0.5348005252424058,5.793975287815556e-05,0.7773719429969788,0.21741362783329948,False,
337,OCNT-2535261,1,CYP2C9,4.451618194580078,2.392157693975605e-05,0.0,0.00028767980984412134,32,0.5649940477932395,0.0004326783528085798,0.6959578990936279,0.24869297951993133,False,
337,OCNT-2535261,2,CYP2D6,4.761521339416504,3.3954191280827217e-07,0.0,3.8554535422008485e-06,32,0.41232532320103527,4.611999429471325e-06,0.9158464670181274,0.1666160886428652,False,
337,OCNT-2535261,3,CYP3A4,4.133111000061035,7.0348833105526865e-06,0.0,0.00010946772817987949,32,0.8061405280093232,0.00018173331045545638,0.5063439607620239,0.4171467943130902,False,
338,OCNT-2535263,0,CYP1A2,5.001199722290039,2.717698635024135e-06,0.0,2.655622665770352e-05,32,0.535428012895923,4.673556031775661e-05,0.7923738360404968,0.21954669498560017,False,
338,OCNT-2535263,1,CYP2C9,4.762030124664307,1.7689713786239736e-05,0.0,0.00020107300952076912,32,0.5099563759566312,0.0002888346207328141,0.7200683355331421,0.2226865004023733,False,
338,OCNT-2535263,2,CYP2D6,4.812361240386963,1.5180729562302986e-08,0.0,1.019768433252466e-06,32,0.23489807932666626,1.8927696032733365e-07,1.0,0.1657437466120602,False,
338,OCNT-2535263,3,CYP3A4,4.481267929077148,1.770128790212766e-07,0.0,2.6170691853621975e-06,32,0.7007652809112701,4.193668246443849e-06,0.9611809253692627,0.39533355807979004,False,
339,OCNT-2535264,0,CYP1A2,4.831536293029785,0.0002825790143106133,2.4755667027420714e-07,0.00475304014980793,2,1.001265170098278,0.0005658930749632418,0.06655257940292358,0.7570821224186226,False,
339,OCNT-2535264,1,CYP2C9,4.437984466552734,8.867074029694777e-06,0.0,0.00010103374370373785,32,0.47823070220278924,0.00013584925909526646,0.7382757067680359,0.2243325714997301,False,
339,OCNT-2535264,2,CYP2D6,4.756072998046875,7.772145949047626e-08,0.0,1.6161895928235026e-06,32,0.42987833090181876,1.2067057468811981e-06,0.9820051193237305,0.20109494022565724,False,
339,OCNT-2535264,3,CYP3A4,4.161186695098877,2.5457478614043794e-07,0.0,3.588772869989043e-06,32,0.6464767022304034,5.4733259275963064e-06,0.9098781943321228,0.3250604679748897,False,
340,OCNT-2535266,0,CYP1A2,4.588662147521973,0.00018419390835333616,1.087253895093454e-05,0.0022409814409911633,32,0.8376026343987301,0.004937269724905491,6.403549923561513e-05,0.5848273031526539,False,
340,OCNT-2535266,1,CYP2C9,4.458819389343262,3.410995930153149e-07,0.0,3.1839367693464737e-06,32,0.4764256695340679,5.352731477614725e-06,0.9067739248275757,0.19120578977199354,False,
340,OCNT-2535266,2,CYP2D6,4.556764602661133,1.0996271839758265e-06,0.0,1.5141479707381222e-05,32,0.7846211332207044,2.786038203339558e-05,0.7172573804855347,0.4373424629714949,False,
340,OCNT-2535266,3,CYP3A4,4.239017009735107,4.479666060319687e-08,0.0,1.2276641427888535e-06,32,0.38168934494360957,6.692896477034083e-07,1.0,0.14326135519068678,False,
341,OCNT-2535268,0,CYP1A2,4.390763759613037,0.00015978854207787663,6.00326814037544e-07,0.002264721319079399,32,0.915854267303595,0.004683269653469324,0.05768594518303871,0.5458516832571638,False,
341,OCNT-2535268,1,CYP2C9,4.232611179351807,2.793767066577857e-07,0.0,2.8066929189662915e-06,32,0.45559154492778214,4.218802587274695e-06,0.9188492298126221,0.18362667731349647,False,
341,OCNT-2535268,2,CYP2D6,4.368239402770996,1.3725709777645534e-06,0.0,1.4631271369580645e-05,32,0.7847086641495957,3.471729360171594e-05,0.6870627999305725,0.4422856160506061,False,
341,OCNT-2535268,3,CYP3A4,3.979539394378662,5.457341956116579e-08,0.0,1.063348008756293e-06,32,0.3955504462538217,8.173454375537403e-07,0.9970101118087769,0.15642650294892588,False,
342,OCNT-2535269,0,CYP1A2,4.666358947753906,0.00015717146743554622,1.2850124221586157e-05,0.0022833256516605616,32,0.965173476323289,0.004854636266827583,6.429420318454504e-05,0.6418339309410712,False,
342,OCNT-2535269,1,CYP2C9,4.512624740600586,4.024467727958836e-07,0.0,3.60094963980373e-06,32,0.4788867763605672,6.32048977422528e-06,0.8977571725845337,0.1990762808823504,False,
342,OCNT-2535269,2,CYP2D6,4.506642818450928,1.2993873497180175e-06,0.0,1.792445073078852e-05,32,0.7863337147128052,3.294769339845516e-05,0.6931772232055664,0.4301415279968503,False,
342,OCNT-2535269,3,CYP3A4,4.27705192565918,5.27400736416439e-08,0.0,9.522883601675858e-07,32,0.39190128854355616,7.868133025112911e-07,0.9970079064369202,0.16686911705718893,False,
343,OCNT-2535270,0,CYP1A2,4.722321510314941,0.00013831497926730663,1.1297282071609516e-05,0.0020094006322324276,32,0.9651759498081376,0.004272254183888435,6.433890666812658e-05,0.6418311996353256,False,
343,OCNT-2535270,1,CYP2C9,4.569169998168945,3.5487803984324273e-07,0.0,3.2631178328301758e-06,32,0.4766742288264683,5.565694664255716e-06,0.906740665435791,0.19000528395876431,False,
343,OCNT-2535270,2,CYP2D6,4.572568416595459,1.143656618296518e-06,0.0,1.566635546623729e-05,32,0.7850999559192097,2.8983544325456023e-05,0.7142724394798279,0.4317241335104178,False,
343,OCNT-2535270,3,CYP3A4,4.281699180603027,4.665117714353073e-08,0.0,1.0169308097829344e-06,32,0.38366789015988606,6.955276035114366e-07,1.0,0.1600890323701708,False,
344,OCNT-2535271,0,CYP1A2,4.749617576599121,0.0001383192284265533,1.1353013178450055e-05,0.0020094614010304213,32,0.9651874340950128,0.004272436257451773,6.509778904728591e-05,0.6418474796701066,False,
344,OCNT-2535271,1,CYP2C9,4.6519598960876465,3.546614095739642e-07,0.0,3.3110613912867848e-06,32,0.4768159791554865,5.564044386119349e-06,0.9067553877830505,0.19013756721298364,False,
344,OCNT-2535271,2,CYP2D6,4.584935188293457,1.143608415077324e-06,2.9802322387695312e-08,1.565698767080903e-05,32,0.7850196762508137,2.8979369744774885e-05,0.7113168239593506,0.42948459083621426,False,
344,OCNT-2535271,3,CYP3A4,4.437956809997559,4.678217990772282e-08,0.0,1.1462683460194967e-06,32,0.38168989234796713,6.93541892360372e-07,1.0,0.15664865268338202,False,
345,OCNT-2535272,0,CYP1A2,4.666226863861084,0.0001571767352288589,1.2857069123128895e-05,0.0022834104020148516,32,0.9651857527329563,0.004854860715568066,6.498055154224858e-05,0.6418359477629624,False,
345,OCNT-2535272,1,CYP2C9,4.512753486633301,4.0302586512552807e-07,0.0,3.6536462175718043e-06,32,0.47842157596509743,6.323215529846493e-06,0.8977854251861572,0.1917740819330496,False,
345,OCNT-2535272,2,CYP2D6,4.507739067077637,1.2988241451239446e-06,0.0,1.7953165297512896e-05,32,0.7865920849333722,3.2944342819973826e-05,0.6960784792900085,0.4288758823705648,False,
345,OCNT-2535272,3,CYP3A4,4.277426719665527,5.270392833267579e-08,0.0,1.205096396006411e-06,32,0.39390783431581433,7.903861956037872e-07,0.9970052242279053,0.1572563597313805,False,
346,OCNT-2535273,0,CYP1A2,4.720991134643555,0.00014408236893359572,1.1810569048975594e-05,0.0020931889303028584,32,0.965190177857099,0.004450449254363775,6.343639688566327e-05,0.6418405194014664,False,
346,OCNT-2535273,1,CYP2C9,4.607595443725586,3.691633878588618e-07,0.0,3.4122783745260676e-06,32,0.4779339165491138,5.79888137508533e-06,0.9037819504737854,0.17409847315305887,False,
346,OCNT-2535273,2,CYP2D6,4.562765121459961,1.1907370662811445e-06,0.0,1.644262738409452e-05,32,0.7857332067917271,3.0190687539288774e-05,0.7052854299545288,0.41434649666017764,False,
346,OCNT-2535273,3,CYP3A4,4.352186679840088,4.856025626054361e-08,0.0,1.2386863090796396e-06,32,0.386040510701945,7.234121994770248e-07,1.0,0.17076431180200896,False,
347,OCNT-2535274,0,CYP1A2,4.6772565841674805,0.0001503425883129239,1.2342551599431317e-05,0.0021841239649802446,32,0.9651824496190544,0.004643765743821859,6.440174183808267e-05,0.6418425876561906,False,
347,OCNT-2535274,1,CYP2C9,4.48960018157959,3.853005807741283e-07,0.0,3.641770945250755e-06,32,0.4780029478162378,6.0465549722721335e-06,0.900775671005249,0.19043754754288156,False,
347,OCNT-2535274,2,CYP2D6,4.525421142578125,1.2432570883902372e-06,0.0,1.712091761874035e-05,32,0.7857635090248599,3.1512437999481335e-05,0.7022675275802612,0.4324907952773853,False,
347,OCNT-2535274,3,CYP3A4,4.255509853363037,5.059139240870536e-08,0.0,1.0541987194301328e-06,32,0.38771118211852795,7.517427320635761e-07,1.0,0.17376848919773624,False,
348,OCNT-2535275,0,CYP1A2,4.733437538146973,0.00013831692922394723,1.1324029401293956e-05,0.002009424613788724,32,0.9651818058845293,0.004272340331226587,6.630962889175862e-05,0.6418404090191809,False,
348,OCNT-2535275,1,CYP2C9,4.598940849304199,3.5459714808894205e-07,0.0,3.1700540148449363e-06,32,0.4770524970959057,5.565823357756017e-06,0.9037678837776184,0.19485056158975386,False,
348,OCNT-2535275,2,CYP2D6,4.5741729736328125,1.1440578191468376e-06,0.0,1.56381447595777e-05,32,0.7847629890810082,2.8981179639231414e-05,0.7142688035964966,0.41072651890088085,False,
348,OCNT-2535275,3,CYP3A4,4.3798723220825195,4.6735987524471057e-08,0.0,1.272463009627245e-06,32,0.38082799665519995,6.914128789503593e-07,1.0,0.15052734070104562,False,
349,OCNT-2535276,0,CYP1A2,4.707852840423584,0.0001440781488781795,1.1802999324572738e-05,0.0020931256003677845,32,0.9651791600253173,0.0044502681121230125,6.318828673101962e-05,0.6418330342731451,False,
349,OCNT-2535276,1,CYP2C9,4.5578837394714355,3.693194798870536e-07,0.0,3.3518244890728965e-06,32,0.47768400768876657,5.79823517909972e-06,0.9037375450134277,0.17959364622120136,False,
349,OCNT-2535276,2,CYP2D6,4.552961826324463,1.1905442534043686e-06,0.0,1.651040292927064e-05,32,0.7858265395838943,3.0189425160642713e-05,0.708265483379364,0.43568575915451657,False,
349,OCNT-2535276,3,CYP3A4,4.298269748687744,4.834523181784789e-08,0.0,1.1380539035599213e-06,32,0.38566095828431785,7.200472964541405e-07,1.0,0.15324591020685252,False,
350,OCNT-2535278,0,CYP1A2,4.779975891113281,6.159657641546801e-05,0.0,0.0006026282790116966,32,0.7900397090555933,0.0015574925346300006,0.6477011442184448,0.36131162495699565,False,
350,OCNT-2535278,1,CYP2C9,4.547595024108887,2.098730874422472e-05,0.0,0.00024880224373191595,32,0.5691075623489995,0.000382391270250082,0.6899851560592651,0.26714420481142753,False,
350,OCNT-2535278,2,CYP2D6,4.809399604797363,2.4374156737394514e-07,0.0,3.0730564049008535e-06,32,0.44381184504664783,3.6036324218002846e-06,0.927867591381073,0.18232141466468177,False,
350,OCNT-2535278,3,CYP3A4,4.292966365814209,3.2087946237879805e-06,0.0,4.7471079597016796e-05,32,0.7609222372007551,7.837607699912041e-05,0.6269950270652771,0.390513215636462,False,
351,OCNT-2535279,0,CYP1A2,4.822934150695801,5.303270518197678e-05,0.0,0.000510062207467854,32,0.7777502561563888,0.0013201272813603282,0.6717911958694458,0.29583185636959775,False,
351,OCNT-2535279,1,CYP2C9,4.592290878295898,2.254184801131487e-05,0.0,0.00026722444454208016,32,0.5691263962099423,0.00041071526356972754,0.6868920922279358,0.2670815688763384,False,
351,OCNT-2535279,2,CYP2D6,4.79840087890625,2.604163285013783e-07,0.0,3.1061381378094666e-06,32,0.4443676151273178,3.84525628760457e-06,0.9248252511024475,0.18889712013577797,False,
351,OCNT-2535279,3,CYP3A4,4.325193405151367,3.4467598197807092e-06,0.0,5.105773743707687e-05,32,0.7610761860670213,8.418744255322963e-05,0.6178609132766724,0.3900820131002955,False,
352,OCNT-2535280,0,CYP1A2,4.8365888595581055,3.3222850106540136e-06,0.0,3.7887093640165403e-05,32,0.5521092388796962,5.8873130910797045e-05,0.7683477997779846,0.2244340795645926,False,
352,OCNT-2535280,1,CYP2C9,4.589502334594727,2.2541293219546787e-05,0.0,0.000267213792540133,32,0.5691303149636613,0.00041070798761211336,0.686943769454956,0.2669502924839342,False,
352,OCNT-2535280,2,CYP2D6,4.696261405944824,0.00032673325040377676,2.642177241796162e-05,0.004695097915828228,2,1.0015823193326003,0.0006545205251313746,1.3906553704146063e-06,0.6276134507162513,False,
352,OCNT-2535280,3,CYP3A4,4.320621490478516,3.4459806101949653e-06,2.9802322387695312e-08,5.101109127281234e-05,32,0.7611753473418245,8.417943172389641e-05,0.6179056763648987,0.3907741887347728,False,
353,OCNT-2535281,0,CYP1A2,4.765511989593506,5.623385277431225e-06,0.0,6.075820783735253e-05,32,0.5331690910807713,9.611350105842575e-05,0.7502583861351013,0.2199492715729173,False,
353,OCNT-2535281,1,CYP2C9,4.521148681640625,3.473990364000201e-05,0.0,0.0004085320979356766,32,0.5417514042049959,0.0006024258909747005,0.6808868646621704,0.23777643567458878,False,
353,OCNT-2535281,2,CYP2D6,4.580728530883789,3.106322878920764e-07,0.0,3.613813987612957e-06,32,0.41373081621277497,4.2449746615602635e-06,0.9218295812606812,0.20230277881778022,False,
353,OCNT-2535281,3,CYP3A4,4.079647541046143,6.714280516462168e-06,0.0,0.00010441240010550246,32,0.8059293641651901,0.0001734174438752234,0.5094113349914551,0.4166433407993598,False,
354,OCNT-2535283,0,CYP1A2,4.580787658691406,3.0762196274736198e-06,0.0,3.155500962748192e-05,32,0.5260775043981848,5.195490302867256e-05,0.7863730192184448,0.2147457022141746,False,
354,OCNT-2535283,1,CYP2C9,4.399578094482422,2.221025170001667e-05,0.0,0.0002671116963028908,32,0.5650069504460856,0.0004017470928374678,0.6989696025848389,0.24898964910424615,False,
354,OCNT-2535283,2,CYP2D6,4.64927339553833,0.00032840584754012525,2.8429604981283774e-07,0.0056138187646865845,2,1.0017116198969351,0.0006579559412784874,0.08455025404691696,0.7667322531971861,False,
354,OCNT-2535283,3,CYP3A4,4.106310844421387,6.480111096607288e-06,0.0,0.00010075316822621971,32,0.805417553767048,0.0001672719808993861,0.5125150084495544,0.4172578996638287,False,
355,OCNT-2535284,0,CYP1A2,4.6576924324035645,3.859585376631003e-06,0.0,3.929166268790141e-05,32,0.49236099874381467,6.096745346440002e-05,0.7774051427841187,0.22247806308480106,False,
355,OCNT-2535284,1,CYP2C9,4.397102355957031,2.410063098068349e-05,0.0,0.0002902635606005788,32,0.5661024439257952,0.0004367707879282534,0.695946991443634,0.2485659797520935,False,
355,OCNT-2535284,2,CYP2D6,4.754967212677002,3.3036420177268155e-07,0.0,3.7469783364940668e-06,32,0.4120961715940615,4.488409103942104e-06,0.9188475012779236,0.18248631032678742,False,
355,OCNT-2535284,3,CYP3A4,4.080845355987549,7.1381036832463e-06,0.0,0.00011120238923467696,32,0.8069989878600459,0.00018459239799994975,0.50351881980896,0.41725687643024656,False,
356,OCNT-2535285,0,CYP1A2,4.799872398376465,3.385672243894078e-06,0.0,3.472639946267009e-05,32,0.5355042016586143,5.818869612994604e-05,0.7774364948272705,0.2169147080213792,False,
356,OCNT-2535285,1,CYP2C9,4.6022186279296875,2.4100883820210584e-05,0.0,0.0002902639680542052,32,0.5661171787660861,0.0004367867368273437,0.6959803104400635,0.24861184431409322,False,
356,OCNT-2535285,2,CYP2D6,4.7791032791137695,3.3009021649377246e-07,0.0,3.7873217024753103e-06,32,0.4119010420534211,4.482672466110671e-06,0.9188252687454224,0.1808048753157595,False,
356,OCNT-2535285,3,CYP3A4,4.293883800506592,7.137169632187579e-06,0.0,0.00011120754788862541,32,0.8070484620726943,0.0001845795923145488,0.50045245885849,0.417330094636914,False,
357,OCNT-2535286,0,CYP1A2,4.770563125610352,3.803674553637393e-05,0.0,0.0002851827593985945,32,0.5412320195879308,0.000658947741612792,0.7321463823318481,0.19253746259543153,False,
357,OCNT-2535286,1,CYP2C9,4.584489822387695,1.5049610738060437e-05,0.0,0.00016944899107329547,32,0.49734128633356295,0.00023967251763679087,0.7321219444274902,0.21734185352655616,False,
357,OCNT-2535286,2,CYP2D6,4.7861785888671875,1.1944099931326946e-08,0.0,8.460455660497246e-07,32,0.195315409834973,1.371526678894952e-07,1.0,0.151728903089504,False,
357,OCNT-2535286,3,CYP3A4,4.277848243713379,1.4141458848371258e-07,0.0,2.178832801291719e-06,32,0.6816648260836238,3.302847972008749e-06,0.9819722175598145,0.3729136556151055,False,
358,OCNT-2535287,0,CYP1A2,4.739130973815918,4.1661609429866076e-05,0.0,0.00031236515496857464,32,0.5412430301679653,0.0007217429811134934,0.7290851473808289,0.19262394599799632,False,
358,OCNT-2535287,1,CYP2C9,4.57820987701416,1.641016024223063e-05,0.0,0.0001847569365054369,32,0.4970648556009794,0.000261180306551978,0.72609543800354,0.21721920195525085,False,
358,OCNT-2535287,2,CYP2D6,4.759007453918457,1.1881283512593654e-08,0.0,9.197370332003629e-07,32,0.19813276256371057,1.3873277282527852e-07,1.0,0.13226112154272884,False,
358,OCNT-2535287,3,CYP3A4,4.255039691925049,1.553781032725965e-07,0.0,2.4894286525523057e-06,32,0.6892940364753475,3.6478124911809573e-06,0.9730336666107178,0.3959261604293858,False,
359,OCNT-2535289,0,CYP1A2,4.649742126464844,0.0001833373389672488,0.0,0.0015299959341064095,32,0.6525083011340723,0.0038283411413431168,0.659774661064148,0.2871626820104318,False,
359,OCNT-2535289,1,CYP2C9,4.340787887573242,5.1687078666873276e-05,0.0,0.0006153539288789034,32,0.5678974655131374,0.0009394764783792198,0.6418502330780029,0.2552694054765243,False,
359,OCNT-2535289,2,CYP2D6,4.235128402709961,6.354113429551944e-05,7.300048423530825e-07,0.0011619897559285164,32,0.8945315942729085,0.0018191519193351269,0.039651237428188324,0.509211478687339,False,
359,OCNT-2535289,3,CYP3A4,3.2676327228546143,2.1025457499490585e-06,0.0,2.4961835151771083e-05,32,0.48752822044526206,3.295762144261971e-05,0.7715122103691101,0.21363300508792385,False,
360,OCNT-2535290,0,CYP1A2,4.875273704528809,0.0003261237870901823,0.0,0.004920688457787037,2,1.0013087248491892,0.0006531212129630148,0.3585410416126251,0.6375428039001165,False,
360,OCNT-2535290,1,CYP2C9,4.693931579589844,1.6295462046400644e-05,0.0,0.0001852312998380512,32,0.5100888546792475,0.0002661515027284622,0.7260934114456177,0.22281804567244246,False,
360,OCNT-2535290,2,CYP2D6,4.813042163848877,1.380047631727166e-08,0.0,1.1895293710040278e-06,32,0.2290201335692487,1.7442522448618547e-07,1.0,0.17776850240606076,False,
360,OCNT-2535290,3,CYP3A4,4.43505334854126,1.5963915700467624e-07,0.0,2.6176658138865605e-06,32,0.6961359243111052,3.7789411635458237e-06,0.9700315594673157,0.40730133132481006,False,
361,OCNT-2535291,0,CYP1A2,4.510784149169922,6.0227943322388455e-05,0.0,0.0006455297116190195,32,0.6327393719435745,0.0012196773895993829,0.5093407034873962,0.24742971976687217,False,
361,OCNT-2535291,1,CYP2C9,4.0717573165893555,2.035479155892972e-05,0.0,0.00023774965666234493,32,0.5150885863211155,0.0003356694942340255,0.7080045342445374,0.22272273555062388,False,
361,OCNT-2535291,2,CYP2D6,4.4329142570495605,3.0795625605151145e-08,0.0,9.195604775413813e-07,32,0.3375783447438569,4.406950324664649e-07,1.0,0.17090385880786976,False,
361,OCNT-2535291,3,CYP3A4,3.6049954891204834,8.855193414092355e-07,0.0,1.3077203220746014e-05,32,0.7752578549142128,2.22162689169636e-05,0.7533259391784668,0.41738571061706203,False,
362,OCNT-2535292,0,CYP1A2,4.98953104019165,1.4339221934278612e-06,0.0,1.6256235539913177e-05,32,0.5658320080557119,2.6144556613871828e-05,0.7894496917724609,0.18563602167451498,False,
362,OCNT-2535292,1,CYP2C9,4.836550235748291,1.2741728824039456e-05,8.647810432194092e-07,0.0001554845366626978,32,0.5552301148603188,0.0002265646035084501,0.08842986077070236,0.24947947530810854,False,
362,OCNT-2535292,2,CYP2D6,4.782558441162109,7.572966609359355e-08,0.0,1.1086110589531017e-06,32,0.42732640036315134,1.1723055877155275e-06,0.9820662140846252,0.18678854719286087,False,
362,OCNT-2535292,3,CYP3A4,4.486224174499512,4.296888675980881e-07,0.0,6.020566615916323e-06,32,0.670947668360183,9.440263056603726e-06,0.8587498664855957,0.32599702569306144,False,
363,OCNT-2535293,0,CYP1A2,4.643795013427734,0.00021804582502227277,0.0,0.0028687112499028444,32,0.9495117624161862,0.006625490263104439,0.485136479139328,0.5077641307608878,False,
363,OCNT-2535293,1,CYP2C9,4.465490341186523,1.887693906610366e-05,0.0,0.00021597178420051932,32,0.5164466297446392,0.00031213107286021113,0.7200602889060974,0.22383288174868154,False,
363,OCNT-2535293,2,CYP2D6,4.736200332641602,2.8962364950757546e-08,0.0,9.643127896197257e-07,32,0.27002707620641864,3.3666859167169605e-07,1.0,0.17269969577299488,False,
363,OCNT-2535293,3,CYP3A4,4.180132865905762,8.650183644931531e-07,0.0,1.2806894119421486e-05,32,0.7738753982040736,2.166896592825651e-05,0.7534158825874329,0.41747145025509513,False,
364,OCNT-2535294,0,CYP1A2,4.520411491394043,3.3330527458019787e-06,0.0,3.528114757500589e-05,32,0.521060351127242,5.574183160206303e-05,0.7804055213928223,0.22681551952362888,False,
364,OCNT-2535294,1,CYP2C9,4.140686988830566,1.7676329662208445e-05,0.0,0.00020184958702884614,32,0.5142524842202253,0.00029104764689691365,0.7200487852096558,0.2229799124736646,False,
364,OCNT-2535294,2,CYP2D6,4.700490951538086,2.72622919794685e-08,0.0,7.117709515114257e-07,32,0.29502642763724085,3.517875484249089e-07,1.0,0.15297031850661946,False,
364,OCNT-2535294,3,CYP3A4,3.863288640975952,8.145080983013031e-07,0.0,1.1956869457208086e-05,32,0.7719691351014347,2.0367833712953143e-05,0.7655803561210632,0.41855881981092247,False,
365,OCNT-2535296,0,CYP1A2,4.46520471572876,0.00012871672515757382,0.0,0.002050334122031927,32,0.9014722559165932,0.003713394282385707,0.4549597203731537,0.5019741815494201,False,
365,OCNT-2535296,1,CYP2C9,4.275044918060303,6.710117304464802e-05,0.0,0.0008045012946240604,32,0.5774426344021406,0.0012400912819430232,0.6236904263496399,0.2602279354997481,False,
365,OCNT-2535296,2,CYP2D6,4.016060829162598,8.662215259391814e-05,2.0485708773776423e-06,0.0016073976876214147,32,0.898891445528053,0.0024919328279793262,0.00023005579714663327,0.5458947193678234,False,
365,OCNT-2535296,3,CYP3A4,2.939378261566162,2.687608684937004e-06,0.0,3.2082072721095756e-05,32,0.4295783418664247,3.708269650815055e-05,0.8284361362457275,0.14100440563259756,False,
366,OCNT-2535297,0,CYP1A2,4.344071388244629,0.00023529304598923773,0.00021249023848213255,0.0022179565858095884,32,0.7323615107475532,0.005514460615813732,3.2953109894151567e-06,0.3462996095176175,False,
366,OCNT-2535297,1,CYP2C9,4.012319087982178,4.401838668854907e-05,0.0,0.0005188584909774363,32,0.5667067736393494,0.0007984379190020263,0.6479071974754333,0.2685084571771143,False,
366,OCNT-2535297,2,CYP2D6,4.479892253875732,5.328306542651262e-07,0.0,5.52785331819905e-06,32,0.4035050351242206,7.0091168709041085e-06,0.9007866978645325,0.1453784972022797,False,
366,OCNT-2535297,3,CYP3A4,3.5761330127716064,3.7116358271305216e-06,0.0,5.030002648709342e-05,32,0.7375978434492713,8.784225792624056e-05,0.6149452328681946,0.3508724912594001,False,
367,OCNT-2535298,0,CYP1A2,4.945796966552734,3.7341826555348234e-06,0.0,3.677034692373127e-05,32,0.5440965155975476,6.519029557239264e-05,0.7714155912399292,0.22442770725813393,False,
367,OCNT-2535298,1,CYP2C9,4.520181655883789,2.724284968280699e-05,0.0,0.0003281013632658869,32,0.5661468716793677,0.0004937316989526153,0.6899744272232056,0.24855427967089666,False,
367,OCNT-2535298,2,CYP2D6,4.753541469573975,3.7262554997141706e-07,0.0,4.344084118201863e-06,32,0.41589266998259616,5.092197170597501e-06,0.912794828414917,0.1944287019818023,False,
367,OCNT-2535298,3,CYP3A4,4.169838905334473,8.077253369265236e-06,0.0,0.00012590934056788683,32,0.8074863347957252,0.00020897109061479568,0.4883095622062683,0.417577692210012,False,
368,OCNT-2535299,0,CYP1A2,4.768131256103516,3.26058329847001e-06,0.0,3.3376454666722566e-05,32,0.5354008262675831,5.6034336012089625e-05,0.777346670627594,0.21711109261003586,False,
368,OCNT-2535299,1,CYP2C9,4.380988597869873,2.32081874855794e-05,0.0,0.0002795033506117761,32,0.5660887791037607,0.00042059377301484346,0.6959569454193115,0.24853901534703407,False,
368,OCNT-2535299,2,CYP2D6,4.771910667419434,3.1781937082087097e-07,0.0,3.7099932796991197e-06,32,0.41183367493846634,4.320225798437605e-06,0.9218593835830688,0.18318234769198008,False,
368,OCNT-2535299,3,CYP3A4,4.067684650421143,6.872051471873419e-06,0.0,0.0001070898724719882,32,0.8071444102997135,0.0001777539000613615,0.5063456892967224,0.4174571498207704,False,
369,OCNT-2535300,0,CYP1A2,4.783334732055664,3.141275101370411e-06,0.0,3.2145318982657045e-05,32,0.535637966031625,5.401416274253279e-05,0.7802795171737671,0.21731064683792828,False,
369,OCNT-2535300,1,CYP2C9,4.411538124084473,2.23827337322291e-05,0.0,0.00026958732632920146,32,0.5661298379007026,0.0004056702309753746,0.6989355683326721,0.2485635574019208,False,
369,OCNT-2535300,2,CYP2D6,4.782384872436523,3.0702258868586796e-07,0.0,3.4881356896221405e-06,32,0.4094134342508891,4.153385816607624e-06,0.9221202731132507,0.1725703770569459,False,
369,OCNT-2535300,3,CYP3A4,4.1106767654418945,6.608135208807653e-06,0.0,0.00010293324157828465,32,0.8067609760792028,0.00017085610306821764,0.5093413591384888,0.41706603408226284,False,
370,OCNT-2535303,0,CYP1A2,4.405180931091309,0.0002268640964757651,0.00020492912153713405,0.0021375874057412148,32,0.7323570821342397,0.0053168912418186665,3.508595000312198e-06,0.34647094768107944,False,
370,OCNT-2535303,1,CYP2C9,4.17399263381958,3.629113416536711e-05,0.0,0.0004224564472679049,32,0.5445961288623933,0.0006326226284727454,0.6660199165344238,0.24707268478301272,False,
370,OCNT-2535303,2,CYP2D6,4.528852939605713,4.281352232737845e-07,0.0,4.735675247502513e-06,32,0.4270632199653902,5.987566055409843e-06,0.9038328528404236,0.19979108955031372,False,
370,OCNT-2535303,3,CYP3A4,3.7674343585968018,1.2967982456757454e-06,0.0,1.7501839465694502e-05,32,0.6500421232879714,2.7183165002497844e-05,0.7565132975578308,0.3762327545558112,False,
371,OCNT-2535304,0,CYP1A2,4.803567409515381,4.683736551669426e-05,0.0,0.00048349067219533026,32,0.7897240443361504,0.0011838877107948065,0.6478290557861328,0.31682365688145664,False,
371,OCNT-2535304,1,CYP2C9,4.517928123474121,1.4969666153774597e-05,0.0,0.0001684936578385532,32,0.49686663239240997,0.00023817268083803356,0.7321036458015442,0.21680594458084168,False,
371,OCNT-2535304,2,CYP2D6,4.740277290344238,1.2910924773734678e-08,0.0,1.2360048913251376e-06,32,0.16803411244753552,1.2319414111061633e-07,1.0,0.15998547303806504,False,
371,OCNT-2535304,3,CYP3A4,4.228614330291748,1.4490790078980353e-07,0.0,2.3285354018298676e-06,32,0.6847952885732972,3.3945664199563907e-06,0.979059636592865,0.3950456485399844,False,
372,OCNT-2535306,0,CYP1A2,4.718175411224365,0.0005329071427695453,0.0,0.00825127586722374,2,1.0020157619517593,0.001067982753738761,0.364595890045166,0.6950322481636159,False,
372,OCNT-2535306,1,CYP2C9,4.502109527587891,2.5644621928222477e-05,0.0,0.0002935157681349665,32,0.516956607543243,0.0004243944422341883,0.7020309567451477,0.2241048512473212,False,
372,OCNT-2535306,2,CYP2D6,4.6619977951049805,3.68041845888456e-08,0.0,1.02711521776655e-06,32,0.3347567772362054,5.013765758121735e-07,1.0,0.17893166904688834,False,
372,OCNT-2535306,3,CYP3A4,4.157177925109863,1.1576241831789957e-06,0.0,1.711308505036868e-05,32,0.7772768082036615,2.9042150345048867e-05,0.7202389240264893,0.4186975290888285,False,
373,OCNT-2535309,0,CYP1A2,4.762930870056152,0.00015695279580540955,0.0,0.002189694670960307,32,0.8196853464238951,0.004117123316973448,0.2622684836387634,0.7113824958813191,False,
373,OCNT-2535309,1,CYP2C9,4.569026470184326,9.079655683308374e-06,0.0,0.00010280041169608012,32,0.4700249550535052,0.00013671568012796342,0.7531890869140625,0.2153291961566285,False,
373,OCNT-2535309,2,CYP2D6,4.792318344116211,6.42471675860179e-08,0.0,1.1234230896661757e-06,32,0.4150333176701031,9.860815453066607e-07,0.991040050983429,0.18873107405959372,False,
373,OCNT-2535309,3,CYP3A4,4.238439083099365,3.6700953387480695e-07,0.0,5.183583198231645e-06,32,0.6674259558790423,8.052030352700967e-06,0.8738576173782349,0.3283250090438538,False,
374,OCNT-2535311,0,CYP1A2,5.030902862548828,3.641879629867617e-06,0.0,3.600672062020749e-05,32,0.5468502816770804,6.390500493580475e-05,0.7682596445083618,0.22617041062036125,False,
374,OCNT-2535311,1,CYP2C9,4.954383373260498,2.1472122170962393e-05,0.0,0.0002470907347742468,32,0.5265812706193816,0.0003619866620283574,0.7200095057487488,0.21981827588525596,False,
374,OCNT-2535311,2,CYP2D6,4.798750877380371,4.7923805368554895e-08,0.0,9.734426384966355e-07,32,0.34367477460823054,6.370224241436517e-07,0.9970318675041199,0.17125005192042436,False,
374,OCNT-2535311,3,CYP3A4,4.5926971435546875,2.2542349142895546e-06,0.0,3.393470251467079e-05,32,0.8127975431286235,5.889166641281918e-05,0.6058655977249146,0.4465717716846218,False,
375,OCNT-2535312,0,CYP1A2,5.030906677246094,3.6419194202608196e-06,0.0,3.5993864003103226e-05,32,0.5467465106492342,6.389357440639287e-05,0.7714035511016846,0.22653649867287212,False,
375,OCNT-2535312,1,CYP2C9,4.954361915588379,2.1495221517398022e-05,0.0,0.000247399031650275,32,0.5266826393843278,0.00036244565853849053,0.720066249370575,0.21968783811940798,False,
375,OCNT-2535312,2,CYP2D6,4.798780918121338,4.853748691857618e-08,0.0,1.1765866929636104e-06,32,0.3378193424415479,6.328030508484517e-07,0.9969993233680725,0.1628690324308278,False,
375,OCNT-2535312,3,CYP3A4,4.592634201049805,2.2485523913928773e-06,5.960464477539063e-08,3.386959360796027e-05,32,0.8117904109652399,5.867107756785117e-05,0.6090396642684937,0.4459987448128524,False,
376,OCNT-2535313,0,CYP1A2,5.02998161315918,3.824533905572025e-06,0.0,3.7776073440909386e-05,32,0.5468636908252646,6.71029556542635e-05,0.7682685852050781,0.22658548899083353,False,
376,OCNT-2535313,1,CYP2C9,4.960419654846191,2.254561331938021e-05,0.0,0.00025943294167518616,32,0.526587145621511,0.0003800798731390387,0.7170411348342896,0.2198048728745126,False,
376,OCNT-2535313,2,CYP2D6,4.7864298820495605,5.110867462576607e-08,0.0,1.2637659665415413e-06,32,0.3428100917300336,6.703574513267085e-07,0.9940222501754761,0.17349888044639764,False,
376,OCNT-2535313,3,CYP3A4,4.62071418762207,2.3679679088672856e-06,0.0,3.562508209142834e-05,32,0.8125743955667727,6.183282675920054e-05,0.5971394777297974,0.4472831064635483,False,
377,OCNT-2535315,0,CYP1A2,4.52496337890625,5.338461050996557e-06,0.0,5.399926158133894e-05,32,0.4820299206047314,8.249978418461978e-05,0.768264651298523,0.2290695339355261,False,
377,OCNT-2535315,1,CYP2C9,4.273904800415039,2.0373878214741126e-05,0.0,0.00023044893168844283,32,0.4974668137594411,0.0003244896943215281,0.7170705199241638,0.21611662169185092,False,
377,OCNT-2535315,2,CYP2D6,4.638996124267578,1.4667553394076549e-08,0.0,6.940273351574433e-07,32,0.20739449596685863,1.6370927369280253e-07,1.0,0.1327487903918919,False,
377,OCNT-2535315,3,CYP3A4,3.9312002658843994,1.867378927045138e-07,0.0,3.072457047892385e-06,32,0.7050319338493541,4.4386079025571235e-06,0.9489486217498779,0.3930704625611678,False,
378,OCNT-2535316,0,CYP1A2,4.647403717041016,0.00038209714693948627,3.987063337262953e-06,0.005509239621460438,2,1.0004610675430774,0.000764566648285836,0.0001303190947510302,0.5317437151550144,False,
378,OCNT-2535316,1,CYP2C9,4.47305965423584,7.112643288564868e-06,0.0,8.189544314518571e-05,32,0.47710142612845174,0.00010874314466491342,0.7501908540725708,0.2214486733361548,False,
378,OCNT-2535316,2,CYP2D6,4.768655300140381,5.9025545340318786e-08,0.0,1.5139016795728821e-06,32,0.3926986581197506,8.6739964899607e-07,0.9970230460166931,0.1893066996221918,False,
378,OCNT-2535316,3,CYP3A4,4.217009544372559,1.0643349668271185e-07,0.0,1.606254727448686e-06,32,0.5981615583732686,2.228673338322551e-06,0.9850010871887207,0.3156456753011404,False,
379,OCNT-2535317,0,CYP1A2,4.855609893798828,8.471639375784434e-06,0.0,8.99137303349562e-05,32,0.6356527356171026,0.0001725240726955235,0.660193681716919,0.28424193513072676,False,
379,OCNT-2535317,1,CYP2C9,4.646492958068848,1.2733657683838828e-07,0.0,1.8897342215495883e-06,32,0.5039803883810828,2.2148781226860592e-06,0.9580919146537781,0.23054650875983543,False,
379,OCNT-2535317,2,CYP2D6,4.546862602233887,3.544491367080127e-09,0.0,1.2970003808732145e-06,32,0.05619806710524094,2.4357575512112817e-08,1.0,0.08068632443177795,False,
379,OCNT-2535317,3,CYP3A4,4.35117244720459,6.517819315376983e-07,0.0,8.818342394079082e-06,32,0.7479681534500957,1.5839737898204476e-05,0.8017013072967529,0.3889000784920177,False,
380,OCNT-2535318,0,CYP1A2,4.869533061981201,8.917203558667097e-06,0.0,9.462492016609758e-05,32,0.6357144557440151,0.0001816048752516508,0.6569215059280396,0.2843470079047004,False,
380,OCNT-2535318,1,CYP2C9,4.7329277992248535,1.3360245532112458e-07,0.0,1.8339835605729604e-06,32,0.5071269067023007,2.3303894067794317e-06,0.9550558924674988,0.22991654560830743,False,
380,OCNT-2535318,2,CYP2D6,4.536218643188477,3.272272230958606e-09,0.0,1.1052093213947956e-06,32,0.06213699300675551,2.6390370777562566e-08,1.0,0.07120004846520667,False,
380,OCNT-2535318,3,CYP3A4,4.437226295471191,6.854011758150591e-07,0.0,9.515520105196629e-06,32,0.7493911743902208,1.6676080122124404e-05,0.792609691619873,0.35751153859640794,False,
381,OCNT-2535319,0,CYP1A2,4.869524955749512,8.916848855733406e-06,0.0,9.462310117669404e-05,32,0.6357382891100836,0.00018160446779802442,0.6568711400032043,0.2843352735401581,False,
381,OCNT-2535319,1,CYP2C9,4.732906818389893,1.3360251216454344e-07,0.0,2.172778977183043e-06,32,0.5075397635518113,2.332287522222032e-06,0.9550685882568359,0.22663558516243615,False,
381,OCNT-2535319,2,CYP2D6,4.536236763000488,3.0901303738062325e-09,0.0,9.227686632584664e-07,32,0.06015535543924279,2.5198126252234943e-08,1.0,0.0693615724802217,False,
381,OCNT-2535319,3,CYP3A4,4.437155723571777,6.851887519587763e-07,0.0,9.573578608979005e-06,32,0.7493832818268041,1.667081050982233e-05,0.7955344319343567,0.3573749297072637,False,
382,OCNT-2535321,0,CYP1A2,5.034421920776367,0.00030274162418209016,5.960464477539063e-08,0.005352417007088661,2,1.0024415750224767,0.0006069816299714148,0.2290775328874588,0.7999778434772693,True,spectral
382,OCNT-2535321,1,CYP2C9,4.8262128829956055,2.479766294527508e-07,0.0,2.1947807908873074e-06,32,0.3610041639107758,2.98018039757153e-06,0.9338833689689636,0.12983416703602352,False,
382,OCNT-2535321,2,CYP2D6,5.067515850067139,0.0,0.0,9.98377799987793e-07,2,0.0,0.0,1.0,2.402775740974641e-28,False,
382,OCNT-2535321,3,CYP3A4,4.724285125732422,0.0,0.0,1.473352313041687e-06,2,0.0,0.0,1.0,9.289111379040606e-28,False,
383,OCNT-2535322,0,CYP1A2,4.388670444488525,4.6492103138007224e-05,2.8773931717296364e-06,0.0006801959243603051,32,0.9802416006637036,0.0014586654724553227,7.716054824413732e-05,0.6103370009176456,False,
383,OCNT-2535322,1,CYP2C9,4.209689617156982,3.5400749766267836e-05,0.0,0.00036922749131917953,32,0.8254552213308519,0.000935359625145793,0.572499692440033,0.3771758566450893,False,
383,OCNT-2535322,2,CYP2D6,4.364581108093262,1.4119972320258967e-06,0.0,1.5769372112117708e-05,32,0.7417153195913784,3.375094820512459e-05,0.7173566818237305,0.37206114540479895,False,
383,OCNT-2535322,3,CYP3A4,3.94408917427063,5.733000207897021e-08,0.0,1.0390157285655732e-06,32,0.39349993737470745,8.478192512484384e-07,0.9940358400344849,0.14821932177750363,False,
384,OCNT-2535328,0,CYP1A2,4.984292030334473,3.3172987059515435e-06,0.0,3.268994259997271e-05,32,0.5424556604880985,5.775718454970047e-05,0.7773945927619934,0.22453999462471647,False,
384,OCNT-2535328,1,CYP2C9,4.800703048706055,1.9670074834721163e-05,0.0,0.0002257249434478581,32,0.5159542437174047,0.0003249285800848156,0.714139461517334,0.223690988257972,False,
384,OCNT-2535328,2,CYP2D6,4.595075607299805,2.8810816274926765e-06,8.429369557916289e-08,5.375684850150719e-05,32,0.824434927587043,7.627227751072496e-05,0.5125289559364319,0.4397111233150419,False,
384,OCNT-2535328,3,CYP3A4,4.38825798034668,2.8650692911469378e-05,2.215509448433295e-05,0.0005449398886412382,32,0.886696356124159,0.0008132266229949892,3.195796307409182e-05,0.46560589461767543,False,
385,OCNT-2535329,0,CYP1A2,4.757147312164307,0.00032424545497633517,0.0,0.0038591825868934393,32,0.779036522259304,0.008083418942987919,0.2441379427909851,0.6305773683251021,False,
385,OCNT-2535329,1,CYP2C9,4.665420055389404,1.2814552974305116e-05,0.0,0.0001448701659683138,32,0.47049690958113727,0.00019308520131744444,0.732184648513794,0.21543425363329405,False,
385,OCNT-2535329,2,CYP2D6,4.70711088180542,8.926430439260002e-08,0.0,1.7814983266362105e-06,32,0.43706966380355006,1.3883333167541423e-06,0.9759877920150757,0.2114167909960089,False,
385,OCNT-2535329,3,CYP3A4,4.304060935974121,4.783297526955721e-07,0.0,6.508821570605505e-06,32,0.6726350474333843,1.0510966603760608e-05,0.8497259020805359,0.3323553215480155,False,
386,OCNT-2535330,0,CYP1A2,5.0700788497924805,2.832916152328835e-06,0.0,2.79895120911533e-05,32,0.5463213160757715,4.9700662202667445e-05,0.7833353281021118,0.22680571007013808,False,
386,OCNT-2535330,1,CYP2C9,5.009974479675293,1.6703532310202718e-05,0.0,0.00019220214744564146,32,0.526480806114452,0.00028157932683825493,0.7291501760482788,0.21977353284179424,False,
386,OCNT-2535330,2,CYP2D6,4.861476898193359,3.8208998631716895e-08,0.0,9.307881327913492e-07,32,0.3250378271782399,5.01431941302144e-07,1.0,0.1681136452110919,False,
386,OCNT-2535330,3,CYP3A4,4.710469722747803,4.298486965126358e-05,6.322027275018627e-07,0.000734647735953331,2,1.0018315788287704,8.614723628852516e-05,0.030424535274505615,0.7750368683647701,False,
387,OCNT-2535331,0,CYP1A2,4.824679374694824,0.0001400352775817737,0.0,0.0025198289658874273,32,0.9249642211191793,0.004145179875195026,0.33143681287765503,0.6868190486657006,False,
387,OCNT-2535331,1,CYP2C9,4.750958442687988,1.4189717148838099e-05,0.0,0.00016063600196503103,32,0.4703109358741768,0.00021370503236539662,0.7261186838150024,0.21537918926822772,False,
387,OCNT-2535331,2,CYP2D6,4.6822052001953125,9.818278812190329e-08,0.0,1.7451699250159436e-06,32,0.4446228744052445,1.5392173509098939e-06,0.9699531197547913,0.20817592128901496,False,
387,OCNT-2535331,3,CYP3A4,4.357659339904785,5.618729232992337e-07,0.0,7.6289479693514295e-06,32,0.6770004452543703,1.2389063158479985e-05,0.8375244140625,0.3234520050016023,False,
388,OCNT-2535333,0,CYP1A2,4.761022567749023,1.5352474292740226e-05,5.576061539613875e-06,0.00021805329015478492,32,0.8843120142586618,0.00043472705874592066,0.00012552559201139957,0.42913373148457057,False,
388,OCNT-2535333,1,CYP2C9,4.472927093505859,4.42339587607421e-05,0.0,0.0006105819484218955,32,0.7329784233007586,0.001037755748257041,0.49421319365501404,0.2840809516185959,False,
388,OCNT-2535333,2,CYP2D6,4.356492519378662,3.721884809237963e-07,0.0,6.0658921938738786e-06,32,0.7517274933227737,9.193650839733891e-06,0.8618921637535095,0.3803761145876242,False,
388,OCNT-2535333,3,CYP3A4,4.0220112800598145,1.169951474366826e-06,0.0,1.734540273901075e-05,32,0.7735996413110032,2.9209921194706112e-05,0.7174732089042664,0.4135429094094868,False,
389,OCNT-2535334,0,CYP1A2,5.034955978393555,3.5778402889263816e-06,0.0,3.5295750421937555e-05,32,0.5440562296415093,6.24635795247741e-05,0.7713149785995483,0.22459999305533157,False,
389,OCNT-2535334,1,CYP2C9,4.898772716522217,2.6113581043318845e-05,0.0,0.00031450417009182274,32,0.5661705760990383,0.00047329289373010397,0.6899480819702148,0.24855063518543571,False,
389,OCNT-2535334,2,CYP2D6,4.821070194244385,3.5627644479063747e-07,0.0,4.381670805742033e-06,32,0.4154860409991868,4.869847998634214e-06,0.912818193435669,0.1836518424743936,False,
389,OCNT-2535334,3,CYP3A4,4.58079719543457,7.720284884271678e-06,0.0,0.00012027456250507385,32,0.8071199171237194,0.00019965654064435512,0.49452072381973267,0.4173952044209127,False,
390,OCNT-2535335,0,CYP1A2,5.021925449371338,3.7335851175157586e-06,0.0,3.683856630232185e-05,32,0.5441506252108428,6.51863738312386e-05,0.7713268399238586,0.2247059591570288,False,
390,OCNT-2535335,1,CYP2C9,4.874471664428711,2.7249150662100874e-05,0.0,0.00032821547938510776,32,0.5661812285109153,0.000493875821121037,0.689883291721344,0.24857716398032306,False,
390,OCNT-2535335,2,CYP2D6,4.800251007080078,3.71372664176306e-07,0.0,4.277933840057813e-06,32,0.4161414247667212,5.078558842797065e-06,0.9128397703170776,0.18589553005470874,False,
390,OCNT-2535335,3,CYP3A4,4.515953063964844,8.0560994319967e-06,6.828570064953965e-08,0.00012550501560326666,32,0.8071907272532347,0.0002083481813315302,0.4913843870162964,0.41724585916437784,False,
391,OCNT-2535336,0,CYP1A2,5.016068935394287,3.733443236342282e-06,0.0,3.681741509353742e-05,32,0.5441245407690607,6.518077861983329e-05,0.7683557271957397,0.2243307676374264,False,
391,OCNT-2535336,1,CYP2C9,4.843116283416748,2.7249956474406645e-05,0.0,0.0003281820681877434,32,0.5661666273085734,0.0004938776837661862,0.68996262550354,0.24858163904132954,False,
391,OCNT-2535336,2,CYP2D6,4.79605770111084,3.7154509868742025e-07,0.0,4.414543127495563e-06,32,0.41602132799851105,5.079388756712433e-06,0.9128468632698059,0.1924475281062015,False,
391,OCNT-2535336,3,CYP3A4,4.512173175811768,8.056008482526522e-06,0.0,0.0001254888775292784,32,0.8071427740740433,0.0002083334547933191,0.4914242923259735,0.4173157501322788,False,
392,OCNT-2535337,0,CYP1A2,5.020686626434326,3.902626303897705e-06,0.0,3.843497688649222e-05,32,0.5442777570486417,6.814577500335872e-05,0.7683001160621643,0.2247687063711568,False,
392,OCNT-2535337,1,CYP2C9,4.876607894897461,2.848779331543483e-05,0.0,0.00034310994669795036,32,0.5661728238906917,0.0005163096357136965,0.6869558095932007,0.24854255387276897,False,
392,OCNT-2535337,2,CYP2D6,4.7891106605529785,3.8789804079897294e-07,0.0,4.715333943750011e-06,32,0.4170337101697846,5.3099806791578885e-06,0.9098629951477051,0.18347001824313525,False,
392,OCNT-2535337,3,CYP3A4,4.5396599769592285,8.423157851211727e-06,2.9802322387695312e-08,0.0001312144595431164,32,0.8071532427464252,0.00021781922259833664,0.4854997396469116,0.41721010767026745,False,
393,OCNT-2535338,0,CYP1A2,5.021929740905762,3.733560788532486e-06,0.0,3.684723924379796e-05,32,0.5441060576643496,6.518061127280816e-05,0.7713155150413513,0.22445209180200043,False,
393,OCNT-2535338,1,CYP2C9,4.874462604522705,2.7250689527136274e-05,0.0,0.00032821804052218795,32,0.5661608111502728,0.000493885891046375,0.687033474445343,0.24864161038740165,False,
393,OCNT-2535338,2,CYP2D6,4.800271511077881,3.7149985132600705e-07,0.0,4.170785359747242e-06,32,0.41593839512815695,5.077773948869435e-06,0.9128624796867371,0.19284771518822214,False,
393,OCNT-2535338,3,CYP3A4,4.515860080718994,8.045990398386493e-06,0.0,0.0001253224618267268,32,0.807002519985657,0.00020803854567930102,0.4914090633392334,0.41715604603557754,False,
394,OCNT-2535339,0,CYP1A2,5.02998161315918,3.824350642389618e-06,0.0,3.7777688703499734e-05,32,0.5468844913093549,6.710230081807822e-05,0.7682824730873108,0.22640045586924992,False,
394,OCNT-2535339,1,CYP2C9,4.960419654846191,2.2545656975125894e-05,0.0,0.0002594346005935222,32,0.5265887473749489,0.00038008176488801837,0.7170420289039612,0.2196909129727762,False,
394,OCNT-2535339,2,CYP2D6,4.7864298820495605,5.0753005353953995e-08,0.0,1.2654272723011672e-06,32,0.34507648835495924,6.708618798256794e-07,0.9970391392707825,0.16498626618610843,False,
394,OCNT-2535339,3,CYP3A4,4.62071418762207,2.367678689552122e-06,0.0,3.562710844562389e-05,32,0.812697430588863,6.183466757647693e-05,0.6000673770904541,0.4464485336520743,False,
395,OCNT-2535340,0,CYP1A2,5.024514675140381,3.6423687106434954e-06,0.0,3.605950769269839e-05,32,0.5467818476807222,6.390556518454105e-05,0.7682774662971497,0.2265908108417256,False,
395,OCNT-2535340,1,CYP2C9,4.921677589416504,2.1471983927767724e-05,0.0,0.000247101706918329,32,0.526580679602048,0.00036198392626829445,0.7200573682785034,0.21967737010401667,False,
395,OCNT-2535340,2,CYP2D6,4.794172286987305,4.837249889533268e-08,0.0,1.1418012491049012e-06,32,0.34296808147161234,6.406369266187539e-07,0.9970067143440247,0.16895540280436316,False,
395,OCNT-2535340,3,CYP3A4,4.588715076446533,2.2546626041730633e-06,2.9802322387695312e-08,3.3927201002370566e-05,32,0.8126349068532138,5.8891004300676286e-05,0.6060280203819275,0.44642825735190705,False,
396,OCNT-2535341,0,CYP1A2,4.898621559143066,6.147265230538324e-05,0.0,0.0005948389880359173,32,0.7743560053070843,0.0015235027531161904,0.6717686653137207,0.31531007588540694,False,
396,OCNT-2535341,1,CYP2C9,4.808324337005615,1.8787954104482196e-05,0.0,0.00021620102052111179,32,0.5265390622241538,0.00031673142802901566,0.7260186672210693,0.21976655883471685,False,
396,OCNT-2535341,2,CYP2D6,4.806058406829834,4.206060211231488e-08,0.0,8.661544370625052e-07,32,0.33163226176297167,5.52479207271972e-07,1.0,0.15715763064238447,False,
396,OCNT-2535341,3,CYP3A4,4.504608154296875,1.9754299955820898e-06,0.0,2.9684619221370667e-05,32,0.8110433553837794,5.152863377588801e-05,0.6212111115455627,0.44589251362615345,False,
397,OCNT-2535342,0,CYP1A2,4.762717247009277,0.00015695719048380852,2.9802322387695312e-08,0.002189719583839178,32,0.8196797334971717,0.004117210395634174,0.26228952407836914,0.7113832771693364,False,
397,OCNT-2535342,1,CYP2C9,4.569262504577637,9.079287337954156e-06,0.0,0.00010285458120051771,32,0.47002369027712926,0.0001367097720503807,0.7532162666320801,0.2153432690497969,False,
397,OCNT-2535342,2,CYP2D6,4.794328689575195,6.501885252419015e-08,0.0,1.4933460761312745e-06,32,0.4132202131867399,9.919777994582546e-07,0.9910366535186768,0.2149756075594919,False,
397,OCNT-2535342,3,CYP3A4,4.23906946182251,3.669294699193415e-07,0.0,5.105460331833456e-06,32,0.6673956542448543,8.049954885791522e-06,0.873816728591919,0.32467603939776835,False,
398,OCNT-2535344,0,CYP1A2,4.579191207885742,2.8955417292308994e-05,0.0,0.00021617175661958754,32,0.5032916370577275,0.00046649767318740487,0.7531158924102783,0.18484622875628912,False,
398,OCNT-2535344,1,CYP2C9,4.403316020965576,1.5014363270893227e-05,0.0,0.00017185852630063891,32,0.5166194238001607,0.00024838009267114103,0.729119598865509,0.22397040379110908,False,
398,OCNT-2535344,2,CYP2D6,4.6888837814331055,0.0003239662619307637,1.9225615687901154e-05,0.0050627910532057285,2,1.0015523541909281,0.0006489583756774664,2.8971089705009945e-06,0.7043778885085329,False,
398,OCNT-2535344,3,CYP3A4,4.162966251373291,6.793644047320413e-07,0.0,1.0228849532722961e-05,32,0.7705903410130098,1.6998961655190215e-05,0.7894721031188965,0.4189097420625124,False,
399,OCNT-2535346,0,CYP1A2,4.3317670822143555,0.00023304687056224793,0.0,0.002586034359410405,32,0.7838644931199212,0.00584592018276453,0.48528409004211426,0.4230770547106314,False,
399,OCNT-2535346,1,CYP2C9,4.131374359130859,7.805467248545028e-06,0.0,8.916766091715544e-05,32,0.4774122418568519,0.00011939839168917388,0.7442112565040588,0.2232402687796494,False,
399,OCNT-2535346,2,CYP2D6,4.745965957641602,5.68060158911976e-08,0.0,1.5035157048259862e-06,32,0.4018800189444275,8.591360938225989e-07,0.9970187544822693,0.19212594546412878,False,
399,OCNT-2535346,3,CYP3A4,3.8879141807556152,2.024108738396535e-07,0.0,2.9884631658205763e-06,32,0.6343289735382721,4.311627890274394e-06,0.9310404658317566,0.3176497722551116,False,
400,OCNT-2535348,0,CYP1A2,4.683259010314941,0.000190930106327869,0.0,0.0017659582663327456,32,0.7266279981377296,0.0044397576712071896,0.6326766610145569,0.31797031045434243,False,
400,OCNT-2535348,1,CYP2C9,4.4797749519348145,1.9123475794913247e-05,0.0,0.0002190329832956195,32,0.5177283333140681,0.000316990161081776,0.7170907855033875,0.224554114776843,False,
400,OCNT-2535348,2,CYP2D6,4.762582302093506,2.8645866123611086e-08,0.0,1.014507233776385e-06,32,0.2962501733679611,3.6636302525039355e-07,1.0,0.1567881082726736,False,
400,OCNT-2535348,3,CYP3A4,4.202853679656982,8.23939728888945e-07,0.0,1.2103631888749078e-05,32,0.7716946832290527,2.0593499357346445e-05,0.7625768184661865,0.4166730111818958,False,
401,OCNT-2535351,0,CYP1A2,4.895572662353516,5.531308124773204e-05,0.00010184002894675359,0.00045241997577250004,32,0.7334518939314659,0.0012984581990167499,1.4311936865851749e-05,0.327918193913849,False,
401,OCNT-2535351,1,CYP2C9,4.712050437927246,7.667584213777445e-06,0.0,8.734671428101137e-05,32,0.4773780487274795,0.00011728352546924725,0.7471879720687866,0.22343608583822255,False,
401,OCNT-2535351,2,CYP2D6,4.846325397491455,6.496981086456799e-08,0.0,1.1772555126299267e-06,32,0.4144228925804146,9.942145879904274e-07,0.991016685962677,0.20206909283150232,False,
401,OCNT-2535351,3,CYP3A4,4.474924087524414,2.2875175886838406e-07,0.0,3.438185558479745e-06,32,0.6455166683516687,4.931783678330248e-06,0.9188593626022339,0.3231289578863986,False,
402,OCNT-2535352,0,CYP1A2,4.355808734893799,9.698916983325034e-06,0.0,7.903775258455426e-05,32,0.41013643776758063,0.00012742338003590703,0.7683901786804199,0.2195308793968206,False,
402,OCNT-2535352,1,CYP2C9,4.1224045753479,2.588007555459626e-05,0.0,0.0003111619735136628,32,0.5647944561779211,0.00046792227658443153,0.6899622082710266,0.24865712406102888,False,
402,OCNT-2535352,2,CYP2D6,4.597796440124512,0.00029907000134699047,0.0004690998757723719,0.004218930844217539,2,1.0002183081753964,0.0005982905859127641,1.6125569572977838e-06,0.6732889823618844,False,
402,OCNT-2535352,3,CYP3A4,3.791576623916626,7.621575605298858e-06,9.42432194506182e-08,0.00011859337973874062,32,0.8060679978386642,0.00019685020379256457,0.4944029152393341,0.4171314434047229,False,
403,OCNT-2535353,0,CYP1A2,4.6451873779296875,3.74389419448562e-05,0.0,0.00032729364465922117,32,0.6012183379152601,0.0007204797002486885,0.6869933605194092,0.24627181859608605,False,
403,OCNT-2535353,1,CYP2C9,4.346787929534912,1.7082733393181115e-05,0.0,0.00019514388986863196,32,0.5146474638152126,0.00028149542049504817,0.7230506539344788,0.22278349885827953,False,
403,OCNT-2535353,2,CYP2D6,4.517158031463623,2.430241430317892e-08,0.0,9.286467843594437e-07,32,0.2608048940663915,2.8627960091398563e-07,1.0,0.1851534035885533,False,
403,OCNT-2535353,3,CYP3A4,3.9874322414398193,8.82792789980158e-07,5.960464477539063e-08,1.4780401215830352e-05,32,0.769288039180931,2.1978074073558673e-05,0.7534536123275757,0.4037704680688247,False,
404,OCNT-2535354,0,CYP1A2,4.644285202026367,4.829748650081456e-05,4.912323220196413e-06,0.0006988553213886917,32,0.8726593888342452,0.0013489914126694202,9.870367648545653e-05,0.5333694625264278,False,
404,OCNT-2535354,1,CYP2C9,4.466704368591309,6.3933875935617834e-06,0.0,7.495333557017148e-05,32,0.4791864576126651,9.818933176575229e-05,0.7532365322113037,0.21818418725491112,False,
404,OCNT-2535354,2,CYP2D6,4.414634704589844,3.5086719663013355e-07,8.940696716308594e-08,5.542969120142516e-06,32,0.7105139164290152,8.204837286029942e-06,0.8769960403442383,0.34833666052857587,False,
404,OCNT-2535354,3,CYP3A4,4.088577747344971,1.0756686208424071e-07,0.0,1.726877144392347e-06,32,0.5534900330956091,2.0823067643505055e-06,0.9790232181549072,0.27504709316532505,False,
405,OCNT-2535355,0,CYP1A2,4.767965793609619,8.700578473508358e-05,0.0,0.0009346926235593855,32,0.8118746577990753,0.002260669134557247,0.5604259371757507,0.4069114440163848,False,
405,OCNT-2535355,1,CYP2C9,4.544669151306152,1.5736688510514796e-05,0.0,0.00017719168681651354,32,0.49732918752403377,0.0002506012097001076,0.7292107343673706,0.2173239319378263,False,
405,OCNT-2535355,2,CYP2D6,4.732823371887207,1.1833776625280734e-08,0.0,9.445781188333058e-07,32,0.19502991222445804,1.362636652402216e-07,1.0,0.1389575304175501,False,
405,OCNT-2535355,3,CYP3A4,4.25238561630249,1.4752383492577792e-07,0.0,2.2452729808719596e-06,32,0.6806778210226803,3.4311353829252766e-06,0.9790713787078857,0.39868532241368393,False,
406,OCNT-2535356,0,CYP1A2,4.568532466888428,3.841164925688645e-06,0.0,3.892059612553567e-05,32,0.47915208287106265,5.904939825995825e-05,0.7833752036094666,0.24053158800778174,False,
406,OCNT-2535356,1,CYP2C9,4.424045085906982,1.737567799864337e-05,0.0,0.00019880161562468857,32,0.516460947524546,0.0002873287594411522,0.7201109528541565,0.22397081299391092,False,
406,OCNT-2535356,2,CYP2D6,4.567948818206787,0.0006101702456362545,0.00045864377170801163,0.00900478195399046,2,1.000930589696977,0.001221496146172285,3.16335501793219e-07,0.6668402653997085,True,persistent
406,OCNT-2535356,3,CYP3A4,4.16635274887085,7.971120794536546e-07,0.0,1.1688214726746082e-05,32,0.7715874005487148,1.992824036278762e-05,0.7655288577079773,0.41929040301327025,False,
407,OCNT-2535357,0,CYP1A2,4.301528453826904,0.00038196772220544517,0.0,0.006568897515535355,2,1.0022453469078108,0.0007656707894057035,0.12362698465585709,0.807130804910537,True,spectral
407,OCNT-2535357,1,CYP2C9,4.071003437042236,1.8096725398208946e-05,0.0,0.00020706052600871772,32,0.5164940368571818,0.0002992645022459328,0.7200639247894287,0.22401233428048634,False,
407,OCNT-2535357,2,CYP2D6,4.488140106201172,0.0006355939549393952,0.0004777548019774258,0.009379981085658073,2,1.000931280268013,0.0012723917607218027,3.5960272271040594e-07,0.6668659549454514,True,persistent
407,OCNT-2535357,3,CYP3A4,3.8011255264282227,8.294546205434017e-07,0.0,1.2222293662489392e-05,32,0.7728805676455637,2.076154123642482e-05,0.7624946236610413,0.4181378762771041,False,
408,OCNT-2535358,0,CYP1A2,4.407174587249756,4.572295438265428e-06,0.0,4.6332010242622346e-05,32,0.4793793891175391,7.029305561445653e-05,0.7743440866470337,0.24007706024078396,False,
408,OCNT-2535358,1,CYP2C9,4.183000564575195,2.0680916350102052e-05,0.0,0.00023664385662414134,32,0.5165368370994045,0.0003420038556214422,0.714068591594696,0.22398531386833842,False,
408,OCNT-2535358,2,CYP2D6,4.437936782836914,0.0007263933075591922,0.0005460444954223931,0.010719980113208294,2,1.0009330653017412,0.0014541621785610914,3.253121008128801e-07,0.6668544376293476,True,persistent
408,OCNT-2535358,3,CYP3A4,3.8856265544891357,9.477845992478251e-07,0.0,1.3961466720502358e-05,32,0.7742900234906738,2.373129791521933e-05,0.7415240406990051,0.4163885265742404,False,
409,OCNT-2535360,0,CYP1A2,4.911644458770752,3.6963003822165774e-06,0.0,3.81208628823515e-05,32,0.511131405402524,6.062100874260068e-05,0.7744272351264954,0.221493366117975,False,
409,OCNT-2535360,1,CYP2C9,4.790983200073242,1.945471558428835e-05,0.0,0.0002236652944702655,32,0.5257104308241753,0.00032744972850196064,0.7231764793395996,0.21945809117841156,False,
409,OCNT-2535360,2,CYP2D6,4.7982988357543945,4.6214950089051854e-08,0.0,7.076846486597788e-07,32,0.33781338063007627,6.076851946090756e-07,0.9970123171806335,0.18511647954307744,False,
409,OCNT-2535360,3,CYP3A4,4.471604347229004,2.0979744022042723e-06,0.0,3.15694123855792e-05,32,0.8123572759399436,5.4797706980025396e-05,0.615017831325531,0.44660111014595205,False,
410,OCNT-2535361,0,CYP1A2,4.911589622497559,3.693209919219953e-06,0.0,3.8079240766819566e-05,32,0.511393689865827,6.060154191800393e-05,0.7744911909103394,0.22229813586549016,False,
410,OCNT-2535361,1,CYP2C9,4.790940284729004,1.9449955289019272e-05,0.0,0.00022359847207553685,32,0.5256733016877001,0.00032734652631916106,0.7231301069259644,0.21940418066510364,False,
410,OCNT-2535361,2,CYP2D6,4.798216819763184,4.596113001298363e-08,0.0,7.923479756755114e-07,32,0.33843685400100254,6.060578812139283e-07,1.0,0.1694116187090251,False,
410,OCNT-2535361,3,CYP3A4,4.471531391143799,2.099493258356233e-06,2.9802322387695312e-08,3.160115011269227e-05,32,0.8123255279627877,5.4835047194501385e-05,0.6149307489395142,0.44619458400778844,False,
411,OCNT-2535362,0,CYP1A2,4.911627769470215,3.693800408655079e-06,0.0,3.805893356911838e-05,32,0.511075166048413,6.0573453083634377e-05,0.774376392364502,0.22219843188719907,False,
411,OCNT-2535362,1,CYP2C9,4.790964603424072,1.9547480405890383e-05,0.0,0.00022485425870399922,32,0.5262200012961651,0.0003293291956651956,0.7231050729751587,0.2196759102123803,False,
411,OCNT-2535362,2,CYP2D6,4.798318862915039,4.371771922251355e-08,0.0,8.909642019716557e-07,32,0.336358354815795,5.781889171885268e-07,1.0,0.1621929265713105,False,
411,OCNT-2535362,3,CYP3A4,4.471649169921875,2.0733339169964893e-06,0.0,3.1212170142680407e-05,32,0.8120284563710144,5.413524559116922e-05,0.615044891834259,0.44698264011386823,False,
412,OCNT-2535363,0,CYP1A2,4.546836853027344,6.616507016588002e-05,8.940696716308594e-08,0.0011373243760317564,32,0.8868996452702745,0.0018781006801873446,0.3047754764556885,0.3963036957617708,False,
412,OCNT-2535363,1,CYP2C9,4.453322410583496,9.38610901357606e-06,0.0,0.00010707334149628878,32,0.4691737957291919,0.0001410690601915121,0.7472710609436035,0.21348222970361758,False,
412,OCNT-2535363,2,CYP2D6,4.299729347229004,2.072991037493921e-06,5.960464477539063e-08,3.291687971795909e-05,32,0.8076442122838602,5.3834100981475785e-05,0.6336901783943176,0.44149781782065867,False,
412,OCNT-2535363,3,CYP3A4,4.026317119598389,3.4957596994900086e-07,0.0,4.845851435675286e-06,32,0.6594634517582327,7.588070729980245e-06,0.8799086213111877,0.32198436544641795,False,
413,OCNT-2535364,0,CYP1A2,4.922070503234863,0.00019272732606623322,0.0,0.0024058541748672724,32,0.9622076675323156,0.00593450665473938,0.5784496665000916,0.47039751574086963,False,
413,OCNT-2535364,1,CYP2C9,4.790656089782715,1.9576742488425225e-05,0.0,0.0002252433478133753,32,0.5263628513586812,0.00032991147600114346,0.7230454683303833,0.2196777321327183,False,
413,OCNT-2535364,2,CYP2D6,4.80224084854126,4.3400611104971176e-08,0.0,9.962437843569205e-07,32,0.33712987524631444,5.760941235166683e-07,1.0,0.16020484989157996,False,
413,OCNT-2535364,3,CYP3A4,4.4720964431762695,2.0624754597520223e-06,0.0,3.1091047276277095e-05,32,0.8115551329339132,5.382169911172241e-05,0.6180421113967896,0.44642537763076146,False,
414,OCNT-2535365,0,CYP1A2,4.672943115234375,5.301144119584933e-05,0.0,0.0007903530495241284,32,0.8524059709480456,0.001446265378035605,0.5817044377326965,0.37756476133564465,False,
414,OCNT-2535365,1,CYP2C9,4.562220573425293,1.0262195246468764e-05,0.0,0.00011630071821855381,32,0.4687751348493189,0.00015409119077958167,0.7442761659622192,0.21438840202237497,False,
414,OCNT-2535365,2,CYP2D6,4.553075790405273,0.0004922311054542661,2.356268851144705e-06,0.007652167230844498,2,1.0013977424112912,0.0009858582634478807,4.120027369935997e-05,0.6151449592902013,False,
414,OCNT-2535365,3,CYP3A4,4.23391056060791,3.771106662497914e-07,0.0,5.114439318276709e-06,32,0.6649081217463784,8.236576832132414e-06,0.8707005381584167,0.32109356127045974,False,
415,OCNT-2535366,0,CYP1A2,4.765763759613037,5.9587571740848944e-05,0.0,0.0008697541197761893,32,0.834645125398095,0.0015917703276500106,0.578567385673523,0.36583982023347006,False,
415,OCNT-2535366,1,CYP2C9,4.657035827636719,1.2770123248628806e-05,0.0,0.00014456227654591203,32,0.47059420924185447,0.00019245606381446123,0.7321690917015076,0.215596914028034,False,
415,OCNT-2535366,2,CYP2D6,4.691725730895996,5.485232463797729e-07,0.0,6.172176654217765e-06,32,0.7191557501174106,1.2853286534664221e-05,0.8285853266716003,0.2810262801903013,False,
415,OCNT-2535366,3,CYP3A4,4.285917282104492,5.10877384840569e-07,0.0,7.023020771157462e-06,32,0.6755663847630801,1.1260392057010904e-05,0.8466166257858276,0.32997518321631036,False,
416,OCNT-2535367,0,CYP1A2,5.0137152671813965,3.8228181438171305e-06,0.0,3.775387449422851e-05,32,0.5468509739893982,6.707137072226033e-05,0.7653898596763611,0.22634208208391693,False,
416,OCNT-2535367,1,CYP2C9,4.906796455383301,2.2561038349522278e-05,0.0,0.0002596264239400625,32,0.5266413453859541,0.0003803789441008121,0.7170800566673279,0.2197934006219867,False,
416,OCNT-2535367,2,CYP2D6,4.777897357940674,5.0105960269775096e-08,0.0,1.1936940609302837e-06,32,0.34108051006916607,6.560310907843814e-07,0.9969965815544128,0.17468513037552022,False,
416,OCNT-2535367,3,CYP3A4,4.5613226890563965,2.3580989818583475e-06,0.0,3.5512432077666745e-05,32,0.8121151524954301,6.154141010483727e-05,0.596977710723877,0.4466577574364999,False,
417,OCNT-2535368,0,CYP1A2,4.77742862701416,4.7971665480872616e-05,0.0,0.0004565670096781105,32,0.6047134098308203,0.0009284850093536079,0.5906130075454712,0.27021955879247567,False,
417,OCNT-2535368,1,CYP2C9,4.595148086547852,3.566121813491918e-05,0.0,0.0004205071018077433,32,0.5408103246411892,0.0006173236179165542,0.6779273152351379,0.23719580002008853,False,
417,OCNT-2535368,2,CYP2D6,4.513866424560547,4.6572242240472406e-07,0.0,4.877916126133641e-06,32,0.4239920981181525,6.454481535911327e-06,0.9007962942123413,0.20937344826122845,False,
417,OCNT-2535368,3,CYP3A4,4.113410472869873,1.5211527397696045e-06,0.0,2.2087722754804417e-05,32,0.7582800869867179,3.7153364246478304e-05,0.6962195634841919,0.4134872976536508,False,
418,OCNT-2535370,0,CYP1A2,4.356245040893555,4.8016418077168055e-06,0.0,4.856095983996056e-05,32,0.47948427210180805,7.382741023320705e-05,0.7713027596473694,0.24167235332820383,False,
418,OCNT-2535370,1,CYP2C9,4.118022441864014,2.167850652767811e-05,0.0,0.00024799469974823296,32,0.5163620700735959,0.00035837190807797015,0.7110495567321777,0.22383955482386603,False,
418,OCNT-2535370,2,CYP2D6,4.392202377319336,0.0007627130253240466,0.0005733040161430836,0.011255977675318718,2,1.0009338892895918,0.0015268706483766437,3.1705363312539703e-07,0.6668555297064453,True,persistent
418,OCNT-2535370,3,CYP3A4,3.806671380996704,1.000384600047255e-06,0.0,1.4712968550156802e-05,32,0.7747896895430273,2.5050738258869387e-05,0.7354145050048828,0.417297258932272,False,
419,OCNT-2535371,0,CYP1A2,4.8783087730407715,8.784420970187057e-06,0.0,9.010672511067241e-05,32,0.5945988415264651,0.00016733288066461682,0.693109929561615,0.25516179555907276,False,
419,OCNT-2535371,1,CYP2C9,4.677615642547607,4.466424070415087e-05,0.0,0.000572388933505863,32,0.5678886567779248,0.0008118398254737258,0.6720080375671387,0.23335516205216267,False,
419,OCNT-2535371,2,CYP2D6,4.531079292297363,2.5902463676175103e-05,0.0,0.00034253389458172023,32,0.8106672043466776,0.0006722043035551906,0.5424021482467651,0.37379933645474495,False,
419,OCNT-2535371,3,CYP3A4,4.167980670928955,3.75937124772463e-05,9.120009963226039e-06,0.000676209107041359,32,0.947652449575471,0.0011403280077502131,3.01996260532178e-05,0.5752605496250901,False,
420,OCNT-2535372,0,CYP1A2,5.023065567016602,3.5779755762632703e-06,0.0,3.527032458805479e-05,32,0.5440463619207853,6.246480188565329e-05,0.7742936611175537,0.224114981049805,False,
420,OCNT-2535372,1,CYP2C9,4.872498989105225,2.6114930733456276e-05,0.0,0.0003145461669191718,32,0.5661639547116641,0.00047331181121990085,0.6900252103805542,0.24864004112688226,False,
420,OCNT-2535372,2,CYP2D6,4.810492515563965,3.5557420119403105e-07,0.0,4.060566880070837e-06,32,0.4159402551629962,4.865824848820921e-06,0.9158257842063904,0.1927851782928547,False,
420,OCNT-2535372,3,CYP3A4,4.493521690368652,7.710817953920923e-06,0.0,0.00012009765487164259,32,0.8069426682255051,0.00019936823809985071,0.494477778673172,0.4172608106891786,False,
421,OCNT-2535373,0,CYP1A2,5.023402690887451,3.5776554341282463e-06,0.0,3.525905412971042e-05,32,0.5440981417599353,6.246517295949161e-05,0.7712929248809814,0.22439017333721223,False,
421,OCNT-2535373,1,CYP2C9,4.855727195739746,2.6113790227100253e-05,0.0,0.0003145065566059202,32,0.5661629788386845,0.0004732903325930238,0.6899281740188599,0.2485179696697328,False,
421,OCNT-2535373,2,CYP2D6,4.811746120452881,3.564922224086331e-07,0.0,4.511362931225449e-06,32,0.4153221865591913,4.87079523736611e-06,0.9128524661064148,0.1989929526288023,False,
421,OCNT-2535373,3,CYP3A4,4.533979415893555,7.721615475020371e-06,5.960464477539063e-08,0.00012027318007312715,32,0.8069811903522932,0.0001996565843001008,0.4975011944770813,0.4171644178040994,False,
422,OCNT-2535374,0,CYP1A2,4.808735370635986,3.8977090298430994e-05,4.793821972270962e-06,0.000589195522479713,32,0.9773848283317123,0.0012193724978715181,4.651783456210978e-05,0.5403102728175712,False,
422,OCNT-2535374,1,CYP2C9,4.684109687805176,2.4172364646801725e-05,0.0,0.00029290991369634867,32,0.5662075020320653,0.00043815156095661223,0.696021318435669,0.2469419597151361,False,
422,OCNT-2535374,2,CYP2D6,4.403820037841797,4.917098976875423e-07,0.0,7.738218300801236e-06,32,0.6176142784168632,9.91562228591647e-06,0.8618181347846985,0.33709622100871317,False,
422,OCNT-2535374,3,CYP3A4,4.271200180053711,7.136422937037423e-06,2.9802322387695312e-08,0.00011138859554193914,32,0.8066246146180592,0.00018446338071953505,0.500511109828949,0.41577509025520426,False,
423,OCNT-2535375,0,CYP1A2,4.995505332946777,3.5864873098034877e-06,0.0,3.5622862924356014e-05,32,0.5447800815916106,6.269742880249396e-05,0.7743203043937683,0.23002072266303003,False,
423,OCNT-2535375,1,CYP2C9,4.794750213623047,2.6113961212104186e-05,0.0,0.0003145072842016816,32,0.5661609443220563,0.0004732917295768857,0.6899707913398743,0.24866160189282607,False,
423,OCNT-2535375,2,CYP2D6,4.780173301696777,3.5652715268952306e-07,0.0,4.208697646390647e-06,32,0.41518439754339975,4.869643362326315e-06,0.9158498048782349,0.18566700967070704,False,
423,OCNT-2535375,3,CYP3A4,4.467076301574707,7.720567737123929e-06,0.0,0.00012027006596326828,32,0.8071293861983669,0.00019966618856415153,0.4974699914455414,0.4173923043012753,False,
424,OCNT-2535377,0,CYP1A2,4.727737903594971,3.8673806557198986e-05,2.2943918338569347e-06,0.0005998124252073467,32,0.9690990525731743,0.0011996300891041756,0.0002315744641236961,0.538915695654846,False,
424,OCNT-2535377,1,CYP2C9,4.489436149597168,3.721418761415407e-05,0.0,0.0004851624835282564,32,0.7199973728841403,0.0008576421532779932,0.5876592397689819,0.26863315855809144,False,
424,OCNT-2535377,2,CYP2D6,4.323051452636719,1.1872023009118493e-07,0.0,2.251214027637616e-06,32,0.5958935135817,2.454513605698594e-06,0.9821426272392273,0.3324871623042678,False,
424,OCNT-2535377,3,CYP3A4,4.0462212562561035,8.126935426844284e-07,0.0,1.2259491995791905e-05,32,0.7680728946861564,2.022043554461561e-05,0.7655215859413147,0.4094826302977648,False,
425,OCNT-2535379,0,CYP1A2,4.9570088386535645,4.049015387863619e-06,0.0,3.985521470895037e-05,32,0.5427526298873399,7.049732084851712e-05,0.7653205394744873,0.22405736798370846,False,
425,OCNT-2535379,1,CYP2C9,4.701087474822998,2.417052019154653e-05,0.0,0.0002765404060482979,32,0.516506426146793,0.0003996606101281941,0.7051019072532654,0.2233577644977718,False,
425,OCNT-2535379,2,CYP2D6,4.721715927124023,3.482680455135778e-08,0.0,8.823355983622605e-07,32,0.32522708520584026,4.665245114665595e-07,1.0,0.17448964075179682,False,
425,OCNT-2535379,3,CYP3A4,4.358863830566406,1.1150488035127637e-06,0.0,1.632079693081323e-05,32,0.777030177363937,2.7974299882771447e-05,0.723277747631073,0.4184921137804748,False,
426,OCNT-2535380,0,CYP1A2,4.938143253326416,3.494515567581402e-06,0.0,3.5091252357233316e-05,32,0.5489227060527124,6.15586614003405e-05,0.7713221311569214,0.23557287126196041,False,
426,OCNT-2535380,1,CYP2C9,4.6859307289123535,2.0496816432569176e-05,0.0,0.00023583689471706748,32,0.5265390792744012,0.00034552448778413236,0.723115861415863,0.2197646215286448,False,
426,OCNT-2535380,2,CYP2D6,4.727697372436523,4.639749917600966e-08,0.0,8.679452321302961e-07,32,0.33534609646233604,6.052057983652048e-07,1.0,0.17090897079601955,False,
426,OCNT-2535380,3,CYP3A4,4.333017349243164,2.1514686068258015e-06,0.0,3.247394124628045e-05,32,0.8125146150954634,5.619919465971179e-05,0.6088539958000183,0.4461081112453684,False,
427,OCNT-2535381,0,CYP1A2,4.854069709777832,5.610117659671232e-05,0.0,0.0004191671614535153,32,0.5071985934949473,0.000910704315174371,0.7381073236465454,0.19286490490223207,False,
427,OCNT-2535381,1,CYP2C9,4.678558349609375,2.7850359401782043e-05,0.0,0.0003395010717213154,32,0.5815685908448136,0.000518486718647182,0.6808778643608093,0.25750344715571205,False,
427,OCNT-2535381,2,CYP2D6,4.734861850738525,9.16294766284409e-07,0.0,9.728391887620091e-06,32,0.49339151295020217,1.4624831237597391e-05,0.8467098474502563,0.231153736303049,False,
427,OCNT-2535381,3,CYP3A4,4.316765308380127,3.35610207002901e-06,0.0,5.488927126862109e-05,32,0.7870605084038553,8.477843221044168e-05,0.5787695050239563,0.4141916388844441,False,
428,OCNT-2535382,0,CYP1A2,4.863481044769287,5.8339370298199356e-05,0.0,0.00042796347406692803,32,0.5068995533554841,0.0009464726317673922,0.7410773038864136,0.2019979588330697,False,
428,OCNT-2535382,1,CYP2C9,4.729332447052002,1.0031531019194517e-05,0.0,0.00011348876432748511,32,0.46990425000412894,0.00015099385927896947,0.74716717004776,0.21428905424138378,False,
428,OCNT-2535382,2,CYP2D6,4.778326034545898,6.838984489832001e-08,0.0,1.525847665106994e-06,32,0.413743581234808,1.037865445141506e-06,0.9880542159080505,0.19121241976107028,False,
428,OCNT-2535382,3,CYP3A4,4.417938709259033,4.073896207046346e-07,0.0,5.782418156741187e-06,32,0.6717581550335558,8.972316209110431e-06,0.8647427558898926,0.329583669017014,False,
429,OCNT-2535383,0,CYP1A2,4.637251853942871,0.00016542330558877438,2.9802322387695312e-08,0.0022048624232411385,32,0.8723785507212597,0.004618254955857992,0.33173835277557373,0.5708889971219631,False,
429,OCNT-2535383,1,CYP2C9,4.496307849884033,3.100977846770547e-05,0.0,0.0003663136449176818,32,0.5492660098418051,0.0005452195182442665,0.6839916110038757,0.24564000303042732,False,
429,OCNT-2535383,2,CYP2D6,4.632277488708496,2.431484915632609e-07,0.0,2.9673183234990574e-06,32,0.45022159023770575,3.6471333260124084e-06,0.924893319606781,0.21128211096284216,False,
429,OCNT-2535383,3,CYP3A4,4.08348274230957,1.549367652842193e-06,0.0,2.3037369828671217e-05,32,0.7374875396058809,3.680045483633876e-05,0.711249828338623,0.32418297560954906,False,
430,OCNT-2535384,0,CYP1A2,4.439175605773926,0.0001686924952082336,0.0,0.0029482892714440823,32,0.9702694023480588,0.00523797981441021,0.3405058681964874,0.5750066660608808,False,
430,OCNT-2535384,1,CYP2C9,4.246749401092529,5.4222495236899704e-05,0.0,0.0006370027549564838,32,0.5547801614554929,0.000962787598837167,0.6388217210769653,0.2522753204367999,False,
430,OCNT-2535384,2,CYP2D6,4.113100528717041,5.0235121307196096e-05,3.1256939792001504e-07,0.0008217458380386233,32,0.8727507102398593,0.001403246889822185,0.16319745779037476,0.40207243017523153,False,
430,OCNT-2535384,3,CYP3A4,3.03143048286438,5.9388435147411656e-06,0.0,7.389680831693113e-05,32,0.41054568477629033,7.815270510036498e-05,0.7922641634941101,0.14049074907473322,False,
431,OCNT-2535385,0,CYP1A2,3.923626184463501,0.0003150898846797645,0.00025847184588201344,0.0028282473795115948,32,0.6983598754170073,0.007041699718683958,3.1522240533377044e-06,0.3441282352703454,False,
431,OCNT-2535385,1,CYP2C9,3.685633897781372,2.6608366169966757e-05,0.0,0.0003122721682302654,32,0.5652674406321632,0.0004814878629986197,0.6748656034469604,0.269577708639456,False,
431,OCNT-2535385,2,CYP2D6,4.573823928833008,5.478057119034929e-07,0.0,5.893786237720633e-06,32,0.4294741782842869,7.666020792385098e-06,0.8918591141700745,0.20153628300883122,False,
431,OCNT-2535385,3,CYP3A4,3.378896713256836,1.185900373457116e-06,0.0,1.325328503298806e-05,32,0.5570586288767511,2.13179719139589e-05,0.8046798706054688,0.3119387133183847,False,
432,OCNT-2535386,0,CYP1A2,3.923938274383545,0.0003375898813828826,0.0002584701287560165,0.003006822196766734,32,0.6967867223505511,0.007527523674070835,3.5389359709370183e-06,0.33858194969101774,False,
432,OCNT-2535386,1,CYP2C9,3.6817424297332764,2.6610156055539846e-05,0.0,0.0003122603229712695,32,0.5652300481717202,0.0004814883868675679,0.6749874353408813,0.26956313925399156,False,
432,OCNT-2535386,2,CYP2D6,4.572256088256836,5.415949431153422e-07,0.0,5.886287908651866e-06,32,0.4299849882954574,7.589681445097085e-06,0.8918546438217163,0.20039889775172798,False,
432,OCNT-2535386,3,CYP3A4,3.3721988201141357,1.186493818750023e-06,0.0,1.3345970728551038e-05,32,0.5571318538362168,2.1331354219000787e-05,0.8045937418937683,0.3122166926946991,False,
433,OCNT-2535388,0,CYP1A2,4.949465274810791,0.00014144252054393291,0.0,0.001018088310956955,32,0.5490950344084904,0.002485468052327633,0.518280565738678,0.23002644495474645,False,
433,OCNT-2535388,1,CYP2C9,4.666834831237793,6.712234934536099e-11,0.0,6.856063237137278e-07,32,0.00022974661622456323,7.401239343618471e-11,1.0,6.245004513516506e-05,False,
433,OCNT-2535388,2,CYP2D6,5.043481826782227,4.4748232896907325e-10,0.0,8.271852607322216e-07,32,0.005670662313378785,1.8958126180024237e-09,1.0,0.007401194590564874,False,
433,OCNT-2535388,3,CYP3A4,4.558158874511719,0.0,0.0,8.260831236839294e-07,2,0.0,0.0,1.0,6.366833851305905e-28,False,
434,OCNT-2535389,0,CYP1A2,4.918763160705566,0.0001918446214403957,0.0,0.0023784462828189135,32,0.9579057255368725,0.005880916491150856,0.5844937562942505,0.4647584307913346,False,
434,OCNT-2535389,1,CYP2C9,4.786431312561035,1.947854798345361e-05,0.0,0.00022396320127882063,32,0.5258065804842796,0.00032791061676107347,0.7230443358421326,0.21945638202328038,False,
434,OCNT-2535389,2,CYP2D6,4.793226718902588,4.588855873066677e-08,0.0,1.359691623292747e-06,32,0.34019213621798045,6.084111419113469e-07,1.0,0.1659797224275651,False,
434,OCNT-2535389,3,CYP3A4,4.464754581451416,2.088967676172615e-06,0.0,3.146859671687707e-05,32,0.8119567494085596,5.4536671086680144e-05,0.6179763674736023,0.4467182085730183,False,
435,OCNT-2535391,0,CYP1A2,3.9526047706604004,0.00025002792244777083,0.0002494571090210229,0.0024360851384699345,32,0.7563921875445471,0.006052055396139622,4.0358809201279655e-06,0.35762341057762304,False,
435,OCNT-2535391,1,CYP2C9,3.721346855163574,2.545129791542422e-05,0.0,0.0002986696781590581,32,0.565222214353732,0.00046052131801843643,0.6779512166976929,0.2696298695075948,False,
435,OCNT-2535391,2,CYP2D6,4.631073951721191,5.175751311981003e-07,0.0,5.6688732001930475e-06,32,0.4296436139679433,7.2534171522420365e-06,0.8947932124137878,0.20019735192184013,False,
435,OCNT-2535391,3,CYP3A4,3.4364240169525146,1.1346171504555969e-06,0.0,1.2691912161244545e-05,32,0.5565435089805841,2.038493585132528e-05,0.8076146245002747,0.3095217554404016,False,
436,OCNT-2535393,0,CYP1A2,4.763104438781738,0.00016349232464563102,0.0,0.0022809277288615704,32,0.819687851196948,0.0042886678129434586,0.25931018590927124,0.7113820535301162,False,
436,OCNT-2535393,1,CYP2C9,4.626839637756348,9.45690680964617e-06,0.0,0.0001071146980393678,32,0.4700915714977101,0.0001424100191798061,0.7501817345619202,0.21517548481977883,False,
436,OCNT-2535393,2,CYP2D6,4.790020942687988,6.617255365881647e-08,0.0,1.426942617399618e-06,32,0.41929757494736897,1.0220469448540825e-06,0.9879860281944275,0.19762409058867347,False,
436,OCNT-2535393,3,CYP3A4,4.2614216804504395,3.8245440237005823e-07,0.0,5.7073084462899715e-06,32,0.6682009065661325,8.391628398385365e-06,0.8707258105278015,0.33172589628364535,False,
437,OCNT-2535394,0,CYP1A2,4.749595642089844,0.00017060921527445316,1.4901161193847656e-08,0.0023801722563803196,32,0.8196866641726895,0.004475337453186512,0.2592536211013794,0.7113897797099739,False,
437,OCNT-2535394,1,CYP2C9,4.618042945861816,9.867651897366159e-06,0.0,0.00011169599747518077,32,0.4701296646816961,0.00014860086957924068,0.7471148371696472,0.21522191505503224,False,
437,OCNT-2535394,2,CYP2D6,4.781135559082031,6.915293937481692e-08,0.0,1.2391562904667808e-06,32,0.421160608385365,1.0667552032828098e-06,0.9880562424659729,0.20130983569903316,False,
437,OCNT-2535394,3,CYP3A4,4.277756214141846,3.982050316153618e-07,0.0,5.565600531554082e-06,32,0.6701309476177634,8.753626389079727e-06,0.8647254109382629,0.3240654432615938,False,
438,OCNT-2535397,0,CYP1A2,5.052323341369629,2.8039171411364805e-06,0.0,2.764624878182076e-05,32,0.5420417148367568,4.880833512288518e-05,0.7864354252815247,0.22313607381285516,False,
438,OCNT-2535397,1,CYP2C9,4.906476020812988,1.6733598386053927e-05,0.0,0.00019145307305734605,32,0.5163859331056573,0.0002766770776361227,0.7231060862541199,0.22331496525006234,False,
438,OCNT-2535397,2,CYP2D6,4.858486652374268,2.534142318211252e-08,0.0,8.389516779061523e-07,32,0.28644560812074027,3.2394865456808475e-07,1.0,0.1587991465705863,False,
438,OCNT-2535397,3,CYP3A4,4.650054454803467,7.733674465271179e-07,0.0,1.14379872684367e-05,32,0.7727710095985274,1.93716368812602e-05,0.7715793251991272,0.41675183046438363,False,
439,OCNT-2535398,0,CYP1A2,4.709009647369385,0.00031519486219622195,2.9802322387695312e-08,0.004636939615011215,32,0.9910537020168767,0.009996318258345127,0.15082664787769318,0.6799756084342624,False,
439,OCNT-2535398,1,CYP2C9,4.56671142578125,1.0914543963735923e-05,0.0,0.00012349599273875356,32,0.47031234936520727,0.00016441433399450034,0.7381841540336609,0.21537773145938438,False,
439,OCNT-2535398,2,CYP2D6,4.745935916900635,7.679557256778935e-08,0.0,1.3843983879269217e-06,32,0.42684491636040883,1.1855439652208588e-06,0.982043445110321,0.18825255479984865,False,
439,OCNT-2535398,3,CYP3A4,4.235350608825684,4.362913728073181e-07,0.0,5.812714789499296e-06,32,0.6700941409791842,9.569831490807701e-06,0.8616914749145508,0.32702379203033294,False,
440,OCNT-2535399,0,CYP1A2,4.353635787963867,4.2610106902429834e-05,0.0,0.00032406329410150647,32,0.5232748636792018,0.0007136649801395833,0.7381330728530884,0.19219704198204451,False,
440,OCNT-2535399,1,CYP2C9,4.11165714263916,1.978544969460927e-05,0.0,0.0002264125068904832,32,0.5166994247281168,0.0003273055190220475,0.7170230150222778,0.22400400486864136,False,
440,OCNT-2535399,2,CYP2D6,4.685967445373535,3.530236369897466e-08,0.0,1.077052502296283e-06,32,0.3086138396991141,4.473899650747626e-07,1.0,0.15928835627960927,False,
440,OCNT-2535399,3,CYP3A4,3.8260464668273926,8.941081546254281e-07,0.0,1.3207834854256362e-05,32,0.7738839452836908,2.238959314126987e-05,0.7533681392669678,0.41623992184196845,False,
441,OCNT-2535400,0,CYP1A2,4.745049476623535,2.4678759018570418e-06,0.0,2.3086508008418605e-05,32,0.4636356656475876,3.676261258078739e-05,0.8255102038383484,0.21127737555346993,False,
441,OCNT-2535400,1,CYP2C9,4.241025447845459,6.056732308934443e-05,0.0,0.00073082628659904,32,0.5910781102541975,0.0011457897489890456,0.6236931681632996,0.27665867218219437,False,
441,OCNT-2535400,2,CYP2D6,4.045046329498291,9.964985656552017e-05,8.87088560830307e-07,0.0017657019197940826,32,0.88894056132035,0.0028349340427666903,0.027682652696967125,0.4715027556851086,False,
441,OCNT-2535400,3,CYP3A4,2.7274668216705322,5.288566171657294e-06,0.0,6.635893078055233e-05,32,0.4232434836870931,7.176267536124215e-05,0.7985159754753113,0.15045726148077732,False,
442,OCNT-2535401,0,CYP1A2,4.847784519195557,1.6998214050545357e-05,6.778505394322565e-06,0.00024248742556665093,32,0.9299519763035583,0.0005061383126303554,0.00010162789112655446,0.4630005044010364,False,
442,OCNT-2535401,1,CYP2C9,4.693020343780518,4.12027511629276e-05,0.0,0.0005726831732317805,32,0.8368156512573979,0.0011035992065444589,0.47628477215766907,0.34048799383599293,False,
442,OCNT-2535401,2,CYP2D6,4.464738368988037,4.6108664264465915e-07,0.0,7.416679636662593e-06,32,0.7473428000594697,1.126602273870958e-05,0.8408433794975281,0.4205575434105384,False,
442,OCNT-2535401,3,CYP3A4,4.303450107574463,7.308073008971405e-07,0.0,1.1234787962166592e-05,32,0.7662167200665738,1.816380608943291e-05,0.7805010080337524,0.4117026688993787,False,
443,OCNT-2535402,0,CYP1A2,4.842703342437744,1.6998017599689774e-05,6.747050974809099e-06,0.00024246927932836115,32,0.9299652844745873,0.0005061397096142173,8.076967787928879e-05,0.46329885907317814,False,
443,OCNT-2535402,1,CYP2C9,4.66513729095459,4.120079756830819e-05,0.0,0.0005726778181269765,32,0.8368357228722989,0.0011035733623430133,0.47914671897888184,0.34052591941576654,False,
443,OCNT-2535402,2,CYP2D6,4.46116828918457,4.6018448074391927e-07,0.0,7.312482921406627e-06,32,0.7489151827004957,1.126810548157664e-05,0.8376969695091248,0.3773027338534072,False,
443,OCNT-2535402,3,CYP3A4,4.300171375274658,7.313614105441957e-07,5.960464477539063e-08,1.0963378372252919e-05,32,0.7656576810582413,1.816412986954674e-05,0.7776097655296326,0.41135823153498585,False,
444,OCNT-2535403,0,CYP1A2,4.842697620391846,1.6990488802548498e-05,6.778963779652258e-06,0.00024235784076154232,32,0.9299157587025563,0.0005058887181803584,7.290617213584483e-05,0.46305295140953207,False,
444,OCNT-2535403,1,CYP2C9,4.665131568908691,4.12113695347216e-05,0.0,0.0005728804389946163,32,0.8369299043304622,0.0011039806995540857,0.47914910316467285,0.34061181258024553,False,
444,OCNT-2535403,2,CYP2D6,4.461167335510254,4.60020828541019e-07,0.0,7.287513653864153e-06,32,0.7489840722761177,1.1265219654887915e-05,0.8377916216850281,0.39265484143992974,False,
444,OCNT-2535403,3,CYP3A4,4.3001627922058105,7.312699494832486e-07,0.0,1.1041011021006852e-05,32,0.765873465001164,1.816700751078315e-05,0.7775572538375854,0.41161135393129555,False,
445,OCNT-2535404,0,CYP1A2,4.757871627807617,0.0001486775727244094,0.0008272834238596261,0.0014476139331236482,32,0.823888397105486,0.0039200629107654095,4.1477829654468223e-05,0.428205479141075,False,
445,OCNT-2535404,1,CYP2C9,4.376725196838379,2.8261838451726362e-05,0.0,0.00032442918745800853,32,0.5044611060705996,0.00045638537267223,0.6899692416191101,0.22510997802577334,False,
445,OCNT-2535404,2,CYP2D6,4.489582061767578,9.769554054628315e-08,0.0,1.6316188293785672e-06,32,0.44528921354457857,1.5345812016676064e-06,0.970003604888916,0.19576524693218839,False,
445,OCNT-2535404,3,CYP3A4,3.908529758453369,1.1357366247466416e-06,0.0,1.6362095266231336e-05,32,0.7518888709200254,2.7566931748879142e-05,0.7352620959281921,0.3976716684730659,False,
446,OCNT-2535405,0,CYP1A2,3.9551937580108643,0.00032617224496789277,0.00024413285427726805,0.003704959060996771,32,0.8020878559610074,0.008372058160603046,3.955271040467778e-06,0.41829403590682224,False,
446,OCNT-2535405,1,CYP2C9,3.49465274810791,4.3493353587109596e-05,0.0,0.0005052220076322556,32,0.5284376952804699,0.0007356419810093939,0.6448895335197449,0.24767644695183394,False,
446,OCNT-2535405,2,CYP2D6,3.979677200317383,6.143633527244674e-06,4.214684778958144e-08,7.084570825099945e-05,32,0.7420889331166853,0.00014612938684877008,0.4853420853614807,0.3850262460868458,False,
446,OCNT-2535405,3,CYP3A4,2.7909679412841797,1.3178528206481133e-06,0.0,1.6562393284402788e-05,32,0.5859187219296328,2.489644248271361e-05,0.7895950675010681,0.29658290719126956,False,
447,OCNT-2535406,0,CYP1A2,3.895359992980957,0.0005455618957057595,0.0002204204793088138,0.007093723863363266,32,0.9052535313400722,0.015804188326001167,2.28669978241669e-06,0.5461905404655834,False,
447,OCNT-2535406,1,CYP2C9,3.531893014907837,3.8387453969335184e-05,0.0,0.0004459959454834461,32,0.5285233239049387,0.0006494064000435174,0.6540768146514893,0.24776578149177256,False,
447,OCNT-2535406,2,CYP2D6,4.084266185760498,5.561091711570043e-06,8.429369557916289e-08,6.421247235266492e-05,32,0.7456409805106763,0.00013292909716255963,0.49434712529182434,0.38856617186451625,False,
447,OCNT-2535406,3,CYP3A4,2.8976147174835205,1.1575184544199146e-06,0.0,1.4479386663879268e-05,32,0.5839437229105959,2.1816482330905274e-05,0.7957078814506531,0.29622839620902847,False,
448,OCNT-2535407,0,CYP1A2,4.387112140655518,3.6509423807729036e-05,0.0,0.00027251310530118644,32,0.5033321214384276,0.0005882047698833048,0.7441296577453613,0.18492323684345863,False,
448,OCNT-2535407,1,CYP2C9,4.161776542663574,1.8920412912848406e-05,0.0,0.00021653526346199214,32,0.5166573440251436,0.0003129771794192493,0.7170810699462891,0.223982134476624,False,
448,OCNT-2535407,2,CYP2D6,4.562844753265381,0.00040847944910638034,2.424072226858698e-05,0.006383526138961315,2,1.0015586378403198,0.0008182522724382579,2.9400171115412377e-06,0.7044034725648127,False,
448,OCNT-2535407,3,CYP3A4,3.8839340209960938,8.590236575400922e-07,0.0,1.2545227036753204e-05,32,0.7728922692741123,2.149317333532963e-05,0.7564329504966736,0.4170395593804227,False,
449,OCNT-2535408,0,CYP1A2,3.867396593093872,0.00032031990122050047,0.00021681642101611942,0.003425049129873514,32,0.7725556165641297,0.007919125258922577,5.703733677364653e-06,0.37754258872855456,False,
449,OCNT-2535408,1,CYP2C9,3.6094863414764404,3.025045953108929e-05,0.0,0.000352933828253299,32,0.5422635241310682,0.0005250925896689296,0.6660115122795105,0.2552485456542979,False,
449,OCNT-2535408,2,CYP2D6,4.292518138885498,5.522555966308573e-06,2.9802322387695312e-08,6.390557246049866e-05,32,0.7401822889976354,0.00013104319805279374,0.5004198551177979,0.3640975520253308,False,
449,OCNT-2535408,3,CYP3A4,3.12960147857666,1.055108896252932e-06,0.0,1.2294609405216761e-05,32,0.5652999034396253,1.9267390598542988e-05,0.8107003569602966,0.3158935951074975,False,
450,OCNT-2535409,0,CYP1A2,3.8654181957244873,0.0003261587116867304,0.0002291849668836221,0.003586005885154009,32,0.7863125459158524,0.008207057602703571,4.445752438186901e-06,0.3364319651770556,False,
450,OCNT-2535409,1,CYP2C9,3.5151174068450928,4.147779691265896e-05,0.0,0.0004805500793736428,32,0.5275961010584109,0.0007004415965639055,0.6509799957275391,0.24811159090856214,False,
450,OCNT-2535409,2,CYP2D6,4.042670726776123,5.7675360949360766e-06,5.960464477539063e-08,6.654126627836376e-05,32,0.7463355837790556,0.00013798338477499783,0.4883480668067932,0.3753174365759438,False,
450,OCNT-2535409,3,CYP3A4,2.8586080074310303,1.2539941280920175e-06,0.0,1.583461562404409e-05,32,0.591658418152265,2.3931288524181582e-05,0.7896940112113953,0.2989756363760087,False,
451,OCNT-2535410,0,CYP1A2,3.862684965133667,0.0003521262260619551,0.00023422128288075328,0.003930970095098019,32,0.7888351572472369,0.008888877928256989,4.382018687465461e-06,0.35800511429467585,False,
451,OCNT-2535410,1,CYP2C9,3.5016443729400635,4.3207859562244266e-05,0.0,0.0005005987477488816,32,0.5275915140962739,0.0007296440307982266,0.6479337811470032,0.24806956648203596,False,
451,OCNT-2535410,2,CYP2D6,4.007467269897461,5.872793735761661e-06,4.214684778958144e-08,6.761222175555304e-05,32,0.7425847861312118,0.0001397911400999874,0.4913308024406433,0.36951090554122845,False,
451,OCNT-2535410,3,CYP3A4,2.8216233253479004,1.306837248193915e-06,0.0,1.64772936841473e-05,32,0.5917777717693405,2.4936800400610082e-05,0.7865808606147766,0.2960057392896307,False,
452,OCNT-2535411,0,CYP1A2,3.9008524417877197,0.0005589575157500803,0.0002214829291915521,0.00763871893286705,32,0.9301907132513616,0.01663828454911709,1.417764678990352e-06,0.5599202776444872,False,
452,OCNT-2535411,1,CYP2C9,3.53181791305542,3.839237615466118e-05,0.0,0.00044604885624721646,32,0.5285143155329677,0.00064947857754305,0.6538552641868591,0.24773220510502572,False,
452,OCNT-2535411,2,CYP2D6,4.084256649017334,5.560612407862209e-06,2.9802322387695312e-08,6.418713019229472e-05,32,0.745671013850236,0.00013292301446199417,0.4944228231906891,0.3882852975192941,False,
452,OCNT-2535411,3,CYP3A4,2.897657632827759,1.1557601737877121e-06,0.0,1.4516171177092474e-05,32,0.583502415436854,2.1767164071206935e-05,0.7956845164299011,0.2974959893902046,False,
453,OCNT-2535412,0,CYP1A2,4.908763885498047,3.3909409467014484e-06,0.0,3.4893109841505066e-05,32,0.5040686466205379,5.485784640768543e-05,0.7804558277130127,0.21954824289114744,False,
453,OCNT-2535412,1,CYP2C9,4.725619316101074,1.8139093299396336e-05,0.0,0.00020757908350788057,32,0.5166994296516475,0.000300084037007764,0.7200772166252136,0.2239089068169104,False,
453,OCNT-2535412,2,CYP2D6,4.808578014373779,2.6577330558552603e-08,0.0,1.0838261914614122e-06,32,0.2970928871912156,3.477396717244119e-07,1.0,0.1832113438446398,False,
453,OCNT-2535412,3,CYP3A4,4.456052780151367,8.272804166153946e-07,0.0,1.2113034244976006e-05,32,0.7724049203391851,2.0695024431915954e-05,0.7594773769378662,0.4191128624493958,False,
454,OCNT-2535413,0,CYP1A2,4.822181224822998,4.283037924324162e-06,0.0,4.4077925849705935e-05,32,0.5044402761604143,6.929859955562279e-05,0.7713562250137329,0.22001688997654584,False,
454,OCNT-2535413,1,CYP2C9,4.587616920471191,2.291252530994825e-05,0.0,0.00026223386521451175,32,0.5167630705488163,0.0003790564660448581,0.7080408334732056,0.22397944198492645,False,
454,OCNT-2535413,2,CYP2D6,4.7177734375,3.268291592917194e-08,0.0,1.2001354434687528e-06,32,0.3197560767993846,4.367398958038393e-07,1.0,0.20365033049430692,False,
454,OCNT-2535413,3,CYP3A4,4.267999649047852,1.0427638699184172e-06,0.0,1.5277593774953857e-05,32,0.7758182406180015,2.613610922708176e-05,0.7322951555252075,0.4179549876936389,False,
455,OCNT-2535414,0,CYP1A2,4.799649715423584,4.520964466792066e-06,0.0,4.643075226340443e-05,32,0.5045137750762907,7.314988761208951e-05,0.7653964757919312,0.21955487056853387,False,
455,OCNT-2535414,1,CYP2C9,4.550770282745361,2.4185543225030415e-05,0.0,0.0002767695114016533,32,0.516772534181436,0.00040011495002545416,0.705004870891571,0.2239313547797746,False,
455,OCNT-2535414,2,CYP2D6,4.697761535644531,3.4491577594053524e-08,0.0,8.796737347438466e-07,32,0.32696605072097396,4.6551153332075046e-07,1.0,0.1823781975840154,False,
455,OCNT-2535414,3,CYP3A4,4.2186408042907715,1.099952442018548e-06,0.0,1.615201836102642e-05,32,0.7767368896508369,2.758851223916281e-05,0.7261914014816284,0.4176273043051724,False,
456,OCNT-2535415,0,CYP1A2,4.914137840270996,3.5450909763312666e-06,0.0,3.64071674994193e-05,32,0.5050000953038387,5.7450281019555405e-05,0.7774965167045593,0.21960902691698025,False,
456,OCNT-2535415,1,CYP2C9,4.759434700012207,1.8879045455832966e-05,0.0,0.0002159572613891214,32,0.5162418944818494,0.00031204213155433536,0.7200355529785156,0.22320325516506379,False,
456,OCNT-2535415,2,CYP2D6,4.80425500869751,2.7585624451376134e-08,0.0,7.995477062650025e-07,32,0.2984422027484163,3.5894836969418975e-07,1.0,0.1635705492923962,False,
456,OCNT-2535415,3,CYP3A4,4.482138156890869,8.8001985432129e-07,0.0,1.2927845091326162e-05,32,0.7730715171895864,2.201756797148846e-05,0.7534118294715881,0.4187661650947144,False,
457,OCNT-2535416,0,CYP1A2,4.805173873901367,4.2828169171116315e-06,0.0,4.400300531415269e-05,32,0.5044636509353378,6.929824303369969e-05,0.7713950276374817,0.2202887928372676,False,
457,OCNT-2535416,1,CYP2C9,4.521949291229248,2.29122433665907e-05,0.0,0.00026222775341011584,32,0.516767284150414,0.00037905489443801343,0.7080289721488953,0.2240340229173983,False,
457,OCNT-2535416,2,CYP2D6,4.712072372436523,3.327084741044928e-08,0.0,1.1110129207736463e-06,32,0.31592743620511504,4.374543323137914e-07,1.0,0.17838930314642193,False,
457,OCNT-2535416,3,CYP3A4,4.197084426879883,1.0430632073621382e-06,0.0,1.5196696040220559e-05,32,0.7756703130772026,2.613855576782953e-05,0.7323380708694458,0.4190628712559029,False,
458,OCNT-2535417,0,CYP1A2,4.413923263549805,0.00023816117027308792,0.0,0.003914657514542341,32,0.8872936764081082,0.00676248874515295,0.19299423694610596,0.6696941090997369,False,
458,OCNT-2535417,1,CYP2C9,4.211704730987549,5.225838322076015e-05,0.0,0.0006197285838425159,32,0.5652666841936791,0.0009454584214836359,0.6417765617370605,0.25590068394364895,False,
458,OCNT-2535417,2,CYP2D6,4.1768574714660645,5.6052685977192596e-05,4.5197458575785276e-07,0.0009759293170645833,32,0.8870955665368789,0.0015914547257125378,0.10292740166187286,0.45331611770088076,False,
458,OCNT-2535417,3,CYP3A4,3.090034246444702,4.286960574972909e-06,0.0,5.2836821851087734e-05,32,0.4144533630041776,5.6988472351804376e-05,0.8103503584861755,0.1399628309423492,False,
459,OCNT-2535418,0,CYP1A2,4.506289482116699,0.0004329530056566,0.0,0.006894470192492008,2,1.0005707259858843,0.0008664202177897096,0.31941261887550354,0.5853480968210918,False,
459,OCNT-2535418,1,CYP2C9,4.259821891784668,1.5551651813439094e-05,0.0,0.00017696741269901395,32,0.4833744623925167,0.00024070736253634095,0.7049650549888611,0.23048611216263187,False,
459,OCNT-2535418,2,CYP2D6,4.2840399742126465,4.0149211599782575e-06,7.884953134862371e-08,7.425420335493982e-05,32,0.8197275879295625,0.00010557884525042027,0.4521031677722931,0.4299885480022803,False,
459,OCNT-2535418,3,CYP3A4,3.7094509601593018,3.845291575998999e-05,2.8670612664427608e-05,0.0007288620108738542,32,0.8870786631018678,0.0010918282205238938,1.6959855202003382e-05,0.46351507870642833,False,
460,OCNT-2535419,0,CYP1A2,4.700800895690918,0.00025381630985066295,1.4082007510296535e-05,0.003272424917668104,32,0.9068302593761444,0.007365676108747721,6.48782224743627e-05,0.6309895351770856,False,
460,OCNT-2535419,1,CYP2C9,4.639119625091553,3.730894206910307e-07,0.0,3.435283133512712e-06,32,0.4774286103341324,5.852731192135252e-06,0.9038137197494507,0.2030160189249912,False,
460,OCNT-2535419,2,CYP2D6,4.602719306945801,4.828045803151326e-07,0.0,7.600081062264508e-06,32,0.737585584760197,1.1631537745415699e-05,0.8377575278282166,0.3869727137416913,False,
460,OCNT-2535419,3,CYP3A4,4.424639701843262,4.878956261222811e-08,0.0,1.2881379234386259e-06,32,0.3861221168387556,7.263984116434585e-07,1.0,0.14601524528638146,False,
461,OCNT-2535420,0,CYP1A2,3.9344403743743896,0.00037817467818968,0.0003585037775337696,0.003576884977519512,32,0.7348628594514961,0.008893243968486786,2.0209924969094573e-06,0.35427406061106426,False,
461,OCNT-2535420,1,CYP2C9,3.66489315032959,3.658351852209307e-05,0.0,0.00042932957876473665,32,0.5653287063400907,0.0006619957275688648,0.6568379998207092,0.26956211171873157,False,
461,OCNT-2535420,2,CYP2D6,4.497138977050781,7.406190434267046e-07,0.0,7.887444553489331e-06,32,0.43335664973706617,1.040914412442362e-05,0.8767490386962891,0.19919145502556765,False,
461,OCNT-2535420,3,CYP3A4,3.2879621982574463,1.6260112261079485e-06,0.0,1.8113567421096377e-05,32,0.5594558995758572,2.9288836230989546e-05,0.7803543210029602,0.31213839605816585,False,
462,OCNT-2535421,0,CYP1A2,4.635007858276367,0.00026815233286470175,8.639490260975435e-06,0.003569121705368161,32,0.9498276297316759,0.008150655776262283,0.0001061407892848365,0.6613885446151904,False,
462,OCNT-2535421,1,CYP2C9,4.546376705169678,4.1572409827494994e-05,0.0,0.0005324927042238414,32,0.9599080192461383,0.00127728923689574,0.4700988829135895,0.5096593391325872,False,
462,OCNT-2535421,2,CYP2D6,4.555295944213867,5.99414079260896e-07,0.0,9.329871318186633e-06,32,0.7439245083698003,1.450745821784949e-05,0.8105571866035461,0.38203565677860096,False,
462,OCNT-2535421,3,CYP3A4,4.311136245727539,5.768072242062772e-08,0.0,1.228032715516747e-06,32,0.3992774490123897,8.647483582535642e-07,0.9939950108528137,0.15282535240717568,False,
463,OCNT-2535422,0,CYP1A2,4.7017974853515625,0.00016858919116202742,9.054463589563966e-06,0.003122167894616723,2,1.001887425709356,0.00033783481922000647,9.621733624953777e-05,0.7108671078099572,False,
463,OCNT-2535422,1,CYP2C9,4.579336643218994,4.3566356907831505e-05,0.0,0.0005579941207543015,32,0.9598197832803554,0.0013384143821895123,0.4670894145965576,0.509683451011857,False,
463,OCNT-2535422,2,CYP2D6,4.535705089569092,6.269354457799636e-07,0.0,9.976476576412097e-06,32,0.7455657956112309,1.5196073036349844e-05,0.8045535087585449,0.40046846679420395,False,
463,OCNT-2535422,3,CYP3A4,4.331232070922852,5.990651175125095e-08,0.0,1.1796935268648667e-06,32,0.4034536627485619,9.025292229125625e-07,0.9909960031509399,0.15583590871859332,False,
464,OCNT-2535423,0,CYP1A2,4.635009765625,0.0002682056510820985,8.636482561996672e-06,0.00356999016366899,32,0.9499228915554404,0.008153093978762627,0.00010574671614449471,0.6614499270074456,False,
464,OCNT-2535423,1,CYP2C9,4.546377182006836,4.157424336881377e-05,0.0,0.0005325341480784118,32,0.9599236095491537,0.0012773663038387895,0.47009024024009705,0.5096253259513166,False,
464,OCNT-2535423,2,CYP2D6,4.555295944213867,5.992148999212077e-07,5.960464477539063e-08,9.331031833426096e-06,32,0.743975939720036,1.45037192851305e-05,0.8075981736183167,0.38034785410189625,False,
464,OCNT-2535423,3,CYP3A4,4.311136245727539,5.75323788609694e-08,0.0,1.2365660495561315e-06,32,0.3994458631665974,8.632169397060352e-07,0.993990421295166,0.18348932889331782,False,
465,OCNT-2535424,0,CYP1A2,4.776554107666016,2.467455942678498e-06,0.0,2.3620685169589706e-05,32,0.4641070634892474,3.6793753679376096e-05,0.8225138187408447,0.21599477923665933,False,
465,OCNT-2535424,1,CYP2C9,4.394970893859863,6.056754864403047e-05,0.0,0.000730828964151442,32,0.5910747083335465,0.001145787420682609,0.6237680912017822,0.27665481558641636,False,
465,OCNT-2535424,2,CYP2D6,4.048377990722656,9.964992932509631e-05,8.085167451099551e-07,0.0017657004063948989,32,0.8889402043553367,0.002834934974089265,0.024726035073399544,0.47150736418276884,False,
465,OCNT-2535424,3,CYP3A4,2.755338430404663,4.871732016908936e-05,0.0,0.0004620843392331153,32,0.6054886428623116,0.0009441228467039764,0.6417196989059448,0.19576917657897516,False,
466,OCNT-2535425,0,CYP1A2,4.503767490386963,6.26659020781517e-05,1.2141257684561424e-05,0.0009024472092278302,32,0.9744577931341551,0.0019544006790965796,2.264276372443419e-05,0.5785085459999447,False,
466,OCNT-2535425,1,CYP2C9,4.472329616546631,4.1608294850448146e-05,0.0,0.0005346225225366652,32,0.959482358924556,0.001277824630960822,0.4701118469238281,0.5025514965791804,False,
466,OCNT-2535425,2,CYP2D6,4.066089153289795,7.666800456718192e-07,0.0,1.1992984582320787e-05,32,0.73979749721836,1.8386750525678508e-05,0.7864707112312317,0.3894881391052635,False,
466,OCNT-2535425,3,CYP3A4,4.112867832183838,1.024616622657959e-07,0.0,1.8760943021334242e-06,32,0.43158669884786216,1.5531826420556172e-06,0.9641060829162598,0.1799800226062144,False,
467,OCNT-2535428,0,CYP1A2,4.734591484069824,2.419797056063544e-05,9.988892088585999e-06,0.0003340394760016352,32,0.9458410005363022,0.0007327005150727928,7.808603550074622e-05,0.5353664372209874,False,
467,OCNT-2535428,1,CYP2C9,4.645086288452148,4.818170054932125e-05,0.0,0.0006177321192808449,32,0.9604341846655029,0.0014811186119914055,0.46112626791000366,0.5104028383219175,False,
467,OCNT-2535428,2,CYP2D6,4.494034290313721,6.930030735929904e-07,0.0,1.090481055143755e-05,32,0.746555882389641,1.679459455772303e-05,0.7926107048988342,0.3871227938771864,False,
467,OCNT-2535428,3,CYP3A4,4.387001991271973,6.65395418764092e-08,0.0,1.0443183100505848e-06,32,0.40836590139001055,1.0001964483308257e-06,0.985027015209198,0.15776210438952992,False,
468,OCNT-2535430,0,CYP1A2,4.522063255310059,5.9938971389783546e-05,1.1698464732035063e-05,0.0008631793316453695,32,0.97443881411165,0.0018693313468247652,3.4419168514432386e-05,0.5783507264066545,False,
468,OCNT-2535430,1,CYP2C9,4.45098352432251,3.982575435657054e-05,0.0,0.0005119416164234281,32,0.9597403620079632,0.00122342340182513,0.47308349609375,0.5029265978316442,False,
468,OCNT-2535430,2,CYP2D6,4.103432655334473,7.346088182202948e-07,0.0,1.1715281289070845e-05,32,0.7390933347907748,1.7610733266337775e-05,0.7928760647773743,0.40031444485646267,False,
468,OCNT-2535430,3,CYP3A4,4.09799861907959,9.941666689883277e-08,0.0,1.453856157240807e-06,32,0.4243139549927387,1.485664597566938e-06,0.9671152830123901,0.1748072998243982,False,
469,OCNT-2535431,0,CYP1A2,4.528746128082275,0.0001590199681231752,8.635836820758414e-06,0.002229443984106183,32,0.849646266088882,0.004323814995586872,7.587096479255706e-05,0.5695162209229239,False,
469,OCNT-2535431,1,CYP2C9,4.451473712921143,4.1675033571664244e-05,0.0,0.0005352374282665551,32,0.9583715737580127,0.0012783920392394066,0.470064640045166,0.5013159011064421,False,
469,OCNT-2535431,2,CYP2D6,4.3001017570495605,6.042491804691963e-07,0.0,9.43437044043094e-06,32,0.7418439283123865,1.4581664800061844e-05,0.8106092214584351,0.3708899646741648,False,
469,OCNT-2535431,3,CYP3A4,4.052699565887451,5.6513083990239465e-08,0.0,1.0078153991344152e-06,32,0.38497265347401766,8.19382989902806e-07,0.9940180778503418,0.2286549778057923,False,
470,OCNT-2535432,0,CYP1A2,4.9427056312561035,4.6519457100657746e-05,0.0,0.00036946553154848516,32,0.6247435979290685,0.0009302073740400374,0.7229641079902649,0.23517281806590135,False,
470,OCNT-2535432,1,CYP2C9,4.888345718383789,0.0,0.0,1.3541430234909058e-06,2,0.0,0.0,1.0,2.792200874278914e-28,False,
470,OCNT-2535432,2,CYP2D6,5.086093425750732,4.653815999233757e-09,0.0,8.233392918555182e-07,32,0.14268296652146809,6.690719800417355e-08,1.0,0.017476837764355144,False,
470,OCNT-2535432,3,CYP3A4,4.809492588043213,0.0,0.0,6.165355443954468e-07,2,0.0,0.0,1.0,1.136845006622573e-28,False,
471,OCNT-2535433,0,CYP1A2,5.015573024749756,0.0003018694114871323,0.0,0.0035924268886446953,32,0.9125107922307372,0.008814983069896698,0.45798245072364807,0.5185902077558873,False,
471,OCNT-2535433,1,CYP2C9,4.931565284729004,7.611495433934579e-09,0.0,6.308444540081837e-07,32,0.1778399407321651,1.002248737336231e-07,1.0,0.040179203580957536,False,
471,OCNT-2535433,2,CYP2D6,5.10490608215332,8.949646579381465e-11,0.0,9.053265443981218e-07,32,0.0021395465651331998,6.907823202340069e-10,1.0,0.0053417769270093325,False,
471,OCNT-2535433,3,CYP3A4,4.786316394805908,1.3424469869072198e-10,0.0,6.743310905221733e-07,32,0.001369349499101374,4.4407433286153264e-10,1.0,0.0022476712628919358,False,
472,OCNT-2535435,0,CYP1A2,4.865051746368408,0.00014213060785550624,0.0,0.0020025104749947786,2,1.0006029800192222,0.0002844526316039264,0.49406754970550537,0.5324468137868594,False,
472,OCNT-2535435,1,CYP2C9,4.705136775970459,2.100749588862527e-05,0.0,0.00024244090309366584,32,0.5077945644143628,0.00034152224543504417,0.7170034646987915,0.21708376864024898,False,
472,OCNT-2535435,2,CYP2D6,4.653647422790527,5.405042458050957e-08,0.0,1.0468836535437731e-06,32,0.39704789993970974,8.137947702380188e-07,1.0,0.1883094224288721,False,
472,OCNT-2535435,3,CYP3A4,4.292267799377441,1.7598929389350815e-06,0.0,2.5978119083447382e-05,32,0.7915411655219313,4.4830179831478745e-05,0.6570864915847778,0.42931568665735653,False,
473,OCNT-2535436,0,CYP1A2,4.916463851928711,3.6877790989819914e-06,0.0,3.805482992902398e-05,32,0.5114172180080756,6.051545278751291e-05,0.7742886543273926,0.22165585142553484,False,
473,OCNT-2535436,1,CYP2C9,4.798054218292236,1.9580076696001925e-05,0.0,0.00022529267880599946,32,0.5264039550557669,0.00032999340328387916,0.723039448261261,0.21965169573071883,False,
473,OCNT-2535436,2,CYP2D6,4.803595542907715,4.3382573977623906e-08,0.0,9.801522082852898e-07,32,0.33384747439403545,5.7029239997064e-07,1.0,0.17277746318241666,False,
473,OCNT-2535436,3,CYP3A4,4.482819557189941,2.0625550405384274e-06,0.0,3.106696385657415e-05,32,0.8114923757035026,5.3819603635929525e-05,0.6150567531585693,0.44685342163893443,False,
474,OCNT-2535438,0,CYP1A2,4.987115859985352,0.00017687981016933918,0.0010629466269165277,0.0016602750401943922,32,0.8066732761083827,0.004566153045743704,1.7074577044695616e-05,0.36570231881200665,False,
474,OCNT-2535438,1,CYP2C9,4.78698205947876,7.110155820555519e-06,0.0,8.105245069600642e-05,32,0.4773932209497249,0.00010877165186684579,0.7531699538230896,0.22331367285739925,False,
474,OCNT-2535438,2,CYP2D6,4.872949123382568,6.030565913306418e-08,0.0,1.0833937267307192e-06,32,0.414400824027349,9.323111385128868e-07,0.9940005540847778,0.20278337167068672,False,
474,OCNT-2535438,3,CYP3A4,4.561513423919678,2.1098277613873506e-07,0.0,3.0802684705122374e-06,32,0.6424439763260378,4.54300970886834e-06,0.927908182144165,0.3224160569434802,False,
475,OCNT-2535439,0,CYP1A2,4.959670543670654,2.8362314878904726e-06,0.0,2.81761367659783e-05,32,0.5460511092253644,4.9734011554392055e-05,0.7834952473640442,0.22506218771947556,False,
475,OCNT-2535439,1,CYP2C9,4.892638206481934,1.670192250458058e-05,0.0,0.00019217579392716289,32,0.5264627854440818,0.0002815425687003881,0.7291064262390137,0.2197161997639871,False,
475,OCNT-2535439,2,CYP2D6,4.836121559143066,4.308046470669069e-07,0.0,4.952084054821171e-06,32,0.720062091299763,1.015701491269283e-05,0.8527333736419678,0.3368847335854234,False,
475,OCNT-2535439,3,CYP3A4,4.615234375,1.7551577684571384e-06,0.0,2.642298750288319e-05,32,0.8108455571663655,4.580065069603734e-05,0.6391171813011169,0.44627719178930325,False,
476,OCNT-2535441,0,CYP1A2,4.711067199707031,7.067125352477888e-06,0.0,7.525317050749436e-05,32,0.6351929186534795,0.00014385087706614286,0.6720990538597107,0.28336978508822935,False,
476,OCNT-2535441,1,CYP2C9,4.575287342071533,1.0654831328338332e-07,0.0,1.457759481127141e-06,32,0.49622227572319005,1.8506838159737526e-06,0.9670533537864685,0.239872372133057,False,
476,OCNT-2535441,2,CYP2D6,4.595361709594727,4.082372129232681e-08,0.0,8.267619477919652e-07,32,0.46213156629837354,7.515918696299195e-07,1.0,0.16650649340901585,False,
476,OCNT-2535441,3,CYP3A4,4.317877292633057,5.435672392195556e-07,5.960464477539063e-08,7.5830789683095645e-06,32,0.7451702419410607,1.3200058674556203e-05,0.8226989507675171,0.38828851241981105,False,
477,OCNT-2535442,0,CYP1A2,3.96836519241333,0.00044487116974778473,0.00021242655930109322,0.005516025237739086,32,0.8607785873207457,0.01225421391427517,2.5378651571372757e-06,0.5203197111947321,False,
477,OCNT-2535442,1,CYP2C9,3.5359113216400146,3.827838008874096e-05,0.0,0.0004435429582372308,32,0.5278720122819576,0.0006467636558227241,0.6539140343666077,0.2483853477980218,False,
477,OCNT-2535442,2,CYP2D6,4.108188152313232,5.351081654225709e-06,6.664001972467304e-08,6.180332275107503e-05,32,0.7428706927417302,0.00012744289415422827,0.5033205151557922,0.3805574584951598,False,
477,OCNT-2535442,3,CYP3A4,2.916127920150757,1.111129449782311e-06,0.0,1.4013513464306016e-05,32,0.5828309743589968,2.0909727027174085e-05,0.8018704056739807,0.2977620114350481,False,
478,OCNT-2535443,0,CYP1A2,3.800835609436035,0.00046496736467815936,0.00021222511713858694,0.005099005531519651,32,0.8030178399705973,0.01194832380861044,4.848981461691437e-06,0.3499989814538015,False,
478,OCNT-2535443,1,CYP2C9,3.5346999168395996,3.778069367399439e-05,0.0,0.00043814320815727115,32,0.5282928871183591,0.0006388657493516803,0.6509155631065369,0.24829563118479714,False,
478,OCNT-2535443,2,CYP2D6,4.101173400878906,5.360363957152003e-06,5.960464477539063e-08,6.191369175212458e-05,32,0.7423881617345899,0.00012758062803186476,0.5003829598426819,0.37626500800333973,False,
478,OCNT-2535443,3,CYP3A4,2.9196507930755615,1.091578610612487e-06,0.0,1.3341168596525677e-05,32,0.5792990414476119,2.0420589862624183e-05,0.8049414753913879,0.29845670765410115,False,
479,OCNT-2535444,0,CYP1A2,4.888367176055908,3.4427391710778465e-06,0.0,3.3082957088481635e-05,32,0.5231302374516598,5.7799432397587225e-05,0.7803549766540527,0.2111544017622341,False,
479,OCNT-2535444,1,CYP2C9,4.587321758270264,2.3313468773267232e-05,0.0,0.00026754877762869,32,0.504304071600773,0.0003763878485187888,0.6989591121673584,0.22512852057291943,False,
479,OCNT-2535444,2,CYP2D6,4.6163129806518555,8.008959184735431e-08,0.0,1.6885351215023547e-06,32,0.4349037734842864,1.253769710274355e-06,0.9790476560592651,0.20072032151930042,False,
479,OCNT-2535444,3,CYP3A4,4.1839680671691895,9.364088668917248e-07,0.0,1.339074606221402e-05,32,0.7488480278963859,2.267892523377668e-05,0.7565686106681824,0.3967039122986189,False,
480,OCNT-2535445,0,CYP1A2,5.012578010559082,3.037107262571226e-06,0.0,2.990051689266693e-05,32,0.5422768645221447,5.2876024710712954e-05,0.7803298830986023,0.2238054528643401,False,
480,OCNT-2535445,1,CYP2C9,4.785347938537598,1.8128916053683497e-05,0.0,0.00020743015920743346,32,0.5164275610587933,0.00029975795769132674,0.720110297203064,0.2234379436777314,False,
480,OCNT-2535445,2,CYP2D6,4.820834159851074,2.766400974962835e-08,0.0,8.297984095406719e-07,32,0.29587244936181795,3.5659977015711775e-07,1.0,0.15952177238503595,False,
480,OCNT-2535445,3,CYP3A4,4.5038604736328125,8.389450272261456e-07,0.0,1.2452488590497524e-05,32,0.7723219514224489,2.0981084162485786e-05,0.7624028921127319,0.4191434157284167,False,
481,OCNT-2535446,0,CYP1A2,4.548988342285156,4.162804088991834e-06,0.0,4.351915049483068e-05,32,0.49760490486302095,6.64450490148738e-05,0.774242639541626,0.22180395036886622,False,
481,OCNT-2535446,1,CYP2C9,4.318500518798828,2.2419933884521015e-05,0.0,0.00025738542899489403,32,0.5043937052947965,0.00036203255876898766,0.7019915580749512,0.22508495131423845,False,
481,OCNT-2535446,2,CYP2D6,4.425074577331543,0.0004842403868678957,0.0003747591108549386,0.00715384166687727,2,1.0009068249061164,0.0009693790343590081,3.4254716752002423e-07,0.6958429589978045,False,
481,OCNT-2535446,3,CYP3A4,3.9398279190063477,9.011986890072876e-07,0.0,1.2973834600416012e-05,32,0.7500847384047217,2.1871239368920214e-05,0.7623109221458435,0.39683592877881857,False,
482,OCNT-2535447,0,CYP1A2,4.889941215515137,3.1782624319021124e-06,0.0,3.0592815164709464e-05,32,0.5245319972188509,5.3515061154030263e-05,0.7863244414329529,0.2115457544996761,False,
482,OCNT-2535447,1,CYP2C9,4.5680155754089355,2.1220157577772625e-05,0.0,0.00024450174532830715,32,0.5055122099173673,0.00034342732396908104,0.7049844861030579,0.22443316545457162,False,
482,OCNT-2535447,2,CYP2D6,4.634474754333496,6.544896535842781e-08,0.0,1.5113839708646992e-06,32,0.42029584117660257,1.0147483635591925e-06,0.9909958243370056,0.19776506099949315,False,
482,OCNT-2535447,3,CYP3A4,4.179934501647949,7.697062187617121e-07,0.0,1.1142137736896984e-05,32,0.7582611743463314,1.891907049866859e-05,0.7745827436447144,0.40871935707815044,False,
483,OCNT-2535450,0,CYP1A2,3.8888285160064697,0.00047499488573521376,0.0002383675309829414,0.00506307790055871,32,0.8091940274038059,0.012299875728785992,3.7987188079569023e-06,0.36677090270008106,False,
483,OCNT-2535450,1,CYP2C9,3.608553647994995,3.278148142271675e-05,0.0,0.00038246833719313145,32,0.5422777621379442,0.000569026917219162,0.6629018187522888,0.2551778142851082,False,
483,OCNT-2535450,2,CYP2D6,4.273033618927002,6.110869435360655e-06,2.9802322387695312e-08,7.09520245436579e-05,32,0.7455556488328189,0.00014603036106564105,0.4793529212474823,0.36832054809270764,False,
483,OCNT-2535450,3,CYP3A4,3.0993072986602783,1.140100039265235e-06,0.0,1.35958289320115e-05,32,0.566249693641784,2.0839801436522976e-05,0.8047946095466614,0.3254205606654272,False,
484,OCNT-2535451,0,CYP1A2,3.8704993724823,0.0003059824521187693,0.00021246858523227274,0.003185960464179516,32,0.7666974555382775,0.007507316302508116,4.309487849241123e-06,0.349007216598375,False,
484,OCNT-2535451,1,CYP2C9,3.6181318759918213,2.9127890229574405e-05,0.0,0.0003398608532734215,32,0.5422612124001222,0.0005056111258454621,0.6689916849136353,0.2551977158536211,False,
484,OCNT-2535451,2,CYP2D6,4.3150739669799805,5.478818820847664e-06,2.9802322387695312e-08,6.357909296639264e-05,32,0.7457057993661993,0.0001309774088440463,0.49450990557670593,0.368446444591948,False,
484,OCNT-2535451,3,CYP3A4,3.1531054973602295,1.0138161314898753e-06,0.0,1.2024394891341217e-05,32,0.5652689675629285,1.8519407603889704e-05,0.8136993050575256,0.3180383426486693,False,
485,OCNT-2535452,0,CYP1A2,4.887474060058594,3.637968575276318e-06,0.0,3.499077865853906e-05,32,0.5234052466903188,6.109970854595304e-05,0.7803192138671875,0.21168535282962686,False,
485,OCNT-2535452,1,CYP2C9,4.6399431228637695,2.4730650693527423e-05,0.0,0.00028237851802259684,32,0.5011704176476235,0.0003967770317103714,0.6990486979484558,0.22135071138073145,False,
485,OCNT-2535452,2,CYP2D6,4.599942684173584,7.480166885898143e-08,0.0,1.2586285720317392e-06,32,0.42576018193376575,1.1553655667739804e-06,0.9820690751075745,0.19922774587861067,False,
485,OCNT-2535452,3,CYP3A4,4.197037696838379,1.0799965366459219e-06,0.0,1.5274265024345368e-05,32,0.7455580953601432,2.600498373794835e-05,0.7413756847381592,0.3916327457752329,False,
486,OCNT-2535454,0,CYP1A2,4.7996625900268555,4.520565198617987e-06,0.0,4.643009742721915e-05,32,0.5045686253286752,7.315139373531565e-05,0.7654309272766113,0.21972066477541902,False,
486,OCNT-2535454,1,CYP2C9,4.550780296325684,2.4185348593164235e-05,0.0,0.00027676959871314466,32,0.516780374981198,0.0004001178022008389,0.705049455165863,0.22397916901327258,False,
486,OCNT-2535454,2,CYP2D6,4.69782829284668,3.469628495622601e-08,0.0,1.0369033134338679e-06,32,0.3236825550588046,4.629570469205646e-07,1.0,0.17460009609753857,False,
486,OCNT-2535454,3,CYP3A4,4.218672752380371,1.0993697969752247e-06,0.0,1.6052181308623403e-05,32,0.7771283356042352,2.758792652457487e-05,0.726168155670166,0.41832741680994046,False,
487,OCNT-2535460,0,CYP1A2,3.8382654190063477,0.0002849207376129925,0.00014428695430979133,0.0033379748929291964,32,0.8268069580255468,0.007538646925240755,6.543584731844021e-06,0.4130076263504272,False,
487,OCNT-2535460,1,CYP2C9,3.6188104152679443,2.4191269403672777e-05,0.0,0.00028237234801054,32,0.5309601478543287,0.0004111971065867692,0.67812579870224,0.24788120421570284,False,
487,OCNT-2535460,2,CYP2D6,4.243314266204834,0.00011027936852769926,1.2638688531296793e-05,0.0018202078063040972,2,1.0006563909558048,0.00022072352294344455,3.6512152291834354e-05,0.5708561254158787,False,
487,OCNT-2535460,3,CYP3A4,3.136765718460083,7.22520212548261e-07,0.0,8.850587619235739e-06,32,0.566056559929429,1.3268731891002972e-05,0.8408298492431641,0.3119794375577258,False,
488,OCNT-2535461,0,CYP1A2,4.864928245544434,2.0392677470226772e-05,0.0,0.0001291027874685824,32,0.4370019726395876,0.0002853123296517879,0.7832436561584473,0.15864314183198347,False,
488,OCNT-2535461,1,CYP2C9,4.7722320556640625,1.6952817816218158e-07,0.0,1.5034584066597745e-06,32,0.3574315177609475,2.0534089344437234e-06,0.9459765553474426,0.14916834612532198,False,
488,OCNT-2535461,2,CYP2D6,5.03042459487915,1.1814931610842905e-07,0.0,1.822038939280901e-06,32,0.502777677369895,2.061779696305166e-06,0.9611544609069824,0.20981550492612375,False,
488,OCNT-2535461,3,CYP3A4,4.674076080322266,0.0,0.0,6.388872861862183e-07,2,0.0,0.0,1.0,1.0707100909678911e-28,False,
489,OCNT-2535462,0,CYP1A2,4.88201379776001,1.950596742972266e-05,0.0,0.0001235625531990081,32,0.4369938264698976,0.00027290743310004473,0.7862309813499451,0.15868105361492027,False,
489,OCNT-2535462,1,CYP2C9,4.793010711669922,1.6210927356041793e-07,0.0,1.8508611674405984e-06,32,0.3570747661468198,1.966588115465129e-06,0.9489642381668091,0.11717257287258313,False,
489,OCNT-2535462,2,CYP2D6,5.034938812255859,1.1260920729228019e-07,0.0,1.5436291960213566e-06,32,0.502734576153206,1.972476411538082e-06,0.9640104174613953,0.2424657585746547,False,
489,OCNT-2535462,3,CYP3A4,4.69581413269043,0.0,0.0,6.221234798431396e-07,2,0.0,0.0,1.0,1.535000638213378e-28,False,
490,OCNT-2535463,0,CYP1A2,4.882153034210205,1.950604928424582e-05,0.0,0.00012353058264125139,32,0.43699222663545745,0.000272907578619197,0.7862693071365356,0.1589849841763225,False,
490,OCNT-2535463,1,CYP2C9,4.792956829071045,1.619741709646405e-07,0.0,1.962926944543142e-06,32,0.35687832196317526,1.963963313755812e-06,0.9488959312438965,0.11784059399134678,False,
490,OCNT-2535463,2,CYP2D6,5.0338215827941895,1.126878359514194e-07,0.0,1.887525399979495e-06,32,0.5030175901129179,1.974852466446464e-06,0.9640065431594849,0.25701432684881603,False,
490,OCNT-2535463,3,CYP3A4,4.695714950561523,0.0,0.0,1.1492520570755005e-06,2,0.0,0.0,1.0,4.818177521356921e-28,False,
491,OCNT-2535464,0,CYP1A2,4.907072067260742,1.7945587387657724e-05,0.0,0.00011374380846973509,32,0.4369719486761842,0.00025107481633313,0.7892823815345764,0.1591154886255552,False,
491,OCNT-2535464,1,CYP2C9,4.823603630065918,1.4813089421750192e-07,0.0,1.2671982858591946e-06,32,0.3544463507447048,1.793565388652496e-06,0.9519504308700562,0.11510960251740325,False,
491,OCNT-2535464,2,CYP2D6,5.035957336425781,1.0355524437954955e-07,0.0,1.7636639313423075e-06,32,0.49962447521628983,1.8155193401980796e-06,0.9699929356575012,0.1908060004818437,False,
491,OCNT-2535464,3,CYP3A4,4.726110458374023,0.0,0.0,6.649643182754517e-07,2,0.0,0.0,1.0,1.2352331044469587e-28,False,
492,OCNT-2535465,0,CYP1A2,4.716105937957764,0.00013932015281170607,0.0,0.0018977379659190774,32,0.966258122248746,0.004308124538511038,0.41875916719436646,0.6519874084819199,False,
492,OCNT-2535465,1,CYP2C9,4.583924770355225,1.5663076169403212e-07,0.0,1.980690285563469e-06,32,0.37819599572813595,2.0166107788099907e-06,0.948927640914917,0.1982684938219314,False,
492,OCNT-2535465,2,CYP2D6,4.806847095489502,9.906931097702909e-08,0.0,1.3550371704695863e-06,32,0.4984559788762568,1.7397200053892448e-06,0.970037043094635,0.2028410718948912,False,
492,OCNT-2535465,3,CYP3A4,4.406913757324219,2.3655248071463575e-07,0.0,3.5502716855262406e-06,32,0.7209708196812473,5.688228611688828e-06,0.921921968460083,0.34904553263860444,False,
493,OCNT-2535466,0,CYP1A2,4.918954849243164,1.725390029605478e-05,0.0,0.00010925523383775726,32,0.43695885893954867,0.00024139565357472748,0.7892500162124634,0.15928469652395066,False,
493,OCNT-2535466,1,CYP2C9,4.836543083190918,1.4226594657884561e-07,0.0,1.3652257848661975e-06,32,0.3534442239979175,1.7221606185557903e-06,0.9549311399459839,0.12670547268099513,False,
493,OCNT-2535466,2,CYP2D6,5.040414810180664,9.963282110447835e-08,0.0,1.3766738220510888e-06,32,0.49694205248737816,1.7433970924685127e-06,0.970012903213501,0.20657371375849512,False,
493,OCNT-2535466,3,CYP3A4,4.738489151000977,0.0,0.0,1.041218638420105e-06,2,0.0,0.0,1.0,3.0258005555717296e-28,False,
494,OCNT-2535467,0,CYP1A2,4.843073844909668,2.0392868464114144e-05,0.0,0.000129100531921722,32,0.4370019828737868,0.0002853150072041899,0.7832692861557007,0.15854845151444966,False,
494,OCNT-2535467,1,CYP2C9,4.709383487701416,1.6926762214097835e-07,0.0,1.652734681556467e-06,32,0.35760504412529825,2.0514241896307794e-06,0.945896565914154,0.12843772837384665,False,
494,OCNT-2535467,2,CYP2D6,5.012256622314453,1.1765374097194581e-07,0.0,1.6980877717287512e-06,32,0.503512953826453,2.0568099898810033e-06,0.9610202312469482,0.2084997064059016,False,
494,OCNT-2535467,3,CYP3A4,4.603163719177246,0.0,0.0,5.597248673439026e-07,2,0.0,0.0,1.0,6.963825840046035e-29,False,
495,OCNT-2535468,0,CYP1A2,4.907201766967773,1.794427225831896e-05,0.0,0.00011355905007803813,32,0.43697184034480907,0.00025105636450462043,0.7892316579818726,0.15834581413867324,False,
495,OCNT-2535468,1,CYP2C9,4.823559284210205,1.4884386700941832e-07,0.0,1.273243810828717e-06,32,0.35425532856061615,1.8006811615123297e-06,0.9519714117050171,0.1364504071081667,False,
495,OCNT-2535468,2,CYP2D6,5.034927845001221,1.0367836722480206e-07,0.0,1.5722648640803527e-06,32,0.49913150142949564,1.8156945316150086e-06,0.967108964920044,0.1880332792794315,False,
495,OCNT-2535468,3,CYP3A4,4.7260355949401855,0.0,0.0,8.624047040939331e-07,2,0.0,0.0,1.0,3.7038612114135624e-28,False,
496,OCNT-2535469,0,CYP1A2,4.907066345214844,1.7944059436558746e-05,0.0,0.00011371614527888596,32,0.4369691682715257,0.00025105185341089964,0.7892984747886658,0.15888464743841224,False,
496,OCNT-2535469,1,CYP2C9,4.82360315322876,1.4793891978115425e-07,0.0,1.5872310541453771e-06,32,0.354200080882281,1.7901433011502377e-06,0.9519606232643127,0.13301997948587863,False,
496,OCNT-2535469,2,CYP2D6,5.035956382751465,1.0360676583331951e-07,0.0,1.6101474784591119e-06,32,0.498842532161469,1.8135003756469814e-06,0.9700037837028503,0.19317827430272105,False,
496,OCNT-2535469,3,CYP3A4,4.726112365722656,0.0,0.0,9.350478649139404e-07,2,0.0,0.0,1.0,2.4909247223647915e-28,False,
497,OCNT-2535471,0,CYP1A2,4.89354133605957,1.8698267012950964e-05,0.0,0.00011838067439384758,32,0.4370035362342375,0.00026161852292716503,0.7862501740455627,0.1588341585611739,False,
497,OCNT-2535471,1,CYP2C9,4.806386947631836,1.5696534205744683e-07,0.0,1.8103048660123022e-06,32,0.35553008453427476,1.8995584696313017e-06,0.9489637613296509,0.1324606339827967,False,
497,OCNT-2535471,2,CYP2D6,5.030745506286621,1.0734783728594266e-07,0.0,1.4226906159819919e-06,32,0.5024045704757161,1.8865948732127436e-06,0.9669709801673889,0.19071977540746626,False,
497,OCNT-2535471,3,CYP3A4,4.706416130065918,0.0,0.0,5.19677996635437e-07,2,0.0,0.0,1.0,2.7669394363191947e-28,False,
498,OCNT-2535473,0,CYP1A2,4.759594917297363,9.394605149282143e-05,5.811319169879425e-06,0.0013795197010040283,32,0.90970786031132,0.002735121874138713,7.217332313302904e-05,0.5537343888072364,False,
498,OCNT-2535473,1,CYP2C9,4.708173751831055,3.720267613971373e-07,0.0,3.4430945561325643e-06,32,0.4768629744863862,5.829581368743675e-06,0.9037412405014038,0.2423719075745009,False,
498,OCNT-2535473,2,CYP2D6,4.591330051422119,3.873636842399719e-07,2.9802322387695312e-08,6.207299065863481e-06,32,0.7293477604142452,9.274122021452058e-06,0.8647216558456421,0.38595408656187624,False,
498,OCNT-2535473,3,CYP3A4,4.4545369148254395,4.5131187675906403e-08,0.0,8.796141059974616e-07,32,0.3787207212376279,6.681383410978015e-07,1.0,0.1520856080853354,False,
499,OCNT-2535474,0,CYP1A2,5.008967876434326,3.6396777431946248e-06,0.0,3.599817137001082e-05,32,0.5467912650943569,6.385958113241941e-05,0.7683839201927185,0.22640194058380253,False,
499,OCNT-2535474,1,CYP2C9,4.869431495666504,2.1506990378838964e-05,0.0,0.000247553049121052,32,0.5267190211603459,0.0003626690595410764,0.7200220823287964,0.2197824185247722,False,
499,OCNT-2535474,2,CYP2D6,4.786005973815918,4.78715342921987e-08,0.0,9.085123338081758e-07,32,0.33549125618730774,6.212925995896512e-07,0.9970808029174805,0.17250853158731594,False,
499,OCNT-2535474,3,CYP3A4,4.53078556060791,2.2365602490026504e-06,0.0,3.361631388543174e-05,32,0.8116650576840246,5.8350542531115934e-05,0.6060259938240051,0.4459622410613018,False,
500,OCNT-2535475,0,CYP1A2,5.013860702514648,3.8230346035561524e-06,0.0,3.7770609196741134e-05,32,0.5468444724466041,6.707436114083976e-05,0.7684120535850525,0.22680061941313584,False,
500,OCNT-2535475,1,CYP2C9,4.9067182540893555,2.25617168325698e-05,0.0,0.00025964280939660966,32,0.5266745120403977,0.00038041433435864747,0.7170206904411316,0.2197568620027106,False,
500,OCNT-2535475,2,CYP2D6,4.77662467956543,5.00379364609671e-08,0.0,1.3547762591770152e-06,32,0.34110324304199596,6.553323146363255e-07,0.9970374703407288,0.16847273217910874,False,
500,OCNT-2535475,3,CYP3A4,4.561121940612793,2.358249503231491e-06,0.0,3.546904190443456e-05,32,0.8119329635470451,6.153151480248198e-05,0.5970185399055481,0.44636404961318366,False,
501,OCNT-2535477,0,CYP1A2,5.018914222717285,4.024047484563198e-06,0.0,3.9751022995915264e-05,32,0.546917490907563,7.060131611069664e-05,0.7623088955879211,0.22668479327823005,False,
501,OCNT-2535477,1,CYP2C9,4.946953773498535,2.3745926228002645e-05,0.0,0.0002732623543124646,32,0.5266638074983435,0.00040036436985246837,0.7140613198280334,0.21977109550245483,False,
501,OCNT-2535477,2,CYP2D6,4.7689666748046875,5.205124864460231e-08,0.0,1.040239339999971e-06,32,0.34382024512907167,6.827032166256686e-07,0.9940180778503418,0.16053130208075742,False,
501,OCNT-2535477,3,CYP3A4,4.59375,2.4810165086819325e-06,0.0,3.737292718142271e-05,32,0.8128712023711541,6.479601870523766e-05,0.5907943248748779,0.44609662514463605,False,
502,OCNT-2535479,0,CYP1A2,5.016385555267334,3.32560739479959e-06,0.0,3.296262730145827e-05,32,0.5466591661153969,5.8350091421743855e-05,0.774334728717804,0.22641389777036253,False,
502,OCNT-2535479,1,CYP2C9,4.852088928222656,1.9605166016845033e-05,0.0,0.00022560960496775806,32,0.5265517088119691,0.000330508773913607,0.7230448126792908,0.21979961491329522,False,
502,OCNT-2535479,2,CYP2D6,4.80961799621582,4.378958351480833e-08,0.0,1.0324990853405325e-06,32,0.33420872138405516,5.752623337684781e-07,1.0,0.16356850167911563,False,
502,OCNT-2535479,3,CYP3A4,4.530034065246582,2.0602108179446077e-06,2.9802322387695312e-08,3.099833702435717e-05,32,0.8115319134301394,5.3761348681291565e-05,0.6151532530784607,0.44595460364774253,False,
503,OCNT-2535482,0,CYP1A2,3.886943817138672,0.0003498587175272405,0.00020784078515134752,0.004422686528414488,32,0.8415592212174887,0.009421927854418755,4.806791366718244e-06,0.4561950588883009,False,
503,OCNT-2535482,1,CYP2C9,3.5474348068237305,3.660759830381721e-05,0.0,0.00042558618588373065,32,0.5288964683609109,0.0006197413895279169,0.6569793224334717,0.24763448157179702,False,
503,OCNT-2535482,2,CYP2D6,4.11757230758667,4.759935109177604e-06,0.0,5.4086722229840234e-05,32,0.7208712079186056,0.00011003228428307921,0.5575925707817078,0.36459767209358734,False,
503,OCNT-2535482,3,CYP3A4,2.93582820892334,1.1040181107091485e-06,0.0,1.3563005268224515e-05,32,0.5793556980239157,2.0653207684517838e-05,0.8046836256980896,0.29604170619116915,False,
504,OCNT-2535486,0,CYP1A2,4.848874092102051,1.5360608813352883e-05,6.142243364593014e-06,0.0002191056264564395,32,0.929952681040247,0.00045740604400634766,9.21480605029501e-05,0.46329368057045317,False,
504,OCNT-2535486,1,CYP2C9,4.603540420532227,3.69642730220221e-05,0.0,0.0005122808506712317,32,0.8338145711331678,0.0009865500032901764,0.48819467425346375,0.3370242830146398,False,
504,OCNT-2535486,2,CYP2D6,4.507272720336914,4.164459710409574e-07,0.0,6.74260900268564e-06,32,0.7460838192899889,1.0181262041442096e-05,0.852733314037323,0.38578312355109445,False,
504,OCNT-2535486,3,CYP3A4,4.25439453125,6.609010370084434e-07,0.0,9.901295015879441e-06,32,0.764249392393641,1.640754271647893e-05,0.7895078659057617,0.40958283737240087,False,
505,OCNT-2535489,0,CYP1A2,4.616507530212402,0.0002073139330605045,0.0,0.0027405880391597748,32,0.9530257481180636,0.0063227214850485325,0.4850764572620392,0.5093138768963071,False,
505,OCNT-2535489,1,CYP2C9,4.439239025115967,1.8095297491527162e-05,0.0,0.00020704118651337922,32,0.516468311999342,0.00029922599787823856,0.7201133966445923,0.22381286658765198,False,
505,OCNT-2535489,2,CYP2D6,4.739080429077148,2.6448242707033387e-08,0.0,1.2122595762775745e-06,32,0.2712840406877229,3.16410449840987e-07,1.0,0.1758601827469199,False,
505,OCNT-2535489,3,CYP3A4,4.160956859588623,8.293791324831545e-07,0.0,1.2068679097865243e-05,32,0.772697273563308,2.0754750948981382e-05,0.762506902217865,0.4186379097512626,False,
506,OCNT-2535491,0,CYP1A2,4.920690536499023,0.00019183820404578,0.0,0.002378249540925026,32,0.9578848995620418,0.0058805919252336025,0.584652841091156,0.46474044977235773,False,
506,OCNT-2535491,1,CYP2C9,4.792145729064941,1.9636854631244205e-05,0.0,0.0002260184264741838,32,0.5266990050551753,0.00033113532117567956,0.7230893969535828,0.21974654616360817,False,
506,OCNT-2535491,2,CYP2D6,4.794698715209961,4.241732298737588e-08,0.0,9.911616416502511e-07,32,0.33760979212494274,5.662912485604465e-07,1.0,0.1628185412464529,False,
506,OCNT-2535491,3,CYP3A4,4.4749040603637695,2.0429424694157206e-06,0.0,3.07798691210337e-05,32,0.8109764121493295,5.3276413382263854e-05,0.6180121302604675,0.4457164751651139,False,
507,OCNT-2535492,0,CYP1A2,4.730354309082031,5.2192983275745064e-05,3.2782554626464844e-07,0.0005030070897191763,32,0.6158733598629442,0.0010288136545568705,0.39225897192955017,0.27217525060070974,False,
507,OCNT-2535492,1,CYP2C9,4.45186710357666,5.457901715999469e-05,0.0,0.0006548037054017186,32,0.5663538636226481,0.000989334424957633,0.6509127020835876,0.24733242293958513,False,
507,OCNT-2535492,2,CYP2D6,4.449357032775879,7.703451956331264e-07,0.0,7.781331078149378e-06,32,0.4130876417232598,1.0315230611013249e-05,0.8797541260719299,0.1551895615033263,False,
507,OCNT-2535492,3,CYP3A4,3.918025016784668,8.905863978725392e-06,0.0,0.00013749390200246125,32,0.8026254569650761,0.00022899518080521375,0.4764783978462219,0.4131303620615771,False,
508,OCNT-2535493,0,CYP1A2,5.002201557159424,2.904947223214549e-06,0.0,2.8739865228999406e-05,32,0.541819555005166,5.054001303506084e-05,0.7833792567253113,0.2234644134735408,False,
508,OCNT-2535493,1,CYP2C9,4.696249485015869,1.7420705262338743e-05,0.0,0.00019935431191697717,32,0.5166885494824992,0.0002881998661905527,0.723064124584198,0.22406317788389327,False,
508,OCNT-2535493,2,CYP2D6,4.823307991027832,2.588626024646601e-08,0.0,7.955312639751355e-07,32,0.2973854509641139,3.415056539779471e-07,1.0,0.20777551972115899,False,
508,OCNT-2535493,3,CYP3A4,4.427914619445801,7.932724201964447e-07,0.0,1.1723087482096162e-05,32,0.7724731060332187,1.9856202925438993e-05,0.7654480338096619,0.41888420192361686,False,
509,OCNT-2535494,0,CYP1A2,4.988036632537842,3.1563577067572623e-06,0.0,3.1123472581384704e-05,32,0.5419279503568004,5.491000774782151e-05,0.7803469896316528,0.22360643856429097,False,
509,OCNT-2535494,1,CYP2C9,4.8096137046813965,1.895334935397841e-05,0.0,0.00021772622130811214,32,0.5168862972179327,0.00031366065377369523,0.7170277237892151,0.22466059289706225,False,
509,OCNT-2535494,2,CYP2D6,4.617094039916992,2.7479864002089016e-06,7.300048565639372e-08,5.102181603433564e-05,32,0.8226453943475963,7.26030339137651e-05,0.5216019153594971,0.44243613032816825,False,
509,OCNT-2535494,3,CYP3A4,4.413244247436523,2.694360591704026e-05,1.9614299162640236e-05,0.000513182021677494,32,0.8854241572953114,0.0007636919617652893,3.9831342292018235e-05,0.4665515901845323,False,
510,OCNT-2535495,0,CYP1A2,4.902064323425293,7.197401282610372e-05,0.0,0.000899987353477627,32,0.9089984517885035,0.0020938673987984657,0.536331057548523,0.4252396292472546,False,
510,OCNT-2535495,1,CYP2C9,4.709648609161377,1.8172375348513015e-05,0.0,0.00020801785285584629,32,0.5168448348075897,0.00030071893706917763,0.7201021313667297,0.22419385630844313,False,
510,OCNT-2535495,2,CYP2D6,4.784836769104004,2.7143833847276255e-08,0.0,8.15805549336801e-07,32,0.29855388869420574,3.548619531557051e-07,1.0,0.1732982294335808,False,
510,OCNT-2535495,3,CYP3A4,4.430014610290527,8.2285669122939e-07,0.0,1.204729142045835e-05,32,0.7722060275151644,2.0580382624757476e-05,0.7654142379760742,0.4171335551274601,False,
511,OCNT-2535496,0,CYP1A2,4.992008209228516,1.128128701566311e-06,0.0,1.0517715963942464e-05,32,0.46842410830210235,1.706006150925532e-05,0.8556233644485474,0.18078242370873238,False,
511,OCNT-2535496,1,CYP2C9,4.704291820526123,9.421509275853168e-06,0.0,0.00010717000986915082,32,0.47793347502597056,0.00014424428809434175,0.7352125644683838,0.2239563416986849,False,
511,OCNT-2535496,2,CYP2D6,4.813553810119629,8.18929564161408e-08,0.0,1.4896486391080543e-06,32,0.4248489767920248,1.2493001122493297e-06,0.9791318774223328,0.1990204355862255,False,
511,OCNT-2535496,3,CYP3A4,4.434091567993164,2.6837005862034857e-07,0.0,3.947286131733563e-06,32,0.6476634087879923,5.769283234258182e-06,0.9039252400398254,0.31667521932380543,False,
512,OCNT-2535497,0,CYP1A2,5.002203941345215,2.9038567390671233e-06,0.0,2.8726859454764053e-05,32,0.5417451178018521,5.051416519563645e-05,0.7833659052848816,0.22360419007815208,False,
512,OCNT-2535497,1,CYP2C9,4.696249008178711,1.7444610421080142e-05,0.0,0.0001996652572415769,32,0.5168674489815651,0.0002886950387619436,0.723024308681488,0.22406023206655723,False,
512,OCNT-2535497,2,CYP2D6,4.823288440704346,2.5903149847295026e-08,0.0,1.056804876498063e-06,32,0.2996569082108455,3.442760601046757e-07,1.0,0.18421193219090742,False,
512,OCNT-2535497,3,CYP3A4,4.427934646606445,7.896600777712592e-07,0.0,1.1539315892150626e-05,32,0.7721525785473448,1.975870691239834e-05,0.7654387950897217,0.4166381892785813,False,
513,OCNT-2535498,0,CYP1A2,4.927938461303711,0.00010608181764837354,0.0,0.0011383345117792487,32,0.8445844367676014,0.0028673119377344847,0.6326753497123718,0.3640859290589465,False,
513,OCNT-2535498,1,CYP2C9,4.699626445770264,1.8968581571243703e-05,0.0,0.00021798608941026032,32,0.516871402448341,0.00031390355434268713,0.7171510457992554,0.2229523102771429,False,
513,OCNT-2535498,2,CYP2D6,4.785354137420654,2.8064134127703255e-08,0.0,1.0823039247043198e-06,32,0.3004568390521993,3.659721414805972e-07,1.0,0.1509032733141195,False,
513,OCNT-2535498,3,CYP3A4,4.4103007316589355,8.551679115953448e-07,0.0,1.2586860066221561e-05,32,0.7730635585079911,2.140255310223438e-05,0.7563995718955994,0.41859899159575303,False,
514,OCNT-2535499,0,CYP1A2,4.923527717590332,0.00010201526310993358,0.0,0.001086832256987691,32,0.845044760723103,0.002758909249678254,0.6236817240715027,0.3626790563102895,False,
514,OCNT-2535499,1,CYP2C9,4.709908485412598,9.492926437815186e-06,0.0,0.00010828852828126401,32,0.4701336340058824,0.0001429646508768201,0.7471774816513062,0.21374112064006603,False,
514,OCNT-2535499,2,CYP2D6,4.792431831359863,6.745283798181845e-08,0.0,1.3842250154993962e-06,32,0.4145686056639835,1.0275044814989087e-06,0.9880461096763611,0.19985145334025345,False,
514,OCNT-2535499,3,CYP3A4,4.401656150817871,3.7800353425154753e-07,0.0,5.286515261104796e-06,32,0.6655455468577439,8.263488780357875e-06,0.8738783597946167,0.32608796242344595,False,
515,OCNT-2535501,0,CYP1A2,4.8701043128967285,6.071777988836402e-06,0.0,6.501992902485654e-05,32,0.6343160795313744,0.00012344862625468522,0.684031069278717,0.28177378551573173,False,
515,OCNT-2535501,1,CYP2C9,4.756762504577637,9.151373348004199e-08,0.0,1.895409582175489e-06,32,0.4883439200515923,1.5863556654949207e-06,0.97603440284729,0.22930990678346516,False,
515,OCNT-2535501,2,CYP2D6,4.6927947998046875,2.416759059542528e-08,0.0,1.006562570182723e-06,32,0.39982581358062147,4.3715471065297606e-07,1.0,0.11788631859736345,False,
515,OCNT-2535501,3,CYP3A4,4.524604797363281,4.656687906390289e-07,0.0,6.452184607042e-06,32,0.7431214716954433,1.131135013565654e-05,0.8406268358230591,0.35859522992355153,False,
516,OCNT-2535502,0,CYP1A2,4.569951057434082,2.2373267711373046e-05,7.948342499730643e-06,0.00028482486959546804,32,0.8321166277902932,0.000596015655901283,0.00013132464664522558,0.46052466173731155,False,
516,OCNT-2535502,1,CYP2C9,4.494819164276123,3.8117334042908624e-05,0.0,0.0004883918445557356,32,0.9600642813776412,0.001171350129880011,0.473120778799057,0.509855651647467,False,
516,OCNT-2535502,2,CYP2D6,4.5831122398376465,5.493536150424916e-07,0.0,8.607939889770932e-06,32,0.7430114961161662,1.329939732386265e-05,0.8226367831230164,0.41526707087875614,False,
516,OCNT-2535502,3,CYP3A4,4.275834560394287,5.268108083100742e-08,0.0,1.2879488622274948e-06,32,0.3943944661517409,7.910742851890973e-07,0.9970136880874634,0.1519636037213605,False,
517,OCNT-2535505,0,CYP1A2,4.766145706176758,0.0001267279585590586,0.0,0.0008870900492183864,32,0.4739111213947815,0.0019220008980482817,0.7321075797080994,0.17799758651094913,False,
517,OCNT-2535505,1,CYP2C9,4.614896297454834,2.452275475661736e-05,0.0,0.0002942201099358499,32,0.5626164219758117,0.0004416809824761003,0.6929402351379395,0.24778360401364086,False,
517,OCNT-2535505,2,CYP2D6,4.771711826324463,3.0774762649343756e-07,0.0,3.6008564165967982e-06,32,0.41472874626238426,4.216930392431095e-06,0.9218239784240723,0.18323221138142293,False,
517,OCNT-2535505,3,CYP3A4,4.3022074699401855,7.15682790541905e-06,2.9802322387695312e-08,0.000111241708509624,32,0.8046139540602505,0.00018452895164955407,0.5063199400901794,0.4154505421151595,False,
518,OCNT-2535507,0,CYP1A2,4.501646995544434,5.487729140440933e-06,0.0,5.247213994152844e-05,32,0.4192522621032673,7.375793211394921e-05,0.7803568840026855,0.1598241852217153,False,
518,OCNT-2535507,1,CYP2C9,4.3471174240112305,3.1762217986397445e-05,0.0,0.0003657480701804161,32,0.5125082556690437,0.0005210727686062455,0.6809954643249512,0.22987780217566367,False,
518,OCNT-2535507,2,CYP2D6,4.4514851570129395,7.784160516166594e-08,0.0,1.5432383406732697e-06,32,0.4228271228905709,1.1885380217790953e-06,0.982073962688446,0.2503978689711662,False,
518,OCNT-2535507,3,CYP3A4,3.8839499950408936,1.1033160944862175e-06,0.0,1.58381608343916e-05,32,0.7527336885309778,2.6816976969712414e-05,0.738404393196106,0.39877685296935317,False,
519,OCNT-2535509,0,CYP1A2,4.7169694900512695,4.055020690429956e-05,2.638136948007741e-06,0.0006109766545705497,32,0.9649065295534789,0.0012523778714239597,9.796292579267174e-05,0.5202476919419726,False,
519,OCNT-2535509,1,CYP2C9,4.540433406829834,3.75270246877335e-05,0.0,0.0004896842292509973,32,0.7250626942219208,0.0008709342801012099,0.5816992521286011,0.27152115726049186,False,
519,OCNT-2535509,2,CYP2D6,4.3348774909973145,2.1701652030969854e-07,0.0,3.8103041788417613e-06,32,0.7097161864611434,5.155753569852095e-06,0.9309800863265991,0.3479415656678966,False,
519,OCNT-2535509,3,CYP3A4,4.096863269805908,8.342568662556005e-07,0.0,1.2406942914822139e-05,32,0.7674208499018781,2.0732810298795812e-05,0.7655385136604309,0.41166968012033145,False,
520,OCNT-2535510,0,CYP1A2,4.718231201171875,4.0549995901528746e-05,2.638641717567225e-06,0.0006109417881816626,32,0.9649062572951105,0.001252371002919972,0.00010889858094742522,0.520288308310146,False,
520,OCNT-2535510,1,CYP2C9,4.542766571044922,3.7536039599217474e-05,0.0,0.0004898416809737682,32,0.7250054100827745,0.0008710746187716722,0.5815879106521606,0.27153104382681703,False,
520,OCNT-2535510,2,CYP2D6,4.336057662963867,2.191824108876972e-07,0.0,3.7497338780667633e-06,32,0.7037227664278944,5.160988166608149e-06,0.9280632734298706,0.3471889800271794,False,
520,OCNT-2535510,3,CYP3A4,4.101748943328857,8.307100074489426e-07,0.0,1.2499652257247362e-05,32,0.7687836530422529,2.068237154162489e-05,0.765428364276886,0.41130923124209195,False,
521,OCNT-2535511,0,CYP1A2,4.696742057800293,4.2313240555813536e-05,2.7332564513926627e-06,0.0006375134107656777,32,0.9649133169377956,0.0013068242697045207,8.3976483438164e-05,0.5203345572737704,False,
521,OCNT-2535511,1,CYP2C9,4.514864444732666,3.915934939868748e-05,0.0,0.0005109718767926097,32,0.725057504162788,0.0009088009828701615,0.5816565155982971,0.27168788928176424,False,
521,OCNT-2535511,2,CYP2D6,4.300025939941406,2.2578646508009115e-07,0.0,3.814680894720368e-06,32,0.7131196856508822,5.380607035476714e-06,0.9250046014785767,0.34712753488955794,False,
521,OCNT-2535511,3,CYP3A4,4.0597310066223145,8.68846541379753e-07,5.960464477539063e-08,1.2914621038362384e-05,32,0.7691809281249347,2.1631743948091753e-05,0.7564514875411987,0.4116191171120328,False,
522,OCNT-2535513,0,CYP1A2,4.711770057678223,4.0550261473981664e-05,2.6361160507804016e-06,0.0006109536625444889,32,0.9649050519841039,0.001252377638593316,0.0001052059669746086,0.5202120879487024,False,
522,OCNT-2535513,1,CYP2C9,4.528174877166748,3.752856719074771e-05,0.0,0.0004896826576441526,32,0.7250587763566202,0.0008709653629921377,0.5816025733947754,0.2714715219395948,False,
522,OCNT-2535513,2,CYP2D6,4.330564022064209,2.1722902943110967e-07,0.0,3.74802652913786e-06,32,0.7085598198363086,5.152171524969162e-06,0.9309453368186951,0.34814188402160307,False,
522,OCNT-2535513,3,CYP3A4,4.052550315856934,8.339060855178104e-07,0.0,1.246838473889511e-05,32,0.7676579991551452,2.0730600226670504e-05,0.7626221179962158,0.40932656000778966,False,
523,OCNT-2535514,0,CYP1A2,4.705521583557129,4.055032695760019e-05,2.5524518605379853e-06,0.0006109459209255874,32,0.9649045704857996,0.001252379035577178,0.00012915878323838115,0.5202312814902748,False,
523,OCNT-2535514,1,CYP2C9,4.493539810180664,3.75271265511401e-05,0.0,0.0004896842292509973,32,0.725060242056331,0.0008709336980246007,0.5816912651062012,0.27160118271491335,False,
523,OCNT-2535514,2,CYP2D6,4.3263421058654785,2.177324631702504e-07,0.0,3.7033016724308254e-06,32,0.707212855288276,5.153770416654879e-06,0.9280456304550171,0.33635080631202874,False,
523,OCNT-2535514,3,CYP3A4,4.0484724044799805,8.336405699083116e-07,0.0,1.251114736078307e-05,32,0.7680300462705192,2.073412179015577e-05,0.7655019164085388,0.41267246857197426,False,
524,OCNT-2535516,0,CYP1A2,4.711770057678223,4.055018143844791e-05,2.635947566886898e-06,0.0006109538953751326,32,0.9649064178265645,0.0012523769401013851,9.642307850299403e-05,0.5202948984043134,False,
524,OCNT-2535516,1,CYP2C9,4.528173923492432,3.752797420020215e-05,0.0,0.0004896852187812328,32,0.7250644637509156,0.000870958436280489,0.5815454125404358,0.2716820838592695,False,
524,OCNT-2535516,2,CYP2D6,4.330564975738525,2.1667185023943603e-07,0.0,3.770182502194075e-06,32,0.7100468606640938,5.150324341229862e-06,0.930976390838623,0.3413550347957581,False,
524,OCNT-2535516,3,CYP3A4,4.052545547485352,8.33888293527707e-07,0.0,1.2485791557992343e-05,32,0.7676949978671682,2.07311622943962e-05,0.7625998258590698,0.4098928645554313,False,
525,OCNT-2535517,0,CYP1A2,4.70552396774292,4.0549923141952604e-05,2.6398618047096534e-06,0.0006109346868470311,32,0.9649064634229808,0.0012523690238595009,0.00011883137631230056,0.5201951025641001,False,
525,OCNT-2535517,1,CYP2C9,4.493520259857178,3.7535788578679785e-05,0.0,0.000489831727463752,32,0.7249985814820687,0.0008710605907253921,0.581588625907898,0.2717078694967773,False,
525,OCNT-2535517,2,CYP2D6,4.3263702392578125,2.1798113891691173e-07,0.0,3.8006246541044675e-06,32,0.706972278167102,5.157643045095028e-06,0.9279597401618958,0.34967861775581943,False,
525,OCNT-2535517,3,CYP3A4,4.048408031463623,8.307449093081232e-07,0.0,1.2598173270816915e-05,32,0.7682231574362309,2.0668150682467967e-05,0.7655197978019714,0.41212149189567954,False,
526,OCNT-2535518,0,CYP1A2,4.705521583557129,4.055007957504131e-05,2.6051047825603746e-06,0.0006109455716796219,32,0.964905970917504,0.0012523732148110867,0.00012316438369452953,0.5204077423281808,False,
526,OCNT-2535518,1,CYP2C9,4.4935383796691895,3.75269228243269e-05,0.0,0.000489691854454577,32,0.7250664063262723,0.0008709363755770028,0.5816640257835388,0.2717327974998305,False,
526,OCNT-2535518,2,CYP2D6,4.326343059539795,2.1748292056145146e-07,0.0,3.701757805174566e-06,32,0.7080306909554503,5.154076461622026e-06,0.9282031059265137,0.33626042494493746,False,
526,OCNT-2535518,3,CYP3A4,4.048466682434082,8.337599979313381e-07,0.0,1.2560371033032425e-05,32,0.7678305236111277,2.073166979243979e-05,0.7625240683555603,0.4087997412751112,False,
527,OCNT-2535519,0,CYP1A2,4.933914661407471,2.5319632186437957e-06,0.0,2.619273800519295e-05,32,0.5200093310553225,4.229902697261423e-05,0.795478343963623,0.21508024541335602,False,
527,OCNT-2535519,1,CYP2C9,4.757360935211182,1.5513054677285254e-05,0.0,0.00017620489234104753,32,0.5091614990325244,0.0002529197372496128,0.7261269688606262,0.222238511155835,False,
527,OCNT-2535519,2,CYP2D6,4.8422722816467285,1.3139056065369914e-08,0.0,9.297030487687152e-07,32,0.22259421110393124,1.6481983777794085e-07,1.0,0.1991709455566082,False,
527,OCNT-2535519,3,CYP3A4,4.476222038269043,1.579166593046466e-07,0.0,2.485676759533817e-06,32,0.6994083819155072,3.7581542073894525e-06,0.9699705243110657,0.3934281056135397,False,
528,OCNT-2535520,0,CYP1A2,4.67642879486084,0.00015670218272134662,7.347300197579898e-06,0.0021497483830899,32,0.8540791116623901,0.0042830272577703,0.0001105608680518344,0.610061217018746,False,
528,OCNT-2535520,1,CYP2C9,4.473029136657715,8.892816367733758e-06,0.0,0.0001013935761875473,32,0.47829099163686833,0.00013626037980429828,0.7382335662841797,0.22425994454177453,False,
528,OCNT-2535520,2,CYP2D6,4.7525153160095215,7.254536882328466e-08,0.0,1.5883214246059651e-06,32,0.41672415730552603,1.1007567763954285e-06,0.985000491142273,0.1965390442061365,False,
528,OCNT-2535520,3,CYP3A4,4.161201000213623,2.5672747483440617e-07,0.0,3.6570704651239794e-06,32,0.6471156408485753,5.523312665900448e-06,0.9098688364028931,0.32932075971502983,False,
529,OCNT-2535521,0,CYP1A2,4.597530364990234,0.00013839866733178496,0.0,0.0015579088358208537,32,0.8196560559311328,0.0036303200758993626,0.4971372187137604,0.4071296138998718,False,
529,OCNT-2535521,1,CYP2C9,4.195148468017578,5.299798067426309e-05,0.0,0.0006394725060090423,32,0.5910477558718611,0.0010025679366663098,0.6327664256095886,0.2766441438502225,False,
529,OCNT-2535521,2,CYP2D6,4.150167942047119,8.719366451259702e-05,7.177349630183016e-07,0.001544993370771408,32,0.8889275466644521,0.00248056766577065,0.04267566278576851,0.4715043158470138,False,
529,OCNT-2535521,3,CYP3A4,2.8536555767059326,4.627489488484571e-06,0.0,5.806177796330303e-05,32,0.4231183395639823,6.279061926761642e-05,0.8044461011886597,0.15042264941170008,False,
530,OCNT-2535522,0,CYP1A2,4.74832820892334,0.00031417954596690834,0.0,0.004752396605908871,2,1.001249542805442,0.0006291642785072327,0.36156076192855835,0.6344280268834945,False,
530,OCNT-2535522,1,CYP2C9,4.533961296081543,2.1423424186650664e-05,0.0,0.0002528561744838953,32,0.5469962396894185,0.00037516807788051665,0.70196133852005,0.24376671798859686,False,
530,OCNT-2535522,2,CYP2D6,4.585450172424316,6.173065258963106e-08,0.0,1.2976584002899472e-06,32,0.378602412325294,8.690367394592613e-07,0.9880240559577942,0.1729106885246366,False,
530,OCNT-2535522,3,CYP3A4,4.159550189971924,1.4352929156302707e-06,0.0,2.299478728673421e-05,32,0.7426492798411729,3.434706377447583e-05,0.7173585295677185,0.40843855666849155,False,
531,OCNT-2535523,0,CYP1A2,4.714295387268066,9.418429726792965e-06,0.0,8.852774044498801e-05,32,0.45618239601732524,0.00013763467723038048,0.7472156286239624,0.23127716208431984,False,
531,OCNT-2535523,1,CYP2C9,4.488080024719238,2.9629210985149257e-05,0.0,0.00033621781039983034,32,0.5068268981157248,0.0004807023797184229,0.6960437297821045,0.22038709445667243,False,
531,OCNT-2535523,2,CYP2D6,4.570526123046875,3.019515304458764e-08,0.0,9.443164117328706e-07,32,0.3160729581684984,4.0654722965882684e-07,1.0,0.18255196364887985,False,
531,OCNT-2535523,3,CYP3A4,4.0735931396484375,8.716938282304909e-07,0.0,1.2773512935382314e-05,32,0.7689869182061915,2.1696352632716298e-05,0.7564469575881958,0.4126413790452904,False,
532,OCNT-2535524,0,CYP1A2,4.740131378173828,1.3071643479634076e-05,2.7796158974524587e-06,0.0001509471912868321,32,0.8471706137110306,0.0003546362859196961,0.0004367426154203713,0.5122454753909287,False,
532,OCNT-2535524,1,CYP2C9,4.466638565063477,7.28434179109172e-06,0.0,8.429159061051905e-05,32,0.4770222070189187,0.00011134601663798094,0.7472278475761414,0.2204413551774113,False,
532,OCNT-2535524,2,CYP2D6,4.748872756958008,5.597795649237014e-08,0.0,1.119784656111733e-06,32,0.3941012245548034,8.320637903125316e-07,0.9970276355743408,0.18619373779865717,False,
532,OCNT-2535524,3,CYP3A4,4.19659423828125,1.0057468813329251e-07,0.0,1.5327184428315377e-06,32,0.5847052904039232,2.068915364361601e-06,0.9910239577293396,0.29571774328033856,False,
533,OCNT-2535529,0,CYP1A2,5.045124053955078,3.907133304892341e-06,0.0,3.86907922802493e-05,32,0.5486228046491475,6.876891711726785e-05,0.768293559551239,0.22677846536998444,False,
533,OCNT-2535529,1,CYP2C9,4.974966526031494,2.9455171898007393e-05,0.0,0.0003646410768851638,32,0.5846450943956402,0.0005512533825822175,0.6899239420890808,0.24517184274667042,False,
533,OCNT-2535529,2,CYP2D6,4.807612419128418,5.9494800552784e-07,0.0,6.521572686324362e-06,32,0.4111319650566037,7.958830792631488e-06,0.8947663903236389,0.15956856214526738,False,
533,OCNT-2535529,3,CYP3A4,4.62274694442749,1.5197654647636227e-05,5.960464477539063e-08,0.00025466911029070616,32,0.8734563729819425,0.00042506313184276223,0.34992051124572754,0.47145664095656664,False,
534,OCNT-2535530,0,CYP1A2,5.0314741134643555,1.1160580015712185e-06,0.0,1.2737300494336523e-05,32,0.5647548513467127,2.0350295017124154e-05,0.8165833950042725,0.18568319828996788,False,
534,OCNT-2535530,1,CYP2C9,4.886297702789307,8.433114999206737e-06,0.0,9.544831846142188e-05,32,0.4700444384228637,0.0001269964559469372,0.7562371492385864,0.21561855976531757,False,
534,OCNT-2535530,2,CYP2D6,4.85722017288208,5.9495615545301916e-08,0.0,1.4711608855577651e-06,32,0.4096409500976184,9.109839993470814e-07,0.9969958662986755,0.20130929251466448,False,
534,OCNT-2535530,3,CYP3A4,4.588806629180908,3.3584063885427895e-07,0.0,4.647940386348637e-06,32,0.6648010792696418,7.3572873589000665e-06,0.8828309774398804,0.3233186863796036,False,
535,OCNT-2535531,0,CYP1A2,4.30377721786499,0.00021206816018093377,0.0001912533916765824,0.002005697228014469,32,0.7320760302606361,0.004968234803527594,3.62349555871333e-06,0.3456971827198344,False,
535,OCNT-2535531,1,CYP2C9,3.9887497425079346,5.434862760012038e-05,0.0,0.000642940285615623,32,0.5523298323279475,0.0009607645333744586,0.6479569673538208,0.24533733566004437,False,
535,OCNT-2535531,2,CYP2D6,4.3039870262146,7.26889084035065e-07,0.0,7.394154636131134e-06,32,0.4202339847252635,9.909306754707359e-06,0.8798568844795227,0.15870348207280371,False,
535,OCNT-2535531,3,CYP3A4,3.3679730892181396,8.206860002246685e-06,0.0,0.00012214035086799413,32,0.8030572699908561,0.00021115549316164106,0.473517507314682,0.41703386315809843,False,
536,OCNT-2535533,0,CYP1A2,4.847159385681152,0.00025167426792904735,0.0,0.003545802552253008,2,1.000703230726898,0.0005037225200794637,0.47605177760124207,0.5301528213426769,False,
536,OCNT-2535533,1,CYP2C9,4.722454071044922,2.504957046767231e-05,0.0,0.0002882473636418581,32,0.5265847550457553,0.00042227160884067416,0.7140218615531921,0.21980410308180112,False,
536,OCNT-2535533,2,CYP2D6,4.685871124267578,5.624420040817313e-08,0.0,1.1576082670217147e-06,32,0.353381424695866,7.491030373785179e-07,0.9910399913787842,0.17749730691234572,False,
536,OCNT-2535533,3,CYP3A4,4.3324360847473145,2.625058868943597e-06,5.960464477539063e-08,3.957518492825329e-05,32,0.8132047075715741,6.857095286250114e-05,0.5816848278045654,0.44611902283842364,False,
537,OCNT-2535534,0,CYP1A2,4.729145050048828,8.109393093036488e-05,5.3640246733266395e-06,0.0011853229952976108,32,0.9121774921729108,0.0023673977702856064,9.82688507065177e-05,0.5324122372709043,False,
537,OCNT-2535534,1,CYP2C9,4.679173469543457,3.563274901807745e-07,0.0,3.2534667298023123e-06,32,0.4758510128995684,5.578153832175303e-06,0.9038835167884827,0.1818021581644762,False,
537,OCNT-2535534,2,CYP2D6,4.594905853271484,3.706842051087733e-07,0.0,5.930667157372227e-06,32,0.7285515789819391,8.875138519215398e-06,0.8707790970802307,0.35905578326505455,False,
537,OCNT-2535534,3,CYP3A4,4.433815956115723,4.3656367409994346e-08,0.0,7.756266313663218e-07,32,0.3765789797474843,6.465875230787788e-07,1.0,0.15561176340056893,False,
538,OCNT-2535536,0,CYP1A2,5.0485734939575195,3.47692912328057e-06,0.0,3.435654434724711e-05,32,0.546687622099577,6.1000351706752554e-05,0.7713621258735657,0.22588572839125237,False,
538,OCNT-2535536,1,CYP2C9,4.98427677154541,2.0506136934272945e-05,0.0,0.000235986546613276,32,0.5266046899294785,0.00034572460572235286,0.7200995087623596,0.21970634968749464,False,
538,OCNT-2535536,2,CYP2D6,4.822443962097168,4.607453263361094e-08,0.0,1.2914860008095275e-06,32,0.338532022260218,6.074567977520928e-07,1.0,0.17995724494272253,False,
538,OCNT-2535536,3,CYP3A4,4.670096397399902,2.152007937183953e-06,2.9802322387695312e-08,3.246439155191183e-05,32,0.8117943958823707,5.6163389672292396e-05,0.6121712327003479,0.44638030465632916,False,
539,OCNT-2535537,0,CYP1A2,5.041097640991211,1.0978437785524875e-06,0.0,1.0167705113417469e-05,32,0.46886424818712913,1.662170689087361e-05,0.858673632144928,0.1750124146325449,False,
539,OCNT-2535537,1,CYP2C9,4.941174030303955,9.605841114534996e-06,0.0,0.00010866266529774293,32,0.4698361648509579,0.00014457183715421706,0.7501958012580872,0.21434364963375246,False,
539,OCNT-2535537,2,CYP2D6,4.845281600952148,6.564044241486044e-08,0.0,1.3680207757715834e-06,32,0.41387092172501855,1.0017721479016473e-06,0.9909971952438354,0.2105228115945205,False,
539,OCNT-2535537,3,CYP3A4,4.624676704406738,3.951405744828662e-07,0.0,5.579829121415969e-06,32,0.6708500963050846,8.6972349890857e-06,0.8708019256591797,0.32707515628990436,False,
540,OCNT-2535538,0,CYP1A2,4.789309024810791,0.00019259077089373022,0.0,0.0024055999238044024,32,0.9571134112201882,0.005898904986679554,0.5815178751945496,0.46841774787938195,False,
540,OCNT-2535538,1,CYP2C9,4.6627960205078125,1.9664339561131783e-05,0.0,0.00022626995632890612,32,0.5266680861004996,0.00033157909638248384,0.7230576872825623,0.21981818765262462,False,
540,OCNT-2535538,2,CYP2D6,4.554963111877441,4.559495181410966e-08,0.0,1.1826452919194708e-06,32,0.34256711083336294,6.094400646361464e-07,1.0,0.18080861817518773,False,
540,OCNT-2535538,3,CYP3A4,4.263070583343506,2.1654557258443674e-06,2.9802322387695312e-08,3.476604979368858e-05,32,0.8104384072393315,5.641833195113577e-05,0.6089984774589539,0.44173140430991753,False,
541,OCNT-2535539,0,CYP1A2,4.9445695877075195,2.248877535748761e-05,5.8408644690643996e-05,0.00025164964608848095,32,0.8953156207707843,0.0006445921608246863,4.2178005969617516e-05,0.5638616969983503,False,
541,OCNT-2535539,1,CYP2C9,4.69856595993042,1.5657293261028826e-05,0.0,0.00017928224406205118,32,0.5172271013934386,0.00025931355776265264,0.7261602282524109,0.22404450265599762,False,
541,OCNT-2535539,2,CYP2D6,4.824787616729736,2.2402062427318015e-08,0.0,1.0219498562946683e-06,32,0.26283794530410864,2.725277283843752e-07,1.0,0.14414425021557042,False,
541,OCNT-2535539,3,CYP3A4,4.446415901184082,6.85443694692367e-07,0.0,1.0020143236033618e-05,32,0.7701779704711383,1.713969322736375e-05,0.7835376858711243,0.4177050008882992,False,
542,OCNT-2535540,0,CYP1A2,4.729976654052734,3.1323261282523163e-06,0.0,3.4900702303275466e-05,32,0.5317028009573275,5.346507532522082e-05,0.7803470492362976,0.22152476516848096,False,
542,OCNT-2535540,1,CYP2C9,4.508679389953613,1.8326514691580087e-05,0.0,0.00020816607866436243,32,0.5092344373950235,0.0002988027117680758,0.720109224319458,0.22237012558582198,False,
542,OCNT-2535540,2,CYP2D6,4.758020877838135,2.0540870337981687e-08,0.0,9.243590284313541e-07,32,0.2611638645144107,2.5523749513922667e-07,1.0,0.2054802162476666,False,
542,OCNT-2535540,3,CYP3A4,4.229219913482666,1.8463603623786184e-07,0.0,2.9720199563598726e-06,32,0.7072237493433492,4.404839273774996e-06,0.952022135257721,0.3939889317224534,False,
543,OCNT-2535541,0,CYP1A2,4.425137519836426,6.104373460402712e-05,7.103503321559401e-06,0.0009008583729155362,32,0.9881772158907052,0.0019306211033836007,2.034403405559715e-05,0.6029156601335791,False,
543,OCNT-2535541,1,CYP2C9,4.370811462402344,5.022135383114801e-07,0.0,4.758197064802516e-06,32,0.48077657543718766,7.88032866694266e-06,0.8888115882873535,0.19004495370098268,False,
543,OCNT-2535541,2,CYP2D6,4.382575035095215,5.228379222899093e-07,0.0,8.406930646742694e-06,32,0.7363736568674127,1.2555769899336156e-05,0.8257302641868591,0.42769011082148917,False,
543,OCNT-2535541,3,CYP3A4,4.067609786987305,6.06278547365946e-08,0.0,1.152438471763162e-06,32,0.4008384061947282,9.059314152182196e-07,0.9910469651222229,0.15829835423020816,False,
544,OCNT-2535543,0,CYP1A2,4.240764141082764,0.0002010568423429504,6.533798114105593e-06,0.0038658552803099155,32,0.9782636122627798,0.006294284015893936,6.739651871612296e-05,0.597320444998432,False,
544,OCNT-2535543,1,CYP2C9,4.14389705657959,4.1994324419647455e-05,0.0,0.0005034873611293733,32,0.5798869526252068,0.0007794483099132776,0.6478818655014038,0.2711729408912126,False,
544,OCNT-2535543,2,CYP2D6,3.770583152770996,5.5601260100957006e-05,3.436971383052878e-07,0.0009082285687327385,32,0.8718684763182102,0.001551542547531426,0.15400129556655884,0.4017712582306244,False,
544,OCNT-2535543,3,CYP3A4,2.8277108669281006,6.578081865882268e-06,0.0,8.292270649690181e-05,32,0.41133081350259476,8.671619434608147e-05,0.7862688302993774,0.14663222029249026,False,
545,OCNT-2535545,0,CYP1A2,4.828035831451416,2.2615593479713425e-05,9.479153050051536e-06,0.00031290753395296633,32,0.9585597602960769,0.0006940154707990587,4.0797764086164534e-05,0.5613110901328828,False,
545,OCNT-2535545,1,CYP2C9,4.637377738952637,4.6043252950767055e-05,0.0,0.0005946172750554979,32,0.9642442530735015,0.001421010703779757,0.4580804705619812,0.5163154171546002,False,
545,OCNT-2535545,2,CYP2D6,4.477308750152588,6.575567113031866e-07,0.0,1.0332391866541002e-05,32,0.7466669684605637,1.595016146893613e-05,0.7986078858375549,0.3912911213826548,False,
545,OCNT-2535545,3,CYP3A4,4.367785453796387,6.370112970444097e-08,0.0,1.2372395303827943e-06,32,0.4025064802885318,9.49285833939939e-07,0.9880362153053284,0.16121834288702644,False,
546,OCNT-2535547,0,CYP1A2,4.944464206695557,0.0001353268453385681,0.0,0.0012929423246532679,32,0.7580663836521656,0.0032830180134624243,0.5663864612579346,0.39731908756603773,False,
546,OCNT-2535547,1,CYP2C9,4.846549987792969,0.0,0.0,7.841736078262329e-07,2,0.0,0.0,1.0,2.3304193031114684e-28,False,
546,OCNT-2535547,2,CYP2D6,5.085116386413574,7.159717263505172e-10,0.0,1.0010658115788829e-06,32,0.035684802627661015,1.223671475258925e-08,1.0,0.020807253413729243,False,
546,OCNT-2535547,3,CYP3A4,4.763167858123779,0.0,0.0,9.313225746154785e-07,2,0.0,0.0,1.0,1.5373347051932648e-28,False,
547,OCNT-2535549,0,CYP1A2,4.630426406860352,3.6794456264033215e-06,0.0,3.728434967342764e-05,32,0.47959059419803823,5.662154944729991e-05,0.7863813638687134,0.241081025676952,False,
547,OCNT-2535549,1,CYP2C9,4.459928512573242,1.674162376730237e-05,0.0,0.00019159620569553226,32,0.5166715361951999,0.00027696278993971646,0.726065456867218,0.22409556252182844,False,
547,OCNT-2535549,2,CYP2D6,4.60343074798584,0.0005399541696533561,0.00041679167770780623,0.007977337576448917,2,1.0009108164437108,0.0010809119557961822,3.353658826199535e-07,0.6950517116038166,False,
547,OCNT-2535549,3,CYP3A4,4.203980922698975,7.594161388624343e-07,0.0,1.1103405995527282e-05,32,0.7719885077146665,1.9007373339263722e-05,0.7714808583259583,0.418484478797856,False,
548,OCNT-2535550,0,CYP1A2,4.496885776519775,0.0003955444262828678,1.687519528559278e-07,0.006313222926110029,32,0.9843835399859099,0.0124600725248456,0.06944047659635544,0.7060313464496553,False,
548,OCNT-2535550,1,CYP2C9,4.278138637542725,6.463251338573173e-05,0.0,0.0007702956208959222,32,0.5704831894399375,0.0011800789507105947,0.6297049522399902,0.2576551164146757,False,
548,OCNT-2535550,2,CYP2D6,4.02477502822876,8.45473405206576e-05,7.828429602341203e-07,0.0015476468252018094,32,0.8890851050254635,0.0024057175032794476,0.027574686333537102,0.5034649915490946,False,
548,OCNT-2535550,3,CYP3A4,2.940723180770874,2.303460178154637e-06,0.0,2.6868296117754653e-05,32,0.43510384798658996,3.2211053621722385e-05,0.8344224691390991,0.1413074850461184,False,
549,OCNT-2535551,0,CYP1A2,4.692506790161133,4.372696639620699e-05,5.762724413216347e-06,0.0005014269263483584,32,0.6901242864708165,0.0009658861672505736,0.00013813035911880434,0.4087614083836353,False,
549,OCNT-2535551,1,CYP2C9,4.436492919921875,5.0226863095304e-05,0.0,0.000704192032571882,32,0.7195923152010045,0.0011568019399419427,0.49140608310699463,0.2778777505400938,False,
549,OCNT-2535551,2,CYP2D6,4.31504487991333,3.783572140036995e-07,0.0,4.707263542513829e-06,32,0.5591410967687097,6.94868731443421e-06,0.939976692199707,0.3479718426211155,False,
549,OCNT-2535551,3,CYP3A4,3.9665567874908447,1.457429561924073e-06,0.0,2.1774385459139012e-05,32,0.7789254737406284,3.6576584534486756e-05,0.6900514960289001,0.4237108292872639,False,
550,OCNT-2535552,0,CYP1A2,5.033537864685059,3.435719236222212e-06,0.0,3.384806041140109e-05,32,0.5438749999447511,5.996929758111946e-05,0.7744264602661133,0.22465964336835262,False,
550,OCNT-2535552,1,CYP2C9,4.89655876159668,2.506461532902904e-05,0.0,0.0003018680145032704,32,0.5661165617654034,0.00045424496056512,0.6929723620414734,0.24859127241822282,False,
550,OCNT-2535552,2,CYP2D6,4.820884704589844,3.43784051892726e-07,0.0,4.069764145242516e-06,32,0.4143079480447495,4.69041742690024e-06,0.9158788323402405,0.19748423399578025,False,
550,OCNT-2535552,3,CYP3A4,4.559227466583252,7.434025974362157e-06,0.0,0.00011579658894333988,32,0.807110748695901,0.0001922609080793336,0.49765250086784363,0.4173857515645468,False,
551,OCNT-2535554,0,CYP1A2,5.047138214111328,3.573640697140945e-06,0.0,3.814501178567298e-05,32,0.6351893452926977,7.284129242179915e-05,0.7171207070350647,0.2842789442896172,False,
551,OCNT-2535554,1,CYP2C9,4.900021553039551,2.4018868316488806e-07,0.0,2.3036009224597365e-06,32,0.3738070583466492,2.9927134619356366e-06,0.9368529915809631,0.21472972375340688,False,
551,OCNT-2535554,2,CYP2D6,4.8710618019104,1.237595359526722e-09,0.0,8.454600219920394e-07,32,0.022494940564533335,8.089249270426535e-09,1.0,0.04268679005927002,False,
551,OCNT-2535554,3,CYP3A4,4.723201751708984,2.878566647268599e-07,0.0,3.971949809056241e-06,32,0.7282675124064131,6.941418632777641e-06,0.9009131789207458,0.3487021759821714,False,
552,OCNT-2535555,0,CYP1A2,5.101920127868652,0.00013397331349551678,0.0,0.0019978429190814495,2,1.00108520903783,0.000268257426796481,0.37970733642578125,0.6035692255031346,False,
552,OCNT-2535555,1,CYP2C9,5.056692123413086,0.0,0.0,7.599592208862305e-07,2,0.0,0.0,1.0,1.4245492030430893e-28,False,
552,OCNT-2535555,2,CYP2D6,5.095537185668945,3.996888597868065e-09,0.0,1.0100404779223027e-06,32,0.09443794655206997,4.229879735362374e-08,1.0,0.0403973712374371,False,
552,OCNT-2535555,3,CYP3A4,4.970599174499512,0.0,0.0,1.1511147022247314e-06,2,0.0,0.0,1.0,7.379213826842592e-28,False,
553,OCNT-2535556,0,CYP1A2,4.56930685043335,0.0002711776178330183,0.0,0.004363304935395718,32,0.9163705748725628,0.007952267304062843,0.2985261082649231,0.6307478467753648,False,
553,OCNT-2535556,1,CYP2C9,4.354337692260742,4.683644147007726e-05,0.0,0.0005772522417828441,32,0.6019240376588846,0.0009023359743878245,0.6358687877655029,0.27437689286053024,False,
553,OCNT-2535556,2,CYP2D6,4.255769729614258,0.00010727258631959558,7.674372682231478e-06,0.0023481668904423714,32,0.955122951630998,0.0032789779361337423,0.00013244834553916007,0.6281910891230078,False,
553,OCNT-2535556,3,CYP3A4,3.2938828468322754,8.086686307251512e-07,0.0,9.103110642172396e-06,32,0.4390511028699871,1.1501995686558075e-05,0.8797104358673096,0.17662823006813888,False,
554,OCNT-2535557,0,CYP1A2,4.985259532928467,4.638051905203611e-06,0.0,4.57810856460128e-05,32,0.5457931616341516,8.117999823298305e-05,0.7592698931694031,0.22530868097669152,False,
554,OCNT-2535557,1,CYP2C9,4.85809326171875,3.0578714358853176e-05,0.0,0.0003637085319496691,32,0.5495703604922083,0.0005379408248700202,0.6899791359901428,0.23469236094747434,False,
554,OCNT-2535557,2,CYP2D6,4.7152419090271,2.606088855827693e-07,0.0,3.274209348091972e-06,32,0.4119948868853755,3.567663270587218e-06,0.9279173612594604,0.17894601029793833,False,
554,OCNT-2535557,3,CYP3A4,4.467446327209473,6.643549113505287e-06,1.115100829451876e-07,0.00010274389933329076,32,0.8085779482861537,0.00017215721891261637,0.5008381009101868,0.4185951432834768,False,
555,OCNT-2535559,0,CYP1A2,5.076857566833496,0.0002459355746395886,0.0,0.003058129921555519,32,0.9632570282749467,0.007581081707030535,0.5723984837532043,0.4802796538044612,False,
555,OCNT-2535559,1,CYP2C9,5.023196697235107,0.0,0.0,4.76837158203125e-07,2,0.0,0.0,1.0,8.705837473353178e-29,False,
555,OCNT-2535559,2,CYP2D6,5.10957670211792,0.0,0.0,8.23289155960083e-07,2,0.0,0.0,1.0,3.022541466885447e-28,False,
555,OCNT-2535559,3,CYP3A4,4.94282865524292,0.0,0.0,9.462237358093262e-07,2,0.0,0.0,1.0,2.1289434018313585e-28,False,
556,OCNT-2535560,0,CYP1A2,4.456106185913086,0.0005268451059237123,5.544914074562257e-06,0.007897648960351944,2,1.0008113972411372,0.0010545651894062757,6.942307663848624e-05,0.5645005815910729,False,
556,OCNT-2535560,1,CYP2C9,4.217858791351318,8.933419849199709e-06,0.0,0.00010317705164197832,32,0.47705150882081193,0.00013652710185851902,0.7351406812667847,0.2210030451363709,False,
556,OCNT-2535560,2,CYP2D6,4.672585487365723,7.464824136604875e-08,0.0,1.541701067253598e-06,32,0.41989671347187585,1.1373925872248947e-06,0.9850616455078125,0.21978295295670036,False,
556,OCNT-2535560,3,CYP3A4,3.91287899017334,1.1974888991517219e-07,0.0,2.005336000365787e-06,32,0.6031322344332868,2.5041836124728434e-06,0.9759989380836487,0.30536894096385964,False,
557,OCNT-2535563,0,CYP1A2,4.8657307624816895,7.297523552551866e-06,0.0,7.492681470466778e-05,32,0.5950033935044972,0.00013913604198023677,0.6930349469184875,0.2574576558502147,False,
557,OCNT-2535563,1,CYP2C9,4.6576433181762695,1.9842780602630228e-05,0.0,0.00022709259064868093,32,0.5168313785098775,0.0003283372789155692,0.7170987129211426,0.2239232819652445,False,
557,OCNT-2535563,2,CYP2D6,4.547042369842529,2.9451134864189044e-08,0.0,1.0590238161967136e-06,32,0.3110787734123468,3.9271714058486396e-07,1.0,0.1903544468222719,False,
557,OCNT-2535563,3,CYP3A4,4.282355308532715,1.0401297458884073e-06,0.0,1.7436968846595846e-05,32,0.7725700361239496,2.5961560822906904e-05,0.7352410554885864,0.40845620747184685,False,
558,OCNT-2535564,0,CYP1A2,4.880199432373047,4.611498661688529e-05,0.0,0.00037605816032737494,32,0.6063862129808834,0.000895025790669024,0.7200927734375,0.23014484055234108,False,
558,OCNT-2535564,1,CYP2C9,4.697213649749756,1.4549937986885197e-05,0.0,0.00016540082287974656,32,0.5099913004648721,0.00023761413467582315,0.7321441769599915,0.22275634441447525,False,
558,OCNT-2535564,2,CYP2D6,4.842827796936035,1.321000375753556e-08,0.0,9.268601388612296e-07,32,0.20945015510470855,1.5556284438389412e-07,1.0,0.1557653494743088,False,
558,OCNT-2535564,3,CYP3A4,4.4270429611206055,1.431396867701551e-07,0.0,2.2400809029932134e-06,32,0.6943873589048103,3.4028244044748135e-06,0.9820351004600525,0.3926994229288643,False,
559,OCNT-2535565,0,CYP1A2,4.918815612792969,3.3178312150994316e-05,0.0,0.00042438655509613454,32,0.7185997266565747,0.0007631715852767229,0.6327953338623047,0.29822222172909996,False,
559,OCNT-2535565,1,CYP2C9,4.808042049407959,1.0681443200155627e-05,0.0,0.00012062479072483256,32,0.48171634502805805,0.0001648077741265297,0.729152500629425,0.22762492371383317,False,
559,OCNT-2535565,2,CYP2D6,4.796462535858154,1.0364000502249837e-07,0.0,1.962273927347269e-06,32,0.44748580819187794,1.6272732636934961e-06,0.9670071005821228,0.19857230330481226,False,
559,OCNT-2535565,3,CYP3A4,4.540614604949951,3.7201971281319857e-07,0.0,5.102911018184386e-06,32,0.6626396114603552,8.1005246101995e-06,0.8737776279449463,0.3314921336194971,False,
560,OCNT-2535566,0,CYP1A2,4.975247383117676,1.2264511042303639e-06,0.0,1.3100735486659687e-05,32,0.4970734512840456,1.9667424567160197e-05,0.8407065272331238,0.180671877360924,False,
560,OCNT-2535566,1,CYP2C9,4.809812545776367,1.0495691640244331e-05,0.0,0.000118623735033907,32,0.4808505266660299,0.0001616533554624766,0.732205331325531,0.22685121271947606,False,
560,OCNT-2535566,2,CYP2D6,4.802008628845215,1.3335856863250228e-07,0.0,1.9778844944084994e-06,32,0.4565508175294984,2.094415094688884e-06,0.9549736976623535,0.1947566080618436,False,
560,OCNT-2535566,3,CYP3A4,4.5414581298828125,4.540112001905072e-07,0.0,6.2347244238480926e-06,32,0.6683280216363708,9.92357399809407e-06,0.858689546585083,0.328927554234087,False,
561,OCNT-2535567,0,CYP1A2,5.014158248901367,3.645395054263645e-06,0.0,3.582095087040216e-05,32,0.5426584834840078,6.347619637381285e-05,0.771271288394928,0.22403712759434932,False,
561,OCNT-2535567,1,CYP2C9,4.867316246032715,2.1716285118600354e-05,0.0,0.0002484202850610018,32,0.5162939343144842,0.00035894877510145307,0.7110936045646667,0.22330375213956638,False,
561,OCNT-2535567,2,CYP2D6,4.785658359527588,3.176967666718156e-08,0.0,8.070148282968148e-07,32,0.3136449136090094,4.1922709215214127e-07,1.0,0.1689225898189297,False,
561,OCNT-2535567,3,CYP3A4,4.562532424926758,1.0098524398927111e-06,0.0,1.4928093150956556e-05,32,0.7761614878898682,2.5330245989607647e-05,0.7323517203330994,0.4180024522573409,False,
562,OCNT-2535569,0,CYP1A2,4.827401638031006,5.340931693353923e-06,0.0,5.9105648688273504e-05,32,0.6074690134057195,0.0001040168062900193,0.6932644844055176,0.2684174751183705,False,
562,OCNT-2535569,1,CYP2C9,4.613511085510254,1.0887860298680607e-05,0.0,0.0001232906652148813,32,0.47060619837011297,0.00016411521937698126,0.7411983609199524,0.21538154078390148,False,
562,OCNT-2535569,2,CYP2D6,4.509317874908447,7.60676428512852e-08,0.0,1.3494834547600476e-06,32,0.42707334812505454,1.1762302847273531e-06,0.9819930791854858,0.20716729527733796,False,
562,OCNT-2535569,3,CYP3A4,4.19248104095459,6.090521651458403e-07,0.0,9.855260941549204e-06,32,0.7029799324846124,1.392579997627763e-05,0.8228017091751099,0.3808009272455061,False,
563,OCNT-2535572,0,CYP1A2,4.831442832946777,3.0549668736057356e-05,1.980453362193657e-06,0.0004614632925949991,32,0.9621472559947815,0.0009408928453922272,0.00013308711641002446,0.5114175343704923,False,
563,OCNT-2535572,1,CYP2C9,4.6883063316345215,3.195049794157967e-05,0.0,0.00044341746252030134,32,0.706578441681386,0.0007226431625895202,0.5965695977210999,0.2783043004770963,False,
563,OCNT-2535572,2,CYP2D6,4.509119033813477,2.9884174068683933e-07,0.0,3.878095867548836e-06,32,0.4761273931118436,4.705536412075162e-06,0.930842399597168,0.28881690463266463,False,
563,OCNT-2535572,3,CYP3A4,4.274469375610352,5.7255606407125015e-06,2.9802322387695312e-08,8.924973371904343e-05,32,0.8055039279810545,0.0001478405320085585,0.5273436903953552,0.41577890203336415,False,
564,OCNT-2535573,0,CYP1A2,4.8233747482299805,3.0549694201909006e-05,1.980453362193657e-06,0.0004614474019035697,32,0.9621454423405355,0.0009408918558619916,0.0001328264334006235,0.5114188696139672,False,
564,OCNT-2535573,1,CYP2C9,4.666384220123291,3.195197132299654e-05,0.0,0.00044341845205053687,32,0.7065760896308352,0.0007226740708574653,0.5965681672096252,0.2783211143685406,False,
564,OCNT-2535573,2,CYP2D6,4.507981300354004,2.997463184328808e-07,0.0,3.7735371734015644e-06,32,0.47453303265279884,4.7035155148478225e-06,0.9308300614356995,0.28849682772806473,False,
564,OCNT-2535573,3,CYP3A4,4.200213432312012,5.725309165427461e-06,0.0,8.926210284698755e-05,32,0.8055366302577585,0.00014784005179535598,0.5273531079292297,0.41562418572677956,False,
565,OCNT-2535574,0,CYP1A2,4.7994794845581055,3.3709995477693155e-05,2.1865644157514907e-06,0.0005091672646813095,32,0.9621752885163416,0.0010382254840806127,0.00012363403220660985,0.5114164622327927,False,
565,OCNT-2535574,1,CYP2C9,4.649844169616699,3.525447391439229e-05,0.0,0.0004892954020760953,32,0.7066108373574796,0.0007973843021318316,0.5905792713165283,0.27829155348219026,False,
565,OCNT-2535574,2,CYP2D6,4.454882621765137,3.300424964436388e-07,0.0,4.14938222093042e-06,32,0.4769528441746464,5.1898955462093e-06,0.9278748035430908,0.28728830889527773,False,
565,OCNT-2535574,3,CYP3A4,4.230857849121094,6.31777129456168e-06,2.9802322387695312e-08,9.848390618572012e-05,32,0.8056468909077402,0.00016313437663484365,0.5184357762336731,0.4160125138543543,False,
566,OCNT-2535576,0,CYP1A2,4.823224067687988,2.9623961381730624e-05,1.9152485037920997e-06,0.00044745238847099245,32,0.9621364065252335,0.0009123812196776271,0.00019723769219126552,0.5113357487238472,False,
566,OCNT-2535576,1,CYP2C9,4.568840026855469,3.098168599535711e-05,0.0,0.00042999000288546085,32,0.7065733790632922,0.0007007328094914556,0.5965678095817566,0.27852877935502757,False,
566,OCNT-2535576,2,CYP2D6,4.518848896026611,2.910296643676702e-07,0.0,3.6220742458681343e-06,32,0.47394157339561843,4.565455128613394e-06,0.9308924078941345,0.28897890868642107,False,
566,OCNT-2535576,3,CYP3A4,4.182476043701172,5.5524628805869725e-06,0.0,8.658209117129445e-05,32,0.8054046675742897,0.00014336107415147126,0.5305240154266357,0.41576715155771543,False,
567,OCNT-2535577,0,CYP1A2,4.739509582519531,9.181884524878114e-05,9.060935553861782e-06,0.0012664381647482514,32,0.9218981623192601,0.002709018997848034,9.051252709468827e-05,0.5719502545677805,False,
567,OCNT-2535577,1,CYP2C9,4.604386329650879,4.385092688607983e-05,0.0,0.0005663030315190554,32,0.9642299702255953,0.0013533446472138166,0.4611634910106659,0.5162203650923383,False,
567,OCNT-2535577,2,CYP2D6,4.497056007385254,6.269673349379445e-07,0.0,9.807138667383697e-06,32,0.7452406236571666,1.5190205886028707e-05,0.8045836091041565,0.42163401337777084,False,
567,OCNT-2535577,3,CYP3A4,4.343440055847168,6.089555171229222e-08,0.0,1.320021397077653e-06,32,0.3998189452155831,9.070523105947359e-07,0.9910030364990234,0.16409908227640066,False,
568,OCNT-2535578,0,CYP1A2,3.848266363143921,0.0006108571542426944,0.00045240149484016,0.007796020247042179,32,0.8944723076213515,0.017484920099377632,1.0100474128194037e-06,0.5609649245307671,True,persistent
568,OCNT-2535578,1,CYP2C9,3.5387117862701416,3.6669040127890185e-05,0.0,0.0004276018589735031,32,0.5305112324249334,0.0006226765690371394,0.6540449857711792,0.24776281630241292,False,
568,OCNT-2535578,2,CYP2D6,4.097065448760986,5.330298790795496e-06,2.9802322387695312e-08,6.136827141745016e-05,32,0.7375032435969618,0.00012603160575963557,0.5123545527458191,0.3748207364374784,False,
568,OCNT-2535578,3,CYP3A4,2.9135329723358154,1.0876580063268193e-06,0.0,1.2894734027213417e-05,32,0.570460160835745,2.0037445210618898e-05,0.8107998371124268,0.3059744871580047,False,
569,OCNT-2535579,0,CYP1A2,4.996870040893555,2.1028339688200504e-05,0.0,0.00013708462938666344,32,0.444686532147354,0.00029937492217868567,0.7802259922027588,0.17252375882381188,False,
569,OCNT-2535579,1,CYP2C9,4.954185962677002,0.0,0.0,8.977949619293213e-07,2,0.0,0.0,1.0,2.0606381532678273e-28,False,
569,OCNT-2535579,2,CYP2D6,5.067044258117676,1.2264317561516691e-08,0.0,4.6856430913067015e-07,32,0.21899656597775796,1.5602589087393426e-07,1.0,0.06267254336041111,False,
569,OCNT-2535579,3,CYP3A4,4.866717338562012,0.0,0.0,9.685754776000977e-07,2,0.0,0.0,1.0,4.9829010973584515e-28,False,
570,OCNT-2535581,0,CYP1A2,4.643030166625977,0.00014225568156689405,9.059639523911756e-06,0.001452994649298489,32,0.7533411610027237,0.003429586999118328,0.00010078265768243,0.5046070727458385,False,
570,OCNT-2535581,1,CYP2C9,4.567957878112793,4.3631280277622864e-05,0.0,0.0005600975127890706,32,0.9610783716614424,0.0013421660987660289,0.467105507850647,0.5113034837962349,False,
570,OCNT-2535581,2,CYP2D6,4.523307800292969,6.263238105930213e-07,0.0,9.844653504842427e-06,32,0.745686686128155,1.5183942196017597e-05,0.8045549392700195,0.4000001188919994,False,
570,OCNT-2535581,3,CYP3A4,4.3216729164123535,6.01944805111998e-08,0.0,8.708909717825009e-07,32,0.40253955962872856,9.041937687470636e-07,0.9909976720809937,0.16332813734985965,False,
571,OCNT-2535582,0,CYP1A2,4.68994140625,3.24650936818216e-05,1.3581066014012322e-05,0.0004489135171752423,32,0.9549377239184761,0.0009923741454258561,3.389170524314977e-05,0.5464962505649433,False,
571,OCNT-2535582,1,CYP2C9,4.650984764099121,6.561385816894472e-05,0.0,0.0008446033461950719,32,0.962633203628246,0.0020214945543557405,0.44298508763313293,0.513639033244157,False,
571,OCNT-2535582,2,CYP2D6,4.298462867736816,9.34995341594913e-07,0.0,1.4479739547823556e-05,32,0.7526514189833472,2.2760066713090055e-05,0.7532976269721985,0.3873924440575759,False,
571,OCNT-2535582,3,CYP3A4,4.338625431060791,8.950310359523428e-08,0.0,1.58532031946379e-06,32,0.4274487484215914,1.361039267067099e-06,0.9729607105255127,0.16928537344045652,False,
572,OCNT-2535583,0,CYP1A2,4.7111101150512695,2.4197748643928207e-05,1.0019798537541647e-05,0.0003339520771987736,32,0.9458387758129749,0.0007326920749619603,7.040439959382638e-05,0.5353755088293377,False,
572,OCNT-2535583,1,CYP2C9,4.653080940246582,4.8519250412937254e-05,0.0,0.0006240849033929408,32,0.9617612926188117,0.0014935537474229932,0.45804479718208313,0.5143898318308338,False,
572,OCNT-2535583,2,CYP2D6,4.261651039123535,3.830870809906628e-06,7.300048565639372e-08,7.230894698295742e-05,32,0.8206926610877306,0.00010086958354804665,0.47648945450782776,0.4491948326728125,False,
572,OCNT-2535583,3,CYP3A4,4.254255771636963,3.223126623197459e-05,2.4316781491506845e-05,0.0006108794477768242,32,0.8885840216315113,0.0009167703683488071,2.2646532670478337e-05,0.46563450327569667,False,
573,OCNT-2535584,0,CYP1A2,4.758661270141602,2.2988140699453652e-05,9.572450835548807e-06,0.000317248806823045,32,0.9458140499274208,0.000696062867064029,7.322825695155188e-05,0.5352392098253453,False,
573,OCNT-2535584,1,CYP2C9,4.694850921630859,4.588225419865921e-05,0.0,0.0005898012313991785,32,0.9618388680900408,0.0014125105226412416,0.4610936641693115,0.5125856157086208,False,
573,OCNT-2535584,2,CYP2D6,4.526472091674805,6.579205091838958e-07,0.0,1.0356201528338715e-05,32,0.7464406171896016,1.5954015907482244e-05,0.8015633225440979,0.40298171329515753,False,
573,OCNT-2535584,3,CYP3A4,4.367576599121094,6.303336874680099e-08,0.0,1.1716958852048265e-06,32,0.4056475566344271,9.480258427174704e-07,0.9879976511001587,0.15354674750689,False,
574,OCNT-2535585,0,CYP1A2,4.802513599395752,2.1892394215683453e-05,9.054230758920312e-06,0.0003021325101144612,32,0.9457940982913949,0.0006628849660046399,7.790937524987385e-05,0.535205076972076,False,
574,OCNT-2535585,1,CYP2C9,4.76317024230957,4.384692874737084e-05,0.0,0.0005662892363034189,32,0.9643430896543237,0.001353380037471652,0.46106430888175964,0.5165564491948502,False,
574,OCNT-2535585,2,CYP2D6,4.568572044372559,6.272849191191199e-07,0.0,9.89019827102311e-06,32,0.7449476443908092,1.5191804777714424e-05,0.8075699210166931,0.3850218422597683,False,
574,OCNT-2535585,3,CYP3A4,4.529444694519043,6.00640319703416e-08,0.0,1.0107119123858865e-06,32,0.4016707489023265,9.005655101645971e-07,0.9910055994987488,0.16071851366000497,False,
575,OCNT-2535586,0,CYP1A2,4.743402481079102,2.2988328055362217e-05,9.479445907345507e-06,0.00031731402850709856,32,0.9458145704455768,0.000696068920660764,9.897405107039958e-05,0.5356528094509929,False,
575,OCNT-2535586,1,CYP2C9,4.613280773162842,4.576601349981502e-05,0.0,0.0005866369465366006,32,0.9603174021205478,0.0014067040756344795,0.46416258811950684,0.5101649793194377,False,
575,OCNT-2535586,2,CYP2D6,4.5162553787231445,6.582218361472769e-07,0.0,1.0332884812669363e-05,32,0.7461896805205815,1.5955847629811615e-05,0.8015704154968262,0.3978981245473403,False,
575,OCNT-2535586,3,CYP3A4,4.357990264892578,6.326975210413366e-08,0.0,1.2150059092164156e-06,32,0.4042809589786684,9.478901006332308e-07,0.9879998564720154,0.18459484394850087,False,
576,OCNT-2535587,0,CYP1A2,4.774348258972168,2.2987886040937155e-05,9.507968570687808e-06,0.0003172811702825129,32,0.9458185119204919,0.0006960584432817996,7.275500684045255e-05,0.5353419817289813,False,
576,OCNT-2535587,1,CYP2C9,4.729089736938477,4.589502714225091e-05,0.0,0.0005904750432819128,32,0.9623060462452019,0.0014135899255052209,0.4610617756843567,0.5131865884636154,False,
576,OCNT-2535587,2,CYP2D6,4.539682865142822,6.586112704098923e-07,0.0,1.042531403072644e-05,32,0.7457910227748585,1.5956617062329315e-05,0.7985254526138306,0.39322849892394884,False,
576,OCNT-2535587,3,CYP3A4,4.482069492340088,6.309135613946637e-08,0.0,1.1623770888036233e-06,32,0.40539261663724424,9.481822758061753e-07,0.987978458404541,0.15929713760735625,False,
577,OCNT-2535588,0,CYP1A2,4.692581653594971,2.1092357201268896e-05,8.277001143142115e-06,0.00030802591936662793,32,0.9227023996690598,0.0006230782601051033,8.285368676297367e-05,0.45901338950074744,False,
577,OCNT-2535588,1,CYP2C9,4.622048854827881,4.003838694188744e-05,0.0,0.0005172133096493781,32,0.9643092383805392,0.0012358089443296194,0.46708422899246216,0.5131275244131148,False,
577,OCNT-2535588,2,CYP2D6,4.3690314292907715,5.731302508138469e-07,0.0,8.926324881031178e-06,32,0.7437024740945515,1.3877613127988297e-05,0.8165900707244873,0.3920041965878755,False,
577,OCNT-2535588,3,CYP3A4,4.313807487487793,3.511148918278195e-07,0.0,4.739088581118267e-06,32,0.6966497841733809,8.050259566516615e-06,0.8827314376831055,0.34465170785461796,False,
578,OCNT-2535589,0,CYP1A2,4.69256591796875,2.109370871039573e-05,8.278302630060352e-06,0.0003080552560277283,32,0.9226801129589064,0.0006231031147763133,7.730147626716644e-05,0.4589206605388023,False,
578,OCNT-2535589,1,CYP2C9,4.622012138366699,4.0040518797468394e-05,0.0,0.0005172649980522692,32,0.9643258533991725,0.001235896022990346,0.46723225712776184,0.5130294963182401,False,
578,OCNT-2535589,2,CYP2D6,4.3689374923706055,5.736392267863266e-07,0.0,8.942399290390313e-06,32,0.7428482622012598,1.387377233186271e-05,0.8166527152061462,0.38962631967851746,False,
578,OCNT-2535589,3,CYP3A4,4.313701629638672,3.5165103895451466e-07,0.0,4.737589279102394e-06,32,0.6961444111247141,8.056363185460214e-06,0.8857790231704712,0.34536845054736637,False,
579,OCNT-2535590,0,CYP1A2,4.750940322875977,2.4197788661695085e-05,9.985067663365044e-06,0.0003339587419759482,32,0.9458382642212654,0.0007326928898692131,7.024210208328441e-05,0.5352714820945795,False,
579,OCNT-2535590,1,CYP2C9,4.705871105194092,4.83133080706466e-05,0.0,0.0006216330802999437,32,0.9623658502565327,0.0014881504466757178,0.4581080377101898,0.5134240650408932,False,
579,OCNT-2535590,2,CYP2D6,4.50637149810791,6.923194746377703e-07,0.0,1.089662328013219e-05,32,0.7473761014412559,1.679669730947353e-05,0.7925275564193726,0.38059907261552256,False,
579,OCNT-2535590,3,CYP3A4,4.451999664306641,6.670044427892208e-08,0.0,1.1711862271113205e-06,32,0.40773174837326726,1.0007425998992403e-06,0.9879810214042664,0.16370207210146961,False,
580,OCNT-2535592,0,CYP1A2,4.692496299743652,2.106241117871832e-05,8.281091140815988e-06,0.0003073755360674113,32,0.9232179468674291,0.0006225417018868029,7.731835648883134e-05,0.45943155047836487,False,
580,OCNT-2535592,1,CYP2C9,4.622152328491211,4.0040304156718776e-05,0.0,0.0005172613891772926,32,0.9643294772913598,0.001235894043929875,0.4670788049697876,0.5131942493410442,False,
580,OCNT-2535592,2,CYP2D6,4.370237350463867,5.742578537137888e-07,0.0,9.057347597263288e-06,32,0.7422639364797587,1.387755310133798e-05,0.8166914582252502,0.37132022191597425,False,
580,OCNT-2535592,3,CYP3A4,4.314075946807861,3.3992833436968795e-07,0.0,4.54520568382577e-06,32,0.6940246870929347,7.771484888507985e-06,0.8858254551887512,0.36401065589890746,False,
581,OCNT-2535593,0,CYP1A2,4.764981746673584,2.298791332577821e-05,9.512031283520628e-06,0.00031728020985610783,32,0.9458206326371453,0.000696060829795897,6.999685865594074e-05,0.5352225867567569,False,
581,OCNT-2535593,1,CYP2C9,4.709275722503662,4.5893368223914877e-05,0.0,0.0005903619457967579,32,0.9622186152715974,0.0014134104130789638,0.46108371019363403,0.513196341433185,False,
581,OCNT-2535593,2,CYP2D6,4.531680107116699,6.581042271136539e-07,0.0,1.0186071449425071e-05,32,0.7463922485980156,1.5957370123942383e-05,0.7985860705375671,0.39321635513581643,False,
581,OCNT-2535593,3,CYP3A4,4.419683456420898,6.294467880252341e-08,0.0,9.929705129252397e-07,32,0.4059420265173646,9.475619435761473e-07,0.9879838228225708,0.14962339938281746,False,
582,OCNT-2535596,0,CYP1A2,4.862187385559082,0.00014376094623003155,0.0,0.0016640388639643788,32,0.8860166321553495,0.0040762703865766525,0.49110251665115356,0.4347863912724613,False,
582,OCNT-2535596,1,CYP2C9,4.732053756713867,1.7076014046324417e-05,0.0,0.0001957487838808447,32,0.5186151599589184,0.0002835541090462357,0.7230731844902039,0.22497954329271053,False,
582,OCNT-2535596,2,CYP2D6,4.799254417419434,2.6629445315506928e-08,0.0,8.761138019508508e-07,32,0.25801976233810603,3.0243586479627993e-07,1.0,0.13909348982120567,False,
582,OCNT-2535596,3,CYP3A4,4.441502094268799,7.074008294694067e-07,0.0,1.051833442033967e-05,32,0.7693835798279448,1.7662605387158692e-05,0.7835491299629211,0.4183901100420144,False,
583,OCNT-2535597,0,CYP1A2,5.119424819946289,2.3270288238563808e-06,0.0,1.552977664687205e-05,32,0.3743599855931347,2.799648245854769e-05,0.8616592288017273,0.13681011831250103,False,
583,OCNT-2535597,1,CYP2C9,5.058279991149902,8.949646579381465e-11,0.0,1.154886263066146e-06,32,0.001222598012657028,3.9473274648926804e-10,1.0,0.0017755711828345443,False,
583,OCNT-2535597,2,CYP2D6,5.0966081619262695,7.264310486476688e-09,0.0,4.990022830497765e-07,32,0.14779961482367143,8.165307008312084e-08,1.0,0.09032379573337049,False,
583,OCNT-2535597,3,CYP3A4,4.968835353851318,0.0,0.0,8.67992639541626e-07,2,0.0,0.0,1.0,1.3869827599842188e-28,False,
584,OCNT-2535598,0,CYP1A2,4.617647171020508,4.3737491068895906e-05,2.702825838696299e-07,0.0006211324944160879,32,0.9150456388496164,0.0012809904292225838,0.1569133996963501,0.45828002693309255,False,
584,OCNT-2535598,1,CYP2C9,4.488051414489746,2.9638804335263558e-05,0.0,0.00035764690255746245,32,0.5649260444943877,0.0005359802162274718,0.6839085817337036,0.24770547162866624,False,
584,OCNT-2535598,2,CYP2D6,4.208327293395996,4.2325243043705996e-07,0.0,5.022546247346327e-06,32,0.41766892890455354,5.790594514110126e-06,0.9097681641578674,0.15544428234072416,False,
584,OCNT-2535598,3,CYP3A4,3.9978232383728027,8.722210623091087e-06,2.9802322387695312e-08,0.00013598176883533597,32,0.8061762602670728,0.00022527042892761528,0.4794079065322876,0.41591982678672335,False,
585,OCNT-2535599,0,CYP1A2,4.912912368774414,3.536013309712871e-06,0.0,3.6461053241509944e-05,32,0.5113289994534483,5.8021742006530985e-05,0.7773599028587341,0.22120639791881966,False,
585,OCNT-2535599,1,CYP2C9,4.763089179992676,1.876477472251281e-05,0.0,0.000215900203329511,32,0.5263822723957196,0.0003162466746289283,0.7260230183601379,0.219776803008098,False,
585,OCNT-2535599,2,CYP2D6,4.807051181793213,4.123457841842537e-08,0.0,9.25599749734829e-07,32,0.33379058057772215,5.472518296301132e-07,1.0,0.17287049372961727,False,
585,OCNT-2535599,3,CYP3A4,4.457441329956055,1.9761080238822615e-06,0.0,2.9820006602676585e-05,32,0.8113423216196151,5.1565231842687353e-05,0.6238864064216614,0.4461215957753659,False,
586,OCNT-2535600,0,CYP1A2,4.911206245422363,3.54228404830792e-06,0.0,3.6678895412478596e-05,32,0.5111964111010487,5.810927541460842e-05,0.7774508595466614,0.22251962063120578,False,
586,OCNT-2535600,1,CYP2C9,4.760000228881836,1.8767366782412864e-05,0.0,0.00021593394922092557,32,0.5263761118857726,0.0003162866341881454,0.7261344194412231,0.21969014970726086,False,
586,OCNT-2535600,2,CYP2D6,4.804366588592529,4.1922810112282605e-08,0.0,1.067790776687616e-06,32,0.3279141811813982,5.448392244034039e-07,1.0,0.16710019466585307,False,
586,OCNT-2535600,3,CYP3A4,4.452856063842773,1.976024122996023e-06,0.0,2.98249906336423e-05,32,0.8114094550361406,5.1567320042522624e-05,0.6240450739860535,0.44656472653826024,False,
587,OCNT-2535601,0,CYP1A2,4.922178745269775,3.5345069591130596e-06,0.0,3.644227399490774e-05,32,0.5112840350821379,5.7991994253825396e-05,0.7773512005805969,0.2211533577324195,False,
587,OCNT-2535601,1,CYP2C9,4.799111366271973,1.876531314337626e-05,0.0,0.00021592018310911953,32,0.5263702775205888,0.00031624853727407753,0.7260773777961731,0.21958849977239903,False,
587,OCNT-2535601,2,CYP2D6,4.812596321105957,4.139001319458657e-08,0.0,1.2651754559556139e-06,32,0.329814938635805,5.42374209544505e-07,1.0,0.16856070622104669,False,
587,OCNT-2535601,3,CYP3A4,4.46066427230835,1.9755600533244433e-06,0.0,2.9837457987014204e-05,32,0.81174121093012,5.1576349505921826e-05,0.623951256275177,0.44615294673724726,False,
588,OCNT-2535602,0,CYP1A2,4.6223320960998535,0.0002959584817290306,0.0,0.004296454600989819,2,1.0012573409564522,0.000592681230045855,0.5061309337615967,0.594886261733591,False,
588,OCNT-2535602,1,CYP2C9,4.47825288772583,2.0469569790293463e-05,0.0,0.00023551554477307945,32,0.526403765013737,0.0003449767245911062,0.7200320959091187,0.21976622140981483,False,
588,OCNT-2535602,2,CYP2D6,4.730132102966309,4.6611088322379146e-08,0.0,9.008688834910572e-07,32,0.3153574922908156,5.712873871743795e-07,1.0,0.1436086104061568,False,
588,OCNT-2535602,3,CYP3A4,4.148416519165039,2.1541452497331193e-06,0.0,3.247049608035013e-05,32,0.8122897338735033,5.62532150070183e-05,0.6148638725280762,0.4461887124183257,False,
589,OCNT-2535603,0,CYP1A2,4.587939262390137,9.598402539268136e-05,0.0,0.0009450162178836763,32,0.7549516130756596,0.0023190670181065798,0.6327225565910339,0.2517204969194371,False,
589,OCNT-2535603,1,CYP2C9,4.438808441162109,1.6781220324446622e-07,0.0,2.079158775813994e-06,32,0.5179597754245537,2.947186203527963e-06,0.9399884939193726,0.22489222794989877,False,
589,OCNT-2535603,2,CYP2D6,4.339556694030762,4.1928553962122805e-09,0.0,8.98475036592572e-07,32,0.07142300268585768,3.2438283170677096e-08,1.0,0.08384584704571868,False,
589,OCNT-2535603,3,CYP3A4,4.088705539703369,8.654454859424732e-07,0.0,1.1868507499457337e-05,32,0.753593539716147,2.1111362002557144e-05,0.768397867679596,0.3833073181118456,False,
590,OCNT-2535605,0,CYP1A2,4.864302635192871,5.3943736020301e-06,0.0,5.337771290214732e-05,32,0.5398218373923953,9.33567644096911e-05,0.7504265308380127,0.22329345024969152,False,
590,OCNT-2535605,1,CYP2C9,4.588192939758301,3.373451909283176e-05,0.0,0.00038488657446578145,32,0.5137915386936546,0.0005548047483898699,0.6900614500045776,0.22353973028932086,False,
590,OCNT-2535605,2,CYP2D6,4.565731048583984,3.58651739418292e-08,0.0,1.3403833918346209e-06,32,0.34141936970338277,5.010962809137709e-07,1.0,0.1791811005786502,False,
590,OCNT-2535605,3,CYP3A4,4.127973556518555,9.434551770937105e-07,0.0,1.382037498842692e-05,32,0.7712736944990183,2.353199670324102e-05,0.7444289922714233,0.4134010246230313,False,
591,OCNT-2535606,0,CYP1A2,4.596268177032471,0.0001666591124376282,4.081503902853001e-06,0.0024468766059726477,17,0.9884597200202144,0.0028006769716739655,3.044845834665466e-05,0.5987719450045715,False,
591,OCNT-2535606,1,CYP2C9,4.2331438064575195,4.835749132325873e-05,0.0,0.0006675283657386899,32,0.5946220357243055,0.0009203320369124413,0.6478369832038879,0.24510410408844072,False,
591,OCNT-2535606,2,CYP2D6,4.3081159591674805,2.45035898842616e-05,0.0,0.00032087875297293067,32,0.7985866610260577,0.0006264392286539078,0.5454257130622864,0.3767168603474236,False,
591,OCNT-2535606,3,CYP3A4,3.6904141902923584,3.5491604648996145e-05,8.422822247666772e-06,0.0005712277488783002,32,0.9121648408963583,0.0010362660977989435,1.900310962810181e-05,0.4976633890801247,False,
592,OCNT-2535607,0,CYP1A2,4.498639106750488,7.117036147974432e-05,1.041479208652163e-05,0.0007845500367693603,32,0.7019344286574556,0.0015988462837412953,3.0106988560874015e-05,0.3983928178984132,False,
592,OCNT-2535607,1,CYP2C9,3.8879966735839844,5.6800749007379636e-05,0.0,0.0007362397154793143,32,0.5778374469078517,0.0010504761012271047,0.6387888193130493,0.24927485508637523,False,
592,OCNT-2535607,2,CYP2D6,4.241007328033447,2.3495453206123784e-05,0.0,0.00030509295174852014,32,0.7829604377221767,0.0005889228777959943,0.5484719276428223,0.38720139393582087,False,
592,OCNT-2535607,3,CYP3A4,3.2738819122314453,3.781838313443586e-05,7.84412713983329e-06,0.0005709334509447217,32,0.8621865706476871,0.001043683965690434,2.098065488098655e-05,0.4543585283435357,False,
593,OCNT-2535611,0,CYP1A2,4.851378917694092,6.19665952399373e-05,0.00011650989472400397,0.0005106189055368304,32,0.7397403957884743,0.0014670909149572253,1.0507293154660147e-05,0.3297491893692066,False,
593,OCNT-2535611,1,CYP2C9,4.6199846267700195,8.190935659513343e-06,0.0,9.334956121165305e-05,32,0.47814633125099987,0.00012547991354949772,0.7411856651306152,0.224137095867682,False,
593,OCNT-2535611,2,CYP2D6,4.813929557800293,7.008409141917582e-08,0.0,1.6162399560926133e-06,32,0.4224240237403809,1.0825422123161843e-06,0.985012948513031,0.20572795556628676,False,
593,OCNT-2535611,3,CYP3A4,4.369082450866699,2.3631768897303118e-07,0.0,3.2346374609915074e-06,32,0.6452122616368214,5.085670181870228e-06,0.915919840335846,0.3211000642932509,False,
594,OCNT-2535612,0,CYP1A2,4.961977958679199,4.779420578415738e-06,0.0,4.716326293419115e-05,32,0.5472723747557136,8.387576235691085e-05,0.7561676502227783,0.22632727157794114,False,
594,OCNT-2535612,1,CYP2C9,4.831379413604736,2.818109351210296e-05,0.0,0.0003242780512664467,32,0.5266578217385776,0.0004751059168484062,0.7079933881759644,0.21976669642638402,False,
594,OCNT-2535612,2,CYP2D6,4.685600280761719,6.152338727360984e-08,0.0,1.2044954473822145e-06,32,0.36325305987803597,8.313948569593776e-07,0.9849863648414612,0.16702292811508745,False,
594,OCNT-2535612,3,CYP3A4,4.418285846710205,2.9556920253526187e-06,0.0,4.4531716412166134e-05,32,0.8143033988427042,7.727913907729089e-05,0.5666250586509705,0.44663248897754665,False,
595,OCNT-2535614,0,CYP1A2,4.925323486328125,3.844559614663012e-06,0.0,3.85869134333916e-05,32,0.549060266904437,6.772433698642999e-05,0.7653899788856506,0.23626854665581415,False,
595,OCNT-2535614,1,CYP2C9,4.6912031173706055,2.2546477339346893e-05,0.0,0.0002594587276689708,32,0.5265992314605052,0.00038010315620340407,0.7170063853263855,0.2196851176026883,False,
595,OCNT-2535614,2,CYP2D6,4.693215847015381,5.0054786981945654e-08,0.0,1.0366184142185375e-06,32,0.3471374439092254,6.671124879176205e-07,0.9969990849494934,0.17164568746814945,False,
595,OCNT-2535614,3,CYP3A4,4.316016674041748,2.367398110436625e-06,0.0,3.569609543774277e-05,32,0.8126630833672707,6.182475772220641e-05,0.6000822186470032,0.446945881464511,False,
596,OCNT-2535616,0,CYP1A2,4.948810577392578,4.25834650741308e-06,0.0,4.236227323417552e-05,32,0.5478140469307226,7.482432556571439e-05,0.7592996954917908,0.23084906789762955,False,
596,OCNT-2535616,1,CYP2C9,4.782793045043945,2.5051587726920843e-05,0.0,0.0002882741973735392,32,0.5266171999218208,0.00042233162093907595,0.714022159576416,0.21969602391076856,False,
596,OCNT-2535616,2,CYP2D6,4.694628715515137,5.550054638092661e-08,0.0,1.3165263226255774e-06,32,0.35630209979789956,7.468154308298836e-07,0.9910590648651123,0.17241014877477853,False,
596,OCNT-2535616,3,CYP3A4,4.391693115234375,2.6287052605766803e-06,0.0,3.956453292630613e-05,32,0.8135390967537842,6.869407661724836e-05,0.581649899482727,0.446350043140318,False,
597,OCNT-2535617,0,CYP1A2,4.996589660644531,3.753626742764027e-06,0.0,3.7400939618237317e-05,32,0.5491468409102822,6.613707955693826e-05,0.7683056592941284,0.23216782562007157,False,
597,OCNT-2535617,1,CYP2C9,4.829832077026367,2.8220329113537446e-05,0.0,0.0003493254189379513,32,0.5845818421169147,0.0005280940094962716,0.6930036544799805,0.24514785340606607,False,
597,OCNT-2535617,2,CYP2D6,4.774980545043945,5.735300874221139e-07,0.0,6.1592686506628525e-06,32,0.41024176516760724,7.660429218958598e-06,0.8948113322257996,0.1694719236447688,False,
597,OCNT-2535617,3,CYP3A4,4.46643590927124,1.4590723367291503e-05,5.960464477539063e-08,0.0002445460413582623,32,0.8735522323672074,0.0004081438237335533,0.3529168665409088,0.47156204709931615,False,
598,OCNT-2535618,0,CYP1A2,4.9659833908081055,3.832197307929164e-06,0.0,3.817393007921055e-05,32,0.5477402657898507,6.734483758918941e-05,0.7682863473892212,0.2312868153376392,False,
598,OCNT-2535618,1,CYP2C9,4.8031439781188965,2.2546893887920305e-05,0.0,0.00025944627122953534,32,0.5265851927327758,0.0003801000420935452,0.7170519232749939,0.21975729487231577,False,
598,OCNT-2535618,2,CYP2D6,4.735867500305176,5.015553483644908e-08,0.0,1.1293695934000425e-06,32,0.3444968881464777,6.631486257901997e-07,0.9940218925476074,0.1623362203806203,False,
598,OCNT-2535618,3,CYP3A4,4.402745723724365,2.367607521591708e-06,0.0,3.5645178286358714e-05,32,0.8125432131117756,6.182108336361125e-05,0.59999680519104,0.44597132941749573,False,
599,OCNT-2535619,0,CYP1A2,4.946832180023193,4.034423909615725e-06,0.0,4.0140213968697935e-05,32,0.5477306923671171,7.088816346367821e-05,0.7652400732040405,0.231061307788775,False,
599,OCNT-2535619,1,CYP2C9,4.745904445648193,2.3733886337140575e-05,0.0,0.00027309125289320946,32,0.5265916411187,0.00040010662632994354,0.7140150666236877,0.21975999169949623,False,
599,OCNT-2535619,2,CYP2D6,4.707855224609375,5.287436621870256e-08,0.0,1.2026262083963957e-06,32,0.34751876718689323,6.992007115513843e-07,0.994055986404419,0.1645711657682487,False,
599,OCNT-2535619,3,CYP3A4,4.3644208908081055,2.491987515895744e-06,2.9802322387695312e-08,3.754110730369575e-05,32,0.8128217789405676,6.507743819383904e-05,0.5909244418144226,0.446051768951676,False,
600,OCNT-2535620,0,CYP1A2,4.9601545333862305,4.034543962916359e-06,0.0,4.011509008705616e-05,32,0.5477105551991621,7.088766142260283e-05,0.7622310519218445,0.23133327571033696,False,
600,OCNT-2535620,1,CYP2C9,4.799239635467529,2.3733706257189624e-05,0.0,0.00027308438438922167,32,0.5265968607093577,0.00040010755765251815,0.7139970660209656,0.21978336373970364,False,
600,OCNT-2535620,2,CYP2D6,4.7182488441467285,5.289676963116108e-08,0.0,1.1744002677005483e-06,32,0.35041302454480117,7.05275112977688e-07,0.994053840637207,0.1728862868519566,False,
600,OCNT-2535620,3,CYP3A4,4.419943809509277,2.4919579573179362e-06,0.0,3.756836667889729e-05,32,0.8128265652124405,6.507705256808549e-05,0.593870222568512,0.4464984664425373,False,
601,OCNT-2535621,0,CYP1A2,4.954041957855225,4.034460744151147e-06,0.0,4.014976730104536e-05,32,0.5477332372470334,7.088913844199851e-05,0.7623262405395508,0.23164959618060726,False,
601,OCNT-2535621,1,CYP2C9,4.7850341796875,2.373408824496437e-05,0.0,0.0002731122076511383,32,0.5265947474489118,0.00040011238888837397,0.717115044593811,0.219755884397414,False,
601,OCNT-2535621,2,CYP2D6,4.712963581085205,5.3269438637926214e-08,0.0,1.1172221547894878e-06,32,0.3504773313647074,7.095841283444315e-07,0.9940552115440369,0.1755197480164732,False,
601,OCNT-2535621,3,CYP3A4,4.369145393371582,2.491871100573917e-06,0.0,3.749282404896803e-05,32,0.8128455139720311,6.507631042040884e-05,0.5909353494644165,0.4465202189736057,False,
602,OCNT-2535623,0,CYP1A2,3.915051221847534,0.0006098189041949809,0.00034586223773658276,0.005559709854424,32,0.7290523822884332,0.014227110892534256,1.9847268504236126e-06,0.33863680492094267,False,
602,OCNT-2535623,1,CYP2C9,3.633542776107788,3.656202898127958e-05,0.0,0.00042902911081910133,32,0.56521703610349,0.000661476282402873,0.6568672060966492,0.2695149612346455,False,
602,OCNT-2535623,2,CYP2D6,4.453659534454346,7.451677674907842e-07,0.0,8.177978088497184e-06,32,0.4330964275067298,1.0465934792591725e-05,0.8767425417900085,0.19875236209742891,False,
602,OCNT-2535623,3,CYP3A4,3.2430598735809326,1.642597453610506e-06,0.0,1.8265758626512252e-05,32,0.5586421658965578,2.9542739866883494e-05,0.7804036140441895,0.3104138023326817,False,
603,OCNT-2535624,0,CYP1A2,4.734270095825195,4.933415402774699e-05,5.304646037984639e-06,0.0007055131136439741,32,0.893195546891264,0.0014103673165664077,8.276230801129714e-05,0.5271219764757128,False,
603,OCNT-2535624,1,CYP2C9,4.551455497741699,3.417739833366795e-07,0.0,3.623425754994969e-06,32,0.4763390465315713,5.3620378821506165e-06,0.9067639112472534,0.17473473133733122,False,
603,OCNT-2535624,2,CYP2D6,4.598658084869385,3.5665260611494887e-07,0.0,5.689363661076641e-06,32,0.7251410612438969,8.507995516993105e-06,0.8740134835243225,0.40834412255789143,False,
603,OCNT-2535624,3,CYP3A4,4.302483081817627,4.235235451233166e-08,0.0,7.792988867549866e-07,32,0.3707342437513105,6.210819378793531e-07,1.0,0.18950973347431405,False,
604,OCNT-2535625,0,CYP1A2,4.737937927246094,1.2356975275906734e-05,2.7526441499503562e-06,0.00014501715486403555,32,0.8592660869789959,0.00034004871849901974,0.0003434870159253478,0.5204229065421581,False,
604,OCNT-2535625,1,CYP2C9,4.465327739715576,7.283138529601274e-06,0.0,8.42536537675187e-05,32,0.4770271765816416,0.0001113288089982234,0.7471996545791626,0.22101420366077104,False,
604,OCNT-2535625,2,CYP2D6,4.7463507652282715,5.5265676479621106e-08,0.0,1.439919742551865e-06,32,0.39152142866886197,8.176931487469119e-07,1.0,0.18767872732082475,False,
604,OCNT-2535625,3,CYP3A4,4.194817543029785,1.0069891231978545e-07,0.0,1.5740270100650378e-06,32,0.5833628583489746,2.066484285023762e-06,0.9880735278129578,0.29967806892719095,False,
605,OCNT-2535626,0,CYP1A2,4.7192158699035645,2.7653537472360767e-05,2.8094914341636468e-06,0.00022262067068368196,32,0.5973472626655287,0.0005287916283123195,0.00034575522295199335,0.38182015981338413,False,
605,OCNT-2535626,1,CYP2C9,4.442232131958008,6.981040769460378e-06,0.0,8.079109829850495e-05,32,0.47695336067017463,0.00010670081246644258,0.7472885251045227,0.22054200472477137,False,
605,OCNT-2535626,2,CYP2D6,4.7571306228637695,5.53742225406495e-08,0.0,1.2461943015296129e-06,32,0.3987499403770799,8.34174954889022e-07,1.0,0.192734569578327,False,
605,OCNT-2535626,3,CYP3A4,4.178964138031006,9.704932324439142e-08,0.0,1.5945208815537626e-06,32,0.5797914042779262,1.986120878427755e-06,0.9940305948257446,0.2997285683310781,False,
606,OCNT-2535627,0,CYP1A2,4.934614181518555,6.093739557400113e-06,0.0,6.237208435777575e-05,32,0.5933492865781854,0.000115892784378957,0.7081424593925476,0.2563906756388189,False,
606,OCNT-2535627,1,CYP2C9,4.785196781158447,1.6689700714778155e-05,0.0,0.00019088454428128898,32,0.5160195626558266,0.0002757559122983366,0.7230671048164368,0.22302147902285174,False,
606,OCNT-2535627,2,CYP2D6,4.644213676452637,2.5159968330967786e-08,0.0,1.1640154298220295e-06,32,0.2924887087434272,3.290845995707059e-07,1.0,0.16995829102764642,False,
606,OCNT-2535627,3,CYP3A4,4.451752662658691,8.905276445148047e-07,0.0,1.4767500033485703e-05,32,0.7691567869046582,2.2164702386362478e-05,0.7535386681556702,0.3915115825579779,False,
607,OCNT-2535630,0,CYP1A2,4.428063869476318,0.00016716272511985153,1.1648647159745451e-05,0.001913183368742466,32,0.809217534784564,0.004328931216150522,4.1163290006807074e-05,0.4098063020735519,False,
607,OCNT-2535630,1,CYP2C9,3.978220224380493,4.405407889862545e-05,0.0,0.0005213078111410141,32,0.5762730489793985,0.0008125741151161492,0.6448395252227783,0.27489412187983037,False,
607,OCNT-2535630,2,CYP2D6,4.464317798614502,1.9987123778264504e-06,0.0,2.1874637241126038e-05,32,0.44910973580738317,2.886823313019704e-05,0.8226620554924011,0.22440420040405243,False,
607,OCNT-2535630,3,CYP3A4,3.5340914726257324,1.005353988148272e-05,0.0,0.00010851815022761002,32,0.5899885513924114,0.000189995946129784,0.6118537187576294,0.3702548433597651,False,
608,OCNT-2535632,0,CYP1A2,4.8475236892700195,0.00025167400599457324,0.0,0.003545807208865881,2,1.0007042721863004,0.0005037225200794637,0.476015567779541,0.5301554542627185,False,
608,OCNT-2535632,1,CYP2C9,4.7223358154296875,2.505064730939921e-05,0.0,0.0002882611006498337,32,0.5265809271246215,0.00042228668462485075,0.7140234708786011,0.2197622257155789,False,
608,OCNT-2535632,2,CYP2D6,4.6831254959106445,5.563183691492668e-08,0.0,1.129630732066289e-06,32,0.3541593995406124,7.438122224812105e-07,0.9910217523574829,0.160632651126411,False,
608,OCNT-2535632,3,CYP3A4,4.332180023193359,2.6244379114359617e-06,2.9802322387695312e-08,3.9551989175379276e-05,32,0.8132311922927777,6.85570266796276e-05,0.5846343636512756,0.44606635213986534,False,
609,OCNT-2535634,0,CYP1A2,4.846155643463135,7.721116162429098e-06,0.0,7.662329153390601e-05,32,0.5514423157591529,0.00013642446720041335,0.72930908203125,0.2278706295150404,False,
609,OCNT-2535634,1,CYP2C9,4.58975887298584,6.921645399415866e-05,0.0,0.0009670979343354702,32,0.708586503566112,0.001569693791680038,0.6087164282798767,0.30335689991796166,False,
609,OCNT-2535634,2,CYP2D6,3.894660711288452,9.557161320117302e-06,0.0,0.00011314066068734974,32,0.644519754587603,0.00019731918291654438,0.5636520385742188,0.3352476775086724,False,
609,OCNT-2535634,3,CYP3A4,3.471471071243286,8.47756098210084e-07,0.0,1.2646509276237339e-05,32,0.7752387859345499,2.1278905478538945e-05,0.7562907338142395,0.41405392446425837,False,
610,OCNT-2535635,0,CYP1A2,4.804429054260254,3.258625656599179e-05,2.0991076326026814e-06,0.000492205610498786,32,0.9621677312591336,0.0010036181192845106,0.0001354335981886834,0.511430799035552,False,
610,OCNT-2535635,1,CYP2C9,4.629459381103516,3.407978510949761e-05,0.0,0.00047296483535319567,32,0.7065951832717736,0.0007708056946285069,0.5935862064361572,0.27835742890861126,False,
610,OCNT-2535635,2,CYP2D6,4.470820426940918,3.1997890914681193e-07,0.0,4.312681085139047e-06,32,0.47474394344257465,5.01297563459957e-06,0.9279134273529053,0.30083088833336197,False,
610,OCNT-2535635,3,CYP3A4,4.216655731201172,6.107900844654068e-06,6.664001972467304e-08,9.522723848931491e-05,32,0.8054751943621041,0.00015769015590194613,0.5244469046592712,0.41575530800700145,False,
611,OCNT-2535638,0,CYP1A2,4.2762651443481445,3.6009412724524736e-05,0.0,0.00028999309870414436,32,0.5099051809978099,0.0005877275252714753,0.696196973323822,0.2277846027594454,False,
611,OCNT-2535638,1,CYP2C9,4.027233600616455,1.81901687028585e-05,0.0,0.00020819374185521156,32,0.5168632467900656,0.0003010239452123642,0.72001051902771,0.22402772347766123,False,
611,OCNT-2535638,2,CYP2D6,4.348416328430176,0.0003914593253284693,2.3225877157528885e-05,0.0061175525188446045,2,1.0015578573890964,0.0007841583574190736,2.5396604996785754e-06,0.704393432418658,False,
611,OCNT-2535638,3,CYP3A4,3.6739213466644287,9.39629671847797e-07,0.0,1.5624485968146473e-05,32,0.7706889336071027,2.341981053177733e-05,0.7474569082260132,0.40222332330200916,False,
612,OCNT-2535639,0,CYP1A2,4.512200355529785,7.367144280578941e-05,0.0,0.0012334121856838465,32,0.9116532182131809,0.002149501582607627,0.43092405796051025,0.5637053403384924,False,
612,OCNT-2535639,1,CYP2C9,4.241816520690918,1.960712506843265e-05,0.0,0.0002227250806754455,32,0.48997946211250043,0.00030758362845517695,0.7081924676895142,0.2204324383005699,False,
612,OCNT-2535639,2,CYP2D6,4.390726089477539,6.312196632052292e-08,0.0,1.5404802979901433e-06,32,0.40941956358336784,9.580020332577988e-07,0.9910697340965271,0.20217818745168945,False,
612,OCNT-2535639,3,CYP3A4,3.7900876998901367,4.3420689621598285e-07,0.0,7.137291504477616e-06,32,0.7067842178448406,1.0046669558505528e-05,0.8557612299919128,0.37051721269125415,False,
613,OCNT-2535640,0,CYP1A2,4.200666427612305,0.00032273802207782865,3.55934098479338e-05,0.005625240504741669,2,1.0002248427938878,0.0006456411792896688,1.7114791717176558e-06,0.7350162825023228,False,
613,OCNT-2535640,1,CYP2C9,3.9781129360198975,1.4799925338593312e-05,0.0,0.000167936654179357,32,0.4714150663799326,0.00022341190197039396,0.7171400189399719,0.21503934908858502,False,
613,OCNT-2535640,2,CYP2D6,4.375439643859863,0.0003613140434026718,2.140072319889441e-05,0.0056464229710400105,2,1.001559275331785,0.0007237748941406608,3.266765361331636e-06,0.7056536812509031,False,
613,OCNT-2535640,3,CYP3A4,3.5807137489318848,2.949954591713322e-07,0.0,3.995553925051354e-06,32,0.6582530493896617,6.424454113584943e-06,0.8977659940719604,0.3289998205642548,False,
614,OCNT-2535642,0,CYP1A2,4.762709617614746,0.0001569547166582197,0.0,0.0021897139959037304,32,0.8196873676047397,0.004117183852940798,0.262258917093277,0.7113870745861661,False,
614,OCNT-2535642,1,CYP2C9,4.569229602813721,9.079461960936897e-06,0.0,0.00010276510147377849,32,0.4700197634540546,0.000136711256345734,0.7531774044036865,0.21538050313082407,False,
614,OCNT-2535642,2,CYP2D6,4.7943525314331055,6.406387598190122e-08,0.0,1.526664050288673e-06,32,0.41438053704599065,9.82100118562812e-07,0.9910799264907837,0.18443149008657006,False,
614,OCNT-2535642,3,CYP3A4,4.2389349937438965,3.6714450857289194e-07,0.0,5.1783176786557306e-06,32,0.6670388599091424,8.05024137662258e-06,0.8768072724342346,0.3204454397663248,False,
615,OCNT-2535643,0,CYP1A2,4.692042350769043,0.00030823179986327887,0.0,0.003947798628360033,32,0.8932784331581243,0.008811064064502716,0.2652922570705414,0.6472414996858191,False,
615,OCNT-2535643,1,CYP2C9,4.516545295715332,8.406702363572549e-06,0.0,9.518476872472093e-05,32,0.46999019968859673,0.00012658456398639828,0.7562084794044495,0.21521514104399242,False,
615,OCNT-2535643,2,CYP2D6,4.800902366638184,5.991307716612937e-08,0.0,1.112204699893482e-06,32,0.40830347605310136,9.134640777119785e-07,0.9970080852508545,0.20857668325768292,False,
615,OCNT-2535643,3,CYP3A4,4.204294204711914,3.398021988232358e-07,0.0,4.725174676423194e-06,32,0.6659666384113541,7.454611022694735e-06,0.8827391266822815,0.32664393413233983,False,
616,OCNT-2535644,0,CYP1A2,4.871245861053467,0.00015127177175600082,3.015341235368396e-06,0.002735790330916643,2,1.0018456904088495,0.0003031219821423292,3.3136770070996135e-05,0.6596951581325969,False,
616,OCNT-2535644,1,CYP2C9,4.493864059448242,9.096288522414397e-06,0.0,0.0001035016612149775,32,0.47789316167056217,0.000139258656417951,0.7381886839866638,0.22400882282179435,False,
616,OCNT-2535644,2,CYP2D6,4.763819694519043,7.633494192305079e-08,0.0,1.4593103969673393e-06,32,0.4280910316542367,1.1826948593807174e-06,0.9820148348808289,0.19677562161001444,False,
616,OCNT-2535644,3,CYP3A4,4.216251850128174,2.7818131798085233e-07,0.0,4.119877303310204e-06,32,0.6514302837277735,6.007361207593931e-06,0.9038084149360657,0.32946543261524663,False,
617,OCNT-2535645,0,CYP1A2,4.878696441650391,0.00015784616698510945,3.088101721004932e-06,0.0028546990361064672,2,1.0018497591973194,0.0003162963257636875,2.6814550437848084e-05,0.6596871811574029,False,
617,OCNT-2535645,1,CYP2C9,4.561505317687988,9.491427590546664e-06,0.0,0.00010799218580359593,32,0.47796117562037316,0.00014532203203998506,0.7351563572883606,0.22420998856853538,False,
617,OCNT-2535645,2,CYP2D6,4.765603542327881,7.944588986674717e-08,0.0,1.533603722236876e-06,32,0.433424691360125,1.2405778306856519e-06,0.9790637493133545,0.18930973601054168,False,
617,OCNT-2535645,3,CYP3A4,4.243622303009033,2.905079554693657e-07,0.0,3.9382193790515885e-06,32,0.6522683878437872,6.2723788687435444e-06,0.8949234485626221,0.31829169475533103,False,
618,OCNT-2535646,0,CYP1A2,4.7140278816223145,0.00016039471665862948,0.0,0.0018221387872472405,32,0.8762658913613521,0.00449782982468605,0.4941415786743164,0.46017391050322076,False,
618,OCNT-2535646,1,CYP2C9,4.55866813659668,1.0231743630129131e-07,0.0,1.673955011938233e-06,32,0.49415917997899045,1.7760861510396353e-06,0.9700512290000916,0.21730443731672228,False,
618,OCNT-2535646,2,CYP2D6,4.624584197998047,2.2392458998155007e-09,0.0,5.58320664367784e-07,32,0.03971958282012234,1.5556407717554066e-08,1.0,0.05698811178162984,False,
618,OCNT-2535646,3,CYP3A4,4.308735370635986,5.229156272434921e-07,0.0,7.228290996863507e-06,32,0.7432641995554908,1.2675107427639887e-05,0.8258114457130432,0.3882569574911152,False,
619,OCNT-2535648,0,CYP1A2,4.9738287925720215,3.033906295968336e-06,0.0,3.0262008294812404e-05,32,0.542867775929798,5.2878036512993276e-05,0.7803539633750916,0.2298139702482384,False,
619,OCNT-2535648,1,CYP2C9,4.70436429977417,1.8185606677434407e-05,0.0,0.0002081889397231862,32,0.5169341038392923,0.00030098974821157753,0.7200828194618225,0.22407553814480524,False,
619,OCNT-2535648,2,CYP2D6,4.782161712646484,2.698367218556541e-08,0.0,8.137919849104946e-07,32,0.29917365532268697,3.540652926403709e-07,1.0,0.1511508536132654,False,
619,OCNT-2535648,3,CYP3A4,4.42069149017334,8.207371138269082e-07,0.0,1.2076912753400393e-05,32,0.7724386747199339,2.0534191207843833e-05,0.7625027894973755,0.4191093200457734,False,
620,OCNT-2535649,0,CYP1A2,4.862775802612305,0.00028957249014638364,8.077507663983852e-05,0.004383620340377092,3,0.999902653319884,0.0008686629007570446,1.519918441772461e-06,0.7323724716976295,False,
620,OCNT-2535649,1,CYP2C9,4.741743087768555,7.134439783840207e-06,0.0,8.135999087244272e-05,32,0.47802843567129877,0.00010928785195574164,0.7502018809318542,0.22439371388516133,False,
620,OCNT-2535649,2,CYP2D6,4.859041213989258,6.165321053686057e-08,0.0,1.2286096762181842e-06,32,0.415533671858556,9.527782935947471e-07,0.9940240979194641,0.2033279942069324,False,
620,OCNT-2535649,3,CYP3A4,4.515676975250244,2.0139148659836792e-07,0.0,2.9652180728589883e-06,32,0.6393438675070645,4.324859219195787e-06,0.9309504628181458,0.3182864871209682,False,
621,OCNT-2535650,0,CYP1A2,5.197825908660889,0.0,0.0,8.195638656616211e-07,2,0.0,0.0,1.0,1.4787688291432539e-28,False,
621,OCNT-2535650,1,CYP2C9,5.122817039489746,2.4905457696178246e-09,0.0,6.681221407234261e-07,32,0.09482810265815028,3.79025522079246e-08,1.0,0.022871192865658058,False,
621,OCNT-2535650,2,CYP2D6,5.133637428283691,0.0,0.0,1.3075768947601318e-06,2,0.0,0.0,1.0,7.200821206634205e-28,False,
621,OCNT-2535650,3,CYP3A4,4.999405860900879,0.0,0.0,8.903443813323975e-07,2,0.0,0.0,1.0,1.7704196251355136e-28,False,
622,OCNT-2535651,0,CYP1A2,5.03505802154541,3.3127448659797665e-06,0.0,3.256665149820037e-05,32,0.5424028878142866,5.767252514488064e-05,0.7774641513824463,0.22427276349037034,False,
622,OCNT-2535651,1,CYP2C9,4.9016852378845215,1.9749444618355483e-05,0.0,0.0002259284519823268,32,0.5163230553383298,0.0003264722181484103,0.7140310406684875,0.22329093866845007,False,
622,OCNT-2535651,2,CYP2D6,4.8192949295043945,2.9570639270559695e-08,0.0,1.4340809002533206e-06,32,0.3029814498340965,3.836534290257987e-07,1.0,0.17942917141714898,False,
622,OCNT-2535651,3,CYP3A4,4.619193077087402,9.175774380310031e-07,0.0,1.3527902410714887e-05,32,0.77314439246793,2.2948841433390044e-05,0.7477046847343445,0.4188567517684792,False,
623,OCNT-2535652,0,CYP1A2,4.857336044311523,3.885744717990747e-06,0.0,3.692171594593674e-05,32,0.5164710669499222,6.438526179408655e-05,0.7803314328193665,0.2345125137134699,False,
623,OCNT-2535652,1,CYP2C9,4.587563514709473,4.785395503859036e-05,0.0,0.0005698146997019649,32,0.5678520936073455,0.0008697487064637244,0.6447365880012512,0.25477872623369274,False,
623,OCNT-2535652,2,CYP2D6,4.328106880187988,5.883444828214124e-05,6.597025503651821e-07,0.001075917505659163,32,0.8945207611324444,0.0016844025813043118,0.04565029963850975,0.5092046364791183,False,
623,OCNT-2535652,3,CYP3A4,3.5570788383483887,1.951603735506069e-06,0.0,2.32281927310396e-05,32,0.4888761173487927,3.068739897571504e-05,0.7805162072181702,0.21487599460292794,False,
624,OCNT-2535653,0,CYP1A2,5.0118727684021,9.642672011977993e-07,0.0,1.0649229807313532e-05,32,0.4953554084240395,1.5443472875631414e-05,0.8556379675865173,0.18692501139027023,False,
624,OCNT-2535653,1,CYP2C9,4.793282508850098,8.607363270130008e-06,0.0,9.807060996536165e-05,32,0.47816918890144045,0.00013185784337110817,0.7381998300552368,0.22425091338111264,False,
624,OCNT-2535653,2,CYP2D6,4.834237098693848,7.449942529547116e-08,0.0,1.420808757757186e-06,32,0.42385297647165027,1.1460906534921378e-06,0.985041081905365,0.19814899505583713,False,
624,OCNT-2535653,3,CYP3A4,4.538717269897461,2.511273180516582e-07,0.0,3.7766305922559695e-06,32,0.6485470125462617,5.419306944531854e-06,0.912841796875,0.3251991346405628,False,
625,OCNT-2535654,0,CYP1A2,4.678580284118652,0.0005360259674489498,0.0,0.006792102474719286,32,0.9739075824349261,0.016705583781003952,0.5604014992713928,0.4609216362343508,False,
625,OCNT-2535654,1,CYP2C9,4.473056793212891,2.4222305000876077e-05,0.0,0.000277244602330029,32,0.5169624497696008,0.0004008701362181455,0.7050389647483826,0.22409249430229872,False,
625,OCNT-2535654,2,CYP2D6,4.681000709533691,3.5170096168712917e-08,0.0,1.0964449757011607e-06,32,0.32644598958925225,4.7185909579638974e-07,1.0,0.1720989772544721,False,
625,OCNT-2535654,3,CYP3A4,4.144197463989258,1.095410880225245e-06,5.960464477539063e-08,1.6110274373204447e-05,32,0.7754141989190283,2.7428841349319555e-05,0.7234344482421875,0.41841795299180806,False,
626,OCNT-2535655,0,CYP1A2,4.368586540222168,3.6508925404632464e-05,0.0,0.00027253854204900563,32,0.5033365003410372,0.0005882018595002592,0.7440677285194397,0.18499429938558495,False,
626,OCNT-2535655,1,CYP2C9,4.174776077270508,1.8911341612692922e-05,0.0,0.00021716655464842916,32,0.5166711460393827,0.00031283556018024683,0.7201297879219055,0.2244317336761127,False,
626,OCNT-2535655,2,CYP2D6,4.369143962860107,0.00040844775503501296,2.422366560494993e-05,0.006349226925522089,2,1.0015580462522728,0.000818188302218914,2.8568936158990255e-06,0.7352480361339404,False,
626,OCNT-2535655,3,CYP3A4,3.776254892349243,2.6944260753225535e-05,1.9600125597207807e-05,0.0005131890065968037,32,0.885413578949396,0.0007637013914063573,3.859903517877683e-05,0.4664977058430823,False,
627,OCNT-2535657,0,CYP1A2,5.196934700012207,4.717198187620397e-09,0.0,8.79389347119286e-07,32,0.1622799070093151,7.642577770639036e-08,1.0,0.03729015472090684,False,
627,OCNT-2535657,1,CYP2C9,5.1108503341674805,0.0,0.0,1.1548399925231934e-06,2,0.0,0.0,1.0,6.253328550018037e-28,False,
627,OCNT-2535657,2,CYP2D6,5.133719444274902,0.0,0.0,9.797513484954834e-07,2,0.0,0.0,1.0,2.5173507089844557e-28,False,
627,OCNT-2535657,3,CYP3A4,5.030444145202637,0.0,0.0,8.121132850646973e-07,2,0.0,0.0,1.0,4.896127968293964e-28,False,
628,OCNT-2535658,0,CYP1A2,4.889660835266113,0.00011306170199532062,0.0,0.0010502598015591502,32,0.7317339796827204,0.0026476290076971054,0.650812566280365,0.30446101205152853,False,
628,OCNT-2535658,1,CYP2C9,4.723111152648926,2.822802161972504e-05,0.0,0.00034943802165798843,32,0.5846115253749788,0.0005282647325657308,0.6930094957351685,0.245184182762221,False,
628,OCNT-2535658,2,CYP2D6,4.747977256774902,5.699515099877317e-07,0.0,6.101365215727128e-06,32,0.4105979258554144,7.6200603871257044e-06,0.8948713541030884,0.1700207895593976,False,
628,OCNT-2535658,3,CYP3A4,4.354076385498047,1.455075016565388e-05,5.960464477539063e-08,0.00024382505216635764,32,0.8733590680288082,0.00040693642222322524,0.35578688979148865,0.4712518000163384,False,
629,OCNT-2535659,0,CYP1A2,5.1239094734191895,3.176032947749263e-08,0.0,7.000323876127368e-07,32,0.49527041206262923,6.61844978822046e-07,1.0,0.17321411926637711,False,
629,OCNT-2535659,1,CYP2C9,4.83905029296875,1.9005530482729682e-09,0.0,9.868056167761097e-07,32,0.07940176496486546,3.023759731490827e-08,1.0,0.052046634454224694,False,
629,OCNT-2535659,2,CYP2D6,5.070071220397949,8.949646579381465e-11,0.0,7.823224450476118e-07,32,0.000305649503164257,9.868318662231701e-11,1.0,0.00011102230246254144,False,
629,OCNT-2535659,3,CYP3A4,4.70757532119751,0.0,0.0,8.847564458847046e-07,2,0.0,0.0,1.0,2.6587853550075832e-28,False,
630,OCNT-2535660,0,CYP1A2,5.182920455932617,0.0,0.0,7.748603820800781e-07,2,0.0,0.0,1.0,1.7837291637894554e-28,False,
630,OCNT-2535660,1,CYP2C9,5.073314189910889,2.2220563167252294e-09,0.0,1.2445625543477945e-06,32,0.09015449043494433,3.525994429764978e-08,1.0,0.02626265574698442,False,
630,OCNT-2535660,2,CYP2D6,5.1204514503479,0.0,0.0,7.7858567237854e-07,2,0.0,0.0,1.0,1.8097715333746168e-28,False,
630,OCNT-2535660,3,CYP3A4,4.947484016418457,0.0,0.0,8.456408977508545e-07,2,0.0,0.0,1.0,4.408712966338005e-28,False,
631,OCNT-2535661,0,CYP1A2,5.198024749755859,0.0,0.0,8.158385753631592e-07,2,0.0,0.0,1.0,3.0802220159074338e-28,False,
631,OCNT-2535661,1,CYP2C9,5.127285003662109,2.237411589334215e-09,0.0,9.316741511611326e-07,32,0.090216635364709,3.532857917321053e-08,1.0,0.023688518502800127,False,
631,OCNT-2535661,2,CYP2D6,5.1328935623168945,0.0,0.0,9.872019290924072e-07,2,0.0,0.0,1.0,2.415438787352234e-28,False,
631,OCNT-2535661,3,CYP3A4,5.006686210632324,0.0,0.0,9.126961231231689e-07,2,0.0,0.0,1.0,2.0169103825689559e-28,False,
632,OCNT-2535662,0,CYP1A2,5.1428117752075195,8.054681921443319e-10,0.0,1.273030648007989e-06,32,0.02825431645266866,9.769635767042928e-09,1.0,0.014440925234665395,False,
632,OCNT-2535662,1,CYP2C9,4.916510105133057,1.8794257261589564e-09,0.0,7.867904514569091e-07,32,0.07995552011193865,3.039442120211788e-08,1.0,0.02447024942007092,False,
632,OCNT-2535662,2,CYP2D6,5.079372406005859,0.0,0.0,9.424984455108643e-07,2,0.0,0.0,1.0,5.219948635712685e-28,False,
632,OCNT-2535662,3,CYP3A4,4.7842607498168945,0.0,0.0,1.037493348121643e-06,2,0.0,0.0,1.0,3.122394480420265e-28,False,
633,OCNT-2535663,0,CYP1A2,5.166225433349609,0.0,0.0,5.736947059631348e-07,2,0.0,0.0,1.0,9.095650251065181e-29,False,
633,OCNT-2535663,1,CYP2C9,4.973634719848633,2.237411589334215e-09,0.0,9.194344556817668e-07,32,0.09676869053019917,3.789434543932657e-08,1.0,0.029298835443053957,False,
633,OCNT-2535663,2,CYP2D6,5.110467910766602,0.0,0.0,8.344650268554688e-07,2,0.0,0.0,1.0,4.232587492477969e-28,False,
633,OCNT-2535663,3,CYP3A4,4.848418712615967,0.0,0.0,9.611248970031738e-07,2,0.0,0.0,1.0,2.110132442029602e-28,False,
634,OCNT-2535664,0,CYP1A2,5.1949849128723145,0.0,0.0,6.705522537231445e-07,2,0.0,0.0,1.0,6.360070770291926e-29,False,
634,OCNT-2535664,1,CYP2C9,5.128236293792725,2.058418768768888e-09,0.0,1.0586921916910796e-06,32,0.08234907001492187,3.1775986286675106e-08,1.0,0.02004730736987201,False,
634,OCNT-2535664,2,CYP2D6,5.122871398925781,0.0,0.0,1.0691583156585693e-06,2,0.0,0.0,1.0,2.923499021954498e-28,False,
634,OCNT-2535664,3,CYP3A4,5.009217262268066,0.0,0.0,1.2367963790893555e-06,2,0.0,0.0,1.0,5.439129497859559e-28,False,
635,OCNT-2535665,0,CYP1A2,5.142809867858887,3.579858631752586e-10,0.0,1.2589134712470695e-06,32,0.010420436845766845,3.4539116011700344e-09,1.0,0.008350333615339954,False,
635,OCNT-2535665,1,CYP2C9,4.916487693786621,2.079545868838295e-09,0.0,4.706988079306029e-07,32,0.08102560593752853,3.132008075112935e-08,1.0,0.04940751436299244,False,
635,OCNT-2535665,2,CYP2D6,5.079385757446289,0.0,0.0,1.0915100574493408e-06,2,0.0,0.0,1.0,3.998820824179852e-28,False,
635,OCNT-2535665,3,CYP3A4,4.784174919128418,0.0,0.0,5.848705768585205e-07,2,0.0,0.0,1.0,2.8366970013554057e-28,False,
636,OCNT-2535666,0,CYP1A2,4.764285087585449,3.976608786615543e-05,0.0,0.0002981277648359537,32,0.5412274034947854,0.0006888930802233517,0.7320610880851746,0.19155036913243179,False,
636,OCNT-2535666,1,CYP2C9,4.610585689544678,1.5744464690214954e-05,0.0,0.00017728324746713042,32,0.4974062466809367,0.00025076381280086935,0.7290908694267273,0.21724843042036895,False,
636,OCNT-2535666,2,CYP2D6,4.777712821960449,1.2175752850396293e-08,0.0,6.902879476911039e-07,32,0.19691797076707107,1.3973773604902817e-07,1.0,0.15677156808285103,False,
636,OCNT-2535666,3,CYP3A4,4.299247741699219,1.4588009378257993e-07,0.0,2.1914365788688883e-06,32,0.6860780102286336,3.422268946451368e-06,0.9790166616439819,0.3909839479918503,False,
637,OCNT-2535667,0,CYP1A2,4.7720818519592285,3.803779691224918e-05,0.0,0.00028525269590318203,32,0.5412219879327308,0.0006589537370018661,0.732072651386261,0.19232813992134812,False,
637,OCNT-2535667,1,CYP2C9,4.6200032234191895,1.5043101484479848e-05,0.0,0.00016938254702836275,32,0.49730180074115254,0.00023954990319907665,0.7321308851242065,0.21716056775973275,False,
637,OCNT-2535667,2,CYP2D6,4.775482654571533,1.1905417096613746e-08,0.0,9.065731774171581e-07,32,0.1828287255837069,1.2815806371690996e-07,1.0,0.14788977318915963,False,
637,OCNT-2535667,3,CYP3A4,4.275447368621826,1.4320916307042353e-05,0.0,0.00011696232832036912,32,0.6003196374512559,0.00027530017541721463,0.7019758820533752,0.2714890910494393,False,
638,OCNT-2535668,0,CYP1A2,4.8238067626953125,3.499407830531709e-05,0.0,0.00026265878113918006,32,0.541207533061142,0.0006062230677343905,0.7351552844047546,0.19248994311164092,False,
638,OCNT-2535668,1,CYP2C9,4.6893205642700195,1.3857242265657987e-05,0.0,0.00015604481450282037,32,0.4973505250978767,0.00022070016711950302,0.735133945941925,0.2173937893491179,False,
638,OCNT-2535668,2,CYP2D6,4.823962211608887,1.062240073679277e-08,0.0,8.433803486695979e-07,32,0.17999050843690337,1.1877876460175685e-07,1.0,0.13494757976856311,False,
638,OCNT-2535668,3,CYP3A4,4.407655715942383,1.288283613121166e-07,0.0,2.1174807898205472e-06,32,0.6794938508960877,3.018656570930034e-06,0.9940145015716553,0.39075814632731964,False,
639,OCNT-2535670,0,CYP1A2,4.852488040924072,5.792396768811159e-05,7.9152530815918e-05,0.00047194137005135417,32,0.7065323749830825,0.0013098311610519886,1.723525747365784e-05,0.3747594080475342,False,
639,OCNT-2535670,1,CYP2C9,4.700623512268066,1.9065051674260758e-05,0.0,0.00021829121396876872,32,0.5173349192833598,0.00031578209018334746,0.7170738577842712,0.2238672564601349,False,
639,OCNT-2535670,2,CYP2D6,4.787086486816406,2.7538595404053012e-08,0.0,1.0617645784805063e-06,32,0.30160419162464586,3.622975270900497e-07,1.0,0.16739758019846118,False,
639,OCNT-2535670,3,CYP3A4,4.423998832702637,8.307536063512089e-07,0.0,1.2170560694357846e-05,32,0.7732220751715677,2.0802855942747556e-05,0.7594214677810669,0.4185819108153724,False,
640,OCNT-2535671,0,CYP1A2,4.87686824798584,0.00011104706936748698,0.0,0.001230362569913268,32,0.8641402539385039,0.00307100429199636,0.5814251899719238,0.42699658964988113,False,
640,OCNT-2535671,1,CYP2C9,4.748188018798828,1.7392247173120268e-05,0.0,0.0001990336022572592,32,0.5165430587749616,0.00028764831949956715,0.7230238318443298,0.22388311368824923,False,
640,OCNT-2535671,2,CYP2D6,4.824142932891846,2.5501886824486064e-08,0.0,7.337822580666398e-07,32,0.29479486757796675,3.349047688061546e-07,1.0,0.2031348115826741,False,
640,OCNT-2535671,3,CYP3A4,4.486907005310059,7.932896437523596e-07,0.0,1.1667630133160856e-05,32,0.7720023844212522,1.9844528651447035e-05,0.7656139135360718,0.4190897034976367,False,
641,OCNT-2535672,0,CYP1A2,5.196488380432129,0.0,0.0,1.1324882507324219e-06,2,0.0,0.0,1.0,1.8759476627142161e-28,False,
641,OCNT-2535672,1,CYP2C9,5.1245856285095215,2.237411589334215e-09,0.0,9.695922926766798e-07,32,0.09198064847227018,3.601936171548914e-08,1.0,0.02369350220863634,False,
641,OCNT-2535672,2,CYP2D6,5.131371021270752,0.0,0.0,7.636845111846924e-07,2,0.0,0.0,1.0,1.5607170676220287e-28,False,
641,OCNT-2535672,3,CYP3A4,5.000988960266113,0.0,0.0,7.301568984985352e-07,2,0.0,0.0,1.0,3.1006211726502817e-28,False,
642,OCNT-2535673,0,CYP1A2,4.90155029296875,6.242235485842684e-06,0.0,6.15473254583776e-05,32,0.5462018405066261,0.00010927944094873965,0.7411572337150574,0.2252702475147398,False,
642,OCNT-2535673,1,CYP2C9,4.733151435852051,4.116156560485251e-05,0.0,0.0004895852762274444,32,0.549640538728411,0.0007241459679789841,0.6749830842018127,0.2346641933325836,False,
642,OCNT-2535673,2,CYP2D6,4.568666458129883,3.4903601431324205e-07,0.0,4.043220542371273e-06,32,0.4172373289262581,4.7937032832123805e-06,0.9157906174659729,0.19019214375770632,False,
642,OCNT-2535673,3,CYP3A4,4.232894420623779,8.940636689658277e-06,0.0,0.00013829662930220366,32,0.8091249063939198,0.0002317498583579436,0.46436354517936707,0.41855190343794124,False,
643,OCNT-2535675,0,CYP1A2,4.76120662689209,7.279323472175747e-05,0.00013693422079086304,0.0005991120124235749,32,0.7389026796094096,0.0017214241670444608,8.864395567798056e-06,0.32932242354771524,False,
643,OCNT-2535675,1,CYP2C9,4.372539520263672,9.72401539911516e-06,0.0,0.00011078872194048017,32,0.47831165424745153,0.00014898857625667006,0.7322139739990234,0.2240281670230549,False,
643,OCNT-2535675,2,CYP2D6,4.742730140686035,8.421922359502787e-08,0.0,1.580969410497346e-06,32,0.43417411023685065,1.3090415222904994e-06,0.9760133624076843,0.19122607596752778,False,
643,OCNT-2535675,3,CYP3A4,4.091845512390137,2.7713173267329694e-07,0.0,3.831691174127627e-06,32,0.6510983545470357,5.982431957818335e-06,0.9008519053459167,0.31978588630252824,False,
644,OCNT-2535677,0,CYP1A2,4.836830139160156,6.453189416788518e-05,0.00011883526167366654,0.0005278225289657712,32,0.7334722249288493,0.001514869974926114,9.890601177175995e-06,0.3279013316827827,False,
644,OCNT-2535677,1,CYP2C9,4.6205034255981445,8.94523964234395e-06,0.0,0.00010188290616497397,32,0.47747483539452484,0.00013682885037269443,0.741115927696228,0.22370241782033645,False,
644,OCNT-2535677,2,CYP2D6,4.795905113220215,7.467658491577822e-08,0.0,1.4024803931533825e-06,32,0.42822876990643216,1.16035039354756e-06,0.9819902181625366,0.20393140331452508,False,
644,OCNT-2535677,3,CYP3A4,4.356006145477295,2.656850313087489e-07,0.0,3.842750174953835e-06,32,0.6519580220395254,5.75152216697461e-06,0.9068827629089355,0.3275577368481445,False,
645,OCNT-2535679,0,CYP1A2,5.155055999755859,7.607199314918489e-09,0.0,1.0454243692947784e-06,32,0.22769119426588108,1.282881356701182e-07,1.0,0.025066093500004306,False,
645,OCNT-2535679,1,CYP2C9,4.970534801483154,2.1479151790515516e-09,0.0,1.0177201374972356e-06,32,0.08275781577335571,3.2170717645385594e-08,1.0,0.021207833400043823,False,
645,OCNT-2535679,2,CYP2D6,5.100350856781006,0.0,0.0,1.564621925354004e-06,2,0.0,0.0,1.0,7.386644235250443e-28,False,
645,OCNT-2535679,3,CYP3A4,4.843387603759766,0.0,0.0,1.126900315284729e-06,2,0.0,0.0,1.0,2.154258770345696e-28,False,
646,OCNT-2535681,0,CYP1A2,4.7145490646362305,0.00024291423324029893,9.770526958163828e-06,0.0026685153134167194,32,0.8006008906674367,0.006223531439900398,8.323752990690991e-05,0.5281054085257073,False,
646,OCNT-2535681,1,CYP2C9,4.551914215087891,3.8751451825191907e-07,0.0,3.446384653216228e-06,32,0.4778699235143677,6.078727437852649e-06,0.9007890224456787,0.1903864088482593,False,
646,OCNT-2535681,2,CYP2D6,4.548377990722656,4.988851856069232e-07,0.0,7.952168743941002e-06,32,0.7382873182800536,1.2022511327813845e-05,0.8318219184875488,0.383967973067172,False,
646,OCNT-2535681,3,CYP3A4,4.319235324859619,5.182427997851846e-08,0.0,9.395308779858169e-07,32,0.3824724272350561,7.566746376141964e-07,1.0,0.188898548725071,False,
647,OCNT-2535683,0,CYP1A2,4.780930995941162,2.7985774067929015e-05,0.0,0.00020852082525379956,32,0.47441911615138366,0.00042501537245698273,0.7382311820983887,0.22439574406418367,False,
647,OCNT-2535683,1,CYP2C9,4.616039276123047,2.2959306079428643e-05,0.0,0.0002608413342386484,32,0.5080766694700163,0.0003734453930519521,0.7080259919166565,0.22096720261861968,False,
647,OCNT-2535683,2,CYP2D6,4.69329833984375,2.5115545199128064e-08,0.0,1.0359983662056038e-06,32,0.2955786089633243,3.321409280943044e-07,1.0,0.1537631579914266,False,
647,OCNT-2535683,3,CYP3A4,4.257291793823242,6.779600312256662e-07,0.0,9.885658982966561e-06,32,0.7661421846310111,1.6866406440385617e-05,0.7865773439407349,0.4132922052599429,False,
648,OCNT-2535685,0,CYP1A2,4.764822006225586,4.168186933384277e-06,0.0,4.449472180567682e-05,32,0.5254047840824013,7.024766091490164e-05,0.7712953090667725,0.21909065947122414,False,
648,OCNT-2535685,1,CYP2C9,4.5862717628479,2.3104077627067454e-05,0.0,0.0002626561908982694,32,0.5088036399827015,0.0003763368586078286,0.7080661654472351,0.2214786896560535,False,
648,OCNT-2535685,2,CYP2D6,4.677981853485107,2.7497359056383175e-08,0.0,7.355884008575231e-07,32,0.2973209960448985,3.567600685983052e-07,1.0,0.15674643036497551,False,
648,OCNT-2535685,3,CYP3A4,4.244455337524414,6.692525289508922e-07,0.0,9.908515494316816e-06,32,0.7663310391813484,1.6657033484079875e-05,0.7924861907958984,0.4158861852299781,False,
649,OCNT-2535686,0,CYP1A2,4.741596221923828,3.3751188311725855e-05,0.0,0.0002338786725886166,32,0.4185462866897515,0.00045217984006740153,0.7532666921615601,0.15012262700095066,False,
649,OCNT-2535686,1,CYP2C9,4.579856872558594,2.3068840164341964e-05,0.0,0.000262198387645185,32,0.5086253215206911,0.0003756314399652183,0.7081273794174194,0.22130709345694785,False,
649,OCNT-2535686,2,CYP2D6,4.672353744506836,2.3677815264022684e-08,0.0,1.0063236004498322e-06,32,0.28486338928423577,3.0699445119353186e-07,1.0,0.1582141350556389,False,
649,OCNT-2535686,3,CYP3A4,4.242149829864502,6.549804538735771e-07,0.0,9.62966623774264e-06,32,0.7654870903373772,1.6289086488541216e-05,0.792583167552948,0.4168468931628291,False,
650,OCNT-2535687,0,CYP1A2,4.728020668029785,0.00015220834757201374,3.0247522317949915e-06,0.0027438299730420113,2,1.0016013595052131,0.000304924207739532,4.4308155338512734e-05,0.6605526418379066,False,
650,OCNT-2535687,1,CYP2C9,4.338242530822754,2.681439400475938e-05,0.0,0.0003096687141805887,32,0.5028771685675247,0.0004316600097808987,0.692971408367157,0.22113563925031327,False,
650,OCNT-2535687,2,CYP2D6,4.477382183074951,1.565443739082184e-07,0.0,2.029482402576832e-06,32,0.42391925271349695,2.2592437289858935e-06,0.9489330649375916,0.21820101375144618,False,
650,OCNT-2535687,3,CYP3A4,3.868028163909912,2.706427721932414e-06,0.0,4.06353865400888e-05,32,0.8017806705951054,6.969533569645137e-05,0.5907244682312012,0.43715564100015397,False,
651,OCNT-2535688,0,CYP1A2,5.005488395690918,2.8413624022505246e-06,0.0,2.7809199309558608e-05,32,0.5355762493275804,4.88679033878725e-05,0.7863852977752686,0.22012400102889876,False,
651,OCNT-2535688,1,CYP2C9,4.793365001678467,1.849506406870205e-05,0.0,0.00021022230794187635,32,0.509971007871548,0.00030198547756299376,0.7200607061386108,0.22261700926169972,False,
651,OCNT-2535688,2,CYP2D6,4.8037333488464355,1.523444126405593e-08,0.0,9.481528877586243e-07,32,0.2450225792108861,1.9785625227086712e-07,1.0,0.16221108564092257,False,
651,OCNT-2535688,3,CYP3A4,4.508152484893799,1.8411856217426248e-07,0.0,3.067233137699077e-06,32,0.7049680812371448,4.3791164898721036e-06,0.9520331621170044,0.3928005329894859,False,
652,OCNT-2535689,0,CYP1A2,5.170318603515625,1.8189915351740638e-07,0.0,2.4757223400229122e-06,32,0.6671411073254314,4.0967620407172944e-06,0.9429033398628235,0.365174784269458,False,
652,OCNT-2535689,1,CYP2C9,5.033269882202148,0.0,0.0,8.381903171539307e-07,2,0.0,0.0,1.0,5.06085167687748e-28,False,
652,OCNT-2535689,2,CYP2D6,5.1096601486206055,0.0,0.0,8.903443813323975e-07,2,0.0,0.0,1.0,2.857356303895393e-28,False,
652,OCNT-2535689,3,CYP3A4,4.948393821716309,0.0,0.0,9.275972843170166e-07,2,0.0,0.0,1.0,2.572706913905095e-28,False,
653,OCNT-2535690,0,CYP1A2,4.906740188598633,0.00019698207324836403,0.0,0.0027756255585700274,2,1.0006784867275647,0.00039425145951099694,0.48503538966178894,0.5307512165043595,False,
653,OCNT-2535690,1,CYP2C9,4.724492073059082,2.724631121964194e-05,0.0,0.00032813713187351823,32,0.5661507839370191,0.000493797822855413,0.6869804263114929,0.24850762667815351,False,
653,OCNT-2535690,2,CYP2D6,4.756874084472656,3.723655197518383e-07,0.0,4.324992460169597e-06,32,0.4155190069088826,5.084164513391443e-06,0.9128788113594055,0.18681144650696502,False,
653,OCNT-2535690,3,CYP3A4,4.3842620849609375,8.061561857175548e-06,0.0,0.00012559752212837338,32,0.8072987313853456,0.00020851717272307724,0.48840779066085815,0.4172820497291546,False,
654,OCNT-2535691,0,CYP1A2,4.872644424438477,0.00021893635857850313,0.0,0.0023275616113096476,32,0.8385351122842827,0.005875014699995518,0.5934722423553467,0.3631169898177429,False,
654,OCNT-2535691,1,CYP2C9,4.734992980957031,1.7397695046383888e-05,0.0,0.00019909944967366755,32,0.516619647589111,0.00028778103296644986,0.7200483679771423,0.2240344661891111,False,
654,OCNT-2535691,2,CYP2D6,4.802250862121582,2.6305547962124365e-08,0.0,1.1514684956637211e-06,32,0.2933279145586643,3.407817814604641e-07,1.0,0.19949637673528126,False,
654,OCNT-2535691,3,CYP3A4,4.465388298034668,7.932250696285337e-07,6.664001972467304e-08,1.1669620107568335e-05,32,0.7717059327897146,1.9835313651128672e-05,0.7656107544898987,0.41893468352898844,False,
655,OCNT-2535692,0,CYP1A2,4.916783332824707,0.0002385055850027129,5.960464477539063e-08,0.004261857829988003,2,1.0023459574355138,0.0004781502648256719,0.23207470774650574,0.7949491932127614,False,
655,OCNT-2535692,1,CYP2C9,4.703732013702393,1.897733636724297e-05,0.0,0.00021724586258642375,32,0.5169754220385079,0.0003141115594189614,0.717118501663208,0.22407683763292896,False,
655,OCNT-2535692,2,CYP2D6,4.792773723602295,2.851292357775037e-08,0.0,9.340596420770453e-07,32,0.30429297956623735,3.7501479255297454e-07,1.0,0.178831736228161,False,
655,OCNT-2535692,3,CYP3A4,4.423761367797852,8.575159426982282e-07,0.0,1.2596154192578979e-05,32,0.7722671797162819,2.1438530893647112e-05,0.7564804553985596,0.41902767148158804,False,
656,OCNT-2535693,0,CYP1A2,4.941009521484375,0.00013490878336597234,0.0,0.0015386106679216027,32,0.8518472140885176,0.0036777660716325045,0.27727994322776794,0.6579591947406114,False,
656,OCNT-2535693,1,CYP2C9,4.812624931335449,1.8431717762723565e-05,0.0,0.000210451747989282,32,0.5140822157046362,0.0003033778921235353,0.7201022505760193,0.22253360308597087,False,
656,OCNT-2535693,2,CYP2D6,4.816049575805664,2.608179272556299e-08,0.0,8.987447017716477e-07,32,0.29719208465732166,3.4314314234507037e-07,1.0,0.18340633907412907,False,
656,OCNT-2535693,3,CYP3A4,4.536149978637695,8.572637284487428e-07,2.9802322387695312e-08,1.2535578207462095e-05,32,0.7728389508633665,2.1448166080517694e-05,0.7565414905548096,0.4185402826552308,False,
657,OCNT-2535694,0,CYP1A2,4.559496879577637,3.445037509663962e-05,0.0,0.00045561869046650827,32,0.8429242386221737,0.000929519534111023,0.31051379442214966,0.40715292637356604,False,
657,OCNT-2535694,1,CYP2C9,4.43394136428833,1.980117303901352e-05,0.0,0.00022744938905816525,32,0.5166952608729407,0.00032756285509094596,0.7170352935791016,0.2230501832236429,False,
657,OCNT-2535694,2,CYP2D6,4.256161689758301,4.2418105294927955e-06,6.664001972467304e-08,7.313791138585657e-05,32,0.8401069650066887,0.00011430322047090158,0.5123693943023682,0.49356678203571996,False,
657,OCNT-2535694,3,CYP3A4,4.026782035827637,9.032676189235644e-07,0.0,1.330936538579408e-05,32,0.7730253950194492,2.2591329980059527e-05,0.7533859610557556,0.41380625796480947,False,
658,OCNT-2535695,0,CYP1A2,4.928436279296875,0.0002967922773677856,7.300048565639372e-08,0.005463045556098223,2,1.002572002120391,0.0005951313069090247,0.11759448796510696,0.8044586591206199,True,spectral
658,OCNT-2535695,1,CYP2C9,4.771867752075195,1.8122245819540694e-05,0.0,0.0002073800569633022,32,0.5166280203498763,0.0002997640403918922,0.7200514078140259,0.22399239962974338,False,
658,OCNT-2535695,2,CYP2D6,4.808648109436035,2.682888577965059e-08,0.0,8.385201226701611e-07,32,0.29854374074813544,3.5184106650376634e-07,1.0,0.16477145150513423,False,
658,OCNT-2535695,3,CYP3A4,4.498478889465332,8.265172937171883e-07,0.0,1.2189652807137463e-05,32,0.7718991185560691,2.066262277367059e-05,0.7625746130943298,0.4206016760840037,False,
659,OCNT-2535696,0,CYP1A2,4.873076438903809,4.5014148781774566e-05,0.0,0.000334796350216493,32,0.521383810271569,0.0007511955918744206,0.6688340902328491,0.19560397885640432,False,
659,OCNT-2535696,1,CYP2C9,4.7221903800964355,1.672502730798442e-05,0.0,0.00019137116032652557,32,0.5165661698810975,0.00027663196669891477,0.7230231165885925,0.2239832409256722,False,
659,OCNT-2535696,2,CYP2D6,4.829084396362305,2.4948706212057914e-08,0.0,1.1676578424157924e-06,32,0.2872480171945687,3.212462900137325e-07,1.0,0.15542970490582886,False,
659,OCNT-2535696,3,CYP3A4,4.468088150024414,7.629668061781558e-07,0.0,1.1232285032747313e-05,32,0.7710323875497767,1.9071438146056607e-05,0.7715910077095032,0.4195181512196498,False,
660,OCNT-2535700,0,CYP1A2,4.822859764099121,3.499369267956354e-05,0.0,0.0002624196058604866,32,0.5412107931775767,0.000606220040936023,0.7350695729255676,0.19249858838250872,False,
660,OCNT-2535700,1,CYP2C9,4.6883544921875,1.3859788850822952e-05,0.0,0.00015606207307428122,32,0.4973671427127947,0.0002207480720244348,0.7351610064506531,0.21730678668880848,False,
660,OCNT-2535700,2,CYP2D6,4.820392608642578,1.060131360475225e-08,0.0,7.037278351162968e-07,32,0.17955338156095496,1.1836913671459115e-07,1.0,0.1429761125007041,False,
660,OCNT-2535700,3,CYP3A4,4.4062933921813965,1.2968054363682313e-07,0.0,2.231215148640331e-06,32,0.6761932881717473,3.0224334750528214e-06,0.9910122156143188,0.3930760259310297,False,
661,OCNT-2535701,0,CYP1A2,4.720571041107178,0.0001677883556112647,0.0,0.002136233961209655,32,0.9315424373800519,0.005001961253583431,0.4217926263809204,0.6211135351855743,False,
661,OCNT-2535701,1,CYP2C9,4.553159713745117,1.4438598554988857e-05,0.0,0.0001625727309146896,32,0.49740611134999174,0.00022997827909421176,0.7320706248283386,0.21740944210770444,False,
661,OCNT-2535701,2,CYP2D6,4.7896928787231445,1.1092523344302663e-08,0.0,7.602806704198883e-07,32,0.1929464157212524,1.3023125688960135e-07,1.0,0.16517764315637745,False,
661,OCNT-2535701,3,CYP3A4,4.25667667388916,1.3504345020010078e-07,0.0,2.338405465707183e-06,32,0.6787755578056992,3.1504623621003702e-06,0.987983226776123,0.39098751174529567,False,
662,OCNT-2535702,0,CYP1A2,4.930774211883545,0.0001887554972199723,0.0,0.0026593562215566635,2,1.0006909418504684,0.0003777918464038521,0.4850883483886719,0.5301465228315315,False,
662,OCNT-2535702,1,CYP2C9,4.800569534301758,1.8788774468703195e-05,0.0,0.00021621654741466045,32,0.5265048601765954,0.0003167246759403497,0.7260982990264893,0.21987157185726075,False,
662,OCNT-2535702,2,CYP2D6,4.790308952331543,4.2842017933253373e-08,0.0,9.479298341830145e-07,32,0.3301410944177393,5.582502922152344e-07,1.0,0.15700758009405597,False,
662,OCNT-2535702,3,CYP3A4,4.484360218048096,1.969895038200775e-06,0.0,2.9741191610810347e-05,32,0.8115511523218726,5.14171551913023e-05,0.6241393685340881,0.44632379926841703,False,
663,OCNT-2535703,0,CYP1A2,4.659526348114014,0.00013433945423457772,0.0,0.0014728113310411572,32,0.8382503161397482,0.003603791119530797,0.57236647605896,0.4565746607292876,False,
663,OCNT-2535703,1,CYP2C9,4.462069511413574,2.539246816013474e-05,0.0,0.0002896616351790726,32,0.5126329587113478,0.0004167085571680218,0.7019961476325989,0.22308491744230935,False,
663,OCNT-2535703,2,CYP2D6,4.649079322814941,3.0489907487663004e-08,0.0,8.024751423363341e-07,32,0.32022316204147816,4.149057986069238e-07,1.0,0.15412184733894202,False,
663,OCNT-2535703,3,CYP3A4,4.107235431671143,7.75851560774754e-07,5.960464477539063e-08,1.1306563465041108e-05,32,0.7691300386424955,1.9341505321790464e-05,0.7713853120803833,0.41461883044351555,False,
664,OCNT-2535705,0,CYP1A2,4.926966667175293,0.00022856811119709164,2.9802322387695312e-08,0.004084293730556965,2,1.002344878328731,0.0004582281981129199,0.2351061999797821,0.7949741101614112,True,spectral
664,OCNT-2535705,1,CYP2C9,4.721668243408203,1.8156051737605594e-05,0.0,0.00020780411432497203,32,0.5167890782798014,0.00030041654827073216,0.7201030850410461,0.22413573289693764,False,
664,OCNT-2535705,2,CYP2D6,4.8009772300720215,2.69924722573478e-08,0.0,7.541337936345371e-07,32,0.2992906735306417,3.542880619988864e-07,1.0,0.1535621426476443,False,
664,OCNT-2535705,3,CYP3A4,4.4472198486328125,8.258195975940907e-07,0.0,1.2131916264479514e-05,32,0.7722229980553607,2.0654051695601083e-05,0.7623977065086365,0.419594063866282,False,
665,OCNT-2535706,0,CYP1A2,4.642485618591309,0.00016007054364308715,0.0,0.001406555762514472,32,0.6965822172095562,0.0035682963207364082,0.5905343890190125,0.29827457360307563,False,
665,OCNT-2535706,1,CYP2C9,4.34122371673584,2.4736084014875814e-05,0.0,0.0002791584702208638,32,0.49752480684325107,0.0003939773014280945,0.705039381980896,0.2165844998149402,False,
665,OCNT-2535706,2,CYP2D6,4.56754207611084,1.6971162253298644e-08,0.0,1.0168964763579424e-06,32,0.25448898475986004,2.1964363838833378e-07,1.0,0.1575321807395217,False,
665,OCNT-2535706,3,CYP3A4,3.942289113998413,2.261589457930313e-07,0.0,3.441942681092769e-06,32,0.7127618504425064,5.386402790463762e-06,0.925013542175293,0.38484962324541167,False,
666,OCNT-2535708,0,CYP1A2,4.884710788726807,6.763166311429814e-05,0.0,0.0012376850936561823,32,0.9619706760804702,0.0020822174847126007,0.42188653349876404,0.6237105827070384,False,
666,OCNT-2535708,1,CYP2C9,4.774041175842285,7.17000148142688e-06,0.0,8.168209024006501e-05,32,0.47815040029814987,0.00010985985863953829,0.7501795887947083,0.22450144126153393,False,
666,OCNT-2535708,2,CYP2D6,4.851153373718262,6.098998284187473e-08,0.0,1.483778305555461e-06,32,0.41122725821183664,9.341765121462231e-07,0.9940230846405029,0.19439298198711255,False,
666,OCNT-2535708,3,CYP3A4,4.546609401702881,2.0901826758290554e-07,0.0,3.150427801301703e-06,32,0.6405708599906799,4.4894950406160206e-06,0.9279943108558655,0.3109795140218487,False,
667,OCNT-2535712,0,CYP1A2,4.843385696411133,0.00013848494563717395,2.9802322387695312e-08,0.001603045267984271,32,0.88605085764095,0.003926834091544151,0.49111583828926086,0.43489628164649613,False,
667,OCNT-2535712,1,CYP2C9,4.66201114654541,1.6443314962089062e-05,0.0,0.00018848522449843585,32,0.5186087379634295,0.0002730506530497223,0.7230984568595886,0.22489408888219586,False,
667,OCNT-2535712,2,CYP2D6,4.78134822845459,2.477477423212804e-08,0.0,1.3332945627553272e-06,32,0.25535084635530464,2.8415257702363306e-07,1.0,0.14325792029184592,False,
667,OCNT-2535712,3,CYP3A4,4.399051189422607,6.81028666349448e-07,0.0,1.0036430467152968e-05,32,0.7690679429440727,1.700633583823219e-05,0.7865369915962219,0.4164287138325639,False,
668,OCNT-2535713,0,CYP1A2,4.855659484863281,1.9092170987278223e-05,4.783809345099144e-05,0.00021115413983352482,32,0.8562236529659908,0.0005233833799138665,9.995160507969558e-05,0.4481489673270343,False,
668,OCNT-2535713,1,CYP2C9,4.595189094543457,4.8226964281639084e-05,0.0,0.0005740636261180043,32,0.5680213705102208,0.0008767880499362946,0.6478480696678162,0.2553702450338506,False,
668,OCNT-2535713,2,CYP2D6,4.343752384185791,4.969529982190579e-05,3.6500242117654125e-07,0.0008711300324648619,32,0.8861816264323455,0.0014095335500314832,0.11514945328235626,0.45948720856720393,False,
668,OCNT-2535713,3,CYP3A4,3.581052780151367,3.272116828156868e-06,0.0,3.749361712834798e-05,32,0.4407918249104051,4.629536852007732e-05,0.7897400259971619,0.18280383141659776,False,
669,OCNT-2535715,0,CYP1A2,4.400404930114746,0.00016250972112175077,2.159001041945885e-06,0.0023079439997673035,32,0.8900958542942086,0.004629060160368681,0.00012135379802202806,0.4107395210168875,False,
669,OCNT-2535715,1,CYP2C9,4.279168605804443,9.31644444790436e-06,0.0,0.0001069418722181581,32,0.4791024579265171,0.00014298631867859513,0.7352591156959534,0.22295612330379166,False,
669,OCNT-2535715,2,CYP2D6,4.266215801239014,2.6643593287190015e-07,0.0,4.307431936467765e-06,32,0.7753553116867771,6.858754204586148e-06,0.9040395021438599,0.4325766068327075,False,
669,OCNT-2535715,3,CYP3A4,3.8876097202301025,2.7892963316844543e-07,0.0,4.157483999733813e-06,32,0.6408526187853884,5.925161985942395e-06,0.9008855223655701,0.2861952707597406,False,
670,OCNT-2535717,0,CYP1A2,4.487858295440674,0.00016092714213300496,0.00011699201422743499,0.002066679298877716,32,0.8222050440418274,0.0042343465611338615,9.383781616634224e-06,0.5859225265337265,False,
670,OCNT-2535717,1,CYP2C9,4.213709831237793,1.7133435903815553e-05,0.0,0.0001952079765032977,32,0.47862200356472245,0.0002625672204885632,0.699054479598999,0.22436685444667642,False,
670,OCNT-2535717,2,CYP2D6,4.503127574920654,1.4757462452053005e-07,0.0,2.1119462871865835e-06,32,0.4633874282295995,2.336579200346023e-06,0.9459457397460938,0.19712420320423396,False,
670,OCNT-2535717,3,CYP3A4,3.7931931018829346,5.016884756514628e-07,0.0,6.881012268422637e-06,32,0.6641082767280547,1.0874129657167941e-05,0.8497719764709473,0.32760959022973857,False,
671,OCNT-2535720,0,CYP1A2,4.742080211639404,0.00015913588867988437,0.0,0.001254544360563159,32,0.6090403590295635,0.0031016406137496233,0.5454337000846863,0.2591851622985366,False,
671,OCNT-2535720,1,CYP2C9,4.521902084350586,1.4427818314288743e-05,0.0,0.0001631781633477658,32,0.497320833629519,0.00022976729087531567,0.7321731448173523,0.21606194355258468,False,
671,OCNT-2535720,2,CYP2D6,4.7853922843933105,1.1398030075326915e-08,0.0,5.585712301581225e-07,32,0.1813122918438406,1.2415122796483047e-07,1.0,0.16204868374816292,False,
671,OCNT-2535720,3,CYP3A4,4.252585411071777,1.3512109831026464e-07,0.0,2.142975290553295e-06,32,0.6793592511581193,3.154859541609767e-06,0.9880083203315735,0.39411278844006997,False,
672,OCNT-2535724,0,CYP1A2,4.6931891441345215,0.000245905015617609,0.0,0.002845702227205038,32,0.9058696986355202,0.007128542754799128,0.5182546377182007,0.44177472345399604,False,
672,OCNT-2535724,1,CYP2C9,4.356614589691162,2.7082101951236837e-05,0.0,0.00031089026015251875,32,0.5044616315278023,0.0004373416304588318,0.6900148391723633,0.2251520563713132,False,
672,OCNT-2535724,2,CYP2D6,4.506312370300293,9.422873148423605e-08,0.0,1.8124812868336448e-06,32,0.4410822871643721,1.471150312681857e-06,0.9700966477394104,0.20382141317903607,False,
672,OCNT-2535724,3,CYP3A4,3.9037563800811768,1.088651742975344e-06,0.0,1.564391095598694e-05,32,0.7514608373123792,2.6419000278110616e-05,0.7383289337158203,0.39732136201659224,False,
673,OCNT-2535725,0,CYP1A2,5.001160621643066,3.169651563439402e-06,0.0,3.117545566055924e-05,32,0.5422833928427369,5.517671161214821e-05,0.7803530693054199,0.22428189553893246,False,
673,OCNT-2535725,1,CYP2C9,4.850711822509766,1.890796556835994e-05,0.0,0.00021709628344979137,32,0.5164186467788332,0.00031262688571587205,0.7200962901115417,0.22385151166025793,False,
673,OCNT-2535725,2,CYP2D6,4.622996807098389,2.7481125925987726e-06,8.940696716308594e-08,5.0939364882651716e-05,32,0.8226186375489911,7.260399434017017e-05,0.5215674638748169,0.4425325524240361,False,
673,OCNT-2535725,3,CYP3A4,4.424640655517578,2.6953264750773087e-05,1.962491478479933e-05,0.0005134048988111317,32,0.8853617145330525,0.0007639117538928986,3.697552529047243e-05,0.4667100550613558,False,
674,OCNT-2535726,0,CYP1A2,4.723662853240967,0.0003084532800130546,0.0,0.00365465902723372,32,0.7940986183156362,0.007838408462703228,0.23209911584854126,0.6619011351176485,False,
674,OCNT-2535726,1,CYP2C9,4.538474082946777,9.7287556855008e-06,0.0,0.00011092414933955297,32,0.4782498342939361,0.00014904186537023634,0.7321584224700928,0.2240162970359841,False,
674,OCNT-2535726,2,CYP2D6,4.759031772613525,8.237531545773891e-08,0.0,1.6890003280423116e-06,32,0.43390221815694807,1.2826193369619432e-06,0.9790244102478027,0.18874303018577182,False,
674,OCNT-2535726,3,CYP3A4,4.222442150115967,2.8460951284614566e-07,0.0,3.9333808672381565e-06,32,0.649649422050264,6.124572792032268e-06,0.9009494781494141,0.33615568937556445,False,
675,OCNT-2535728,0,CYP1A2,4.986522674560547,1.2507575775089208e-06,0.0,1.4392479897651356e-05,32,0.601566352359,2.4269738787552342e-05,0.7775444984436035,0.18282221953549874,False,
675,OCNT-2535728,1,CYP2C9,4.786325454711914,8.592766789661255e-06,0.0,9.862788283498958e-05,32,0.4781346854513026,0.00013162499817553908,0.7411885261535645,0.22609902821546357,False,
675,OCNT-2535728,2,CYP2D6,4.656126022338867,2.5863052997010527e-06,1.1542390154772875e-07,4.799955786438659e-05,32,0.8167094594580591,6.78536671330221e-05,0.5366876125335693,0.4230783976383351,False,
675,OCNT-2535728,3,CYP3A4,4.393036842346191,2.4724055037950166e-05,1.8917744455393404e-05,0.0004683762672357261,32,0.8875318164066092,0.0007024723454378545,3.4390624932711944e-05,0.4640530158731702,False,
676,OCNT-2535729,0,CYP1A2,4.946029186248779,0.00017419332289136946,0.0,0.0024531548842787743,2,1.0006860491725924,0.00034864566987380385,0.4911135137081146,0.5293973388507134,False,
676,OCNT-2535729,1,CYP2C9,4.782320022583008,1.673444603511598e-05,0.0,0.00019147836428601295,32,0.5163860812971112,0.00027669116389006376,0.7231099009513855,0.22333117301008237,False,
676,OCNT-2535729,2,CYP2D6,4.8202738761901855,2.5142249171494768e-08,0.0,1.0656098083927645e-06,32,0.28791976426358845,3.237807391087699e-07,1.0,0.16308184774936474,False,
676,OCNT-2535729,3,CYP3A4,4.485807418823242,7.730450874987582e-07,0.0,1.1372794688213617e-05,32,0.7730357107745213,1.937029810505919e-05,0.771486759185791,0.4209622301811088,False,
677,OCNT-2535730,0,CYP1A2,5.057346820831299,2.803892357405857e-06,0.0,2.764976306934841e-05,32,0.5420861232887443,4.881190398009494e-05,0.7863942384719849,0.2238454092410399,False,
677,OCNT-2535730,1,CYP2C9,4.933689117431641,1.6739686543587595e-05,0.0,0.0001915404573082924,32,0.5164346021673605,0.00027680376661010087,0.7230374217033386,0.22326823806313006,False,
677,OCNT-2535730,2,CYP2D6,4.8631978034973145,2.5637328704419815e-08,0.0,1.1600900506891776e-06,32,0.2868740737103852,3.2714962117097457e-07,1.0,0.18983737916113252,False,
677,OCNT-2535730,3,CYP3A4,4.653377056121826,7.733260076747683e-07,0.0,1.1423407158872578e-05,32,0.7723217742817227,1.9359351426828653e-05,0.7684649229049683,0.41745522425547965,False,
678,OCNT-2535731,0,CYP1A2,4.844594955444336,5.6162039982154965e-05,0.0,0.0007418121094815433,32,0.7555925442688426,0.001358181587420404,0.6146448254585266,0.3125312728375096,False,
678,OCNT-2535731,1,CYP2C9,4.685016632080078,1.2378169230942149e-05,0.0,0.00014099331747274846,32,0.4786155991297258,0.00018973347323480994,0.7200643420219421,0.22439998532472744,False,
678,OCNT-2535731,2,CYP2D6,4.708506107330322,9.785650689764225e-08,0.0,1.661726400925545e-06,32,0.4418649084119705,1.5250561773427762e-06,0.9669607877731323,0.19424943480304463,False,
678,OCNT-2535731,3,CYP3A4,4.313562393188477,3.656744240743137e-07,0.0,4.948652076564031e-06,32,0.6584989746679102,7.916199137980584e-06,0.8737080693244934,0.3204083826274443,False,
679,OCNT-2535732,0,CYP1A2,5.0560197830200195,8.745881814320455e-07,0.0,7.97285156295402e-06,32,0.46302021898549117,1.3106630831316579e-05,0.8676656484603882,0.1913998900165334,False,
679,OCNT-2535732,1,CYP2C9,4.912755489349365,7.7246058935998e-06,0.0,8.801155490800738e-05,32,0.4773767912275437,0.00011815428297268227,0.7471939325332642,0.22325941830434903,False,
679,OCNT-2535732,2,CYP2D6,4.886218547821045,6.466611068844941e-08,0.0,1.5039895515656099e-06,32,0.41328481953736107,9.87467842605838e-07,0.9909923672676086,0.19372256290699652,False,
679,OCNT-2535732,3,CYP3A4,4.65282678604126,2.3237896584760165e-07,0.0,3.3452197385486215e-06,32,0.6436523891845193,4.992249614588218e-06,0.9159985184669495,0.3200716965774965,False,
680,OCNT-2535733,0,CYP1A2,4.952701091766357,0.0002840386296156794,0.0002556484832894057,0.004475787747651339,2,1.0013876669431074,0.0005688855890184641,1.1201723282283638e-05,0.6031576808212126,False,
680,OCNT-2535733,1,CYP2C9,4.781548500061035,8.563746632717084e-06,0.0,9.766915172804147e-05,32,0.4781812352137139,0.00013119375216774642,0.741165280342102,0.22397787166879052,False,
680,OCNT-2535733,2,CYP2D6,4.837114334106445,7.364540977050638e-08,0.0,1.0844171356438892e-06,32,0.42115716080276366,1.1272916253801668e-06,0.9850314855575562,0.20186420496217203,False,
680,OCNT-2535733,3,CYP3A4,4.497464179992676,2.505988732082187e-07,0.0,3.4420090742059983e-06,32,0.6464768250217725,5.3910762289888225e-06,0.910062849521637,0.3176513885898681,False,
681,OCNT-2535734,0,CYP1A2,4.806797027587891,4.826841177418828e-05,4.76837158203125e-07,0.0006203834200277925,32,0.7707927287080756,0.0011908047599717975,0.2027001827955246,0.31869718130572716,False,
681,OCNT-2535734,1,CYP2C9,4.50950813293457,9.418660738447215e-06,0.0,0.00010732739610830322,32,0.47845227777026206,0.00014435725461225957,0.7351931929588318,0.22490024132663378,False,
681,OCNT-2535734,2,CYP2D6,4.762967109680176,7.8070684139675e-08,0.0,1.3694811968889553e-06,32,0.4545305845992771,1.2809862255380722e-06,0.9849970936775208,0.21650649982615078,False,
681,OCNT-2535734,3,CYP3A4,4.197805404663086,2.792710915855423e-07,0.0,3.841912075586151e-06,32,0.65065582612917,6.02290947426809e-06,0.9009689092636108,0.331593016674861,False,
682,OCNT-2535736,0,CYP1A2,5.007508277893066,3.1696015412308043e-06,0.0,3.11915973725263e-05,32,0.5422365038273872,5.517107274499722e-05,0.7774485349655151,0.22382825594636074,False,
682,OCNT-2535736,1,CYP2C9,4.798815727233887,1.8900132999988273e-05,0.0,0.00021624434157274663,32,0.5163475324591503,0.00031245441641658545,0.7170231938362122,0.2233900116621669,False,
682,OCNT-2535736,2,CYP2D6,4.811429023742676,2.7580146166883424e-08,0.0,1.237587639479898e-06,32,0.30375004769309377,3.652790780961368e-07,1.0,0.1711863747078651,False,
682,OCNT-2535736,3,CYP3A4,4.48060417175293,8.765161965129664e-07,0.0,1.2890865036752075e-05,32,0.7730563726293093,2.1930463844910264e-05,0.7536195516586304,0.41777139911032796,False,
683,OCNT-2535737,0,CYP1A2,4.895456314086914,4.9741306611394975e-06,0.0,4.873575016972609e-05,32,0.538525131182416,8.589054777985439e-05,0.7562996745109558,0.22077177970021628,False,
683,OCNT-2535737,1,CYP2C9,4.587047576904297,3.4922642953461036e-05,0.0,0.0004077062476426363,32,0.5454144962117822,0.0006096886354498565,0.6719205379486084,0.24691183603447098,False,
683,OCNT-2535737,2,CYP2D6,4.619925498962402,2.5199622655236453e-07,0.0,3.3271255688305246e-06,32,0.4459762660645645,3.739011162906536e-06,0.9249342679977417,0.19291392689035328,False,
683,OCNT-2535737,3,CYP3A4,4.1591410636901855,3.3435703699069563e-06,0.0,4.936025652568787e-05,32,0.760900157561329,8.165543113136664e-05,0.6179919242858887,0.3900026069092557,False,
684,OCNT-2535738,0,CYP1A2,4.798709869384766,4.790752882399829e-06,0.0,4.601027467288077e-05,32,0.5229731113472,8.034126949496567e-05,0.7653201222419739,0.21027102542453202,False,
684,OCNT-2535738,1,CYP2C9,4.428968906402588,3.713242767844349e-05,0.0,0.00043576653115451336,32,0.544101890852368,0.00064669648418203,0.6568391919136047,0.25415312168587534,False,
684,OCNT-2535738,2,CYP2D6,4.46168327331543,3.9958868569556216e-07,0.0,4.705403625848703e-06,32,0.46387023809401096,6.07987203693483e-06,0.9007860422134399,0.18104487869164165,False,
684,OCNT-2535738,3,CYP3A4,3.8962361812591553,4.4561306822288316e-06,0.0,6.525087519548833e-05,32,0.7559811451531685,0.00010804193880176172,0.5937241911888123,0.38690631548017596,False,
685,OCNT-2535739,0,CYP1A2,4.926697731018066,6.39674108242616e-05,0.0,0.0008006768184714019,32,0.9085889968316846,0.001860133488662541,0.5423940420150757,0.4282257379895673,False,
685,OCNT-2535739,1,CYP2C9,4.707588195800781,2.2542075384990312e-05,0.0,0.00026723777409642935,32,0.5691151331607415,0.00041071127634495497,0.6869150996208191,0.26694195459663134,False,
685,OCNT-2535739,2,CYP2D6,4.806103229522705,2.618054395497893e-07,0.0,3.1157237572188023e-06,32,0.4448403631381101,3.869120973831741e-06,0.9249025583267212,0.18473660701553898,False,
685,OCNT-2535739,3,CYP3A4,4.404348373413086,3.4477247936592903e-06,0.0,5.099514237372205e-05,32,0.7608331433663812,8.418405195698142e-05,0.6179565191268921,0.39135856199039587,False,
686,OCNT-2535740,0,CYP1A2,4.887724876403809,5.861251793248812e-06,8.123524821712635e-07,6.943518383195624e-05,32,0.7058438095282894,0.00013261397543828934,0.11593865603208542,0.27463534662664846,False,
686,OCNT-2535740,1,CYP2C9,4.636902809143066,2.9810304113198072e-05,0.0,0.0003493893309496343,32,0.5420387356302125,0.0005172403180040419,0.6748889088630676,0.24995677548284423,False,
686,OCNT-2535740,2,CYP2D6,4.603763580322266,2.956506648388313e-07,0.0,3.544163291735458e-06,32,0.4575053026335911,4.474777597351931e-06,0.9158438444137573,0.18148119725899878,False,
686,OCNT-2535740,3,CYP3A4,4.170247554779053,3.6538397125696065e-06,0.0,5.351338040782139e-05,32,0.7548972438168103,8.850632002577186e-05,0.6149626970291138,0.38493869380122947,False,
687,OCNT-2535741,0,CYP1A2,4.851346969604492,8.719957259017974e-05,0.0,0.0009719436638988554,32,0.8596623179067432,0.002399065066128969,0.6236063838005066,0.3907791961769437,False,
687,OCNT-2535741,1,CYP2C9,4.584318161010742,3.59169534931425e-05,0.0,0.0004204283468425274,32,0.5473316683002295,0.0006292467005550861,0.6688560843467712,0.2463029648495824,False,
687,OCNT-2535741,2,CYP2D6,4.609972953796387,2.5946457071768236e-07,0.0,3.265169880251051e-06,32,0.4462428020919839,3.847892003250308e-06,0.9248650074005127,0.1794587578770514,False,
687,OCNT-2535741,3,CYP3A4,4.150676250457764,3.885107616952155e-06,0.0,5.7320285122841597e-05,32,0.7653840252313859,9.540010069031268e-05,0.5969038605690002,0.39137535776928306,False,
688,OCNT-2535744,0,CYP1A2,5.003154277801514,3.038255954379565e-06,0.0,2.996256444021128e-05,32,0.5421397220653397,5.2882580348523334e-05,0.780346155166626,0.22361709221031856,False,
688,OCNT-2535744,1,CYP2C9,4.84971809387207,1.8122882465831935e-05,0.0,0.00020808650879189372,32,0.5164103561564313,0.0002996482653543353,0.7200402617454529,0.223802270691499,False,
688,OCNT-2535744,2,CYP2D6,4.640628337860107,2.6399741273053223e-06,7.300048565639372e-08,4.9153943109558895e-05,32,0.8236413810859886,6.984410720178857e-05,0.5306288003921509,0.4400590549201081,False,
688,OCNT-2535744,3,CYP3A4,4.406219005584717,2.608672366477549e-05,1.9787059500231408e-05,0.0004963144892826676,32,0.8861251535039354,0.000739998824428767,2.9113458367646672e-05,0.46650713028481394,False,
689,OCNT-2535745,0,CYP1A2,5.035966396331787,1.1599464642131352e-06,0.0,1.3160994967620354e-05,32,0.5645386016921194,2.113535811076872e-05,0.8107706308364868,0.18611616832120903,False,
689,OCNT-2535745,1,CYP2C9,4.915905952453613,8.757781870372128e-06,0.0,9.913528629112989e-05,32,0.4700453602421194,0.0001318801660090685,0.7532486319541931,0.21528597945682537,False,
689,OCNT-2535745,2,CYP2D6,4.8536376953125,6.28083682840952e-08,0.0,1.1791513543357723e-06,32,0.40862109829107635,9.520331332169008e-07,0.9940154552459717,0.19281732452874117,False,
689,OCNT-2535745,3,CYP3A4,4.6148576736450195,3.4809934845725365e-07,0.0,4.769793122250121e-06,32,0.6664603769638873,7.637088856426999e-06,0.8798468708992004,0.32163610462760583,False,
690,OCNT-2535746,0,CYP1A2,4.85700798034668,0.00010198810923611745,0.0,0.000835363520309329,32,0.6329656899728158,0.002065961714833975,0.6417747139930725,0.2594019765692846,False,
690,OCNT-2535746,1,CYP2C9,4.719961643218994,1.5051829905132763e-05,0.0,0.0001702078734524548,32,0.49734792781285775,0.00023971103655640036,0.7321321368217468,0.2180948100998084,False,
690,OCNT-2535746,2,CYP2D6,4.61275577545166,2.757913534878753e-06,7.884953134862371e-08,5.144338501850143e-05,32,0.823920657313283,7.297731644939631e-05,0.5215106010437012,0.4851475063970472,False,
690,OCNT-2535746,3,CYP3A4,4.33723258972168,2.69780484813964e-05,2.126029721694067e-05,0.0005111565114930272,32,0.8893611484020558,0.000768067897297442,3.360732443979941e-05,0.4651260644360378,False,
691,OCNT-2535747,0,CYP1A2,5.049221038818359,2.915625600508065e-06,0.0,2.871404831239488e-05,32,0.5422075609025822,5.076148227090016e-05,0.783328115940094,0.22339914210187792,False,
691,OCNT-2535747,1,CYP2C9,4.921510696411133,1.7403999663656577e-05,0.0,0.00019913827418349683,32,0.5163906179020282,0.00028775763348676264,0.7230737209320068,0.22326270457793013,False,
691,OCNT-2535747,2,CYP2D6,4.8518967628479,2.601687398851027e-08,0.0,1.1234790235903347e-06,32,0.2922246443064207,3.3680058209029085e-07,1.0,0.1761413517160142,False,
691,OCNT-2535747,3,CYP3A4,4.632671356201172,8.051319468904694e-07,0.0,1.1865172382385936e-05,32,0.7724052587755109,2.014759047597181e-05,0.7655475735664368,0.4199622667186602,False,
692,OCNT-2535748,0,CYP1A2,4.946125030517578,5.793845048174262e-06,3.5762786865234375e-07,6.987307278905064e-05,32,0.6884277528582956,0.0001278568961424753,0.3259808123111725,0.24631960093122265,False,
692,OCNT-2535748,1,CYP2C9,4.695499420166016,2.4331688109668903e-05,0.0,0.00027857953682541847,32,0.5172826548951515,0.00040292905759997666,0.7050806283950806,0.22402455456445833,False,
692,OCNT-2535748,2,CYP2D6,4.718918800354004,3.449797958410272e-08,0.0,9.56816847974551e-07,32,0.32533125375187705,4.632506716006901e-07,1.0,0.17235549685183532,False,
692,OCNT-2535748,3,CYP3A4,4.359630584716797,1.065697006197297e-06,0.0,1.5742953110020608e-05,32,0.7759507603832908,2.6710013116826303e-05,0.7294350862503052,0.41878354577414556,False,
693,OCNT-2535749,0,CYP1A2,4.948208808898926,6.1344112509686965e-06,4.182955137821409e-07,7.399090827675536e-05,32,0.688526223517452,0.00013537882477976382,0.30777254700660706,0.2465269083079348,False,
693,OCNT-2535749,1,CYP2C9,4.733060359954834,2.5762208679225296e-05,0.0,0.0002949549234472215,32,0.5172973905332298,0.00042662068153731525,0.7020160555839539,0.22399305688638288,False,
693,OCNT-2535749,2,CYP2D6,4.705549240112305,3.6796492963731e-08,0.0,9.479615528107388e-07,32,0.3307980324569791,4.953660095452506e-07,1.0,0.1673912527208891,False,
693,OCNT-2535749,3,CYP3A4,4.38858699798584,1.1301253834972158e-06,0.0,1.65601941262139e-05,32,0.7752365302738577,2.8283739084145054e-05,0.7204650640487671,0.41800858683881875,False,
694,OCNT-2535750,0,CYP1A2,4.842758655548096,1.6566020349273458e-05,6.541049515362829e-06,0.00025298655964434147,32,0.9294526238898513,0.0004930120194330812,8.273017010651529e-05,0.4633144177096966,False,
694,OCNT-2535750,1,CYP2C9,4.667140960693359,3.9715134334983304e-05,0.0,0.0005514582735486329,32,0.83452955204367,0.0010608575539663434,0.48223021626472473,0.338878893079409,False,
694,OCNT-2535750,2,CYP2D6,4.47928524017334,4.4509772578749107e-07,0.0,7.144577466533519e-06,32,0.7474755831025424,1.0885582014452666e-05,0.8438382148742676,0.38186223132199515,False,
694,OCNT-2535750,3,CYP3A4,4.287788391113281,6.735736519658531e-07,5.960464477539063e-08,1.016646456264425e-05,32,0.7634050242618847,1.669899393164087e-05,0.79274982213974,0.40925310874345777,False,
695,OCNT-2535751,0,CYP1A2,4.837823867797852,1.656587846809998e-05,6.58159160593641e-06,0.00025303236907348037,32,0.9294311699842941,0.0004929964197799563,8.368025009986013e-05,0.4635310959461457,False,
695,OCNT-2535751,1,CYP2C9,4.63985013961792,3.985002331319265e-05,0.0,0.0005542019498534501,32,0.8362258123610739,0.0010666233720257878,0.4791615903377533,0.34078617487593,False,
695,OCNT-2535751,2,CYP2D6,4.47578763961792,4.4465863879850076e-07,0.0,7.155456387408776e-06,32,0.7478091325640622,1.0879932233365253e-05,0.8437259793281555,0.4032312547862307,False,
695,OCNT-2535751,3,CYP3A4,4.284589767456055,6.756936841156858e-07,0.0,1.0149360605282709e-05,32,0.7637803125140153,1.675901876296848e-05,0.7925451993942261,0.41086325689651154,False,
696,OCNT-2535753,0,CYP1A2,4.500475883483887,0.000151231957715936,2.0028505787195172e-06,0.0018320470117032528,32,0.8645328718182977,0.00418411660939455,9.362004493596032e-05,0.3904042419858452,False,
696,OCNT-2535753,1,CYP2C9,4.356674671173096,9.78415300778579e-06,0.0,0.00011152061051689088,32,0.4784460312251909,0.00014995115634519607,0.7351948022842407,0.22424167945733756,False,
696,OCNT-2535753,2,CYP2D6,4.706605911254883,7.803279089557691e-08,0.0,1.5366284742412972e-06,32,0.43601335377419365,1.2282711168154492e-06,0.9820427894592285,0.2171528358155556,False,
696,OCNT-2535753,3,CYP3A4,4.078255653381348,2.848951226042118e-07,0.0,4.027691829833202e-06,32,0.6525568570926531,6.1579467001138255e-06,0.8978468179702759,0.32295081248107754,False,
697,OCNT-2535754,0,CYP1A2,4.769485950469971,4.0532377170166e-06,0.0,4.365239874459803e-05,32,0.5280843371240241,6.866343028377742e-05,0.7714150547981262,0.21774812052614584,False,
697,OCNT-2535754,1,CYP2C9,4.611804008483887,2.431236680422444e-05,0.0,0.0002778695779852569,32,0.514754608595253,0.0004006416129413992,0.7050424218177795,0.22410338347012415,False,
697,OCNT-2535754,2,CYP2D6,4.686675548553467,2.7156460191690712e-08,0.0,1.0457135886099422e-06,32,0.29826844833022476,3.546431912582193e-07,1.0,0.15157192538506103,False,
697,OCNT-2535754,3,CYP3A4,4.252796173095703,6.743550216015137e-07,0.0,1.0103537533723284e-05,32,0.7661846902013288,1.6778954886831343e-05,0.78964763879776,0.41547575455342145,False,
698,OCNT-2535755,0,CYP1A2,4.4425811767578125,0.00014846459089312702,0.0,0.0022678396198898554,32,0.9013946183038707,0.004282694309949875,0.33781981468200684,0.5343378056474598,False,
698,OCNT-2535755,1,CYP2C9,4.139483451843262,3.8027479604352266e-05,1.8933858427772066e-06,0.0004959883517585695,32,0.631362892959285,0.0007684945012442768,0.0006676996708847582,0.29632471829365103,False,
698,OCNT-2535755,2,CYP2D6,4.007766246795654,7.674735388718545e-05,5.387300461734412e-06,0.0016796522540971637,32,0.9517407665104748,0.0023376992903649807,0.00015668499690946192,0.6243104788238378,False,
698,OCNT-2535755,3,CYP3A4,3.0346271991729736,1.651517413847614e-05,1.2820507436117623e-05,0.0003146429662592709,32,0.8925219131549056,0.0004719705611933023,4.8656958824722096e-05,0.4227707641372215,False,
699,OCNT-2535757,0,CYP1A2,4.893695831298828,0.00033211425761692226,1.2644053981603065e-07,0.005579596385359764,2,1.0020541547079658,0.0006656129844486713,0.09961405396461487,0.736464728665529,False,
699,OCNT-2535757,1,CYP2C9,4.808035850524902,1.0827084224729333e-05,0.0,0.00012260919902473688,32,0.47021819859209274,0.00016306541510857642,0.7411315441131592,0.21536882313778863,False,
699,OCNT-2535757,2,CYP2D6,4.781146049499512,7.648108635294193e-08,0.0,1.7438452459828113e-06,32,0.42459735660087544,1.175028501165798e-06,0.9820376634597778,0.20790458328326658,False,
699,OCNT-2535757,3,CYP3A4,4.487942695617676,4.2879935335804475e-07,0.0,5.915095243835822e-06,32,0.669812589187332,9.405226592207327e-06,0.8617923259735107,0.331933385240179,False,
700,OCNT-2535759,0,CYP1A2,4.795392990112305,0.0001453291770303622,5.960464477539063e-08,0.0020275104325264692,32,0.8196787126671609,0.00381220574490726,0.2653732895851135,0.7113775481947628,False,
700,OCNT-2535759,1,CYP2C9,4.616213798522949,8.406990673393011e-06,0.0,9.514568955637515e-05,32,0.4699740469396253,0.00012658454943448305,0.7562373280525208,0.2153374049410158,False,
700,OCNT-2535759,2,CYP2D6,4.8131513595581055,5.9620369086133e-08,0.0,1.2785333183273906e-06,32,0.4095151084635061,9.123389759224665e-07,0.9940665364265442,0.18247544891541945,False,
700,OCNT-2535759,3,CYP3A4,4.304101943969727,3.4023446460196283e-07,0.0,4.850918230658863e-06,32,0.664965144683224,7.452598765667062e-06,0.8827902674674988,0.3219959266103911,False,
701,OCNT-2535760,0,CYP1A2,4.699115753173828,0.00031435315031558275,1.872712527983822e-05,0.004052588250488043,32,0.9092669128517448,0.009146880358457565,6.427678454201669e-05,0.6661144069261612,False,
701,OCNT-2535760,1,CYP2C9,4.530315399169922,3.731211961621739e-07,0.0,3.235965323256096e-06,32,0.47748927369992217,5.853960374224698e-06,0.9008020758628845,0.20201905564765682,False,
701,OCNT-2535760,2,CYP2D6,4.573497295379639,4.815651095668727e-07,0.0,7.6077840276411735e-06,32,0.737170278458437,1.1595750038395636e-05,0.8378165364265442,0.37483912522438767,False,
701,OCNT-2535760,3,CYP3A4,4.306879043579102,4.9224464504504795e-08,0.0,8.898517194211308e-07,32,0.3815763566714765,7.231569725263398e-07,1.0,0.16051133393112035,False,
702,OCNT-2535761,0,CYP1A2,4.66886043548584,7.257803645188687e-06,0.0,6.37648263364099e-05,32,0.4246627831003812,9.876370313577354e-05,0.7713276743888855,0.23136052482727948,False,
702,OCNT-2535761,1,CYP2C9,4.521870136260986,2.070683149213437e-05,0.0,0.00023694041010458022,32,0.5166348158707946,0.00034249716554768384,0.7140184044837952,0.2239349490141268,False,
702,OCNT-2535761,2,CYP2D6,4.537440776824951,0.0004306707705836743,1.8269577140017645e-06,0.006429747678339481,13,0.9953162434617738,0.005572626367211342,0.0001026713362080045,0.671953783649116,False,
702,OCNT-2535761,3,CYP3A4,4.224737644195557,9.42150620630855e-07,0.0,1.3819430023431778e-05,32,0.7749128130732797,2.36106789088808e-05,0.741417646408081,0.41706683225831664,False,
703,OCNT-2535762,0,CYP1A2,4.778994560241699,8.795278517936822e-06,0.0,7.865051156841218e-05,32,0.4417490882755643,0.0001244711602339521,0.7622918486595154,0.18338298014811016,False,
703,OCNT-2535762,1,CYP2C9,4.541295051574707,2.4377171939704567e-05,0.0,0.00028090362320654094,32,0.5175692850292082,0.00040390563663095236,0.7050122618675232,0.22299932414790835,False,
703,OCNT-2535762,2,CYP2D6,4.606525421142578,6.199061886036361e-07,0.0,7.99306326371152e-06,32,0.7299280680968006,1.4713158634549472e-05,0.8106206059455872,0.35680692923353496,False,
703,OCNT-2535762,3,CYP3A4,4.131412982940674,1.091385456675198e-06,0.0,1.6095931641757488e-05,32,0.7765778544931706,2.7369969757273793e-05,0.7263017892837524,0.4177488253190097,False,
704,OCNT-2535763,0,CYP1A2,5.057782173156738,2.916033963629161e-06,0.0,2.8676260626525618e-05,32,0.5421602912894482,5.0764141633408144e-05,0.7834572196006775,0.22339211143469273,False,
704,OCNT-2535763,1,CYP2C9,4.937806606292725,1.7403219317202456e-05,0.0,0.0001991277385968715,32,0.5164005971551238,0.00028775029932148755,0.7230667471885681,0.2232979432491401,False,
704,OCNT-2535763,2,CYP2D6,4.854820251464844,2.5913196921578674e-08,0.0,8.84911457887938e-07,32,0.2953585736345219,3.394326597572217e-07,1.0,0.1653698578053705,False,
704,OCNT-2535763,3,CYP3A4,4.678318023681641,8.048743893596111e-07,0.0,1.1804998393927235e-05,32,0.7726618796314108,2.0147916075075045e-05,0.7655614018440247,0.4160699350924446,False,
705,OCNT-2535764,0,CYP1A2,5.057647228240967,2.916216999437893e-06,0.0,2.8676444344455376e-05,32,0.5420714046406437,5.075899389339611e-05,0.7834526896476746,0.22393275070417235,False,
705,OCNT-2535764,1,CYP2C9,4.937841415405273,1.7403008314431645e-05,0.0,0.00019913987489417195,32,0.5164052877355404,0.00028774942620657384,0.7201151847839355,0.22340621962578563,False,
705,OCNT-2535764,2,CYP2D6,4.855836868286133,2.6475801107039842e-08,0.0,1.0266544450132642e-06,32,0.29623775347512576,3.457763000369596e-07,1.0,0.16399451312485144,False,
705,OCNT-2535764,3,CYP3A4,4.678386688232422,8.044232231441129e-07,2.9802322387695312e-08,1.1810245268861763e-05,32,0.7730111117113865,2.0145862436038442e-05,0.7625470161437988,0.41906791695185,False,
706,OCNT-2535765,0,CYP1A2,4.89021110534668,8.717465243535116e-05,0.0,0.0009712997707538307,32,0.8598560446235115,0.002398920012637973,0.6236626505851746,0.39066101998549063,False,
706,OCNT-2535765,1,CYP2C9,4.758601665496826,3.0424800570472144e-05,0.0,0.0003509162925183773,32,0.5219790895623552,0.0005083625437691808,0.6989494562149048,0.22113205021242943,False,
706,OCNT-2535765,2,CYP2D6,4.638436317443848,5.2284125473534004e-08,0.0,1.016845999401994e-06,32,0.3474312998388363,6.92462549523043e-07,0.9940334558486938,0.1546902227018555,False,
706,OCNT-2535765,3,CYP3A4,4.3438568115234375,2.3113932456908515e-06,0.0,3.4571479773148894e-05,32,0.8038766107870208,5.971563950879499e-05,0.6089298129081726,0.43778895711159493,False,
707,OCNT-2535766,0,CYP1A2,4.9059343338012695,3.5095895327685867e-06,0.0,3.54858348146081e-05,32,0.550601760614327,6.201255018822849e-05,0.7712703943252563,0.2389345586957271,False,
707,OCNT-2535766,1,CYP2C9,4.613253593444824,2.049697832262609e-05,0.0,0.0002358485944569111,32,0.5265607789106237,0.00034554145531728864,0.7231037020683289,0.21975177163258175,False,
707,OCNT-2535766,2,CYP2D6,4.692041873931885,4.5849962049260284e-08,0.0,8.764155836615828e-07,32,0.33995240563866513,6.075625265111739e-07,1.0,0.16990158416207135,False,
707,OCNT-2535766,3,CYP3A4,4.251242160797119,2.1524704152398044e-06,2.9802322387695312e-08,3.2378135074395686e-05,32,0.8122135903748371,5.620441152132116e-05,0.6119190454483032,0.4463248204640805,False,
708,OCNT-2535767,0,CYP1A2,4.71464729309082,0.00015370988694485277,1.1829767572635319e-05,0.0020746716763824224,32,0.912278241909015,0.0044875298626720905,6.847478653071448e-05,0.6247031664219698,False,
708,OCNT-2535767,1,CYP2C9,4.558644771575928,3.892474751410191e-07,0.0,3.6892524803988636e-06,32,0.47814929001567363,6.108796696935315e-06,0.9007366299629211,0.1790267918063621,False,
708,OCNT-2535767,2,CYP2D6,4.558736801147461,5.025236760047846e-07,0.0,7.888873369665816e-06,32,0.7371004234130681,1.2089005394955166e-05,0.8316867351531982,0.4048861491905499,False,
708,OCNT-2535767,3,CYP3A4,4.33057165145874,5.078370435285251e-08,0.0,1.0399327265986358e-06,32,0.387735017749682,7.541750619566301e-07,1.0,0.1749411422126621,False,
709,OCNT-2535768,0,CYP1A2,4.7169671058654785,0.00016526752733625472,1.192904710478615e-05,0.002156665315851569,32,0.8874784852106427,0.004693767987191677,6.932325050001964e-05,0.6235102356675546,False,
709,OCNT-2535768,1,CYP2C9,4.559915065765381,3.8988611095192027e-07,0.0,3.61083243660687e-06,32,0.4773396792372653,6.108208253863268e-06,0.9008509516716003,0.20720020685064672,False,
709,OCNT-2535768,2,CYP2D6,4.560908794403076,5.010149948247999e-07,0.0,7.882304998929612e-06,32,0.7393257481867344,1.2089809388271533e-05,0.8317294120788574,0.39589434215622593,False,
709,OCNT-2535768,3,CYP3A4,4.332208156585693,5.087146348614624e-08,0.0,1.4490497051156126e-06,32,0.38671756471823954,7.532820518463268e-07,1.0,0.17169760845327098,False,
710,OCNT-2535769,0,CYP1A2,4.850042343139648,5.618679278995842e-05,0.0,0.0004217121750116348,32,0.5076216516724708,0.0009128546807914972,0.732274055480957,0.19296218117076255,False,
710,OCNT-2535769,1,CYP2C9,4.6861443519592285,1.8783050109050237e-05,0.0,0.000216128391912207,32,0.5265210155619978,0.00031663794652558863,0.726046085357666,0.21973181518180535,False,
710,OCNT-2535769,2,CYP2D6,4.753529071807861,4.253098140338807e-08,0.0,1.3440176189760678e-06,32,0.32930866192573416,5.535650302590511e-07,1.0,0.1803326614925312,False,
710,OCNT-2535769,3,CYP3A4,4.363132476806641,1.9749932107515633e-06,2.9802322387695312e-08,2.9761833502561785e-05,32,0.8116481043376755,5.1555711252149194e-05,0.6238964200019836,0.4467054917057727,False,
711,OCNT-2535770,0,CYP1A2,4.481195449829102,2.1939828002359718e-05,8.787896149442531e-06,0.00031246832804754376,32,0.9119890984895992,0.0006405761232599616,7.766826456645504e-05,0.44500686865948735,False,
711,OCNT-2535770,1,CYP2C9,4.325559616088867,2.5880310204229318e-05,0.0,0.0003077175933867693,32,0.565507509854201,0.000468517275294289,0.6780002117156982,0.2643762662951549,False,
711,OCNT-2535770,2,CYP2D6,4.25009298324585,1.2880841495643836e-06,0.0,1.866728962340858e-05,32,0.776450383526242,3.2252733944915235e-05,0.6963742971420288,0.3441572381821367,False,
711,OCNT-2535770,3,CYP3A4,3.9066619873046875,3.343764092278434e-06,0.0,4.944518150296062e-05,32,0.7551943794445398,8.104780135909095e-05,0.6238648295402527,0.38525019585928244,False,
712,OCNT-2535771,0,CYP1A2,4.87735652923584,0.00032974767964333296,1.4901161193847656e-07,0.004456301219761372,32,0.997232522090337,0.010523042641580105,0.07842995226383209,0.6843087245983247,False,
712,OCNT-2535771,1,CYP2C9,4.709972858428955,1.8023396478383802e-05,0.0,0.00020616351685021073,32,0.5160923735398656,0.00029782074852846563,0.7201177477836609,0.2235858010823626,False,
712,OCNT-2535771,2,CYP2D6,4.804348945617676,2.691845324420683e-08,0.0,9.047913636095473e-07,32,0.3012465591420576,3.558898242772557e-07,1.0,0.15593881574541354,False,
712,OCNT-2535771,3,CYP3A4,4.406810760498047,8.389335448555357e-07,0.0,1.2366713235678617e-05,32,0.7733242556141231,2.100802885252051e-05,0.7564364075660706,0.41556363736093493,False,
713,OCNT-2535772,0,CYP1A2,4.810647964477539,3.596316309995018e-05,2.937456883955747e-06,0.0005389401339925826,32,0.9765869289985928,0.001124189468100667,0.00013222194684203714,0.5494886346723344,False,
713,OCNT-2535772,1,CYP2C9,4.665053844451904,1.6168543879757635e-05,0.0,0.00018687578267417848,32,0.5118503795167846,0.00026499180239625275,0.7290911674499512,0.21653530366704013,False,
713,OCNT-2535772,2,CYP2D6,4.4240617752075195,1.54905194449384e-07,0.0,2.7105766093882266e-06,32,0.6456133932172392,3.4068800687236944e-06,0.9642634391784668,0.35219059910048384,False,
713,OCNT-2535772,3,CYP3A4,4.29850959777832,2.1701136176943692e-07,0.0,3.456954800640233e-06,32,0.701976580298402,5.0994131015613675e-06,0.9370831251144409,0.3861469952736502,False,
714,OCNT-2535773,0,CYP1A2,4.803737640380859,5.39158791070804e-05,9.838309051701799e-05,0.00045476993545889854,32,0.7326478435192243,0.0012642777292057872,1.4926295989425853e-05,0.40935363556494864,False,
714,OCNT-2535773,1,CYP2C9,4.6280317306518555,7.433971404680051e-06,0.0,8.477742812829092e-05,32,0.4776774568525003,0.00011378615454304963,0.7501475811004639,0.2235910520455893,False,
714,OCNT-2535773,2,CYP2D6,4.664610862731934,6.32303454040084e-08,0.0,1.476402530897758e-06,32,0.41069777992339696,9.624172889743932e-07,0.9909996390342712,0.19577521313576332,False,
714,OCNT-2535773,3,CYP3A4,4.3307600021362305,3.609389693792764e-07,0.0,6.179749107104726e-06,32,0.6983455763385519,8.289394827443175e-06,0.8738152384757996,0.38593328579968567,False,
715,OCNT-2535774,0,CYP1A2,4.440098762512207,1.2453634553821757e-05,0.0,9.144441719399765e-05,32,0.41129385999191553,0.00016403892368543893,0.7473117709159851,0.21463727935528476,False,
715,OCNT-2535774,1,CYP2C9,4.200480937957764,1.6493189832544886e-05,0.0,0.00018652835569810122,32,0.4973585906950143,0.00026265610358677804,0.7261488437652588,0.21608802532861382,False,
715,OCNT-2535774,2,CYP2D6,4.697272300720215,1.2624032486030501e-08,0.0,8.377232347811514e-07,32,0.18750864611124482,1.357504544330368e-07,1.0,0.17182341365127224,False,
715,OCNT-2535774,3,CYP3A4,3.9081223011016846,1.5266023467574996e-07,0.0,2.6548477762844414e-06,32,0.6905247555556705,3.594269401219208e-06,0.9730252027511597,0.3896132632161665,False,
716,OCNT-2535775,0,CYP1A2,4.568940162658691,6.879658030811697e-05,1.0038837899628561e-05,0.0007583742844872177,32,0.701902822229022,0.0015454570529982448,2.8716332963085733e-05,0.3984666053965481,False,
716,OCNT-2535775,1,CYP2C9,4.1428093910217285,5.488525130203925e-05,0.0,0.0007112262537702918,32,0.5777419231635397,0.0010148892179131508,0.6417317390441895,0.249294770828773,False,
716,OCNT-2535775,2,CYP2D6,4.302553176879883,2.2714824808645062e-05,0.0,0.0002950668567791581,32,0.7830063339722235,0.0005693978164345026,0.5514495968818665,0.38790091622059997,False,
716,OCNT-2535775,3,CYP3A4,3.555009126663208,3.654814645415172e-05,7.6052001531934366e-06,0.0005516737583093345,32,0.8621537379167264,0.0010085997637361288,2.4377222871407866e-05,0.45420266586158636,False,
717,OCNT-2535776,0,CYP1A2,4.433231353759766,8.255530701717362e-05,1.2050498298776802e-05,0.0009100445895455778,32,0.7019346605790905,0.0018545744242146611,3.187555921613239e-05,0.39839243654243883,False,
717,OCNT-2535776,1,CYP2C9,3.90242075920105,6.58887074678205e-05,0.0,0.0008540371200069785,32,0.5778513260673367,0.0012185489758849144,0.6298124194145203,0.24931010210432347,False,
717,OCNT-2535776,2,CYP2D6,4.144218921661377,2.725440754147712e-05,0.0,0.0003538618329912424,32,0.7830128619640921,0.0006831482169218361,0.5423871874809265,0.3872655068076253,False,
717,OCNT-2535776,3,CYP3A4,3.2183468341827393,4.386926593724638e-05,9.115565262618475e-06,0.0006622821092605591,32,0.8622164789837276,0.001210669637657702,2.1628047761623748e-05,0.45425141312192224,False,
718,OCNT-2535777,0,CYP1A2,4.500848770141602,9.81333723757416e-05,1.1903148333658464e-05,0.0010370692471042275,32,0.6938207140552487,0.0021790049504488707,3.0125660487101413e-05,0.378938119133453,False,
718,OCNT-2535777,1,CYP2C9,3.97981333732605,4.743795216199942e-05,0.0,0.0005613430985249579,32,0.5762777621437727,0.0008749823900870979,0.6417279243469238,0.2748632490388247,False,
718,OCNT-2535777,2,CYP2D6,4.413999557495117,2.1740345346188406e-06,0.0,2.373558163526468e-05,32,0.44899573432961765,3.137991006951779e-05,0.819579541683197,0.22574881193576088,False,
718,OCNT-2535777,3,CYP3A4,3.4995803833007812,1.0848842066479847e-05,0.0,0.00011712266132235527,32,0.5900514146613403,0.00020503280393313617,0.6088414788246155,0.37016934138024926,False,
719,OCNT-2535778,0,CYP1A2,4.433231353759766,8.255522698163986e-05,1.2070097000105307e-05,0.0009100431925617158,32,0.7019340632129597,0.0018545710481703281,3.0293163945316337e-05,0.3984033327755879,False,
719,OCNT-2535778,1,CYP2C9,3.902421712875366,6.589197437278926e-05,0.0,0.0008540959097445011,32,0.577858010557026,0.0012186234816908836,0.6297608613967896,0.24928146073740465,False,
719,OCNT-2535778,2,CYP2D6,4.1442179679870605,2.725448393903207e-05,0.0,0.0003538597375154495,32,0.7830226768509276,0.0006831586943008006,0.5423645377159119,0.3870925853637186,False,
719,OCNT-2535778,3,CYP3A4,3.2183518409729004,4.3870197259821e-05,9.118098205362912e-06,0.0006623012013733387,32,0.8622170819321777,0.0012106961803510785,2.2336122128763236e-05,0.45430003304684097,False,
720,OCNT-2535779,0,CYP1A2,4.597611427307129,9.108943049795926e-05,1.106228319258662e-05,0.0009626147802919149,32,0.6937391013508554,0.002022375585511327,3.158830804750323e-05,0.37890415064499783,False,
720,OCNT-2535779,1,CYP2C9,4.199338912963867,4.4049967982573435e-05,0.0,0.0005212441901676357,32,0.576263073722225,0.0008124842424876988,0.6447955965995789,0.2748628579009147,False,
720,OCNT-2535779,2,CYP2D6,4.498804092407227,2.0184820641588885e-06,0.0,2.2171436285134405e-05,32,0.4488036228628512,2.9132483177818358e-05,0.8225763440132141,0.22578245706370365,False,
720,OCNT-2535779,3,CYP3A4,3.7575652599334717,1.0074661986436695e-05,0.0,0.00010873530118260533,32,0.5899672770601265,0.00019038785831071436,0.6149148344993591,0.37010089777178723,False,
721,OCNT-2535780,0,CYP1A2,4.540894985198975,8.052885095821694e-05,9.67526102613192e-06,0.0008632651879452169,32,0.693664544086942,0.001787742250598967,2.3866094124969095e-05,0.3821159179126004,False,
721,OCNT-2535780,1,CYP2C9,4.125570297241211,5.138571941643022e-05,0.0,0.0006657486082985997,32,0.5775119382068308,0.000949812529142946,0.6447463631629944,0.24914199595798422,False,
721,OCNT-2535780,2,CYP2D6,4.340149402618408,2.0980349290766753e-05,0.0,0.0002738756884355098,32,0.7897583461288892,0.0005304737132973969,0.5573592782020569,0.3862883160899732,False,
721,OCNT-2535780,3,CYP3A4,3.5693857669830322,3.2636035030009225e-05,7.121258477127412e-06,0.0005035323556512594,32,0.8753415483323439,0.0009144457872025669,2.230272912129294e-05,0.4720452683025203,False,
722,OCNT-2535785,0,CYP1A2,4.932117462158203,7.3666924436111e-06,0.0,7.815535354893655e-05,32,0.6355451353073412,0.00015002307191025466,0.6719371676445007,0.2842546084611982,False,
722,OCNT-2535785,1,CYP2C9,4.816369533538818,1.1117437992425039e-07,0.0,1.939194135047728e-06,32,0.49839050666872403,1.9325491393828997e-06,0.9670383334159851,0.22075654940313877,False,
722,OCNT-2535785,2,CYP2D6,4.640387535095215,3.037487594781396e-09,0.0,7.207069074866013e-07,32,0.05581197578218679,2.3284734140816e-08,1.0,0.07204831322512328,False,
722,OCNT-2535785,3,CYP3A4,4.558626174926758,5.675861984855146e-07,0.0,7.987153367139399e-06,32,0.7453821102739874,1.3776717423752416e-05,0.8166703581809998,0.35720423009182845,False,
723,OCNT-2535786,0,CYP1A2,5.013701438903809,3.822648068307899e-06,0.0,3.774511060328223e-05,32,0.5469066239286525,6.707521970383823e-05,0.768372654914856,0.2261161653460212,False,
723,OCNT-2535786,1,CYP2C9,4.9067840576171875,2.2558819182449952e-05,0.0,0.0002596090198494494,32,0.5266560949171096,0.00038035219768062234,0.7169899344444275,0.21980650421482728,False,
723,OCNT-2535786,2,CYP2D6,4.777870178222656,5.040778106035759e-08,0.0,1.327802692685509e-06,32,0.3430504539679788,6.631333349105262e-07,0.9970192909240723,0.16946376614641262,False,
723,OCNT-2535786,3,CYP3A4,4.561288356781006,2.3582688299939036e-06,8.940696716308594e-08,3.54530056938529e-05,32,0.812130259413647,6.15469689364545e-05,0.5971071720123291,0.4465623111519202,False,
724,OCNT-2535787,0,CYP1A2,4.749368190765381,9.148361277766526e-05,0.0,0.0010126841953024268,32,0.8526706273852442,0.002496445318683982,0.5634297728538513,0.39095382129471834,False,
724,OCNT-2535787,1,CYP2C9,4.504946231842041,2.2799844373366795e-05,0.0,0.0002618746366351843,32,0.5043817306247945,0.00036815580097027123,0.7019718289375305,0.22457820088187436,False,
724,OCNT-2535787,2,CYP2D6,4.577503204345703,6.071290670206508e-08,0.0,1.1779482065321645e-06,32,0.41751693145564006,9.447627462577657e-07,0.9940422773361206,0.21650685672196196,False,
724,OCNT-2535787,3,CYP3A4,4.078067779541016,8.817467005428625e-07,0.0,1.2697484635282308e-05,32,0.7517086302304794,2.145067810488399e-05,0.7683941721916199,0.3977988098599513,False,
725,OCNT-2535788,0,CYP1A2,4.367551803588867,0.0002268074604216963,0.000204910829779692,0.002136500785127282,32,0.7324233776712038,0.005316045135259628,3.712723128046491e-06,0.34667571455107477,False,
725,OCNT-2535788,1,CYP2C9,4.011255741119385,3.8335529097821563e-05,0.0,0.00044600694673135877,32,0.552755240805872,0.0006782621494494379,0.6569486856460571,0.2631438671862889,False,
725,OCNT-2535788,2,CYP2D6,4.512290954589844,4.1844080556074914e-07,0.0,4.464403900783509e-06,32,0.42203751094623126,5.786178917333018e-06,0.9069046378135681,0.20834511981643494,False,
725,OCNT-2535788,3,CYP3A4,3.5960140228271484,1.1794807051046519e-06,0.0,1.549380976939574e-05,32,0.6093110735945169,2.3192440494312905e-05,0.786586344242096,0.33320407574793715,False,
726,OCNT-2535793,0,CYP1A2,4.236210823059082,0.00022849136439617723,0.0002049273462034762,0.0021664511878043413,32,0.7350222109202312,0.005374514497816563,4.9640616452961694e-06,0.3504498621566006,False,
726,OCNT-2535793,1,CYP2C9,3.988616943359375,4.663427171180956e-05,0.0,0.0005593455862253904,32,0.5874826954293015,0.0008768864790908992,0.6417887806892395,0.2781480379313115,False,
726,OCNT-2535793,2,CYP2D6,4.465764045715332,8.405546395806596e-06,0.0,8.745084778638557e-05,32,0.44772581621871727,0.00012057143612764776,0.7683535814285278,0.16480578252679023,False,
726,OCNT-2535793,3,CYP3A4,3.555450201034546,1.8433718651067466e-05,0.0,0.00026424002135172486,32,0.6675626270861119,0.000393994792830199,0.5635796189308167,0.2802274360872232,False,
727,OCNT-2535795,0,CYP1A2,4.989693641662598,5.00397254654672e-06,0.0,5.110092388349585e-05,32,0.5892302703930682,9.454030077904463e-05,0.7231717109680176,0.25326109264379226,False,
727,OCNT-2535795,1,CYP2C9,4.84499454498291,1.8464488675817847e-05,0.0,0.0002223862538812682,32,0.5660084696945663,0.0003346149460412562,0.7080651521682739,0.24855158423282595,False,
727,OCNT-2535795,2,CYP2D6,4.741556167602539,2.522978661545494e-07,0.0,3.1692184165876824e-06,32,0.4099366497845011,3.440816271904623e-06,0.927871823310852,0.19155902711946093,False,
727,OCNT-2535795,3,CYP3A4,4.536996364593506,5.50610275240615e-06,5.960464477539063e-08,8.727902604732662e-05,32,0.806527301269594,0.00014236439892556518,0.5335140228271484,0.41749177368653156,False,
728,OCNT-2535797,0,CYP1A2,5.057782173156738,2.915734285124927e-06,0.0,2.8676886358880438e-05,32,0.5421739743710343,5.0760223530232906e-05,0.7833743095397949,0.22371517956709824,False,
728,OCNT-2535797,1,CYP2C9,4.937806129455566,1.740331936161965e-05,0.0,0.0001991308236028999,32,0.5163998761711261,0.0002877515507861972,0.7230984568595886,0.22331136654181374,False,
728,OCNT-2535797,2,CYP2D6,4.854820251464844,2.587722391922398e-08,0.0,8.951079735197709e-07,32,0.2938831528676725,3.3739877380867256e-07,1.0,0.17054902890682916,False,
728,OCNT-2535797,3,CYP3A4,4.678318023681641,8.04665319265041e-07,0.0,1.1807799637608696e-05,32,0.7727447621057872,2.014490746660158e-05,0.762535035610199,0.41724758458170297,False,
729,OCNT-2535799,0,CYP1A2,4.954224586486816,0.00014383831876330078,0.0,0.002135620918124914,2,1.001322060261228,0.0002880769898183644,0.4188466966152191,0.6566056278708734,False,
729,OCNT-2535799,1,CYP2C9,4.828255653381348,2.0529194443952292e-05,0.0,0.00023629974748473614,32,0.5267178949284481,0.0003461875603534281,0.7200286388397217,0.21985735679840712,False,
729,OCNT-2535799,2,CYP2D6,4.790011405944824,4.544568810160854e-08,0.0,1.055922439263668e-06,32,0.3354210269414259,5.951247885604971e-07,1.0,0.161761042127242,False,
729,OCNT-2535799,3,CYP3A4,4.5014238357543945,2.1364969597925665e-06,6.664001972467304e-08,3.218421989004128e-05,32,0.8108908837635994,5.5698394135106355e-05,0.6120569705963135,0.4459252047551962,False,
730,OCNT-2535801,0,CYP1A2,5.06597900390625,9.75558691607148e-07,0.0,8.96534947969485e-06,32,0.46855396910056074,1.4777197975490708e-05,0.8616105914115906,0.17494495060034396,False,
730,OCNT-2535801,1,CYP2C9,4.9801130294799805,8.538667316315696e-06,0.0,9.658046474214643e-05,32,0.46976128322976174,0.00012850665370933712,0.7562565803527832,0.21439117099096267,False,
730,OCNT-2535801,2,CYP2D6,4.883676528930664,5.8901214572415483e-08,0.0,1.3225831025920343e-06,32,0.403986594908573,8.907253459256026e-07,0.9970057606697083,0.18761709324455436,False,
730,OCNT-2535801,3,CYP3A4,4.714881896972656,3.514166166951327e-07,0.0,4.821087259188062e-06,32,0.6687489830234614,7.734303835604805e-06,0.8798614740371704,0.32612993015989644,False,
731,OCNT-2535802,0,CYP1A2,5.06379508972168,2.9614830054924823e-06,0.0,2.9186736355768517e-05,32,0.5436680292434146,5.1696009904844686e-05,0.7833312749862671,0.22423099513322253,False,
731,OCNT-2535802,1,CYP2C9,4.944220542907715,2.1608246242976747e-05,0.0,0.0002602494787424803,32,0.5660659490238239,0.00039159529842436314,0.6990345120429993,0.2484927891248348,False,
731,OCNT-2535802,2,CYP2D6,4.870652675628662,2.9556164804489526e-07,0.0,3.864310656354064e-06,32,0.4132139039533389,4.040394287585514e-06,0.9218832850456238,0.1841964921126622,False,
731,OCNT-2535802,3,CYP3A4,4.644644737243652,6.408913122868398e-06,0.0,9.989280079025775e-05,32,0.8069317933025595,0.00016574800247326493,0.512428343296051,0.41775065377670345,False,
732,OCNT-2535804,0,CYP1A2,4.994366645812988,1.105999785977474e-06,0.0,1.0507013939786702e-05,32,0.47307032683442446,1.689428427198436e-05,0.8585940599441528,0.2135977657727235,False,
732,OCNT-2535804,1,CYP2C9,4.801327705383301,9.61444038694026e-06,0.0,0.00010877773456741124,32,0.4698637772094392,0.00014470962923951447,0.7502475380897522,0.2145199944292383,False,
732,OCNT-2535804,2,CYP2D6,4.803841590881348,6.549029052393962e-08,0.0,1.5304412954719737e-06,32,0.4126523414172446,9.96839844447095e-07,0.9910475015640259,0.19415666282899233,False,
732,OCNT-2535804,3,CYP3A4,4.496028900146484,3.919616915482038e-07,0.0,5.4083752729638945e-06,32,0.6696829678285328,8.613980753580108e-06,0.867936372756958,0.32819878721804085,False,
733,OCNT-2535805,0,CYP1A2,5.0290913581848145,3.907342943421099e-06,0.0,3.866923361783847e-05,32,0.5486117863653788,6.877121631987393e-05,0.7653408050537109,0.22686593787153306,False,
733,OCNT-2535805,1,CYP2C9,4.922980308532715,2.9450126021401957e-05,0.0,0.00036455399822443724,32,0.5846215578781621,0.0005511367926374078,0.6899531483650208,0.24516236728867585,False,
733,OCNT-2535805,2,CYP2D6,4.801447868347168,5.973983547846728e-07,0.0,6.565583589690505e-06,32,0.4105188269570206,7.979150723258499e-06,0.8918534517288208,0.17281079252735537,False,
733,OCNT-2535805,3,CYP3A4,4.560394287109375,1.5214955055853352e-05,6.664001972467304e-08,0.00025497536989860237,32,0.8735014214999933,0.00042556863627396524,0.3499634563922882,0.4715006477927998,False,
734,OCNT-2535808,0,CYP1A2,4.996445655822754,3.752200655071647e-06,0.0,3.744671994354576e-05,32,0.5493054409404171,6.613111327169463e-05,0.7683199644088745,0.23185635528723303,False,
734,OCNT-2535808,1,CYP2C9,4.829871654510498,2.8221202228451148e-05,0.0,0.0003493284457363188,32,0.5845905662394387,0.0005281182238832116,0.6929547190666199,0.24517824172434,False,
734,OCNT-2535808,2,CYP2D6,4.776015758514404,5.731934606956202e-07,0.0,6.152240075607551e-06,32,0.4101141245034743,7.65362801757874e-06,0.8948690295219421,0.15907882985320088,False,
734,OCNT-2535808,3,CYP3A4,4.466582298278809,1.4594877939089201e-05,5.960464477539063e-08,0.0002446149301249534,32,0.8735857736291037,0.00040827563498169184,0.3499891459941864,0.47167547860193526,False,
735,OCNT-2535809,0,CYP1A2,5.022891998291016,3.907136488123797e-06,0.0,3.8718630094081163e-05,32,0.5486163800882429,6.876816769363359e-05,0.7652490735054016,0.22684946968739206,False,
735,OCNT-2535809,1,CYP2C9,4.909491539001465,2.9450067813741043e-05,0.0,0.0003645732649601996,32,0.584605856805894,0.0005511209019459784,0.6899981498718262,0.24516456787696073,False,
735,OCNT-2535809,2,CYP2D6,4.795919418334961,5.974084729132301e-07,0.0,6.3275156207964756e-06,32,0.41087832125221374,7.98627115727868e-06,0.8918644785881042,0.16715026669862554,False,
735,OCNT-2535809,3,CYP3A4,4.5152435302734375,1.5213367078104056e-05,6.664001972467304e-08,0.00025495514273643494,32,0.8734981435912873,0.0004255226522218436,0.3469443917274475,0.4714447055584513,False,
736,OCNT-2535810,0,CYP1A2,4.656857490539551,3.555824514478445e-05,0.0,0.00028789773932658136,32,0.541651963134367,0.0006164995138533413,0.7260687947273254,0.22368398922857105,False,
736,OCNT-2535810,1,CYP2C9,4.4354400634765625,3.103977724094875e-05,0.0,0.00035446503898128867,32,0.5076444513050036,0.0005043919081799686,0.6959496736526489,0.21831572667870755,False,
736,OCNT-2535810,2,CYP2D6,4.53117561340332,1.7567026588949375e-07,0.0,2.4144001145032234e-06,32,0.42667695325151117,2.5350791474920698e-06,0.9400278925895691,0.20962709368129734,False,
736,OCNT-2535810,3,CYP3A4,3.9627957344055176,2.444003939672257e-06,0.0,3.704920891323127e-05,32,0.8114391037998784,6.372079224092886e-05,0.5968002676963806,0.44491589308355556,False,
737,OCNT-2535811,0,CYP1A2,4.710885524749756,0.0001610948093002662,0.0,0.0020515199285000563,32,0.9316261780105559,0.004802862647920847,0.4247950315475464,0.6214124125342808,False,
737,OCNT-2535811,1,CYP2C9,4.5380706787109375,1.3849828064849135e-05,0.0,0.00015663911472074687,32,0.4973534059535278,0.0002205834462074563,0.7351523041725159,0.21814304895897035,False,
737,OCNT-2535811,2,CYP2D6,4.6146674156188965,2.528685399738606e-06,4.214684778958144e-08,4.686469037551433e-05,32,0.8217019491373375,6.675336771877483e-05,0.5397445559501648,0.5027764016557121,False,
737,OCNT-2535811,3,CYP3A4,4.137364864349365,2.441204196657054e-05,1.8061966329696588e-05,0.0004632620548363775,32,0.8880573739921187,0.0006940215826034546,3.2989377359626815e-05,0.4661504983455419,False,
738,OCNT-2535812,0,CYP1A2,4.998109817504883,2.5119391011685366e-06,0.0,2.4788379960227758e-05,32,0.534144224534107,4.310653457650915e-05,0.7954208850860596,0.2259352248614133,False,
738,OCNT-2535812,1,CYP2C9,4.771769046783447,1.4341592759592459e-05,0.0,0.0001613997301319614,32,0.49677988686099306,0.00022814664407633245,0.7321298718452454,0.21689066340030774,False,
738,OCNT-2535812,2,CYP2D6,4.813642501831055,1.168845198407098e-08,0.0,1.1314577932353131e-06,32,0.20559693846641444,1.4269053849602642e-07,1.0,0.14127882985261253,False,
738,OCNT-2535812,3,CYP3A4,4.501196384429932,1.3817395938531263e-07,0.0,2.27016607823316e-06,32,0.6851979436957071,3.248911752962158e-06,0.9820380806922913,0.39270245631775447,False,
739,OCNT-2535813,0,CYP1A2,3.888010263442993,0.0004014068399555981,0.0004080462676938623,0.003961578011512756,32,0.7660078709293702,0.00983963068574667,1.6958598507699207e-06,0.3595577896058337,False,
739,OCNT-2535813,1,CYP2C9,3.614377975463867,4.181121403235011e-05,0.0,0.000490694132167846,32,0.5653606822382586,0.0007566102431155741,0.6508479714393616,0.26952521651782635,False,
739,OCNT-2535813,2,CYP2D6,4.390519618988037,8.593007123636198e-07,0.0,9.180929737340193e-06,32,0.4337215021695276,1.2065101145708468e-05,0.8707191944122314,0.20086991474633892,False,
739,OCNT-2535813,3,CYP3A4,3.187504529953003,1.8603701619213098e-06,0.0,2.076446071441751e-05,32,0.5597317666937305,3.350097904331051e-05,0.7713770866394043,0.31267102300424143,False,
740,OCNT-2535814,0,CYP1A2,4.778450012207031,4.3283653212711215e-06,0.0,4.5568413042929024e-05,32,0.5401809962612734,7.4992080044467e-05,0.7506957650184631,0.2308499062285098,False,
740,OCNT-2535814,1,CYP2C9,4.383502960205078,2.800897345878184e-05,0.0,0.0003215850447304547,32,0.5048778696118517,0.0004526771081145853,0.6899701952934265,0.22549652346161983,False,
740,OCNT-2535814,2,CYP2D6,4.465496063232422,9.767657616066572e-08,0.0,1.5250773230945924e-06,32,0.442203188786814,1.5236776107485639e-06,0.9700980186462402,0.20699910460619483,False,
740,OCNT-2535814,3,CYP3A4,3.914142370223999,1.187404450320173e-06,0.0,1.6929414414335042e-05,32,0.7443127646692738,2.85197893390432e-05,0.7324638962745667,0.3894669758324587,False,
741,OCNT-2535815,0,CYP1A2,4.792590141296387,5.1516863095457666e-06,0.0,5.369788414100185e-05,32,0.5364533942182788,8.860813250066712e-05,0.7442842721939087,0.22985693911771204,False,
741,OCNT-2535815,1,CYP2C9,4.502357006072998,3.361007111379877e-05,0.0,0.00038588792085647583,32,0.5049214445572001,0.0005432158359326422,0.6809070706367493,0.2255078486385969,False,
741,OCNT-2535815,2,CYP2D6,4.424718379974365,1.1734351090808559e-07,0.0,1.951231297425693e-06,32,0.44891783053052253,1.829336724767927e-06,0.9610471725463867,0.20112734329855247,False,
741,OCNT-2535815,3,CYP3A4,3.982623338699341,1.4240509926821687e-06,0.0,2.0196475816192105e-05,32,0.745801945865784,3.422457666601986e-05,0.714262843132019,0.388950472156143,False,
742,OCNT-2535816,0,CYP1A2,5.032564163208008,1.1165427622472635e-06,0.0,1.28153660625685e-05,32,0.5645109748682814,2.0350264094304293e-05,0.8165691494941711,0.18765374259562972,False,
742,OCNT-2535816,1,CYP2C9,4.887458801269531,8.43273210193729e-06,0.0,9.546017099637538e-05,32,0.4700408176409769,0.00012698971841018647,0.7562158107757568,0.21531416538889056,False,
742,OCNT-2535816,2,CYP2D6,4.859306335449219,6.049044287692595e-08,0.0,1.2372765922918916e-06,32,0.40601544347497937,9.158466696135292e-07,0.9940314292907715,0.19266999244440075,False,
742,OCNT-2535816,3,CYP3A4,4.5905256271362305,3.356093998263532e-07,0.0,4.967736003891332e-06,32,0.6644193638551819,7.348146482399898e-06,0.8828320503234863,0.3331526337819746,False,
743,OCNT-2535817,0,CYP1A2,5.005924224853516,1.0645084103089175e-06,0.0,9.896892152028158e-06,32,0.46401699928964973,1.595488538441714e-05,0.8616987466812134,0.19435141797382258,False,
743,OCNT-2535817,1,CYP2C9,4.797591686248779,9.403281183040235e-06,0.0,0.00010712287621572614,32,0.47751736369729336,0.00014384016685653478,0.7381304502487183,0.2232771234143533,False,
743,OCNT-2535817,2,CYP2D6,4.820921421051025,7.806403345966828e-08,0.0,1.4100712633080548e-06,32,0.42716907921498215,1.203783426717564e-06,0.9820545315742493,0.19476360065269396,False,
743,OCNT-2535817,3,CYP3A4,4.492558479309082,2.808031069889694e-07,0.0,3.826177362498129e-06,32,0.6525520068351023,6.072452833905118e-06,0.8978959321975708,0.32109521023085774,False,
744,OCNT-2535819,0,CYP1A2,4.283280849456787,0.00013676042726729065,0.0,0.002270500175654888,32,0.9423749154631921,0.004124448634684086,0.4671872556209564,0.47566898701368115,False,
744,OCNT-2535819,1,CYP2C9,4.046550750732422,1.6618349036434665e-05,0.0,0.00018961186287924647,32,0.47813536191411093,0.0002544192539062351,0.7021258473396301,0.22367745672136824,False,
744,OCNT-2535819,2,CYP2D6,4.485279083251953,1.2130911386520893e-07,0.0,1.915391749207629e-06,32,0.45201171922551786,1.8993042658621562e-06,0.9580554962158203,0.19189544194984381,False,
744,OCNT-2535819,3,CYP3A4,3.6309988498687744,4.590958440076065e-07,0.0,6.333591045404319e-06,32,0.6621689879036776,9.939863048202824e-06,0.8557998538017273,0.32100606078412786,False,
745,OCNT-2535820,0,CYP1A2,4.272143363952637,0.00013148172001820058,0.0,0.0021827518939971924,32,0.9423527266097753,0.0039651705883443356,0.47014108300209045,0.47559398906790246,False,
745,OCNT-2535820,1,CYP2C9,4.039617538452148,1.5978419469320215e-05,0.0,0.00018232711590826511,32,0.47815014178210047,0.00024463568115606904,0.7050371766090393,0.22380438705674666,False,
745,OCNT-2535820,2,CYP2D6,4.502066612243652,1.1567014723823377e-07,0.0,2.0438160390767734e-06,32,0.4471895007426144,1.7983478528549313e-06,0.9610795974731445,0.20204514733533446,False,
745,OCNT-2535820,3,CYP3A4,3.6371941566467285,4.4226544559933245e-07,0.0,5.930907718720846e-06,32,0.6607472045821999,9.562660125084221e-06,0.8587556481361389,0.32298307775170715,False,
746,OCNT-2535821,0,CYP1A2,4.27213716506958,0.00013148138532415032,0.0,0.0021827491000294685,32,0.9423552359130674,0.003965171054005623,0.4700971841812134,0.4756048557487742,False,
746,OCNT-2535821,1,CYP2C9,4.039599895477295,1.5979358067852445e-05,0.0,0.00018232496222481132,32,0.47812457644966816,0.00024463696172460914,0.7021292448043823,0.22358424337704874,False,
746,OCNT-2535821,2,CYP2D6,4.502079963684082,1.157420683739474e-07,0.0,1.8981472749146633e-06,32,0.4469240008131966,1.798308744582755e-06,0.9580761790275574,0.20047471509457787,False,
746,OCNT-2535821,3,CYP3A4,3.6371378898620605,4.422084600719245e-07,0.0,6.025507900631055e-06,32,0.6608898005911921,9.563518688082695e-06,0.8587405681610107,0.31966536754164193,False,
747,OCNT-2535823,0,CYP1A2,4.309412956237793,0.00013150018639862537,0.0,0.002183174015954137,32,0.9423745422124123,0.003965819254517555,0.4701741337776184,0.47568437833669286,False,
747,OCNT-2535823,1,CYP2C9,4.042358875274658,1.5978679584804922e-05,0.0,0.00018231276771984994,32,0.4781499852985184,0.00024463958106935024,0.7050768136978149,0.22360602640963612,False,
747,OCNT-2535823,2,CYP2D6,4.504663467407227,1.1749403228122901e-07,0.0,2.0038423826918006e-06,32,0.4478632312399414,1.82719645636098e-06,0.9610615968704224,0.2000804996775174,False,
747,OCNT-2535823,3,CYP3A4,3.6347925662994385,4.42008342815825e-07,0.0,6.095709522924153e-06,32,0.6611010306779659,9.5623418019386e-06,0.8617582321166992,0.3208633961365396,False,
748,OCNT-2535824,0,CYP1A2,4.2562713623046875,0.00014237927098292857,0.0,0.0024392292834818363,32,0.9556056295096672,0.004354175645858049,0.4550108313560486,0.5024646067853271,False,
748,OCNT-2535824,1,CYP2C9,4.096440315246582,1.772502582753077e-05,0.0,0.00020168954506516457,32,0.473694817760543,0.0002688316744752228,0.7050735354423523,0.2197061989025821,False,
748,OCNT-2535824,2,CYP2D6,4.462685585021973,1.1740326755216302e-07,0.0,1.8592832020658534e-06,32,0.4500299966495209,1.8347293462284142e-06,0.961000382900238,0.20252392630701452,False,
748,OCNT-2535824,3,CYP3A4,3.628807306289673,5.830914346915961e-07,0.0,7.914848538348451e-06,32,0.6698150567245894,1.2712370335066225e-05,0.8346947431564331,0.3235118554364788,False,
749,OCNT-2535825,0,CYP1A2,4.245713233947754,0.00013666461745742708,0.0,0.0023412054870277643,32,0.9555864620846288,0.0041793412528932095,0.4550487697124481,0.5023928260180754,False,
749,OCNT-2535825,1,CYP2C9,4.087399959564209,1.70168568729423e-05,0.0,0.00019361163140274584,32,0.4736779242579448,0.00025808787904679775,0.7050475478172302,0.21970362830305362,False,
749,OCNT-2535825,2,CYP2D6,4.4800238609313965,1.114287542236525e-07,0.0,1.9676908777910285e-06,32,0.44564781247929147,1.7316626781394007e-06,0.9640165567398071,0.19278547442380545,False,
749,OCNT-2535825,3,CYP3A4,3.6351568698883057,5.594507115347369e-07,0.0,7.520044164266437e-06,32,0.6696131900770284,1.2201974641357083e-05,0.8376935720443726,0.32495677218661206,False,
