test_index,molecule_id,cyp_index,cyp_target,predicted_pic50,late_motion,final_step,late_amplitude,best_recurrence_lag,recurrence_ratio,recurrence_distance,curvature,spectral_concentration,selected_for_visualisation,selection_reason
0,OCNT-0010024,0,CYP1A2,4.714767932891846,0.0017484364798292518,0.0007006280357018113,0.008377594873309135,32,0.9722031585010131,0.05439504608511925,0.0008231157553382218,0.5666646113530432,False,
0,OCNT-0010024,1,CYP2C9,4.1959638595581055,0.0026028717402368784,0.001499114092439413,0.012405851855874062,32,0.8982275483282066,0.07481536269187927,0.00023654193500988185,0.5737102038336376,False,
0,OCNT-0010024,2,CYP2D6,4.001632213592529,0.0011488834861665964,0.00030716712353751063,0.004573452286422253,32,0.6877592552402669,0.025285188108682632,0.0011479438981041312,0.641642616072365,False,
0,OCNT-0010024,3,CYP3A4,2.8197708129882812,0.004135614726692438,0.0012532175751402974,0.023157233372330666,32,0.9170840543746113,0.12136689573526382,0.0004479487834032625,0.5385246972129075,False,
1,OCNT-0491471,0,CYP1A2,4.123815536499023,0.00309574487619102,0.0002180118317482993,0.012104293331503868,32,0.8233277202943802,0.08156226575374603,0.0004077309858985245,0.49426490728382844,False,
1,OCNT-0491471,1,CYP2C9,4.1752543449401855,0.0021886820904910564,0.0008252327679656446,0.009768202900886536,32,0.8999862925789389,0.06303337216377258,0.00033796465140767395,0.49974789229538963,False,
1,OCNT-0491471,2,CYP2D6,4.6505022048950195,0.0010726297041401267,0.00021569713135249913,0.004410209134221077,32,0.6727248726476455,0.023090925067663193,0.0015833197394385934,0.5404397262078419,False,
1,OCNT-0491471,3,CYP3A4,3.82649827003479,0.0024265567772090435,0.0010016430169343948,0.009976333007216454,32,0.8351537289567829,0.06484980136156082,0.00025037743034772575,0.48018829477370584,False,
2,OCNT-0493952,0,CYP1A2,5.533265590667725,0.0007365915225818753,0.0006096396828070283,0.0029478759970515966,32,0.7383154763803452,0.017403017729520798,0.000575425976421684,0.47588233239132854,False,
2,OCNT-0493952,1,CYP2C9,5.317888259887695,0.0009650711435824633,0.0002507499884814024,0.004219731781631708,32,0.9951156238856972,0.03073175437748432,0.0006763022975064814,0.6304559063540849,False,
2,OCNT-0493952,2,CYP2D6,4.549103736877441,0.0009960542665794492,0.00012250601139385253,0.0038237322587519884,32,0.6319202091793807,0.020141860470175743,0.0013886184897273779,0.5597275389359686,False,
2,OCNT-0493952,3,CYP3A4,5.035457611083984,0.0012314567575231194,0.00034217556822113693,0.005942968651652336,2,1.002632588805267,0.002469417406246066,0.00040354602970182896,0.6286565019747663,False,
3,OCNT-0495173,0,CYP1A2,4.8675079345703125,0.0010418592719361186,0.001096872496418655,0.004045955371111631,32,0.6623200313070482,0.022081628441810608,0.0007470836862921715,0.45080402531405817,False,
3,OCNT-0495173,1,CYP2C9,4.64876651763916,0.001584916957654059,0.0005793574382551014,0.007220156025141478,32,0.9243214927524068,0.04687942564487457,0.0005418459768407047,0.5664375159695784,False,
3,OCNT-0495173,2,CYP2D6,4.429692268371582,0.001734918332658708,0.0003211325383745134,0.006214292719960213,32,0.8147257897968777,0.04523170739412308,0.0006625914247706532,0.5695306139584289,False,
3,OCNT-0495173,3,CYP3A4,4.256417751312256,0.0013904595980420709,0.00040146076935343444,0.005930075887590647,32,0.8832569582094955,0.03930054232478142,0.000240221168496646,0.5289019198274649,False,
4,OCNT-0495806,0,CYP1A2,5.406328201293945,0.0008308875258080661,0.00018102633475791663,0.003313052002340555,32,0.8162369216662356,0.02170269563794136,0.0004340627056080848,0.60921914104663,False,
4,OCNT-0495806,1,CYP2C9,5.421292304992676,0.000527024210896343,6.222287629498169e-05,0.0020958641543984413,32,0.8168199789773022,0.013775746338069439,0.0003980416222475469,0.6311450575526997,False,
4,OCNT-0495806,2,CYP2D6,4.592372894287109,0.0009144401992671192,7.536773046012968e-05,0.0032679701689630747,32,0.6796918764114707,0.01988941989839077,0.00026138080283999443,0.4760873099025865,False,
4,OCNT-0495806,3,CYP3A4,5.291871547698975,0.0006262998795136809,0.00029014929896220565,0.0027536991983652115,32,0.8943778756059351,0.017925046384334564,0.0005547467735596001,0.5273115298771489,False,
5,OCNT-0496981,0,CYP1A2,5.188718318939209,0.001322572585195303,0.0007269309717230499,0.005416138097643852,32,0.9202801655846179,0.03894868865609169,0.00042096321703866124,0.5115437796760841,False,
5,OCNT-0496981,1,CYP2C9,5.159609317779541,0.0004803416086360812,0.00041140482062473893,0.0021705152466893196,32,0.8613372016398434,0.013239830732345581,0.0010476220631971955,0.5875098750819188,False,
5,OCNT-0496981,2,CYP2D6,4.402163505554199,0.0011911774054169655,0.0002672557020559907,0.0045127784833312035,32,0.7706577884617682,0.02937593124806881,0.0004343814798630774,0.5737155442920402,False,
5,OCNT-0496981,3,CYP3A4,4.911736488342285,0.0007124076946638525,0.00013631873298436403,0.0031403852626681328,2,1.0001565620798343,0.0014250584645196795,0.0008973334915935993,0.49559350764763177,False,
6,OCNT-0497785,0,CYP1A2,4.7254557609558105,0.0014008281286805868,0.0005308706895448267,0.005279660224914551,32,0.7366479278791996,0.033021584153175354,0.00024350213061552495,0.5124160694382834,False,
6,OCNT-0497785,1,CYP2C9,4.362822532653809,0.0022990095894783735,0.0037388107739388943,0.008778270334005356,32,0.7368480202154197,0.054208897054195404,0.0009774024365469813,0.46173532407162304,False,
6,OCNT-0497785,2,CYP2D6,4.236377716064453,0.0018921901937574148,0.00026159631670452654,0.007861114107072353,32,0.753080562187175,0.04559933394193649,0.0005711985286325216,0.5756705106380244,False,
6,OCNT-0497785,3,CYP3A4,4.023726940155029,0.001666615135036409,0.0010806105565279722,0.007350841537117958,32,0.6019552994952542,0.03210348263382912,0.0020723314955830574,0.4596825755590852,False,
7,OCNT-1498525,0,CYP1A2,4.382988929748535,0.002560762222856283,0.001048955717124045,0.012155958451330662,32,0.8519507317884428,0.06981285661458969,0.0004803095944225788,0.5455960842809413,False,
7,OCNT-1498525,1,CYP2C9,4.381586074829102,0.0016715555684641004,0.0004822635091841221,0.007176798302680254,32,0.8542767936422418,0.04569534957408905,0.0004186151491012424,0.56048924645249,False,
7,OCNT-1498525,2,CYP2D6,4.1950907707214355,0.0016199488891288638,0.0002666554064489901,0.007398029789328575,32,0.905719816076688,0.04695132374763489,0.0004721636069007218,0.5949971846532873,False,
7,OCNT-1498525,3,CYP3A4,2.9761159420013428,0.0036281393840909004,0.0004036019090563059,0.02172420173883438,2,1.0016971968622328,0.007268614135682583,0.0005618053837679327,0.6618361569047776,False,
8,OCNT-2148029,0,CYP1A2,4.14937162399292,0.0024113927502185106,0.0009703957475721836,0.013290083035826683,32,0.9138153019968164,0.07051445543766022,0.0013090164866298437,0.5858262255335527,False,
8,OCNT-2148029,1,CYP2C9,3.8250534534454346,0.001224301871843636,0.00023985866573639214,0.006099730730056763,32,0.9460127492909216,0.037062868475914,0.0012452782830223441,0.7095727999626371,False,
8,OCNT-2148029,2,CYP2D6,3.831972122192383,0.0014135055243968964,0.0002604728506412357,0.005927440710365772,32,0.7839665932391597,0.03546076640486717,0.0005170766380615532,0.5084366702226831,False,
8,OCNT-2148029,3,CYP3A4,2.4613096714019775,0.003099141176789999,0.0003014523535966873,0.019063998013734818,2,1.0034801224620564,0.006219873204827309,0.000747127050999552,0.6810444110817422,False,
9,OCNT-2308485,0,CYP1A2,5.052680015563965,0.0014202456222847104,0.0013289605267345905,0.006404151674360037,32,0.8140512331891145,0.036997146904468536,0.0004633114149328321,0.4892130075126211,False,
9,OCNT-2308485,1,CYP2C9,4.75477933883667,0.002031367039307952,0.00041562796104699373,0.010295238345861435,32,0.920507970170021,0.05983676016330719,0.0004276895197108388,0.5908180954499436,False,
9,OCNT-2308485,2,CYP2D6,4.500065803527832,0.0008852402097545564,0.0002821036905515939,0.0032814270816743374,32,0.7319288943771222,0.020734086632728577,0.0015377195086330175,0.6093738463745482,False,
9,OCNT-2308485,3,CYP3A4,4.391031265258789,0.002049399074167013,0.0007854545838199556,0.009876802563667297,32,0.9080532126770953,0.059551119804382324,0.00030775685445405543,0.5237653996037808,False,
10,OCNT-2311186,0,CYP1A2,5.289411544799805,0.0010888895485550165,0.00031958206091076136,0.005715582985430956,2,1.000215436393072,0.00217826827429235,0.0016427211230620742,0.641903754823363,False,
10,OCNT-2311186,1,CYP2C9,4.8091044425964355,0.0007035299204289913,0.0006039093132130802,0.0025244075804948807,32,0.7650661299136188,0.017224146053195,0.001542961923405528,0.7205910804306352,True,spectral
10,OCNT-2311186,2,CYP2D6,4.136294364929199,0.0008810283034108579,7.56914378143847e-05,0.0035693426616489887,32,0.691668146409648,0.019500356167554855,0.0015375595539808273,0.5528504474403126,False,
10,OCNT-2311186,3,CYP3A4,4.281591892242432,0.0024713731836527586,0.0017535598017275333,0.008867530152201653,32,0.9850864570834156,0.0779048353433609,0.000111151828605216,0.5712788048502447,False,
11,OCNT-2312792,0,CYP1A2,4.270139694213867,0.0031963137444108725,0.0015191012062132359,0.013337277807295322,32,0.9402849925052852,0.09617456793785095,0.00047770413220860064,0.5352982614452606,False,
11,OCNT-2312792,1,CYP2C9,4.335102558135986,0.0021054407116025686,0.0011564422165974975,0.009473643265664577,32,0.79561564163578,0.05360414460301399,0.00045443573617376387,0.5377195106518754,False,
11,OCNT-2312792,2,CYP2D6,4.311857223510742,0.0008697006851434708,0.0001361742033623159,0.003603755496442318,32,0.7438559882239714,0.020702064037322998,0.0009659058996476233,0.5212717800830472,False,
11,OCNT-2312792,3,CYP3A4,3.8149571418762207,0.0026854502502828836,0.0008253014530055225,0.012441566213965416,32,0.8882195266693619,0.07632890343666077,0.00036263014771975577,0.487479026839048,False,
12,OCNT-2314689,0,CYP1A2,4.760213851928711,0.003111702622845769,0.00234239362180233,0.014177733100950718,17,0.9705886614843032,0.05134328082203865,0.0010344205657020211,0.57005654100249,False,
12,OCNT-2314689,1,CYP2C9,4.5559186935424805,0.001746514579281211,0.0015493560349568725,0.007356338202953339,32,0.916424846968625,0.05121787264943123,0.0005985886673443019,0.7002913770493222,False,
12,OCNT-2314689,2,CYP2D6,4.448286056518555,0.0009589513065293431,0.00014458135410677642,0.003953580278903246,32,0.7200345706115835,0.02209552936255932,0.0008218116709031165,0.6205660067193418,False,
12,OCNT-2314689,3,CYP3A4,4.125549793243408,0.002426400315016508,0.0018750432645902038,0.010550092905759811,32,0.9707640695844083,0.07537510246038437,0.0003707155992742628,0.5950959103485829,False,
13,OCNT-2461740,0,CYP1A2,5.353508949279785,0.0009188490221276879,0.0005060044932179153,0.0035962716210633516,32,0.6645075512284329,0.019538840278983116,0.0003623727534431964,0.4874342116542346,False,
13,OCNT-2461740,1,CYP2C9,5.155981063842773,0.0009176284074783325,0.00035502106766216457,0.004129710141569376,32,0.9656910268300635,0.028356965631246567,0.001020232797600329,0.5881925558692307,False,
13,OCNT-2461740,2,CYP2D6,4.51893949508667,0.0011972649954259396,0.0002729874395299703,0.00486136507242918,32,0.7247597769763383,0.027767576277256012,0.0007413553539663553,0.5518719627100716,False,
13,OCNT-2461740,3,CYP3A4,4.806560039520264,0.0008412434835918248,0.0005536302924156189,0.0037362086586654186,32,0.8251897607609298,0.022214200347661972,0.000536240404471755,0.5586176334305928,False,
14,OCNT-2469049,0,CYP1A2,4.737856864929199,0.0021576418075710535,0.0009318449883721769,0.009343092329800129,32,0.8844440626926399,0.061066314578056335,0.0005355820758268237,0.5441572382401672,False,
14,OCNT-2469049,1,CYP2C9,4.74161434173584,0.0014262135373428464,0.00022193763288669288,0.007200733758509159,32,0.8353287555446145,0.03812369704246521,0.000376969575881958,0.5398466497501928,False,
14,OCNT-2469049,2,CYP2D6,4.404419898986816,0.0007607281440868974,5.989519559079781e-05,0.0030862828716635704,32,0.6714363491070668,0.01634519174695015,0.000945496722124517,0.5032036968475543,False,
14,OCNT-2469049,3,CYP3A4,4.375268936157227,0.0016473171999678016,0.0005402266979217529,0.007579300552606583,32,0.817450821630671,0.043091487139463425,0.00039820236270315945,0.4648122831783102,False,
15,OCNT-2534775,0,CYP1A2,5.277248859405518,0.0006011112127453089,0.0003446886839810759,0.0026570293121039867,32,0.8570194132810067,0.01648552156984806,0.0004963495302945375,0.5259601432063914,False,
15,OCNT-2534775,1,CYP2C9,4.755023002624512,0.003198357531800866,0.0012057040585204959,0.014308120124042034,32,0.9521571302428739,0.09745115041732788,0.0002585035399533808,0.6100055939149471,False,
15,OCNT-2534775,2,CYP2D6,4.425411224365234,0.0009473474347032607,2.7925809263251722e-05,0.003764619119465351,32,0.6559562667225881,0.019885601475834846,0.0017629654612392187,0.5706741349568318,False,
15,OCNT-2534775,3,CYP3A4,4.40171480178833,0.0031409652438014746,0.0009820875711739063,0.013768312521278858,26,0.9362430891527461,0.07645862549543381,0.00022751183132641017,0.6032479716633439,False,
16,OCNT-2534776,0,CYP1A2,4.1897292137146,0.004703692626208067,0.003882312448695302,0.01922842115163803,32,0.8551832047530371,0.12872087955474854,0.0006217766785994172,0.5643406157573291,False,
16,OCNT-2534776,1,CYP2C9,4.130305290222168,0.0020414956379681826,0.002231206279247999,0.007998395711183548,32,0.8972199020499557,0.058613743633031845,0.0012266834964975715,0.6668521113848391,False,
16,OCNT-2534776,2,CYP2D6,4.409768104553223,0.0010319859720766544,0.0002886356960516423,0.004025741945952177,32,0.8682422828177004,0.0286727212369442,0.0011501727858558297,0.6527401900328471,False,
16,OCNT-2534776,3,CYP3A4,3.6085617542266846,0.001656070351600647,0.001833717804402113,0.006354121491312981,32,0.7875194546338323,0.041734255850315094,0.0005623842589557171,0.4899548765412185,False,
17,OCNT-2534778,0,CYP1A2,5.343279838562012,0.0009099799208343029,0.00012136112491134554,0.005082145798951387,4,0.9970581267311173,0.0036292513832449913,0.0018393514910712838,0.6413767470617904,False,
17,OCNT-2534778,1,CYP2C9,4.915574550628662,0.0008336572791449726,0.0011071659391745925,0.0033421809785068035,32,0.8430921280228709,0.022491466253995895,0.002073194831609726,0.6978532493830765,False,
17,OCNT-2534778,2,CYP2D6,4.295482158660889,0.0009808973409235477,0.0003141994238831103,0.003906807862222195,32,0.7312642133989633,0.02295367792248726,0.0007731616497039795,0.5271069803779045,False,
17,OCNT-2534778,3,CYP3A4,4.52598762512207,0.0015661128563806415,0.0006238953210413456,0.0065340702421963215,32,0.9219621454507407,0.04620499163866043,0.0005734138539992273,0.4774136176582032,False,
18,OCNT-2534781,0,CYP1A2,5.184392929077148,0.0004912150907330215,0.00038546588621102273,0.0019156306516379118,32,0.6854358577108508,0.010774505324661732,0.0011524774599820375,0.44863766273964645,False,
18,OCNT-2534781,1,CYP2C9,5.0290374755859375,0.0005643340991809964,0.00024163970374502242,0.0029393837321549654,9,0.9835258135551506,0.004995422903448343,0.002358026569709182,0.6002727248558662,False,
18,OCNT-2534781,2,CYP2D6,4.37850284576416,0.001101744594052434,0.00017800307250581682,0.004351465962827206,32,0.6529617567332275,0.023020915687084198,0.0007631010957993567,0.5199611274040545,False,
18,OCNT-2534781,3,CYP3A4,4.616346836090088,0.001554081216454506,0.0006720537203364074,0.00710900267586112,2,1.0009904535117216,0.0031112609431147575,0.00033818231895565987,0.5638493820735916,False,
19,OCNT-2534782,0,CYP1A2,4.541618824005127,0.004389405716210604,0.004306191112846136,0.01621183194220066,32,0.9379698532343259,0.13174846768379211,0.0005612283130176365,0.5250431531166551,False,
19,OCNT-2534782,1,CYP2C9,4.568353176116943,0.0028348444029688835,0.0032172342762351036,0.012278720736503601,16,0.9884144626008358,0.044832177460193634,0.00024158033193089068,0.5649477604946606,False,
19,OCNT-2534782,2,CYP2D6,4.549439430236816,0.0011094340588897467,0.00013435407890938222,0.004813309293240309,32,0.773075065887695,0.027445873245596886,0.0008916872902773321,0.5796154405220753,False,
19,OCNT-2534782,3,CYP3A4,4.205350399017334,0.002670849673449993,0.002192449290305376,0.01154155284166336,32,0.9564153223107282,0.08174243569374084,0.00012567368685267866,0.6024675597467177,False,
20,OCNT-2534783,0,CYP1A2,4.918152332305908,0.0015425855526700616,0.00086091278353706,0.006140972953289747,32,0.9347283007611406,0.04614104703068733,0.00041658859117887914,0.5081213636872233,False,
20,OCNT-2534783,1,CYP2C9,4.947713851928711,0.0005503689753822982,0.00017487032164353877,0.0025961464270949364,2,0.9999449207273264,0.0011006973218172789,0.0011923178099095821,0.6420788074600712,False,
20,OCNT-2534783,2,CYP2D6,4.304971694946289,0.0012228218838572502,0.0002588032803032547,0.0044437856413424015,32,0.6558558545930366,0.02566404640674591,0.0009854300878942013,0.5831300497527567,False,
20,OCNT-2534783,3,CYP3A4,4.591606616973877,0.001018440816551447,0.00016012779087759554,0.004694654606282711,2,1.003339926632546,0.0020437047351151705,0.0008738176547922194,0.5509446291330682,False,
21,OCNT-2534784,0,CYP1A2,4.71587610244751,0.0022396109998226166,0.002131268847733736,0.009233939461410046,32,0.9595765724308117,0.06877081096172333,0.00021875175298191607,0.5682000038949901,False,
21,OCNT-2534784,1,CYP2C9,4.4703779220581055,0.0027319060172885656,0.00034151787986047566,0.012122784741222858,32,0.9470819038209287,0.0827951431274414,0.0005663904012180865,0.6221161399332799,False,
21,OCNT-2534784,2,CYP2D6,4.398195743560791,0.0011818393832072616,0.00019315634563099593,0.004596084356307983,32,0.6416489154594506,0.02426663599908352,0.0007592647452838719,0.5531164458361915,False,
21,OCNT-2534784,3,CYP3A4,4.187026500701904,0.0024738332722336054,0.0005154544487595558,0.011707818135619164,4,0.998301758052514,0.009878568351268768,0.0004539444635156542,0.6335376981958695,False,
22,OCNT-2534785,0,CYP1A2,4.924490928649902,0.0015320072416216135,0.0005500924307852983,0.0061652446165680885,32,0.9402212606814495,0.04609392583370209,0.0002447989827487618,0.5316761528930136,False,
22,OCNT-2534785,1,CYP2C9,4.847331523895264,0.0010362773900851607,0.0004012490389868617,0.004940873943269253,32,0.9276968250434353,0.03076353669166565,0.00047020026249811053,0.552025851550719,False,
22,OCNT-2534785,2,CYP2D6,4.422369480133057,0.0011597528355196118,0.00021999170712660998,0.004386981017887592,32,0.6386882915827041,0.023703262209892273,0.0007686280878260732,0.5373064512525565,False,
22,OCNT-2534785,3,CYP3A4,4.472850322723389,0.0021512324456125498,0.0006319463136605918,0.009454404935240746,2,1.0027083724367536,0.004314137622714043,0.0003373270737938583,0.5990212492897987,False,
23,OCNT-2534787,0,CYP1A2,5.053478717803955,0.0009963185293599963,0.0005807378911413252,0.004066476598381996,32,0.8081129657037255,0.025764672085642815,0.0005975275416858494,0.488954012884282,False,
23,OCNT-2534787,1,CYP2C9,4.8865966796875,0.001615629531443119,0.0014529911568388343,0.007849599234759808,2,1.002448949275879,0.0032391923014074564,0.000747448590118438,0.5449835497311983,False,
23,OCNT-2534787,2,CYP2D6,4.299951076507568,0.001159552950412035,0.00018172802811022848,0.004479525610804558,32,0.6536333328103574,0.02425372786819935,0.0009305359562858939,0.5987459786619964,False,
23,OCNT-2534787,3,CYP3A4,4.535716533660889,0.0023039719089865685,0.0012747299624606967,0.010721772909164429,2,1.0052553088472727,0.004632180090993643,0.0006827576435171068,0.6175284690271705,False,
24,OCNT-2534798,0,CYP1A2,5.620650291442871,0.000692832050845027,9.809261973714456e-05,0.0031274091452360153,32,0.810503573501612,0.017969630658626556,0.0007098624482750893,0.5101386465650236,False,
24,OCNT-2534798,1,CYP2C9,5.436066627502441,0.0007635063375346363,0.0003113402344752103,0.003181746695190668,32,0.810202197961145,0.019795283675193787,0.000756480498239398,0.5028613456861231,False,
24,OCNT-2534798,2,CYP2D6,4.534415245056152,0.0007327081402763724,0.00012803185381926596,0.0026888728607445955,32,0.6520361318071123,0.015288278460502625,0.0014921354595571756,0.6092760937623045,False,
24,OCNT-2534798,3,CYP3A4,5.241523265838623,0.0008855267078615725,0.00042782555101439357,0.0036101662553846836,32,0.6171860358837871,0.01748930849134922,0.000745793164242059,0.44172235224420064,False,
25,OCNT-2534799,0,CYP1A2,5.401885986328125,0.0008787205442786217,0.00011876107600983232,0.003798372345045209,32,0.7728354057978877,0.021731650456786156,0.0004163899284321815,0.5094216234088554,False,
25,OCNT-2534799,1,CYP2C9,5.152809143066406,0.0014117719838395715,0.00090042530791834,0.006283988244831562,32,0.9879253309166043,0.04463152587413788,0.00027514316025190055,0.5250968314497146,False,
25,OCNT-2534799,2,CYP2D6,4.580483913421631,0.0008218786679208279,0.00010838605521712452,0.0032740153837949038,32,0.6886224827177257,0.01811107248067856,0.0010191608453169465,0.5215368424075171,False,
25,OCNT-2534799,3,CYP3A4,4.883234977722168,0.0016277655959129333,0.0006000189459882677,0.0068672895431518555,32,0.852851208708019,0.044424012303352356,0.00034373276866972446,0.5241625641904681,False,
26,OCNT-2534800,0,CYP1A2,5.425139427185059,0.0007317020208574831,0.000423145858803764,0.0030112802051007748,32,0.7479206755320746,0.017512401565909386,0.0005170991644263268,0.4919474579178883,False,
26,OCNT-2534800,1,CYP2C9,5.254336357116699,0.0007658521644771099,0.000279781233984977,0.0035609016194939613,32,0.9634967875110824,0.023612983524799347,0.0009208159171976149,0.6162692473085558,False,
26,OCNT-2534800,2,CYP2D6,4.523802280426025,0.0015811534831300378,0.0002201512106694281,0.006168194115161896,32,0.7077344770577935,0.03580940514802933,0.00043238746002316475,0.548517126476806,False,
26,OCNT-2534800,3,CYP3A4,4.901799201965332,0.001497698132880032,0.0005652345134876668,0.006284802220761776,2,1.0034051588719524,0.003005616134032607,0.0004164621641393751,0.6093818069193773,False,
27,OCNT-2534803,0,CYP1A2,4.832271099090576,0.003533601760864258,0.00284024840220809,0.012613494880497456,32,0.907362562324118,0.10260054469108582,0.000563952955417335,0.5384522033173361,False,
27,OCNT-2534803,1,CYP2C9,4.857913017272949,0.0016930944984778762,0.0019479709444567561,0.006742111407220364,32,0.9813545588140136,0.05316914618015289,0.0007151780882850289,0.5569448310053272,False,
27,OCNT-2534803,2,CYP2D6,4.700540542602539,0.0011404005344957113,0.0001760514423949644,0.004551882855594158,32,0.7745730706578466,0.028266601264476776,0.00041683154995553195,0.5505221892447296,False,
27,OCNT-2534803,3,CYP3A4,4.579960346221924,0.0016608015866950154,0.0014645890332758427,0.007107515353709459,32,0.9419798369631988,0.05006243288516998,0.00022477182210423052,0.6041075248717013,False,
28,OCNT-2534805,0,CYP1A2,5.394186019897461,0.000440882082330063,0.0004938291967846453,0.0017315446166321635,32,0.7102247692988678,0.010020239278674126,0.0017777708126232028,0.5133249370251046,False,
28,OCNT-2534805,1,CYP2C9,5.020798683166504,0.0011989743215963244,0.0009450871148146689,0.006044779904186726,4,0.9986237859626881,0.004789337050169706,0.0006438547861762345,0.5655975428346471,False,
28,OCNT-2534805,2,CYP2D6,4.519824981689453,0.0010791211389005184,5.075054650660604e-05,0.004587915260344744,32,0.7484424007654409,0.02584536001086235,0.0005202627507969737,0.561569647706774,False,
28,OCNT-2534805,3,CYP3A4,4.731863498687744,0.0014057037187740207,0.0007640949916094542,0.006217684596776962,32,0.8804615961655992,0.03960566222667694,0.00036307357368059456,0.5415505003548634,False,
29,OCNT-2534806,0,CYP1A2,5.425146102905273,0.0004770385567098856,0.0005367409903556108,0.001882587093859911,32,0.7177999383694857,0.010957613587379456,0.0016941401408985257,0.514839695565428,False,
29,OCNT-2534806,1,CYP2C9,5.033463001251221,0.0013661073753610253,0.001028002705425024,0.0068148099817335606,32,0.9953895568911412,0.04351420700550079,0.00038088811561465263,0.5608400802195045,False,
29,OCNT-2534806,2,CYP2D6,4.489729881286621,0.0010246234014630318,3.767774978769012e-05,0.0044558411464095116,32,0.754543477983256,0.024740174412727356,0.0008122198632918298,0.5965410749473102,False,
29,OCNT-2534806,3,CYP3A4,4.7272748947143555,0.001586827915161848,0.0008306285599246621,0.007000534795224667,32,0.8751179926396431,0.04443745315074921,0.000267860566964373,0.5422349108423931,False,
30,OCNT-2534808,0,CYP1A2,4.9855241775512695,0.001407148432917893,0.0007102374802343547,0.0062526920810341835,32,0.8076390198827856,0.03636723384261131,0.0004285763716325164,0.48617541146661203,False,
30,OCNT-2534808,1,CYP2C9,4.810145378112793,0.0018223118968307972,0.000418187613831833,0.008282038383185863,2,1.000578913838388,0.00364675372838974,0.0003621930372901261,0.5510452774637986,False,
30,OCNT-2534808,2,CYP2D6,4.231215476989746,0.0014167154440656304,0.0003986079536844045,0.005830234847962856,32,0.8456645119046093,0.03833838179707527,0.0008950739284045994,0.5984165974889528,False,
30,OCNT-2534808,3,CYP3A4,4.313199996948242,0.0016107873525470495,0.0012342830887064338,0.0064864554442465305,32,0.8187699331147448,0.04220391809940338,0.00029186136089265347,0.49373887231433106,False,
31,OCNT-2534809,0,CYP1A2,5.34812068939209,0.0005872662295587361,0.00011350721615599468,0.0026051336899399757,32,0.82227243908194,0.015452833846211433,0.0009084533667191863,0.5006390124581221,False,
31,OCNT-2534809,1,CYP2C9,5.067462921142578,0.0007845380459912121,0.0005356685142032802,0.0033709434792399406,32,0.8631160739347302,0.021668992936611176,0.0006238980568014085,0.5850992988259496,False,
31,OCNT-2534809,2,CYP2D6,4.5891194343566895,0.0009415307431481779,0.00011722153431037441,0.0037550493143498898,32,0.7246708965008827,0.02183382958173752,0.0007744657341390848,0.6040751012117284,False,
31,OCNT-2534809,3,CYP3A4,4.80741024017334,0.0009684220422059298,0.00038718560244888067,0.003813968738541007,32,0.8597805692550173,0.026644449681043625,0.0003067887155339122,0.5082854246580278,False,
32,OCNT-2534810,0,CYP1A2,5.342372894287109,0.0006741215474903584,0.00012643197260331362,0.0029915007762610912,32,0.8223659063572264,0.017740249633789062,0.0007605868740938604,0.4987321911292969,False,
32,OCNT-2534810,1,CYP2C9,5.0575103759765625,0.0009198175393976271,0.0005914304056204855,0.004018481820821762,32,0.8570551243534299,0.025226972997188568,0.0005191420204937458,0.576762538995531,False,
32,OCNT-2534810,2,CYP2D6,4.559391975402832,0.0010327902855351567,0.00011011142487404868,0.004158233758062124,32,0.7019072100548436,0.023197758942842484,0.0009373922948725522,0.6050299144402111,False,
32,OCNT-2534810,3,CYP3A4,4.772933006286621,0.0011302059283480048,0.00041926471749320626,0.004487320780754089,32,0.8486291094784016,0.030692292377352715,0.0002447321603540331,0.5143848343305939,False,
33,OCNT-2534811,0,CYP1A2,5.309872150421143,0.0006978661986067891,0.0006219339556992054,0.0029360230546444654,32,0.7576607239717883,0.01692010834813118,0.0007563657709397376,0.46320835661479137,False,
33,OCNT-2534811,1,CYP2C9,5.037439823150635,0.0013196096988394856,0.0008212247048504651,0.006621990818530321,32,0.9821164616493756,0.041472647339105606,0.0005994186503812671,0.5487406066448403,False,
33,OCNT-2534811,2,CYP2D6,4.318982124328613,0.0009983658092096448,0.00018688187992665917,0.003918003756552935,32,0.7417886759644996,0.023698683828115463,0.0012173029826954007,0.5787229623963472,False,
33,OCNT-2534811,3,CYP3A4,4.6092529296875,0.0016130439471453428,0.0005273435381241143,0.00776141369715333,32,0.9506339836845876,0.049069564789533615,0.00039676553569734097,0.5521544173383064,False,
34,OCNT-2534813,0,CYP1A2,4.2429327964782715,0.005173873621970415,0.0038794358260929585,0.01802757941186428,32,0.8461578116318406,0.14009350538253784,0.0005957953981123865,0.5480896656953473,False,
34,OCNT-2534813,1,CYP2C9,4.346436977386475,0.002361820312216878,0.002283711452037096,0.009169019758701324,32,0.9065678776331743,0.06851710379123688,0.000574811827391386,0.5473557705636296,False,
34,OCNT-2534813,2,CYP2D6,4.74090576171875,0.001023991615511477,0.0002887299924623221,0.004307388328015804,32,0.8436868815852885,0.027645975351333618,0.0010647060116752982,0.6183079786022455,False,
34,OCNT-2534813,3,CYP3A4,3.903282403945923,0.002053449396044016,0.001504907151684165,0.008388268761336803,32,0.8803622597033142,0.05784922093153,0.00023526043514721096,0.5309707690479214,False,
35,OCNT-2534822,0,CYP1A2,4.10962438583374,0.0035349386744201183,0.0013275459641590714,0.015096984803676605,32,0.9268248471409629,0.10484090447425842,0.00032371553243137896,0.5595504019578272,False,
35,OCNT-2534822,1,CYP2C9,4.2379937171936035,0.0018765621352940798,0.0003575031296350062,0.009137715213000774,32,0.8091860336171369,0.048591870814561844,0.000372044974938035,0.5393305937055921,False,
35,OCNT-2534822,2,CYP2D6,4.314629077911377,0.0009352044435217977,9.41661128308624e-05,0.0038439391646534204,32,0.7208420751427,0.021572541445493698,0.0007982371607795358,0.5179943706865864,False,
35,OCNT-2534822,3,CYP3A4,3.783755302429199,0.0021930315997451544,0.0006848727934993804,0.00978007446974516,32,0.8608534756851288,0.06041239947080612,0.00031789595959708095,0.49051325823578684,False,
36,OCNT-2534823,0,CYP1A2,5.399899005889893,0.0003501790342852473,0.0002806078118737787,0.0014187674969434738,32,0.7178878210067874,0.008044686168432236,0.001398583292029798,0.4911873208995505,False,
36,OCNT-2534823,1,CYP2C9,5.03154182434082,0.0011128425830975175,0.0008473075577057898,0.004929507151246071,32,0.9673296277078045,0.03444784879684448,0.00042872989433817565,0.5386247296193076,False,
36,OCNT-2534823,2,CYP2D6,4.420010566711426,0.0008809319697320461,0.00010637926607159898,0.0036824613343924284,32,0.6810306868465436,0.019198352470993996,0.000963621074333787,0.5570342994644736,False,
36,OCNT-2534823,3,CYP3A4,4.5830888748168945,0.0024551001843065023,0.0009566520457156003,0.010132510215044022,32,0.8822686648678948,0.0693141371011734,0.00027849909383803606,0.5531695196766047,False,
37,OCNT-2534824,0,CYP1A2,5.221175670623779,0.0007362864562310278,0.000393438822356984,0.0029657375998795033,32,0.773305185318938,0.018220219761133194,0.0006384605658240616,0.49278698729551196,False,
37,OCNT-2534824,1,CYP2C9,5.12962532043457,0.00043299124808982015,0.00023047452850732952,0.0021259943023324013,2,0.999747637758159,0.0008657839498482645,0.003403376555070281,0.6520026481435035,False,
37,OCNT-2534824,2,CYP2D6,4.4399847984313965,0.001126295537687838,0.00023246979981195182,0.004151793196797371,32,0.6401498543429269,0.02307213842868805,0.0007816841825842857,0.546949599695224,False,
37,OCNT-2534824,3,CYP3A4,4.8254289627075195,0.001103755901567638,0.000486975273815915,0.004669934511184692,2,1.0057398493084655,0.0022202027030289173,0.0013739521382376552,0.5669144662942143,False,
38,OCNT-2534827,0,CYP1A2,5.232447147369385,0.0014548652106896043,0.00022534673917107284,0.006516596302390099,32,0.9377043069588618,0.043655768036842346,0.0002674803545232862,0.546722830879361,False,
38,OCNT-2534827,1,CYP2C9,5.057898998260498,0.0013157401699572802,0.0004781629831995815,0.006096245720982552,32,0.8970059735484704,0.03776754438877106,0.0002904949651565403,0.517379306292265,False,
38,OCNT-2534827,2,CYP2D6,4.553338050842285,0.0008188225910998881,0.00011148097837576643,0.0032149851322174072,32,0.6871165044721479,0.018004268407821655,0.001149483723565936,0.5573438402502822,False,
38,OCNT-2534827,3,CYP3A4,4.821162223815918,0.001383487950079143,0.0007265312015078962,0.006091918796300888,32,0.8806379862399838,0.038987547159194946,0.00021070963703095913,0.5114325685061456,False,
39,OCNT-2534828,0,CYP1A2,4.922285079956055,0.0015866771573200822,0.0010027855169028044,0.006833794992417097,32,0.7967069964869545,0.04045199230313301,0.0008290834375657141,0.4771077727725049,False,
39,OCNT-2534828,1,CYP2C9,4.7258195877075195,0.0020703093614429235,0.00022805421031080186,0.009398647584021091,32,0.8561977539571054,0.05672328919172287,0.0011200489243492484,0.5609121518838978,False,
39,OCNT-2534828,2,CYP2D6,4.428703308105469,0.001695060869678855,0.0003992424171883613,0.007112328894436359,32,0.7364283318268321,0.03994554281234741,0.0007721131551079452,0.503627419396925,False,
39,OCNT-2534828,3,CYP3A4,4.277524471282959,0.002293366938829422,0.0006543152849189937,0.010531250387430191,32,0.6213188912655693,0.045597389340400696,0.0006037282291799784,0.3998049091673457,False,
40,OCNT-2534829,0,CYP1A2,3.886366128921509,0.005383607931435108,0.005179298110306263,0.021650584414601326,32,0.9215608236189816,0.1587626039981842,0.0005047312006354332,0.5186661803651251,False,
40,OCNT-2534829,1,CYP2C9,3.9149131774902344,0.0037314651999622583,0.0015962549950927496,0.015975404530763626,2,1.0017598313909086,0.007476083934307098,0.0004894390003755689,0.5785726445954258,False,
40,OCNT-2534829,2,CYP2D6,4.040877342224121,0.0013897992903366685,0.00033889705082401633,0.005591306835412979,32,0.8453412182522257,0.03759561851620674,0.0008878996595740318,0.7056794502440047,False,
40,OCNT-2534829,3,CYP3A4,2.708108901977539,0.004715936724096537,0.002831013174727559,0.023498013615608215,32,0.984674626093301,0.14859753847122192,0.0005601744051091373,0.6732013298970967,False,
41,OCNT-2534831,0,CYP1A2,4.1272735595703125,0.005470696371048689,0.0036018805112689734,0.020900966599583626,32,0.9330608125318293,0.16334405541419983,0.0005738717154599726,0.5784287844930802,False,
41,OCNT-2534831,1,CYP2C9,4.279231548309326,0.0029724081978201866,0.0008211638778448105,0.012155553326010704,2,1.0014974457953703,0.0059537384659051895,0.0006148381507955492,0.5805085123059386,False,
41,OCNT-2534831,2,CYP2D6,4.637062072753906,0.0014129605842754245,0.00029661713051609695,0.005662011448293924,32,0.8575456359877871,0.038773976266384125,0.0006085065542720258,0.6405306897245554,False,
41,OCNT-2534831,3,CYP3A4,3.8767647743225098,0.003013756824657321,0.0015584897482767701,0.010659778490662575,12,0.9986669311587363,0.03611699119210243,0.00031043635681271553,0.5899221097742186,False,
42,OCNT-2534832,0,CYP1A2,3.858799695968628,0.005181519780308008,0.0008737005409784615,0.02166832983493805,32,0.9646197885338548,0.1599425971508026,0.0007130629965104163,0.5974844704175871,False,
42,OCNT-2534832,1,CYP2C9,4.136732578277588,0.0031136281322687864,0.0009719281806610525,0.011373763903975487,32,0.8081657857610874,0.08052274584770203,0.00035344110801815987,0.5148448637663576,False,
42,OCNT-2534832,2,CYP2D6,4.777408599853516,0.0005251995753496885,6.510171806439757e-05,0.002036527032032609,32,0.7430865976746392,0.012488838285207748,0.0016235221410170197,0.5287157313526201,False,
42,OCNT-2534832,3,CYP3A4,3.9191412925720215,0.003640551585704088,0.0013322675367817283,0.01425398699939251,32,0.8586398177097566,0.10002979636192322,0.00037729740142822266,0.4960511902605024,False,
43,OCNT-2534833,0,CYP1A2,5.312919616699219,0.0007021272904239595,0.0004190823237877339,0.002897472120821476,32,0.74604612661779,0.01676245778799057,0.0005538355326279998,0.4928475917388435,False,
43,OCNT-2534833,1,CYP2C9,5.089694976806641,0.000874783203471452,0.00037693962804041803,0.004159041214734316,32,0.9859389746680637,0.027599766850471497,0.0007422295748256147,0.6114395760665099,False,
43,OCNT-2534833,2,CYP2D6,4.470296859741211,0.0012163880746811628,0.0001971029705600813,0.004898685030639172,32,0.6599589680735515,0.02568873018026352,0.0009120702743530273,0.560532384532372,False,
43,OCNT-2534833,3,CYP3A4,4.654474258422852,0.002334432676434517,0.0008453078917227685,0.009809352457523346,2,1.0048161121932568,0.004691371228545904,0.00018043410091195256,0.616132512373721,False,
44,OCNT-2534834,0,CYP1A2,5.368452072143555,0.0007753453101031482,0.0005054932553321123,0.003163580782711506,32,0.676116595304831,0.016775378957390785,0.00048621767200529575,0.4730199032808514,False,
44,OCNT-2534834,1,CYP2C9,5.169669151306152,0.0009708257857710123,0.0003562959609553218,0.00444726413115859,32,0.9565296414375551,0.029716262593865395,0.0009332877234555781,0.5366751494598158,False,
44,OCNT-2534834,2,CYP2D6,4.435729503631592,0.0010319172870367765,0.0002396421186858788,0.004186837933957577,32,0.7379835664903607,0.02436945214867592,0.0009283947292715311,0.5384369993257314,False,
44,OCNT-2534834,3,CYP3A4,4.8124589920043945,0.0009726961143314838,0.0005892019253224134,0.004526488482952118,32,0.7965837375006496,0.024794939905405045,0.000701643293723464,0.48483048570907317,False,
45,OCNT-2534835,0,CYP1A2,5.317887306213379,0.0006905022310093045,0.0004053103330079466,0.002829001285135746,32,0.729777950512164,0.016125459223985672,0.0005626570200547576,0.4915845851042031,False,
45,OCNT-2534835,1,CYP2C9,5.114867210388184,0.0007462329231202602,0.0002999778662342578,0.0034317499957978725,32,0.9652110436172645,0.023049021139740944,0.0010119315702468157,0.6241941816458783,False,
45,OCNT-2534835,2,CYP2D6,4.469730377197266,0.0012153168208897114,0.0001956280175363645,0.0048971474170684814,32,0.6599380804880677,0.025665294378995895,0.0009159183828160167,0.5622899307223436,False,
45,OCNT-2534835,3,CYP3A4,4.711421966552734,0.001908528502099216,0.0012920183362439275,0.007473986595869064,2,1.0024847231780136,0.0038265613839030266,0.0003225631662644446,0.6109822768932416,False,
46,OCNT-2534836,0,CYP1A2,5.442951202392578,0.0004776699061039835,0.0004939053324051201,0.0019261103589087725,32,0.6965741322817158,0.010647662915289402,0.001140866312198341,0.47985288540796517,False,
46,OCNT-2534836,1,CYP2C9,5.078395843505859,0.0013762862654402852,0.000947466935031116,0.0068701524287462234,32,0.952048489386161,0.04192962497472763,0.0005890465108677745,0.5263895854979694,False,
46,OCNT-2534836,2,CYP2D6,4.459643840789795,0.0009034296381287277,3.50795489794109e-05,0.004006958566606045,32,0.7274474797131696,0.02103055641055107,0.000946922751609236,0.5747165241363742,False,
46,OCNT-2534836,3,CYP3A4,4.7667341232299805,0.0016538345953449607,0.0007717839907854795,0.007632269058376551,32,0.81716797995239,0.043247003108263016,0.0004736690898425877,0.4796598972719167,False,
47,OCNT-2534837,0,CYP1A2,5.468252182006836,0.0005165621987544,0.0004940179642289877,0.001976377097889781,32,0.6816585903481904,0.011268028058111668,0.0010053253499791026,0.5328635380995091,False,
47,OCNT-2534837,1,CYP2C9,5.107438087463379,0.0012671032454818487,0.0009463544120080769,0.006326884031295776,32,0.9930201241730406,0.04026460647583008,0.0003891777014359832,0.5587008225611807,False,
47,OCNT-2534837,2,CYP2D6,4.5710954666137695,0.00127136311493814,7.793692202540115e-05,0.0052935900166630745,32,0.8135996079751694,0.0331004373729229,0.0002654826967045665,0.5895512934822991,False,
47,OCNT-2534837,3,CYP3A4,4.814464569091797,0.0014521053526550531,0.0007642374257557094,0.006398345343768597,32,0.875750393323282,0.04069409891963005,0.0002770469000097364,0.5416719557055205,False,
48,OCNT-2534838,0,CYP1A2,5.443016529083252,0.0004776392597705126,0.0004939740756526589,0.0019259671680629253,32,0.696677197264474,0.010648555122315884,0.0011440804228186607,0.48009965911542596,False,
48,OCNT-2534838,1,CYP2C9,5.079003810882568,0.001379203051328659,0.0009475776460021734,0.006889962125569582,32,0.9520350201375168,0.04201789200305939,0.0005837624776177108,0.5264467643673221,False,
48,OCNT-2534838,2,CYP2D6,4.459670066833496,0.0009034417453221977,3.498692240100354e-05,0.004009852651506662,32,0.7277999458232061,0.021041028201580048,0.0009461469599045813,0.5747950708300185,False,
48,OCNT-2534838,3,CYP3A4,4.7671990394592285,0.001653605024330318,0.0007712415535934269,0.007631509564816952,32,0.816996727590135,0.043231938034296036,0.0004726214974652976,0.47951251567507747,False,
49,OCNT-2534839,0,CYP1A2,5.4344940185546875,0.0004718826385214925,0.0005144942551851273,0.0018985719652846456,32,0.7135053181629779,0.010774333029985428,0.001367617747746408,0.4981730470622534,False,
49,OCNT-2534839,1,CYP2C9,5.057368278503418,0.0013571188319474459,0.000986280501820147,0.006845418363809586,32,0.9823662628069721,0.04266232252120972,0.00048272538697347045,0.5404493027918285,False,
49,OCNT-2534839,2,CYP2D6,4.474071502685547,0.0009354451904073358,3.630711944424547e-05,0.004219402559101582,32,0.753914047638426,0.02256808988749981,0.0008470858447253704,0.5762405597107257,False,
49,OCNT-2534839,3,CYP3A4,4.748143196105957,0.0015946656931191683,0.0007992223254404962,0.007246696390211582,32,0.8548156165529297,0.043620917946100235,0.0003443261084612459,0.5305787741982464,False,
50,OCNT-2534840,0,CYP1A2,5.214303970336914,0.0012851135106757283,0.0009719695663079619,0.006294918246567249,32,0.8615837182344145,0.03543172776699066,0.0014074742794036865,0.5965069789424734,False,
50,OCNT-2534840,1,CYP2C9,4.921355247497559,0.0007017028983682394,0.00018277004710398614,0.0028909738175570965,32,0.8775979513692217,0.019706297665834427,0.0023080850951373577,0.7073270571335788,False,
50,OCNT-2534840,2,CYP2D6,4.383225917816162,0.0011905384017154574,0.00018680164066608995,0.004067682195454836,32,0.7267832330377353,0.027688659727573395,0.000599719351157546,0.6337143999666266,False,
50,OCNT-2534840,3,CYP3A4,4.634764194488525,0.0005829435540363193,0.00024305102124344558,0.0021425876766443253,32,0.6329203549344589,0.011806821450591087,0.0015752072213217616,0.5974735656707049,False,
51,OCNT-2534843,0,CYP1A2,3.711557626724243,0.007866536267101765,0.004201218020170927,0.030732687562704086,3,0.9994506212850124,0.02358667366206646,0.0005148305790498853,0.5914390881953877,True,persistent
51,OCNT-2534843,1,CYP2C9,3.8648457527160645,0.004773552995175123,0.003265999024733901,0.01764681376516819,32,0.8966039290682123,0.13695985078811646,0.0001982477551791817,0.49608604688753555,False,
51,OCNT-2534843,2,CYP2D6,4.954488754272461,0.0006911461241543293,0.00032076399656943977,0.002470697509124875,32,0.7120471686593925,0.015748344361782074,0.0015706943813711405,0.6073919612230703,False,
51,OCNT-2534843,3,CYP3A4,3.6650021076202393,0.004536144435405731,0.0025475139264017344,0.01658492535352707,32,0.9413372496777114,0.13664163649082184,0.0001943671377375722,0.5730118241380364,False,
52,OCNT-2534844,0,CYP1A2,4.426118850708008,0.0028576471377164125,0.0023774481378495693,0.011731112375855446,32,0.8835573526657684,0.08079692721366882,0.0005191194359213114,0.5383241547390741,False,
52,OCNT-2534844,1,CYP2C9,4.350065231323242,0.0021328728180378675,0.00023454561596736312,0.009506029076874256,32,0.9486035013343366,0.06474432349205017,0.0007495112367905676,0.609524657215627,False,
52,OCNT-2534844,2,CYP2D6,4.19584321975708,0.0017206378979608417,0.00037442229222506285,0.00715318089351058,32,0.7881561350357894,0.04339645430445671,0.0009454082464799285,0.578931717433439,False,
52,OCNT-2534844,3,CYP3A4,3.687509059906006,0.002639931160956621,0.0005477454396896064,0.011955469846725464,32,0.9675023840265033,0.08173277974128723,0.0002692585694603622,0.5918293412907167,False,
53,OCNT-2534845,0,CYP1A2,5.068462371826172,0.0009096422581933439,0.0005919414106756449,0.0037569915875792503,32,0.8275392011502642,0.02408873289823532,0.0003363724972587079,0.48120007935409126,False,
53,OCNT-2534845,1,CYP2C9,4.607466697692871,0.002927652793005109,0.001955535728484392,0.013232097961008549,32,0.9749808695085166,0.0913412868976593,8.364969835383818e-05,0.6090063910494246,False,
53,OCNT-2534845,2,CYP2D6,4.521629333496094,0.0013307892950251698,0.00030804279958829284,0.005522973835468292,32,0.7324827411857535,0.03119320049881935,0.0005128527991473675,0.5881304541858956,False,
53,OCNT-2534845,3,CYP3A4,4.1547040939331055,0.0040264734998345375,0.0021201150957494974,0.017145687714219093,32,0.9783340295962791,0.12605586647987366,0.00016446637164335698,0.5912579372264126,False,
54,OCNT-2534847,0,CYP1A2,5.1844916343688965,0.0015161520568653941,0.0007465141243301332,0.005363709293305874,32,0.7472650180416992,0.03625519573688507,0.00044267557677812874,0.4861256722570143,False,
54,OCNT-2534847,1,CYP2C9,5.017584323883057,0.0012364480644464493,0.0010449447436258197,0.005260673351585865,32,0.9275741362767453,0.036701008677482605,0.00042110681533813477,0.5797996634199631,False,
54,OCNT-2534847,2,CYP2D6,4.638472080230713,0.0009042078163474798,0.0001523103128420189,0.003605471458286047,32,0.6737716208444802,0.019495561718940735,0.0009665985708124936,0.5289945077564238,False,
54,OCNT-2534847,3,CYP3A4,4.696496486663818,0.0017051305621862411,0.000688352040015161,0.007130264304578304,25,0.951266941863151,0.04055109620094299,0.0002491067862138152,0.5417226608800714,False,
55,OCNT-2534850,0,CYP1A2,4.126351356506348,0.003990991972386837,0.004099574405699968,0.016613561660051346,32,0.8910985549191183,0.11380403488874435,0.0004410960536915809,0.5031469578725754,False,
55,OCNT-2534850,1,CYP2C9,3.996840000152588,0.004202216863632202,0.003095159539952874,0.01886846497654915,32,0.9507022439044704,0.12784212827682495,0.00025879795430228114,0.5036265878822409,False,
55,OCNT-2534850,2,CYP2D6,4.473978042602539,0.0007012573769316077,8.3357714174781e-05,0.0026483468245714903,32,0.6586427275047727,0.014780309051275253,0.002100540790706873,0.6394244909226103,False,
55,OCNT-2534850,3,CYP3A4,3.438985586166382,0.005275512579828501,0.0038345905486494303,0.023869164288043976,32,0.9100680008122901,0.1536346971988678,0.00026978779351338744,0.5091523770236497,False,
56,OCNT-2534851,0,CYP1A2,5.137962341308594,0.0010100112995132804,0.0001614743669051677,0.003807653672993183,32,0.6499586809731923,0.021007107570767403,0.00041487181442789733,0.4470264682567953,False,
56,OCNT-2534851,1,CYP2C9,4.981459617614746,0.0009524901397526264,0.0015688485000282526,0.003328214632347226,32,0.7820053570242891,0.023835526779294014,0.0012937341816723347,0.4890487578805923,False,
56,OCNT-2534851,2,CYP2D6,4.554438591003418,0.0010417394805699587,0.00013482460053637624,0.003783588297665119,32,0.7206650089553932,0.024024076759815216,0.0009733104379847646,0.5317386433536877,False,
56,OCNT-2534851,3,CYP3A4,4.673494815826416,0.0009582509519532323,0.0015003152657300234,0.0034601048100739717,32,0.82249913809158,0.02522140182554722,0.0006531486287713051,0.4677751947943145,False,
57,OCNT-2534852,0,CYP1A2,4.396764278411865,0.0017394060268998146,0.00031405730987899005,0.006344703491777182,32,0.8068408986004609,0.044909823685884476,0.00044011438149027526,0.46212995792077144,False,
57,OCNT-2534852,1,CYP2C9,4.4334025382995605,0.001223242492415011,0.001940505695529282,0.004294876474887133,32,0.7768476382982056,0.030408985912799835,0.0010857898741960526,0.4680875992994918,False,
57,OCNT-2534852,2,CYP2D6,4.542729377746582,0.0016093173762783408,0.000255387625657022,0.006545358803123236,32,0.7635601198157845,0.03932218253612518,0.0005115270614624023,0.5037763300711497,False,
57,OCNT-2534852,3,CYP3A4,4.130148887634277,0.0006676180055364966,0.0006072068936191499,0.0024516386911273003,32,0.5884653594785034,0.012572030536830425,0.001033218577504158,0.47340131860406653,False,
58,OCNT-2534853,0,CYP1A2,5.107361316680908,0.0010598134249448776,0.00028969167033210397,0.0038029924035072327,32,0.6840095336798786,0.023197738453745842,0.0005424808477982879,0.45184638639287,False,
58,OCNT-2534853,1,CYP2C9,4.964582920074463,0.0010386895155534148,0.0017328743124380708,0.003607366466894746,32,0.8252394834801822,0.027429627254605293,0.0011003351537510753,0.5143616112922851,False,
58,OCNT-2534853,2,CYP2D6,4.608203887939453,0.001093402854166925,0.00019332852389197797,0.0041032349690794945,32,0.7205396599598137,0.025211114436388016,0.0007627796148881316,0.5402627061864121,False,
58,OCNT-2534853,3,CYP3A4,4.709392547607422,0.0006035130354575813,0.0007469916599802673,0.0023323725908994675,32,0.7447342065712514,0.014382855966687202,0.0007418999448418617,0.4579605822737537,False,
59,OCNT-2534855,0,CYP1A2,4.804323673248291,0.00216760509647429,0.0013104587560519576,0.00906875915825367,32,0.8733498682418374,0.060578763484954834,0.00041371313272975385,0.5268947042690558,False,
59,OCNT-2534855,1,CYP2C9,4.639296531677246,0.0017445601988583803,0.00018639114568941295,0.008945955894887447,32,0.9019684368548404,0.0503535121679306,0.00047432203427888453,0.6211680308397991,False,
59,OCNT-2534855,2,CYP2D6,4.267894268035889,0.0012445618631318212,0.0002300807391293347,0.004884625785052776,32,0.7733853910196538,0.0308010783046484,0.0012479289434850216,0.5788814948177456,False,
59,OCNT-2534855,3,CYP3A4,4.169161796569824,0.00181716145016253,0.0005333544104360044,0.008084398694336414,32,0.8504491327525273,0.04945318028330803,0.00038548221345990896,0.5621725701396701,False,
60,OCNT-2534856,0,CYP1A2,4.920716285705566,0.0023477536160498857,0.001861466676928103,0.009379714727401733,32,0.847229278628214,0.06365101039409637,0.0004604494897648692,0.513746784510334,False,
60,OCNT-2534856,1,CYP2C9,4.809360504150391,0.0018137531587854028,0.0016784743638709188,0.007491583004593849,32,0.9257517995980834,0.05373102426528931,0.0004760352021548897,0.5680931472043194,False,
60,OCNT-2534856,2,CYP2D6,4.386045932769775,0.0011713597923517227,0.0002602271852083504,0.004552444443106651,32,0.8027818633096704,0.030091341584920883,0.0011639830190688372,0.6124932761661163,False,
60,OCNT-2534856,3,CYP3A4,4.430047988891602,0.0013624189887195826,0.0011187699856236577,0.005161923356354237,32,0.816677633678408,0.035605289041996,0.000224308532779105,0.5040454273595809,False,
61,OCNT-2534857,0,CYP1A2,4.823379993438721,0.0027619118336588144,0.0017150817438960075,0.009521926753222942,32,0.7836909269889918,0.06926377862691879,0.0005719363689422607,0.5103114831783195,False,
61,OCNT-2534857,1,CYP2C9,4.666929244995117,0.002076635602861643,0.001462492742575705,0.009508996270596981,32,0.9522004734681296,0.0632762536406517,0.00035180014674551785,0.571554020632018,False,
61,OCNT-2534857,2,CYP2D6,4.657125473022461,0.000696724106092006,0.00011268391972407699,0.002850470831617713,32,0.7441991850836424,0.01659228652715683,0.0019397130236029625,0.5419005101241013,False,
61,OCNT-2534857,3,CYP3A4,4.351863384246826,0.0018834058428183198,0.0013273925287649035,0.008116302080452442,32,0.8680227089785489,0.0523151271045208,0.00033050234196707606,0.5771716884587841,False,
62,OCNT-2534858,0,CYP1A2,5.377274513244629,0.00046096614096313715,0.0004778677539434284,0.0017632273957133293,32,0.6466809979635308,0.009539344348013401,0.0015869311755523086,0.5048879193197444,False,
62,OCNT-2534858,1,CYP2C9,4.987129211425781,0.001272522029466927,0.0009457170963287354,0.006828403566032648,32,0.9872704857102581,0.04020266607403755,0.00041088912985287607,0.5939895868701419,False,
62,OCNT-2534858,2,CYP2D6,4.366786003112793,0.001105461036786437,9.59113021963276e-05,0.004861881025135517,32,0.7745635999153939,0.027400244027376175,0.0004520037036854774,0.6126334116157206,False,
62,OCNT-2534858,3,CYP3A4,4.673768043518066,0.0015479079447686672,0.0009005414322018623,0.007571519818156958,32,0.8790595857290816,0.04354278743267059,0.0002849418087862432,0.5550947515756053,False,
63,OCNT-2534860,0,CYP1A2,3.977924346923828,0.004699267912656069,0.002322437474504113,0.017689453437924385,32,0.8722630104276302,0.1311682015657425,0.0003878384013660252,0.5832651057108569,False,
63,OCNT-2534860,1,CYP2C9,3.966919422149658,0.0036417949013412,0.0009955550776794553,0.01424365397542715,32,0.8991109091634757,0.10478036850690842,0.00011367598926881328,0.6037541276660197,False,
63,OCNT-2534860,2,CYP2D6,4.808444023132324,0.0010698196711018682,0.00013593542098533362,0.004169607535004616,32,0.7650970451166106,0.02619275264441967,0.0006471971864812076,0.5658963666279277,False,
63,OCNT-2534860,3,CYP3A4,3.619174003601074,0.004038965329527855,0.0012952302349731326,0.0165126770734787,32,0.9192740300973254,0.11881360411643982,8.586591138737276e-05,0.5932888900387052,False,
64,OCNT-2534861,0,CYP1A2,4.114394187927246,0.0042599886655807495,0.0023113549686968327,0.015782563015818596,32,0.8608700404707357,0.11735376715660095,0.00032867264235392213,0.549823729559882,False,
64,OCNT-2534861,1,CYP2C9,4.033781051635742,0.0035584163852036,0.001273097936064005,0.015021474100649357,32,0.896923414580237,0.10213235020637512,0.00021727879357058555,0.6326649585794757,False,
64,OCNT-2534861,2,CYP2D6,4.672092437744141,0.0008735351148061454,7.723156886640936e-05,0.00364819192327559,32,0.7563131494509611,0.02114155702292919,0.0010570052545517683,0.5458139866186742,False,
64,OCNT-2534861,3,CYP3A4,3.6031758785247803,0.0045168437063694,0.0017453645123168826,0.01930859312415123,32,0.9277266073883641,0.13409297168254852,0.00015940087905619293,0.5997247892508877,False,
65,OCNT-2534862,0,CYP1A2,4.152565002441406,0.0044739642180502415,0.002574411453679204,0.016944704577326775,32,0.8644008192471145,0.12375382333993912,0.0002658195444382727,0.5775686245440887,False,
65,OCNT-2534862,1,CYP2C9,4.120136737823486,0.0033493381924927235,0.0008700632606633008,0.01379026472568512,32,0.87962232138041,0.09427716583013535,0.00023444222460966557,0.6331451874698998,False,
65,OCNT-2534862,2,CYP2D6,4.756229877471924,0.0009120957111008465,0.00012137896555941552,0.0037009648513048887,32,0.7376894472299846,0.021531224250793457,0.0008591106161475182,0.5471666128000989,False,
65,OCNT-2534862,3,CYP3A4,3.7608184814453125,0.003924533724784851,0.0011725875083357096,0.016585376113653183,32,0.9107625793940078,0.11437848210334778,0.0001470970455557108,0.5974726662371128,False,
66,OCNT-2534863,0,CYP1A2,3.9974470138549805,0.004399780184030533,0.0020935777574777603,0.01656557247042656,32,0.8563434713739453,0.12056741118431091,0.00041598352254368365,0.5517455296938389,False,
66,OCNT-2534863,1,CYP2C9,4.041908264160156,0.00294734095223248,0.0007727849297225475,0.011316226795315742,32,0.8671257824326676,0.08178316801786423,0.00021987612126395106,0.5729733489067567,False,
66,OCNT-2534863,2,CYP2D6,4.890738487243652,0.0009383563883602619,0.00013472620048560202,0.003187722060829401,32,0.7806676874351793,0.023441674187779427,0.0006880128057673573,0.6462391739335767,False,
66,OCNT-2534863,3,CYP3A4,3.7012181282043457,0.003372377483174205,0.0010286304168403149,0.013556526042521,32,0.9086007261194219,0.09805291891098022,0.0001775730779627338,0.586230960992743,False,
67,OCNT-2534864,0,CYP1A2,3.5798187255859375,0.0069799888879060745,0.0045501356944441795,0.025523439049720764,32,0.9040116174335817,0.20192000269889832,0.0003333931672386825,0.5445449996798317,False,
67,OCNT-2534864,1,CYP2C9,3.792250394821167,0.0042703114449977875,0.0027654601726680994,0.015615849755704403,32,0.9049250685554044,0.12365826964378357,8.506757149007171e-05,0.5902150568484218,False,
67,OCNT-2534864,2,CYP2D6,4.898629665374756,0.0009370043408125639,0.0001317303831456229,0.0038431300781667233,32,0.7888701425491854,0.023653844371438026,0.0007603854755870998,0.5702624580856651,False,
67,OCNT-2534864,3,CYP3A4,3.502483367919922,0.00433318130671978,0.0021691357251256704,0.016970468685030937,32,0.9368515221927006,0.1299058198928833,5.964347656117752e-05,0.5482981851888936,False,
68,OCNT-2534866,0,CYP1A2,4.895508766174316,0.0010957627091556787,0.0005032258341088891,0.004462232813239098,32,0.8666443087905941,0.030388645827770233,0.00033420955878682435,0.4938982118249416,False,
68,OCNT-2534866,1,CYP2C9,4.641180038452148,0.0018051483202725649,0.0004270712670404464,0.009285056963562965,2,1.001273110818067,0.003614912973716855,0.000174759014043957,0.5860676036870178,False,
68,OCNT-2534866,2,CYP2D6,4.340738773345947,0.0011442372342571616,0.00015871426148805767,0.004727007821202278,32,0.6578121015263565,0.02408638969063759,0.000709894928149879,0.5256596592035463,False,
68,OCNT-2534866,3,CYP3A4,4.343801021575928,0.0017361234640702605,0.00030459914705716074,0.008516866713762283,20,0.9657973871471036,0.03353506326675415,0.00017795960593502969,0.5778545459764437,False,
69,OCNT-2534867,0,CYP1A2,5.287194728851318,0.0005344507517293096,0.00030802038963884115,0.0023826095275580883,32,0.7987650096719933,0.01366107352077961,0.0006415473762899637,0.5295718714866204,False,
69,OCNT-2534867,1,CYP2C9,5.170529365539551,0.0004206474113743752,0.0001905855315271765,0.0017780459020286798,8,0.9831904663060891,0.0033086908515542746,0.005650185979902744,0.644778723535279,True,curved
69,OCNT-2534867,2,CYP2D6,4.353443622589111,0.0008955664234235883,0.0001989024895010516,0.003188913222402334,32,0.6474790681760426,0.018555743619799614,0.0011333940783515573,0.614736253356905,False,
69,OCNT-2534867,3,CYP3A4,4.832375526428223,0.0013580634258687496,0.0014524100115522742,0.005074298940598965,2,1.0008782195918686,0.0027185322251170874,0.000883707485627383,0.5772026662447012,False,
70,OCNT-2534868,0,CYP1A2,5.191810607910156,0.0010793361579999328,0.00026362048811279237,0.004718296695500612,32,0.8576211979989753,0.029621444642543793,0.00042092439252883196,0.4975992659384052,False,
70,OCNT-2534868,1,CYP2C9,4.89307975769043,0.0018325658747926354,0.000623655563686043,0.009169342927634716,32,0.984119263498909,0.05771114304661751,0.00017059480887837708,0.5697104823573901,False,
70,OCNT-2534868,2,CYP2D6,4.521618843078613,0.0009107488440349698,0.00013161456445232034,0.00396280363202095,32,0.7129406399169952,0.020778143778443336,0.0007666801102459431,0.5422388955372124,False,
70,OCNT-2534868,3,CYP3A4,4.692079544067383,0.0015336532378569245,0.0005710535333491862,0.006813707761466503,32,0.8575098400753438,0.04208420217037201,0.00024808806483633816,0.5261633524428998,False,
71,OCNT-2534869,0,CYP1A2,5.277683258056641,0.0007798334117978811,0.0003557082382030785,0.0033729947172105312,32,0.7947210546825846,0.019832255318760872,0.00038887152913957834,0.49201310497164563,False,
71,OCNT-2534869,1,CYP2C9,4.935861587524414,0.0017363348742946982,0.0009716644999571145,0.007974148727953434,32,0.9483912630665128,0.05269549787044525,0.00015984610945452005,0.6217933183722093,False,
71,OCNT-2534869,2,CYP2D6,4.5595808029174805,0.0011970315827056766,0.00023907200375106186,0.004845552146434784,32,0.6818604845015979,0.026118891313672066,0.000699394557159394,0.5884136669488641,False,
71,OCNT-2534869,3,CYP3A4,4.518723487854004,0.0028394050896167755,0.0008807284175418317,0.011864237487316132,32,0.9469020419644604,0.08603673428297043,0.00021822976123075932,0.6224735675903402,False,
72,OCNT-2534870,0,CYP1A2,4.5103607177734375,0.0024912599474191666,0.0024860110133886337,0.009352053515613079,32,0.8253613639591607,0.0657983347773552,0.0004983535036444664,0.4939607993054649,False,
72,OCNT-2534870,1,CYP2C9,4.404698848724365,0.001836735405959189,0.00014681335596833378,0.007841471582651138,4,0.9977871748582684,0.007330724038183689,0.0005804788088425994,0.600265945071375,False,
72,OCNT-2534870,2,CYP2D6,4.752750873565674,0.0011689489474520087,0.00016268894250970334,0.004125334322452545,32,0.7592046847824545,0.028399331495165825,0.0007051834836602211,0.6226499418285567,False,
72,OCNT-2534870,3,CYP3A4,4.0054216384887695,0.0021684770472347736,0.0002938993857242167,0.009541574865579605,4,0.9989967393075283,0.008665245957672596,0.0004369652597233653,0.57123694503788,False,
73,OCNT-2534871,0,CYP1A2,5.575189113616943,0.0007686448516324162,8.521660492988303e-05,0.0033044549636542797,32,0.7685159737583317,0.018903153017163277,0.0004143127880524844,0.517934336850377,False,
73,OCNT-2534871,1,CYP2C9,5.391483783721924,0.0005948665784671903,0.00029940909007564187,0.002521489281207323,32,0.8898341861918913,0.01693892851471901,0.0008801447693258524,0.5071183616748093,False,
73,OCNT-2534871,2,CYP2D6,4.645939350128174,0.0009430039790458977,0.00012550414248835295,0.003728835377842188,32,0.7391179459698011,0.022303953766822815,0.0006015942199155688,0.5830545146389436,False,
73,OCNT-2534871,3,CYP3A4,5.147921562194824,0.001109365257434547,0.0008483806741423905,0.004669763147830963,19,0.9652809592330778,0.020346317440271378,0.0006360221887007356,0.503170274609504,False,
74,OCNT-2534872,0,CYP1A2,5.091099739074707,0.0011044155107811093,0.00024656078312546015,0.004242524970322847,32,0.8386072926135686,0.029637737199664116,0.0003258730284869671,0.4750037172273714,False,
74,OCNT-2534872,1,CYP2C9,4.891491889953613,0.0011005469132214785,0.00045244835200719535,0.004470228683203459,32,0.8425564037498434,0.029673000797629356,0.00037319640978239477,0.5952248063332113,False,
74,OCNT-2534872,2,CYP2D6,4.495548248291016,0.0011767856776714325,0.0002031889307545498,0.0042989663779735565,32,0.6773165347137826,0.025506021454930305,0.0007288808119483292,0.5175679798796547,False,
74,OCNT-2534872,3,CYP3A4,4.562308311462402,0.0015164847718551755,0.0012906815391033888,0.0054618725553154945,32,0.8874636571706933,0.043066687881946564,8.089524635579437e-05,0.548275509893108,False,
75,OCNT-2534873,0,CYP1A2,5.130637168884277,0.0014383059460669756,0.00026795666781254113,0.005416715983301401,32,0.7970846780123597,0.03668670728802681,0.0002663731575012207,0.4868385059676512,False,
75,OCNT-2534873,1,CYP2C9,4.928000450134277,0.001274722395464778,0.0004908660775981843,0.005312630906701088,32,0.8316946910879167,0.03392602130770683,0.00033476678072474897,0.5935768558724508,False,
75,OCNT-2534873,2,CYP2D6,4.52595329284668,0.001080376678146422,0.00023547957243863493,0.0043617188930511475,32,0.6812130217127239,0.023551151156425476,0.0007204088033176959,0.5499836808571832,False,
75,OCNT-2534873,3,CYP3A4,4.562490463256836,0.0017920833779498935,0.0014994078082963824,0.006506702862679958,32,0.8784849834609276,0.05037846788764,4.659728438127786e-05,0.5233716168298492,False,
76,OCNT-2534874,0,CYP1A2,5.119102478027344,0.0013909434201195836,0.00027916740509681404,0.0053270007483661175,32,0.8143440766233517,0.03624686971306801,0.00027259733178652823,0.48555096703504824,False,
76,OCNT-2534874,1,CYP2C9,4.9127726554870605,0.0013150724116712809,0.0005121377180330455,0.005508058704435825,32,0.8371307505795283,0.0352286696434021,0.00032938699587248266,0.593657706789484,False,
76,OCNT-2534874,2,CYP2D6,4.479696273803711,0.0010430356487631798,0.00021530291996896267,0.004235898144543171,32,0.6746518985923478,0.02251816727221012,0.0008755018934607506,0.5546501102861047,False,
76,OCNT-2534874,3,CYP3A4,4.545265197753906,0.0018486111657693982,0.0015271358424797654,0.006745383143424988,32,0.8801259034718751,0.052064619958400726,4.555059058475308e-05,0.5215164613871324,False,
77,OCNT-2534875,0,CYP1A2,4.4472479820251465,0.005004819482564926,0.002876866376027465,0.019947418943047523,2,1.0009291701504668,0.010018959641456604,0.0006152247078716755,0.5793559651869695,False,
77,OCNT-2534875,1,CYP2C9,4.422801494598389,0.0031358571723103523,0.0010631685145199299,0.011502575129270554,32,0.9560960553297262,0.09594208747148514,0.0004239172558300197,0.5626532730408305,False,
77,OCNT-2534875,2,CYP2D6,4.677206993103027,0.0006409361958503723,0.00013234469224698842,0.0026012705639004707,32,0.7056242984114903,0.014472550712525845,0.0035674734972417355,0.5697008253265698,False,
77,OCNT-2534875,3,CYP3A4,4.161764144897461,0.00327584077604115,0.0014163685264065862,0.01225270051509142,32,0.9415593375158919,0.09870105236768723,0.0003134102444164455,0.5664621863751338,False,
78,OCNT-2534877,0,CYP1A2,3.5197832584381104,0.0067707509733736515,0.0037161181680858135,0.02589956298470497,32,0.9410637777784295,0.2038949728012085,0.0005995224928483367,0.557732437085479,False,
78,OCNT-2534877,1,CYP2C9,3.7397255897521973,0.0034772453363984823,0.001487665344029665,0.014725345186889172,2,0.9996878443950679,0.00695233978331089,0.0004200511029921472,0.5600202967645205,False,
78,OCNT-2534877,2,CYP2D6,4.731924057006836,0.0014491686597466469,0.00034460073220543563,0.005488879978656769,32,0.8742225345522953,0.04054094851016998,0.0006635134923271835,0.6651165830398749,False,
78,OCNT-2534877,3,CYP3A4,3.2793612480163574,0.003159871092066169,0.001838248921558261,0.011512400582432747,14,0.9881866880673403,0.04371573403477669,0.0003456708218436688,0.4676778398723167,False,
79,OCNT-2534878,0,CYP1A2,4.201464653015137,0.002761742565780878,0.0010495829628780484,0.013267487287521362,32,0.8248740069784185,0.07289913296699524,0.0004214048385620117,0.5534194010519187,False,
79,OCNT-2534878,1,CYP2C9,4.178050518035889,0.0016632246552035213,0.00048160471487790346,0.007220010738819838,32,0.8501711081681153,0.0452490895986557,0.0004558861255645752,0.5493434575991136,False,
79,OCNT-2534878,2,CYP2D6,4.236199855804443,0.0012226770631968975,0.00028662680415436625,0.005651391111314297,32,0.8071156707742835,0.03157919645309448,0.0007001261110417545,0.5671766312637327,False,
79,OCNT-2534878,3,CYP3A4,2.7589330673217773,0.0036280150525271893,0.0004039056075271219,0.02175217680633068,2,1.0017214492217186,0.0072685410268604755,0.0005631808307953179,0.6686449334176723,False,
80,OCNT-2534879,0,CYP1A2,5.46462869644165,0.0004127832071390003,0.000248950527748093,0.0018404759466648102,32,0.7660991708475812,0.010119697079062462,0.0007281908765435219,0.5237226821387436,False,
80,OCNT-2534879,1,CYP2C9,5.233099937438965,0.0007365912315435708,0.00019242479174863547,0.003864983329549432,2,1.002741445172248,0.0014772411668673158,0.0006470400257967412,0.5964909213921898,False,
80,OCNT-2534879,2,CYP2D6,4.434844493865967,0.0009726352873258293,5.032338958699256e-05,0.0038264445029199123,32,0.6309932517939848,0.01963944360613823,0.0017342622159048915,0.5486684657324783,False,
80,OCNT-2534879,3,CYP3A4,4.909135818481445,0.001461595413275063,0.001057447399944067,0.005985622759908438,32,0.9656672527924599,0.04516558349132538,0.00011827819253085181,0.6046840651292849,False,
81,OCNT-2534881,0,CYP1A2,4.83461332321167,0.00338419689796865,0.0028616248164325953,0.013928853906691074,32,0.9420860960728471,0.10202285647392273,0.0012118970043957233,0.4746034820852797,False,
81,OCNT-2534881,1,CYP2C9,4.758188724517822,0.002831830643117428,0.0014388092095032334,0.0123935267329216,32,0.8494294417883049,0.07697436213493347,0.0008684848435223103,0.4902923107660969,False,
81,OCNT-2534881,2,CYP2D6,4.547723770141602,0.0014047324657440186,0.00014496858057100326,0.005614614579826593,32,0.6403017925982902,0.028782691806554794,0.0013722352450713515,0.5494113854103606,False,
81,OCNT-2534881,3,CYP3A4,4.476221084594727,0.0028304243460297585,0.0009828839683905244,0.013193553313612938,32,0.6815358207867169,0.06172935664653778,0.0008263913332484663,0.45321741329570264,False,
82,OCNT-2534882,0,CYP1A2,4.196094036102295,0.003994097467511892,0.0026454590260982513,0.014332378283143044,32,0.8427422329497515,0.10771209746599197,0.0003141507913824171,0.507733047082668,False,
82,OCNT-2534882,1,CYP2C9,4.073935508728027,0.002796455519273877,0.0015420345589518547,0.011638756841421127,32,0.9200584715850546,0.08233317732810974,0.0001870113774202764,0.5179681736578556,False,
82,OCNT-2534882,2,CYP2D6,4.804513931274414,0.0005392540479078889,0.00018175375589635223,0.002042040228843689,32,0.655275169276767,0.011307722888886929,0.002072622301056981,0.5961213530898548,False,
82,OCNT-2534882,3,CYP3A4,3.822840690612793,0.0029226443730294704,0.0011565948370844126,0.01146448589861393,32,0.9104832022916116,0.08515288680791855,0.00016608834266662598,0.5335999007077262,False,
83,OCNT-2534883,0,CYP1A2,4.889775276184082,0.0016699935076758265,0.0011343875667080283,0.0067980592139065266,32,0.8876233478273295,0.047434691339731216,0.0003944301279261708,0.49708638521795545,False,
83,OCNT-2534883,1,CYP2C9,4.816357612609863,0.0011414458276703954,0.0002954931405838579,0.004771820269525051,32,0.9079114682437,0.033162906765937805,0.0008185361512005329,0.6384680834508577,False,
83,OCNT-2534883,2,CYP2D6,4.354952335357666,0.0011980505660176277,0.00018841565179172903,0.004893013276159763,32,0.7420122599819693,0.028447220101952553,0.0012199698248878121,0.5690851858070555,False,
83,OCNT-2534883,3,CYP3A4,4.349756717681885,0.0013144629774615169,0.0006908843643032014,0.005620093084871769,32,0.8288586169458672,0.034864392131567,0.00045347303966991603,0.5613439261546722,False,
84,OCNT-2534884,0,CYP1A2,5.317269325256348,0.0002775645407382399,3.133590871584602e-05,0.0012189908884465694,32,0.6176668738878915,0.005486355163156986,0.0006596753373742104,0.4894534360235985,False,
84,OCNT-2534884,1,CYP2C9,5.023961067199707,0.0005082920542918146,0.0006072859978303313,0.0020868033170700073,32,0.8606456286951479,0.013998974114656448,0.0006872144876979291,0.5500233268019263,False,
84,OCNT-2534884,2,CYP2D6,4.346200466156006,0.0013462419155985117,0.00026712933322414756,0.005545672960579395,32,0.7833536729898286,0.03374692425131798,0.0010853202547878027,0.6392393104435441,False,
84,OCNT-2534884,3,CYP3A4,4.59832239151001,0.0009972582338377833,0.0008518029353581369,0.004128580912947655,32,0.8768694065501765,0.02798316814005375,0.0006449529901146889,0.6225022328317671,False,
85,OCNT-2534888,0,CYP1A2,4.782615661621094,0.0026426517870277166,0.00014415553596336395,0.01084534078836441,32,0.8148262622355513,0.06890592724084854,0.0003153916622977704,0.5041234819030926,False,
85,OCNT-2534888,1,CYP2C9,4.784319877624512,0.001955886837095022,0.0006437425618059933,0.007108543533831835,32,0.8233960880054692,0.051535289734601974,0.0003459245781414211,0.4764833975530792,False,
85,OCNT-2534888,2,CYP2D6,4.627234935760498,0.0007663749274797738,0.00012735844939015806,0.0029282388277351856,32,0.726482579264258,0.017816489562392235,0.0011210432276129723,0.561256569726741,False,
85,OCNT-2534888,3,CYP3A4,4.527719020843506,0.0023526467848569155,0.0007940187933854759,0.009420034475624561,32,0.8456574800664172,0.06366533786058426,0.00038681065780110657,0.44426584128237245,False,
86,OCNT-2534890,0,CYP1A2,5.5298752784729,0.0006080413586460054,0.0003576145973056555,0.0026329774409532547,32,0.7719983783078349,0.015021269209682941,0.0007369084632955492,0.5257240976930584,False,
86,OCNT-2534890,1,CYP2C9,5.336404800415039,0.000791589030995965,0.00025547962286509573,0.0036476138047873974,32,0.9597313821440326,0.024311117827892303,0.001377590699121356,0.5517438831424316,False,
86,OCNT-2534890,2,CYP2D6,4.466093063354492,0.0010601549874991179,0.0001599201641511172,0.003915994428098202,32,0.7357445900617536,0.024960340932011604,0.0010080906795337796,0.5735764741556385,False,
86,OCNT-2534890,3,CYP3A4,5.031862735748291,0.0006604374502785504,9.58527743932791e-05,0.0032698670402169228,32,0.7464350281876572,0.015775395557284355,0.0010494616581127048,0.5084866544645269,False,
87,OCNT-2534891,0,CYP1A2,5.254436492919922,0.0007087420672178268,0.000305055727949366,0.003102495800703764,32,0.7103943624604995,0.016111791133880615,0.0005918741226196289,0.5233384757801327,False,
87,OCNT-2534891,1,CYP2C9,5.011724948883057,0.0007530929869972169,0.00020401738584041595,0.0033843391574919224,32,0.917690643995419,0.02211569808423519,0.0010318593122065067,0.5228680688155021,False,
87,OCNT-2534891,2,CYP2D6,4.228484153747559,0.0015203093644231558,0.0002903825370594859,0.0058002229779958725,32,0.8042428208237902,0.03912658989429474,0.0008940272382460535,0.6452654669596413,False,
87,OCNT-2534891,3,CYP3A4,4.515353202819824,0.0007255538948811591,0.0001595216162968427,0.003506735898554325,32,0.692366927336933,0.016075406223535538,0.0008114007650874555,0.5247870155447484,False,
88,OCNT-2534892,0,CYP1A2,4.397110939025879,0.003006710670888424,0.00024797915830276906,0.012234922498464584,32,0.8106246644218019,0.07799430191516876,0.00026914928457699716,0.5157113559954671,False,
88,OCNT-2534892,1,CYP2C9,4.279925346374512,0.003053219523280859,0.001268130843527615,0.012865005061030388,32,0.9249253534995487,0.09036830067634583,0.00026116135995835066,0.520813010157915,False,
88,OCNT-2534892,2,CYP2D6,4.6192522048950195,0.001022618031129241,0.00013203876733314246,0.0037498311139643192,32,0.7478470216747699,0.024472618475556374,0.0008260183385573328,0.5321677545451358,False,
88,OCNT-2534892,3,CYP3A4,3.9636693000793457,0.0033827361185103655,0.0015833693323656917,0.013532188721001148,32,0.8994867736534942,0.0973675325512886,0.0001555690250825137,0.5203892721739298,False,
89,OCNT-2534895,0,CYP1A2,4.56495475769043,0.0019297815160825849,0.0005336353206075728,0.009359551593661308,32,0.9140532328862112,0.056445829570293427,0.00032233470119535923,0.5432465176055121,False,
89,OCNT-2534895,1,CYP2C9,4.596800327301025,0.0013167255092412233,0.0005474355421029031,0.006124315317720175,32,0.8467064631725206,0.03567643091082573,0.0007087723934091628,0.548239030198764,False,
89,OCNT-2534895,2,CYP2D6,4.260433197021484,0.0013875534059479833,0.00023540561960544437,0.005206177942454815,32,0.7980020167935928,0.035432908684015274,0.0008281433256343007,0.5786955199604212,False,
89,OCNT-2534895,3,CYP3A4,4.126201152801514,0.0012096691643819213,0.0005870895693078637,0.005421812646090984,32,0.7583441712981716,0.029355300590395927,0.00019645600696094334,0.5414563309405431,False,
90,OCNT-2534896,0,CYP1A2,5.0317463874816895,0.0017582755535840988,0.00042960341670550406,0.0075404951348900795,32,0.8921009268010622,0.05019418150186539,0.00022363572497852147,0.5626810373191788,False,
90,OCNT-2534896,1,CYP2C9,4.993481636047363,0.0009896446717903018,0.00040340711711905897,0.003988571465015411,32,0.8794078237120515,0.027849921956658363,0.00042944244341924787,0.5659798226656347,False,
90,OCNT-2534896,2,CYP2D6,4.745134353637695,0.0007613016059622169,0.00043646787526085973,0.00266496604308486,32,0.5456901076815256,0.013294086791574955,0.0033905236050486565,0.5725029867621796,False,
90,OCNT-2534896,3,CYP3A4,4.784492492675781,0.0009134035790339112,0.000497568747960031,0.003276866627857089,32,0.8378209303490247,0.024488864466547966,0.00012283975956961513,0.502066837967427,False,
91,OCNT-2534899,0,CYP1A2,2.9750030040740967,0.006730216089636087,0.006558928173035383,0.02729698456823826,32,0.9242100152667686,0.19904455542564392,0.000429411738878116,0.5212260649219851,False,
91,OCNT-2534899,1,CYP2C9,3.0700907707214355,0.004628801252692938,0.001511035836301744,0.01942342147231102,2,1.0007682391750439,0.009264734573662281,0.0005320274503901601,0.5626299658117249,False,
91,OCNT-2534899,2,CYP2D6,4.16519021987915,0.001607538666576147,0.00037946703378111124,0.006445192266255617,32,0.8459102551691776,0.04351494088768959,0.0005915444926358759,0.6530033837865117,False,
91,OCNT-2534899,3,CYP3A4,1.8054773807525635,0.005454076919704676,0.0027690723072737455,0.026201579719781876,2,1.0006394437749733,0.010915149003267288,0.0006026381743140519,0.6804448618708763,False,
92,OCNT-2534900,0,CYP1A2,4.351155757904053,0.003270562272518873,0.0010388632072135806,0.013599582016468048,32,0.9285131428928721,0.09717661887407303,0.00013425765791907907,0.5838103181888851,False,
92,OCNT-2534900,1,CYP2C9,4.330018043518066,0.0018824932631105185,0.0011537050595507026,0.008099150843918324,32,0.876896938035819,0.052824363112449646,0.0003311317996121943,0.5282119540541916,False,
92,OCNT-2534900,2,CYP2D6,4.274997711181641,0.0018312693573534489,0.0004716338880825788,0.0076066721230745316,32,0.7246711386136108,0.042466409504413605,0.0009310579625889659,0.5592089282883147,False,
92,OCNT-2534900,3,CYP3A4,3.71689510345459,0.003070593113079667,0.000688512169290334,0.014848066493868828,32,0.9039531007020918,0.08882179856300354,0.00024984459741972387,0.6027883687832576,False,
93,OCNT-2534905,0,CYP1A2,5.008925437927246,0.0013146523851901293,0.0006982919294387102,0.004953018855303526,32,0.8062272848721163,0.03391733393073082,0.00045357237104326487,0.4558131714461039,False,
93,OCNT-2534905,1,CYP2C9,4.8097758293151855,0.001609746366739273,0.0012697335332632065,0.006649172864854336,32,0.8974490548271802,0.04622957855463028,0.00018827662279363722,0.49942921253942196,False,
93,OCNT-2534905,2,CYP2D6,4.5110015869140625,0.0010560282971709967,0.0002933718205895275,0.004128583706915379,32,0.7020049574658167,0.02372301183640957,0.000668905908241868,0.503328394860084,False,
93,OCNT-2534905,3,CYP3A4,4.355077266693115,0.0029227756895124912,0.0014630061341449618,0.011129654943943024,20,0.9694588436518006,0.0566704086959362,0.00015029762289486825,0.4855645811379894,False,
94,OCNT-2534908,0,CYP1A2,5.129395961761475,0.002233174629509449,0.001312455628067255,0.008038747124373913,32,0.7967074901666046,0.056934237480163574,0.0005813096649944782,0.5100303029649338,False,
94,OCNT-2534908,1,CYP2C9,5.067656517028809,0.001029399805702269,0.0011419197544455528,0.003882309887558222,32,0.8170401027664062,0.026914210990071297,0.0007851566188037395,0.547566218899382,False,
94,OCNT-2534908,2,CYP2D6,4.690032005310059,0.0008648402872495353,0.00023881536617409438,0.0034748888574540615,32,0.7610088664735696,0.02106107957661152,0.0011694638524204493,0.5719460639882231,False,
94,OCNT-2534908,3,CYP3A4,4.839756488800049,0.0006839156849309802,0.0003716948558576405,0.002448050770908594,32,0.7344429634739043,0.016073741018772125,0.0002805834519676864,0.5181590252243471,False,
95,OCNT-2534910,0,CYP1A2,5.045887470245361,0.0012680253712460399,0.000672351976390928,0.00592915341258049,32,0.9155372653273123,0.03714987635612488,0.0006603589281439781,0.5279925481267004,False,
95,OCNT-2534910,1,CYP2C9,4.730304718017578,0.001453794538974762,0.0007855932926759124,0.0069556813687086105,32,0.8926126941987035,0.04152590036392212,0.0005902404082007706,0.5940230178565787,False,
95,OCNT-2534910,2,CYP2D6,4.122724533081055,0.0010934114689007401,0.00022717512911185622,0.004234774503856897,32,0.7174064607009001,0.025101684033870697,0.0012050885707139969,0.6191055854586238,False,
95,OCNT-2534910,3,CYP3A4,3.811699390411377,0.0020712523255497217,0.0003298024239484221,0.011197458952665329,32,0.8835685712896927,0.05856327340006828,0.00047260793508030474,0.5217288192029221,False,
96,OCNT-2534912,0,CYP1A2,5.101469993591309,0.0025013922713696957,0.0015164328506216407,0.008739249780774117,32,0.7964217460757265,0.06374947726726532,0.0005841011297889054,0.5164321446461884,False,
96,OCNT-2534912,1,CYP2C9,5.070298194885254,0.0009545329958200455,0.0009278961224481463,0.003647418925538659,32,0.8089007036582591,0.024708176031708717,0.0008449202287010849,0.5472722879213144,False,
96,OCNT-2534912,2,CYP2D6,4.737044334411621,0.0007954079774208367,0.00022744359739590436,0.003200867911800742,32,0.7533189033445554,0.01917450875043869,0.001226523658260703,0.572484254076422,False,
96,OCNT-2534912,3,CYP3A4,4.850814342498779,0.0006472007953561842,0.0003211951698176563,0.0023187040351331234,32,0.7266348436174165,0.01504914928227663,0.00029432051815092564,0.5089862634211213,False,
97,OCNT-2534913,0,CYP1A2,4.33003568649292,0.0035882811062037945,0.001182237290777266,0.014501926489174366,32,0.876980597926239,0.10069957375526428,0.0003351180930621922,0.5821700823554283,False,
97,OCNT-2534913,1,CYP2C9,4.478013038635254,0.0015891189686954021,0.00047335680574178696,0.006831383798271418,32,0.7981226992869503,0.040586236864328384,0.0007394182030111551,0.5393620129119834,False,
97,OCNT-2534913,2,CYP2D6,4.231800079345703,0.0016633698251098394,0.00032924089464358985,0.007334910333156586,32,0.8741570451501152,0.04652976617217064,0.0007234974182210863,0.668075899147386,False,
97,OCNT-2534913,3,CYP3A4,3.8995494842529297,0.0016626960132271051,0.0007686392636969686,0.006144920829683542,32,0.7360167041821624,0.039160940796136856,0.00012362634879536927,0.5512356558252863,False,
98,OCNT-2534915,0,CYP1A2,4.320180416107178,0.0035764069762080908,0.0012258950155228376,0.01458169799298048,32,0.897263350958733,0.10268761217594147,0.0003295007918495685,0.5684824933727772,False,
98,OCNT-2534915,1,CYP2C9,4.473223686218262,0.0016829273663461208,0.000491247046738863,0.007316159550100565,32,0.8019586227202471,0.04318867623806,0.000660011253785342,0.5174227347160612,False,
98,OCNT-2534915,2,CYP2D6,4.121512413024902,0.0016571772284805775,0.00034150475403293967,0.007287473417818546,32,0.8897933555620028,0.047185733914375305,0.0007470430573448539,0.6467886339614828,False,
98,OCNT-2534915,3,CYP3A4,3.8681042194366455,0.0017209001816809177,0.0008019986562430859,0.0067297774367034435,32,0.7402797654546651,0.04076655954122543,0.00012400475679896772,0.5127782147722383,False,
99,OCNT-2534916,0,CYP1A2,3.852097988128662,0.004077093210071325,0.0011035918723791838,0.016406338661909103,32,0.9176324085073103,0.11972102522850037,0.0002421556127956137,0.5311623749512868,False,
99,OCNT-2534916,1,CYP2C9,4.168532848358154,0.0015591314295306802,0.00040644800174050033,0.007151762489229441,32,0.7813328784645699,0.03898267075419426,0.0006870130891911685,0.5150423043518793,False,
99,OCNT-2534916,2,CYP2D6,4.142661094665527,0.0015237786574289203,0.00027069836505688727,0.006818883121013641,32,0.8710986071144385,0.04247584566473961,0.0006496282876469195,0.633001085810912,False,
99,OCNT-2534916,3,CYP3A4,3.556502342224121,0.0018062571762129664,0.0008296807645820081,0.006973559968173504,32,0.7568713760493435,0.04374758154153824,0.00014606118202209473,0.5483776011808427,False,
100,OCNT-2534919,0,CYP1A2,4.303641319274902,0.003650803118944168,0.0012260775547474623,0.014876469038426876,32,0.8881509440135137,0.10375913977622986,0.0003009835781995207,0.5849959095868834,False,
100,OCNT-2534919,1,CYP2C9,4.457281112670898,0.001644119038246572,0.000490887148771435,0.00707218237221241,32,0.7995679574899186,0.04206697270274162,0.0007275171228684485,0.5403786735595568,False,
100,OCNT-2534919,2,CYP2D6,4.177466869354248,0.001757675432600081,0.00035606499295681715,0.007768651004880667,32,0.8709337727747125,0.04898648336529732,0.0006848438060842454,0.6672685211106674,False,
100,OCNT-2534919,3,CYP3A4,3.8591461181640625,0.0017231595702469349,0.0007971101440489292,0.006367013789713383,32,0.7363939605459846,0.0406058132648468,0.00012224912643432617,0.5527830560152451,False,
101,OCNT-2534921,0,CYP1A2,3.8186073303222656,0.004977115895599127,0.002005529124289751,0.019884776324033737,32,0.9159671069238168,0.14588427543640137,0.00031461770413443446,0.5308994431562908,False,
101,OCNT-2534921,1,CYP2C9,4.108850955963135,0.0025394661352038383,0.0012879762798547745,0.011021621525287628,32,0.8897668843024219,0.0723053365945816,0.0004547319549601525,0.5214225350025208,False,
101,OCNT-2534921,2,CYP2D6,4.225909233093262,0.0013767636846750975,0.0002468859893269837,0.006212309934198856,32,0.8646958961153652,0.03809569776058197,0.0007576346397399902,0.6378739768924392,False,
101,OCNT-2534921,3,CYP3A4,3.551779270172119,0.002687013940885663,0.0021434358786791563,0.010250951163470745,32,0.8402395736028354,0.07224780321121216,0.00010385657515143976,0.5638371060217457,False,
102,OCNT-2534922,0,CYP1A2,3.937593698501587,0.004321552347391844,0.002932395087555051,0.017262909561395645,32,0.8901242195274027,0.12309527397155762,0.0002816933556459844,0.5241258902091257,False,
102,OCNT-2534922,1,CYP2C9,4.16019868850708,0.0021269842982292175,0.0003894885303452611,0.009834173135459423,32,0.8903629140851893,0.06060149893164635,0.00021269646822474897,0.5512967924513734,False,
102,OCNT-2534922,2,CYP2D6,4.2316789627075195,0.001344933407381177,0.0003216701152268797,0.006032360251992941,32,0.829106897084612,0.03568325936794281,0.0013314512325450778,0.6418695388240392,False,
102,OCNT-2534922,3,CYP3A4,3.5834126472473145,0.002445714082568884,0.0008137590484693646,0.01006593182682991,32,0.9039946998392924,0.07074949145317078,0.00023125247389543802,0.582065330116086,False,
103,OCNT-2534924,0,CYP1A2,4.77381706237793,0.0025970444548875093,0.0016028218669816852,0.010094113647937775,32,0.9605714952006443,0.07982900738716125,0.0005428366712294519,0.5299694471134391,False,
103,OCNT-2534924,1,CYP2C9,4.516432285308838,0.002505715936422348,0.002292920835316181,0.011370101943612099,8,0.995646171529459,0.019958531484007835,0.0001785755157470703,0.5765728926685187,False,
103,OCNT-2534924,2,CYP2D6,4.616022109985352,0.0011423253454267979,5.5355711083393544e-05,0.00473369937390089,32,0.7324164673533262,0.02677328698337078,0.0009580344776622951,0.6173769661205719,False,
103,OCNT-2534924,3,CYP3A4,4.110879421234131,0.003457990474998951,0.0023314596619457006,0.014117601327598095,32,0.8938853985235662,0.09891379624605179,0.0001919748174259439,0.5244147472530735,False,
104,OCNT-2534925,0,CYP1A2,4.683696746826172,0.002597522921860218,0.0016367927892133594,0.009922390803694725,32,0.9698275971499697,0.08061309158802032,0.0005611027590930462,0.5289810407294827,False,
104,OCNT-2534925,1,CYP2C9,4.268575668334961,0.0035775036085397005,0.00311682908795774,0.015613596886396408,32,0.9566306041289119,0.1095154881477356,0.00018544991326052696,0.6036066452464437,False,
104,OCNT-2534925,2,CYP2D6,4.616300582885742,0.0010869568213820457,5.786408655694686e-05,0.004549292381852865,32,0.7608955617298756,0.026466183364391327,0.0005271046538837254,0.6066016068641191,False,
104,OCNT-2534925,3,CYP3A4,4.018836498260498,0.003327014623209834,0.002227584132924676,0.013224910944700241,32,0.9013428248986503,0.09596127271652222,0.0003228341229259968,0.5413489706052582,False,
105,OCNT-2534927,0,CYP1A2,5.0796098709106445,0.001209238893352449,0.0003283692058175802,0.004904604516923428,32,0.6722450668368678,0.026013171300292015,0.0004810483078472316,0.4750453245346892,False,
105,OCNT-2534927,1,CYP2C9,5.04609489440918,0.0006714874762110412,0.00015580106992274523,0.00317958602681756,32,0.853093471081405,0.01833120360970497,0.001020604046061635,0.5569653782515865,False,
105,OCNT-2534927,2,CYP2D6,4.575026035308838,0.0008207199280150235,6.157223106129095e-05,0.0033864411525428295,32,0.6796749437979409,0.017850546166300774,0.0008619093568995595,0.511157744656864,False,
105,OCNT-2534927,3,CYP3A4,4.717090129852295,0.0009636856848374009,0.0006518131704069674,0.004263635724782944,32,0.883682682203871,0.027251238003373146,0.0003996049053966999,0.5880159747456448,False,
106,OCNT-2534928,0,CYP1A2,5.3072404861450195,0.000994748086668551,0.0004902114160358906,0.0037428175564855337,32,0.6318850589715967,0.02011432871222496,0.0003761956177186221,0.48316621590980924,False,
106,OCNT-2534928,1,CYP2C9,5.130663871765137,0.0008619179716333747,0.0002509339537937194,0.00383601407520473,32,0.9553535730348018,0.026350270956754684,0.0011548824841156602,0.5847751830520457,False,
106,OCNT-2534928,2,CYP2D6,4.5735368728637695,0.0012742107501253486,0.0001721615408314392,0.005144086666405201,32,0.6910354691437766,0.028177015483379364,0.0008988326299004257,0.5647105106176932,False,
106,OCNT-2534928,3,CYP3A4,4.760453224182129,0.000931332353502512,0.0007443733629770577,0.003974589053541422,32,0.825239161550778,0.024594565853476524,0.0006010252400301397,0.5806170722055836,False,
107,OCNT-2534930,0,CYP1A2,5.483899116516113,0.0007538163918070495,0.0005881839897483587,0.003034544875845313,32,0.7785324845148522,0.01878010667860508,0.000624832755420357,0.48676200893152766,False,
107,OCNT-2534930,1,CYP2C9,5.277435302734375,0.0009039955912157893,0.00022835480922367424,0.00412577111274004,32,0.9919014071149826,0.028693901374936104,0.0006244661053642631,0.6367117716047412,False,
107,OCNT-2534930,2,CYP2D6,4.562552452087402,0.001156691461801529,0.00010120210208697245,0.004733874462544918,32,0.6906574553232734,0.025564303621649742,0.000976910232566297,0.5860365998902927,False,
107,OCNT-2534930,3,CYP3A4,4.935664176940918,0.0018087562639266253,0.0005025435821153224,0.008256186731159687,2,1.005117793621367,0.003636046312749386,0.0003179401974193752,0.6205807852108418,False,
108,OCNT-2534933,0,CYP1A2,5.5425872802734375,0.0006776536465622485,0.0005589928478002548,0.00272978562861681,32,0.7247663426665605,0.015716729685664177,0.0007987627759575844,0.4597086718836594,False,
108,OCNT-2534933,1,CYP2C9,5.339694023132324,0.0009798214305192232,0.00023273630358744413,0.004479364491999149,32,0.9597850837058811,0.030093682929873466,0.0009226356633007526,0.538632709702769,False,
108,OCNT-2534933,2,CYP2D6,4.51276969909668,0.0008459355449303985,0.00011311422713333741,0.0032220040448009968,32,0.6293027502814431,0.017035387456417084,0.0014134474331513047,0.5382579250683313,False,
108,OCNT-2534933,3,CYP3A4,5.050329685211182,0.001395410392433405,0.0003393306687939912,0.006720496341586113,18,0.9433410230000938,0.02369443140923977,0.0008285903604701161,0.5017745294034766,False,
109,OCNT-2534934,0,CYP1A2,5.128997325897217,0.0010079251369461417,0.00043233661563135684,0.0038301683962345123,32,0.6871530856220208,0.022163383662700653,0.0005010266904719174,0.4943886824501129,False,
109,OCNT-2534934,1,CYP2C9,4.835891246795654,0.0016848695231601596,0.0006903205648995936,0.008167300373315811,32,0.9773140476611903,0.05269300565123558,0.000205276592168957,0.6394926893700598,False,
109,OCNT-2534934,2,CYP2D6,4.579996585845947,0.0013280360726639628,0.00016138199134729803,0.0053376369178295135,32,0.6585807050832228,0.027988016605377197,0.0007515035104006529,0.5642960499606758,False,
109,OCNT-2534934,3,CYP3A4,4.4243693351745605,0.002398909069597721,0.0006852658116258681,0.010329426266252995,32,0.979775472382064,0.07521286606788635,6.571682752110064e-05,0.5936526417639562,False,
110,OCNT-2534935,0,CYP1A2,5.112834930419922,0.001069716177880764,0.0001684175367699936,0.004749526269733906,32,0.762048214885785,0.026085853576660156,0.000649252615403384,0.5343076933081076,False,
110,OCNT-2534935,1,CYP2C9,5.13307523727417,0.000955746800173074,0.00012066676572430879,0.0034948440734297037,32,0.9427116573979992,0.028832098469138145,0.0002998546988237649,0.5586332877165954,False,
110,OCNT-2534935,2,CYP2D6,4.53562068939209,0.0010147326393052936,0.00038405743543989956,0.0038576992228627205,32,0.6727865489933614,0.02184656634926796,0.0006271727033890784,0.5257178974083947,False,
110,OCNT-2534935,3,CYP3A4,4.85943603515625,0.0009395697270520031,0.0006926760543137789,0.003936616238206625,32,0.7929041348599527,0.02383989281952381,0.0004551979654934257,0.4292159886044196,False,
111,OCNT-2534937,0,CYP1A2,5.340066909790039,0.0005638845032081008,0.00010454265429871157,0.0025613168254494667,32,0.8312330097662636,0.014999287202954292,0.0011364637175574899,0.498220543340513,False,
111,OCNT-2534937,1,CYP2C9,5.110939979553223,0.0010418000165373087,0.0009972872212529182,0.004527974873781204,32,0.9735046617068142,0.03245462104678154,0.0006415762472897768,0.5392795453794936,False,
111,OCNT-2534937,2,CYP2D6,4.5530595779418945,0.0012261572992429137,0.00031587519333697855,0.004407843109220266,32,0.7130135398148947,0.027976764366030693,0.000561569700948894,0.5143451990497623,False,
111,OCNT-2534937,3,CYP3A4,4.790740013122559,0.0015437912661582232,0.0006559586618095636,0.006473100278526545,32,0.9503421041894257,0.04694845899939537,0.0004903818480670452,0.46237159966798147,False,
112,OCNT-2534938,0,CYP1A2,3.914820909500122,0.004082388710230589,0.0011701035546138883,0.016319574788212776,32,0.9105132527880022,0.11894650012254715,0.0002539401757530868,0.5318675677359705,False,
112,OCNT-2534938,1,CYP2C9,4.223910808563232,0.0014831023290753365,0.00039053126238286495,0.006806299556046724,32,0.7779674339897883,0.036922018975019455,0.0006994677241891623,0.5147590674137789,False,
112,OCNT-2534938,2,CYP2D6,4.229680061340332,0.0014678816078230739,0.00026714507839642465,0.006581342779099941,32,0.8656081041774367,0.04065980389714241,0.0006102693732827902,0.6308667634619354,False,
112,OCNT-2534938,3,CYP3A4,3.630950927734375,0.001747220871038735,0.0007719830027781427,0.006927647162228823,32,0.7680275205770442,0.04294148460030556,0.0001624949072720483,0.5559301020435041,False,
113,OCNT-2534939,0,CYP1A2,3.8752357959747314,0.004167094826698303,0.0012055302504450083,0.016589025035500526,32,0.9150816457384181,0.12202371656894684,0.0002517808461561799,0.5303866339235728,False,
113,OCNT-2534939,1,CYP2C9,4.194385528564453,0.0015248798299580812,0.00040218333015218377,0.006984559353441,32,0.7785471813367147,0.03799035772681236,0.0006929518422111869,0.5144429475810763,False,
113,OCNT-2534939,2,CYP2D6,4.185905933380127,0.0014626762131229043,0.00026225208421237767,0.00656083133071661,32,0.8715967647688573,0.04079592227935791,0.0006515627610497177,0.6340240382779896,False,
113,OCNT-2534939,3,CYP3A4,3.597815990447998,0.001770904054865241,0.000819000881165266,0.006871539168059826,32,0.7575674995938914,0.042930781841278076,0.00014800464850850403,0.5495142718197852,False,
114,OCNT-2534942,0,CYP1A2,3.8290302753448486,0.003977214451879263,0.0009848487097769976,0.016168363392353058,32,0.9193600279608535,0.1170080378651619,0.00022964134404901415,0.532228174538486,False,
114,OCNT-2534942,1,CYP2C9,4.141848087310791,0.0015848663169890642,0.00039109447970986366,0.007286670617759228,32,0.7828870724984529,0.039704933762550354,0.0006894685793668032,0.5158563768171839,False,
114,OCNT-2534942,2,CYP2D6,4.095785617828369,0.00158722884953022,0.0002931465860456228,0.007101038005203009,32,0.8688041337758172,0.04412798956036568,0.0006400238489732146,0.6316960533294262,False,
114,OCNT-2534942,3,CYP3A4,3.510674476623535,0.001848877756856382,0.0008427071734331548,0.0071433656848967075,32,0.7567714085863639,0.04477393254637718,0.00014820604701526463,0.5488352885193605,False,
115,OCNT-2534943,0,CYP1A2,3.9188032150268555,0.00424223393201828,0.002883812179788947,0.01705022156238556,32,0.8913197332742719,0.12099826335906982,0.00026544477441348135,0.524592498064487,False,
115,OCNT-2534943,1,CYP2C9,4.134784698486328,0.0021661953069269657,0.00037457613507285714,0.010042772628366947,32,0.8913723941761026,0.061788659542798996,0.00020552494970615953,0.552661121489923,False,
115,OCNT-2534943,2,CYP2D6,4.189218997955322,0.0014009266160428524,0.00034473915002308786,0.006274630315601826,32,0.8272908541340777,0.03708742558956146,0.0012735878117382526,0.640631635258416,False,
115,OCNT-2534943,3,CYP3A4,3.5409326553344727,0.002503894502297044,0.0008255141437985003,0.010317936539649963,32,0.9042752503033699,0.07245500385761261,0.00023414781026076525,0.5827859686856975,False,
116,OCNT-2534947,0,CYP1A2,5.021323204040527,0.0016799034783616662,0.0005195377743802965,0.006157999392598867,32,0.8197669870664158,0.04406840354204178,0.0005115505191497505,0.6202117741547827,False,
116,OCNT-2534947,1,CYP2C9,5.15281867980957,0.0005259725730866194,0.00024901051074266434,0.0017643638420850039,32,0.7553088197983677,0.012712936848402023,0.000951230525970459,0.5735329442144603,False,
116,OCNT-2534947,2,CYP2D6,4.810418128967285,0.0007347637438215315,3.920980452676304e-05,0.002372801536694169,32,0.6789647393534632,0.015964334830641747,0.000355320458766073,0.5437098229032369,False,
116,OCNT-2534947,3,CYP3A4,5.051261901855469,0.00045865552965551615,0.0001424673100700602,0.002008094685152173,32,0.7956271759925099,0.011677656322717667,0.0005531726637855172,0.5072820592918976,False,
117,OCNT-2534948,0,CYP1A2,4.6213555335998535,0.002287931740283966,0.0008561247959733009,0.009565371088683605,32,0.890128619288041,0.06516999751329422,0.0005888180457986891,0.5582774989049164,False,
117,OCNT-2534948,1,CYP2C9,4.7540507316589355,0.0007909194682724774,0.00023677288845647126,0.0037437528371810913,32,0.7923220237392806,0.02005346678197384,0.001100765890441835,0.5220565477767485,False,
117,OCNT-2534948,2,CYP2D6,4.557193279266357,0.0010095834732055664,0.00020701791800092906,0.0037232364993542433,32,0.7323479140598705,0.023659957572817802,0.0005544514278881252,0.5962900637428229,False,
117,OCNT-2534948,3,CYP3A4,4.452691555023193,0.0008242152980528772,0.00023543585848528892,0.003901092102751136,32,0.7979105179415896,0.021045057103037834,0.0006325389258563519,0.5648227260035009,False,
118,OCNT-2534949,0,CYP1A2,4.871689796447754,0.0027810214087367058,5.034953574067913e-05,0.013653526082634926,2,1.004030917695666,0.0055844830349087715,0.0013331345980986953,0.715829807920491,False,
118,OCNT-2534949,1,CYP2C9,4.590184688568115,0.00199398142285645,0.0016783374594524503,0.008075537160038948,32,0.8742530522662165,0.05578409880399704,0.0009762256522662938,0.6814052127400099,False,
118,OCNT-2534949,2,CYP2D6,4.677251815795898,0.0012195485178381205,0.00018985137285199016,0.004156744107604027,32,0.7491214215487285,0.0292351171374321,0.0001546731509733945,0.4766697726735123,False,
118,OCNT-2534949,3,CYP3A4,4.4334235191345215,0.0024188756942749023,0.0012871334329247475,0.009538424201309681,32,0.8997220670909617,0.06964239478111267,0.0007571821915917099,0.6119810796394114,False,
119,OCNT-2534950,0,CYP1A2,4.805122375488281,0.0031116753816604614,8.95971606951207e-06,0.012775805778801441,2,1.0022713796125051,0.006237506400793791,0.0009339749813079834,0.6623023056842714,False,
119,OCNT-2534950,1,CYP2C9,4.704705238342285,0.0026576148811727762,0.0018298180075362325,0.010767947882413864,32,0.9157040280379466,0.07787512987852097,0.0005083183641545475,0.6542265731117594,False,
119,OCNT-2534950,2,CYP2D6,4.89877986907959,0.0013270023046061397,0.00020491784380283207,0.004604674875736237,32,0.7466330514463801,0.03170531988143921,0.00015572617121506482,0.43561093539942,False,
119,OCNT-2534950,3,CYP3A4,4.514945983886719,0.003490930423140526,0.001855824259109795,0.014115461148321629,32,0.8987548280323054,0.10039998590946198,0.000383150385459885,0.6365253578267889,False,
120,OCNT-2534951,0,CYP1A2,4.851963996887207,0.002082637045532465,0.00014077081868890673,0.007870654575526714,32,0.7973256540376512,0.053137533366680145,0.0004493088345043361,0.585773092796619,False,
120,OCNT-2534951,1,CYP2C9,4.6501994132995605,0.002524610375985503,0.0017260611057281494,0.010058170184493065,32,0.9396296990941186,0.07591066509485245,0.0002867660659831017,0.6280474598250847,False,
120,OCNT-2534951,2,CYP2D6,4.930262565612793,0.0009768158197402954,8.258951856987551e-05,0.003489229129627347,32,0.7063180660758415,0.022078391164541245,0.00023078377125784755,0.4198270282013713,False,
120,OCNT-2534951,3,CYP3A4,4.424910545349121,0.0036013885401189327,0.0016742815496399999,0.014567075297236443,32,0.9320485198017159,0.10741370171308517,0.00012412035721354187,0.6338337326380404,False,
121,OCNT-2534952,0,CYP1A2,4.563097953796387,0.003394518746063113,0.00039438187377527356,0.01434702891856432,2,1.0032205085733434,0.006810921709984541,0.0005438083899207413,0.5616938318789937,False,
121,OCNT-2534952,1,CYP2C9,4.397765159606934,0.0028110418934375048,0.0015908298082649708,0.011542804539203644,32,0.9182599834721711,0.08260084688663483,0.00046489996020682156,0.5765020369547984,False,
121,OCNT-2534952,2,CYP2D6,4.550015449523926,0.001508846995420754,0.00016973030869849026,0.006262936629354954,32,0.7934362756175669,0.038309819996356964,0.0002571931399870664,0.6240953495344919,False,
121,OCNT-2534952,3,CYP3A4,4.108272075653076,0.0030038952827453613,0.0015436572721228004,0.012150448746979237,32,0.915178691608511,0.0879715234041214,0.0005241307080723345,0.5496206585660057,False,
122,OCNT-2534953,0,CYP1A2,4.8523783683776855,0.001981203444302082,0.0006820569396950305,0.00846074242144823,32,0.8230750666213981,0.052181996405124664,0.0005363849340938032,0.5512820667860548,False,
122,OCNT-2534953,1,CYP2C9,4.827091217041016,0.0009516868740320206,0.00015273026656359434,0.003762855427339673,32,0.8880447898175258,0.027044782415032387,0.0013355721021071076,0.5573043742926224,False,
122,OCNT-2534953,2,CYP2D6,4.414228916168213,0.001344173215329647,0.00030036186217330396,0.0051033031195402145,32,0.7890724192901746,0.03394105285406113,0.0007237403769977391,0.6005975851300871,False,
122,OCNT-2534953,3,CYP3A4,4.415092468261719,0.0005805716500617564,4.636459198081866e-05,0.002525494433939457,32,0.5676588797282425,0.010546314530074596,0.000986287952400744,0.5448276624971686,False,
123,OCNT-2534954,0,CYP1A2,4.48384428024292,0.0035176649689674377,0.0019492580322548747,0.01300317607820034,32,0.8594382493524243,0.09674318134784698,0.0003467536298558116,0.545940789698834,False,
123,OCNT-2534954,1,CYP2C9,4.4224748611450195,0.0026690622325986624,0.0006512840045616031,0.010308313183486462,32,0.884101808745422,0.07551141083240509,0.00023598292318638414,0.6232419993238285,False,
123,OCNT-2534954,2,CYP2D6,4.702876567840576,0.0008217252907343209,8.203207835322246e-05,0.003340664319694042,32,0.7115234914337747,0.018709886819124222,0.00113755464553833,0.5332588671281908,False,
123,OCNT-2534954,3,CYP3A4,4.007152557373047,0.0038607600145041943,0.0013637826777994633,0.017043305560946465,32,0.9708566265106076,0.11994413286447525,0.0001530015142634511,0.624244057369396,False,
124,OCNT-2534955,0,CYP1A2,4.684635162353516,0.003085198113694787,0.0022853901609778404,0.01094922237098217,32,0.9312737887712905,0.09194155037403107,0.0004191624466329813,0.5670000969670022,False,
124,OCNT-2534955,1,CYP2C9,4.461115837097168,0.0031024988275021315,0.0017664338229224086,0.012995308265089989,32,0.9349973251422944,0.09282679855823517,0.0004604955611284822,0.5926506486859531,False,
124,OCNT-2534955,2,CYP2D6,4.512995719909668,0.0010317327687516809,0.00011084913421655074,0.00432707741856575,32,0.7265217761787797,0.02398667484521866,0.0006412899820134044,0.5743611408407507,False,
124,OCNT-2534955,3,CYP3A4,4.192393779754639,0.0027573343832045794,0.001317596179433167,0.011744184419512749,32,0.9480858465865866,0.08365437388420105,0.0003142989007756114,0.6089089952779552,False,
125,OCNT-2534956,0,CYP1A2,4.967044830322266,0.0027193978894501925,0.0024143506307154894,0.011568792164325714,32,0.9770337946071548,0.08502250909805298,0.0009146251250058413,0.5041099498106557,False,
125,OCNT-2534956,1,CYP2C9,4.903726577758789,0.001953480066731572,0.0016910474514588714,0.00842828955501318,32,0.8738028909019206,0.05462288856506348,0.0009064620244316757,0.49081816457981225,False,
125,OCNT-2534956,2,CYP2D6,4.539920806884766,0.0010982230305671692,0.00011872331378981471,0.004488016478717327,32,0.6610658610350048,0.02323213964700699,0.0011380920186638832,0.545241620152498,False,
125,OCNT-2534956,3,CYP3A4,4.607590675354004,0.0021132598631083965,0.0011542587308213115,0.010173487477004528,32,0.7777273584192803,0.05259352922439575,0.0007433521095663309,0.48954095467165176,False,
126,OCNT-2534958,0,CYP1A2,3.994637966156006,0.005929718725383282,0.0027639709878712893,0.022580433636903763,32,0.9197816210273471,0.1745297759771347,0.0003019761061295867,0.5923280535079642,False,
126,OCNT-2534958,1,CYP2C9,4.069359302520752,0.0037190315779298544,0.002358045894652605,0.01519861351698637,32,0.9321836244391714,0.11093854904174805,0.00013705907622352242,0.5977859127476219,False,
126,OCNT-2534958,2,CYP2D6,4.952686786651611,0.000854218378663063,9.529430826660246e-05,0.0036119488067924976,32,0.7459966800641515,0.020392049103975296,0.0005822497769258916,0.5485060481042939,False,
126,OCNT-2534958,3,CYP3A4,3.7931928634643555,0.003950747661292553,0.0018709177384153008,0.016322335228323936,32,0.9361937750147472,0.1183575913310051,8.952617645263672e-05,0.577903069512578,False,
127,OCNT-2534959,0,CYP1A2,4.284948348999023,0.004808446858078241,0.002787101548165083,0.01853121630847454,32,0.958037573698215,0.14741383492946625,0.0004782775940839201,0.5606333725400297,False,
127,OCNT-2534959,1,CYP2C9,4.319331169128418,0.0027407482266426086,0.001613421249203384,0.011794446967542171,32,0.9381801815539076,0.0822824016213417,0.00017470301827415824,0.5304236162730949,False,
127,OCNT-2534959,2,CYP2D6,4.720546722412109,0.000768036930821836,0.00019745947793126106,0.0029412510339170694,32,0.716672970413984,0.017614031210541725,0.0012624823721125722,0.6043099543268419,False,
127,OCNT-2534959,3,CYP3A4,4.029715538024902,0.0028415806591510773,0.0015822495333850384,0.011930771172046661,32,0.9294702607593361,0.08451756834983826,8.753935253480449e-05,0.6015967859526633,False,
128,OCNT-2534960,0,CYP1A2,4.229021072387695,0.0026840222999453545,0.0012816053349524736,0.01246846653521061,32,0.8646244938457193,0.07426176220178604,0.0005128916236571968,0.5460032419545114,False,
128,OCNT-2534960,1,CYP2C9,4.090628147125244,0.0017370346467942,0.00045230123214423656,0.007285769097507,32,0.8258807382249477,0.04590693488717079,0.0007677764515392482,0.5667352009495563,False,
128,OCNT-2534960,2,CYP2D6,3.711972236633301,0.0014912619953975081,0.0003492156392894685,0.006013807374984026,32,0.8254393980703439,0.039390549063682556,0.0009647761471569538,0.6376272176931972,False,
128,OCNT-2534960,3,CYP3A4,2.6824872493743896,0.003230061149224639,0.0003072989056818187,0.018086804077029228,32,0.9799769372502326,0.10129264742136002,0.0006189698469825089,0.6662164560438643,False,
129,OCNT-2534962,0,CYP1A2,4.155294895172119,0.003326325211673975,0.0023617655970156193,0.014874279499053955,32,0.9291918326792176,0.09890571236610413,0.0006322996341623366,0.5353555438048103,False,
129,OCNT-2534962,1,CYP2C9,4.0335235595703125,0.002632810501381755,0.0005810006405226886,0.011442406103014946,32,0.8735238427547476,0.0735946074128151,0.0005976629909127951,0.5871342249614148,False,
129,OCNT-2534962,2,CYP2D6,3.7902727127075195,0.0014444958651438355,0.00037840884760953486,0.00604501785710454,32,0.8668708234615035,0.04007039964199066,0.0009664297103881836,0.5908593538295662,False,
129,OCNT-2534962,3,CYP3A4,2.6195671558380127,0.003597225295379758,0.00034811499062925577,0.021157806739211082,32,0.9902233092588049,0.11398611962795258,0.0005930896732024848,0.6656251989217061,False,
130,OCNT-2534963,0,CYP1A2,3.9591550827026367,0.004936899058520794,0.0035148090682923794,0.020304294303059578,32,0.9535367233785976,0.15064077079296112,0.0005331418942660093,0.5317101404716802,False,
130,OCNT-2534963,1,CYP2C9,3.8264176845550537,0.0032706400379538536,0.0009195348247885704,0.013922054320573807,32,0.9543406666125027,0.09988205879926682,0.00042648386443033814,0.580932268884622,False,
130,OCNT-2534963,2,CYP2D6,4.111443042755127,0.0011186311021447182,0.0003854157403111458,0.0044929590076208115,32,0.822911608450677,0.029457367956638336,0.0011573027586564422,0.6540190957892528,False,
130,OCNT-2534963,3,CYP3A4,2.7651736736297607,0.004257507156580687,0.001557295210659504,0.022223684936761856,2,1.000881173637333,0.008522537536919117,0.00040268717566505075,0.6719460704101035,False,
131,OCNT-2534964,0,CYP1A2,3.8401238918304443,0.003761363448575139,0.0004773677501361817,0.016997668892145157,32,0.9316166144032344,0.11213305592536926,0.0002952696813736111,0.5471325350019853,False,
131,OCNT-2534964,1,CYP2C9,3.7494897842407227,0.003051306353881955,0.0009731464670039713,0.014270644634962082,32,0.8678746440126504,0.08474112302064896,0.00028550534625537694,0.5379568817463559,False,
131,OCNT-2534964,2,CYP2D6,3.990252733230591,0.0013276776298880577,0.00045520398998633027,0.00568418949842453,32,0.8274540067328633,0.03515521436929703,0.0008294076542370021,0.6486418457055416,False,
131,OCNT-2534964,3,CYP3A4,2.571575403213501,0.00427520927041769,0.0010709724156185985,0.022619571536779404,32,0.9422957648956428,0.12891267240047455,0.0004414184659253806,0.6542923900951354,False,
132,OCNT-2534965,0,CYP1A2,4.742654800415039,0.0014310423284769058,0.0006088838563300669,0.007011708803474903,32,0.9731270304171459,0.044563062489032745,0.0007160414243116975,0.5487917505118203,False,
132,OCNT-2534965,1,CYP2C9,4.531054973602295,0.0010690003400668502,0.0004823982308153063,0.004750832449644804,32,0.9050579180870711,0.03096052072942257,0.0008141425787471235,0.597577594894811,False,
132,OCNT-2534965,2,CYP2D6,3.952767848968506,0.0012640816858038306,0.00027264212258160114,0.004868623800575733,32,0.7128300428973389,0.028834640979766846,0.0009131350088864565,0.6110835431828323,False,
132,OCNT-2534965,3,CYP3A4,3.5652592182159424,0.0018333537736907601,0.00022601142700295895,0.009593453258275986,32,0.9241104356463394,0.05421537905931473,0.000651854439638555,0.5674765115213831,False,
133,OCNT-2534966,0,CYP1A2,5.05800724029541,0.0024873290676623583,0.0017631937516853213,0.009198186919093132,32,0.7672039081208254,0.06106548011302948,0.00047386865480802953,0.5134002130799447,False,
133,OCNT-2534966,1,CYP2C9,4.9454522132873535,0.0013243401190266013,0.0003204082022421062,0.006040365435183048,32,0.9283595197188886,0.03934313729405403,0.0008432711474597454,0.6068773892162247,False,
133,OCNT-2534966,2,CYP2D6,4.610217094421387,0.0009730796446092427,0.0001714706013444811,0.003890764433890581,32,0.7622182596604153,0.02373461425304413,0.0011192812817171216,0.5749208155602732,False,
133,OCNT-2534966,3,CYP3A4,4.5688676834106445,0.0014541285345330834,0.00020871197921223938,0.007024908903986216,32,0.9836934084713903,0.04577364772558212,0.0003616150643210858,0.6264565010453507,False,
134,OCNT-2534967,0,CYP1A2,5.128631591796875,0.0024011977948248386,0.0017256727442145348,0.00877175573259592,32,0.7514316524548835,0.05773899331688881,0.00046976408339105546,0.500656819960303,False,
134,OCNT-2534967,1,CYP2C9,5.022953510284424,0.0013344151666387916,0.00032181094866245985,0.0058748312294483185,32,0.9408652987166493,0.04017645865678787,0.00089100725017488,0.5880232594477739,False,
134,OCNT-2534967,2,CYP2D6,4.62644624710083,0.0009614539449103177,0.00017937847587745637,0.0038011400029063225,32,0.7662071824979232,0.023573778569698334,0.0010989101137965918,0.569631869104555,False,
134,OCNT-2534967,3,CYP3A4,4.7083611488342285,0.0011203426402062178,0.00016070203855633736,0.004657933488488197,32,0.9272724800310563,0.03324390947818756,0.0002702817728277296,0.564357538120896,False,
135,OCNT-2534968,0,CYP1A2,5.0725202560424805,0.0023879383224993944,0.0017252994002774358,0.008696085773408413,32,0.7500610889210343,0.05731542780995369,0.00047825684305280447,0.5010345230972447,False,
135,OCNT-2534968,1,CYP2C9,4.960083961486816,0.0013170639285817742,0.00031531573040410876,0.00581636605784297,32,0.942861502527437,0.039738185703754425,0.0009138231980614364,0.5878248429291002,False,
135,OCNT-2534968,2,CYP2D6,4.6101813316345215,0.0009722427348606288,0.00017006466805469245,0.003887730184942484,32,0.7603922100482786,0.023657388985157013,0.0011242094915360212,0.5761953239035278,False,
135,OCNT-2534968,3,CYP3A4,4.599880695343018,0.0013421876356005669,0.0008245125063695014,0.005735349841415882,32,0.8874708106263696,0.03811715915799141,0.0005043781129643321,0.5900070713664269,False,
136,OCNT-2534969,0,CYP1A2,4.623788356781006,0.004062677267938852,0.0008882370311766863,0.01601034216582775,2,1.0029647961094317,0.00814946461468935,0.0005851695314049721,0.5557260482094833,False,
136,OCNT-2534969,1,CYP2C9,4.5634965896606445,0.002957731019705534,0.0017400317592546344,0.01345696859061718,2,1.0027029021962757,0.005931471008807421,0.00037275481736287475,0.5946621876615619,False,
136,OCNT-2534969,2,CYP2D6,4.659484386444092,0.0013627769658342004,0.00014636092237196863,0.0055108703672885895,32,0.7767502232937837,0.03387344256043434,0.0003631638828665018,0.5832790203056808,False,
136,OCNT-2534969,3,CYP3A4,4.275010108947754,0.0031767641194164753,0.0018030762439593673,0.013246414251625538,32,0.9776449136081176,0.09938422590494156,0.0004232896026223898,0.6044098351528339,False,
137,OCNT-2534972,0,CYP1A2,5.019382953643799,0.0024090951774269342,0.0010166865540668368,0.009324618615210056,2,1.0019209429435887,0.004827465862035751,0.00047488283598795533,0.6497067166688091,False,
137,OCNT-2534972,1,CYP2C9,4.662383079528809,0.003623954253271222,0.002303700428456068,0.015025747939944267,32,0.9566074344214989,0.11093475669622421,0.00023656361736357212,0.6153881697207656,False,
137,OCNT-2534972,2,CYP2D6,4.796020984649658,0.0014839936047792435,0.0003275468770880252,0.005266821943223476,32,0.8002419989801621,0.03800198435783386,0.00016264842997770756,0.5152884175040016,False,
137,OCNT-2534972,3,CYP3A4,4.562335968017578,0.0034794881939888,0.0017753717256709933,0.013717188499867916,32,0.9245199431495698,0.10293969511985779,0.00040625082328915596,0.6383280596202455,False,
138,OCNT-2534974,0,CYP1A2,4.83064603805542,0.0032444573007524014,0.0023018945939838886,0.012503892183303833,32,0.9198994269341673,0.09550667554140091,0.0005377585184760392,0.5307501744087539,False,
138,OCNT-2534974,1,CYP2C9,4.712393760681152,0.0023198940325528383,0.0018664785893633962,0.010776985436677933,8,0.9930195138190435,0.018429679796099663,0.00025432941038161516,0.5240569312530864,False,
138,OCNT-2534974,2,CYP2D6,4.664248466491699,0.0008619888685643673,0.00011283079220447689,0.003585390280932188,32,0.7271733935803172,0.020058324560523033,0.0009574601426720619,0.5810825280740162,False,
138,OCNT-2534974,3,CYP3A4,4.382908344268799,0.002593135694041848,0.0011560431448742747,0.011224347166717052,32,0.9351657455481048,0.07760067284107208,0.00025575089966878295,0.5456096136398798,False,
139,OCNT-2534975,0,CYP1A2,4.0786967277526855,0.003668440505862236,0.0011658521834760904,0.016177097335457802,2,1.0005484335433381,0.0073409248143434525,0.0005707126692868769,0.5407254248572027,False,
139,OCNT-2534975,1,CYP2C9,3.884005069732666,0.0029301904141902924,0.001462564803659916,0.014355607330799103,2,1.000211046966012,0.005861637648195028,0.000350627931766212,0.5770198338004564,False,
139,OCNT-2534975,2,CYP2D6,4.1627702713012695,0.0014063792768865824,0.00021185100194998085,0.005539862439036369,32,0.8078107860237518,0.03635508567094803,0.0006881446461193264,0.6302638513499417,False,
139,OCNT-2534975,3,CYP3A4,2.805419921875,0.00410199211910367,0.001962295500561595,0.021555623039603233,2,0.9999872318015388,0.00820389948785305,0.00037605472607538104,0.6346333007591336,False,
140,OCNT-2534976,0,CYP1A2,4.501709938049316,0.004802319221198559,0.0011295352596789598,0.021088888868689537,2,1.0032442328545497,0.00963581819087267,0.000533504004124552,0.6048548552083723,False,
140,OCNT-2534976,1,CYP2C9,4.394635200500488,0.004011834971606731,0.0020399654749780893,0.018144503235816956,32,0.9878152120145844,0.12681476771831512,0.00042937378748320043,0.5324289586865194,False,
140,OCNT-2534976,2,CYP2D6,4.517303943634033,0.000884195149410516,0.0001949098368640989,0.003784072818234563,32,0.7979264027361453,0.02257698029279709,0.0017121415585279465,0.6019606425211124,False,
140,OCNT-2534976,3,CYP3A4,4.022054672241211,0.0040756287053227425,0.0022283652797341347,0.01770719699561596,32,0.9769197905118518,0.12741030752658844,0.000425774953328073,0.5623413306879808,False,
141,OCNT-2534977,0,CYP1A2,4.260909557342529,0.0022249999456107616,0.0008771602879278362,0.011009255424141884,32,0.9460509271705807,0.06735912710428238,0.00048343429807573557,0.5393009203241568,False,
141,OCNT-2534977,1,CYP2C9,3.989680767059326,0.0025089108385145664,0.0006698159268125892,0.01147968415170908,32,0.9473476233753381,0.07605824619531631,0.0004380110476631671,0.5977243553145363,False,
141,OCNT-2534977,2,CYP2D6,3.7165727615356445,0.001764180837199092,0.0004661202256102115,0.0070504480972886086,32,0.8475441060302666,0.04784734547138214,0.0008876007632352412,0.6828466272604474,False,
141,OCNT-2534977,3,CYP3A4,2.66401743888855,0.003159385407343507,0.0015772765036672354,0.015745926648378372,32,0.8539477536369552,0.08633467555046082,0.00044076552148908377,0.5423478624142797,False,
142,OCNT-2534978,0,CYP1A2,4.732088088989258,0.001770113012753427,0.0007861863123252988,0.006749613210558891,32,0.8364301548518769,0.047378696501255035,0.0003489743685349822,0.49271024262704033,False,
142,OCNT-2534978,1,CYP2C9,4.430438995361328,0.002660102443769574,0.0016874863067641854,0.012304325588047504,32,0.9516701695893621,0.08100958913564682,0.00021783601550851017,0.6111297673596081,False,
142,OCNT-2534978,2,CYP2D6,4.521976470947266,0.0010530297877267003,7.714148523518816e-05,0.004438888747245073,32,0.7686333564901614,0.02590084820985794,0.0006848031771369278,0.5624360652994227,False,
142,OCNT-2534978,3,CYP3A4,4.130737781524658,0.002440447686240077,0.0010215261718258262,0.010523735545575619,32,0.8979909382129198,0.07012828439474106,0.00033093761885538697,0.5907693057274175,False,
143,OCNT-2534979,0,CYP1A2,4.918030738830566,0.0015633661532774568,0.0007935672765597701,0.0061599621549248695,32,0.8308020458568698,0.04156339541077614,0.00036365786218084395,0.4897760747255219,False,
143,OCNT-2534979,1,CYP2C9,4.678136825561523,0.0022147607523947954,0.0013014518190175295,0.010398652404546738,32,0.9710170011156435,0.06881856173276901,0.0002131046639988199,0.6128839215369684,False,
143,OCNT-2534979,2,CYP2D6,4.570558547973633,0.0012060364242643118,9.483112808084115e-05,0.004956163465976715,32,0.7168749454294159,0.02766670286655426,0.0007478116312995553,0.6212853473098949,False,
143,OCNT-2534979,3,CYP3A4,4.422169208526611,0.0016387338982895017,0.0009447530610486865,0.0069445413537323475,32,0.8350951273217693,0.043792225420475006,0.0002098200930049643,0.5736456107270853,False,
144,OCNT-2534980,0,CYP1A2,5.088464736938477,0.0011941883713006973,0.0006090045208111405,0.005237949546426535,32,0.8025144340548863,0.030667565762996674,0.0004379984166007489,0.48991551747512047,False,
144,OCNT-2534980,1,CYP2C9,4.891704559326172,0.0015033396193757653,0.00035648938501253724,0.006686624605208635,2,1.0017377006025774,0.0030119239818304777,0.0004296691040508449,0.5979995334185193,False,
144,OCNT-2534980,2,CYP2D6,4.307574272155762,0.0013545510591939092,0.0003437359118834138,0.005555383395403624,32,0.7999836089564866,0.03467605262994766,0.0009175367304123938,0.6147103738743767,False,
144,OCNT-2534980,3,CYP3A4,4.4272541999816895,0.0016152480384334922,0.0011819929350167513,0.00698955450206995,32,0.8882141066488313,0.04591023921966553,0.0003914634289685637,0.565819200629724,False,
145,OCNT-2534981,0,CYP1A2,4.555854797363281,0.0027354639023542404,0.0004437702300492674,0.011082766577601433,32,0.9005464525031459,0.07882948219776154,0.0004974071052856743,0.5566319067455759,False,
145,OCNT-2534981,1,CYP2C9,4.870944976806641,0.0009649835410527885,0.0001279727730434388,0.0037621520459651947,32,0.7924326977430397,0.02447015792131424,0.000370464549632743,0.5085462431292085,False,
145,OCNT-2534981,2,CYP2D6,4.643885612487793,0.0010011541889980435,8.021754183573648e-05,0.0039121112786233425,32,0.7285958641938743,0.023342210799455643,0.0003065629571210593,0.5800994759601112,False,
145,OCNT-2534981,3,CYP3A4,4.684237480163574,0.001197568140923977,0.0004986429703421891,0.0046738977544009686,32,0.8553427778405712,0.03277887403964996,0.00036791598540730774,0.4906858160279046,False,
146,OCNT-2534982,0,CYP1A2,4.464882850646973,0.003356139175593853,0.0017947492888197303,0.013797245919704437,32,0.9090947783078397,0.09763384610414505,0.0002701092744246125,0.5701362533947458,False,
146,OCNT-2534982,1,CYP2C9,4.732822418212891,0.0018951802048832178,0.0010156594216823578,0.0075682783499360085,32,0.8929998163269816,0.054156944155693054,0.00032384920632466674,0.5038202125552467,False,
146,OCNT-2534982,2,CYP2D6,4.650272846221924,0.0008249270031228662,0.00010719297279138118,0.0030404883436858654,32,0.733908879197664,0.019373714923858643,0.0001175177822005935,0.5299702361675209,False,
146,OCNT-2534982,3,CYP3A4,4.4869384765625,0.002131291665136814,0.0017628835048526525,0.009740442037582397,32,0.9194682824647755,0.0627092570066452,0.000277655606623739,0.5242229738277921,False,
147,OCNT-2534983,0,CYP1A2,4.936301231384277,0.0027851031627506018,0.0019739309791475534,0.010709108784794807,32,0.9169765553791488,0.08172427117824554,0.00040425677434541285,0.566095509827957,False,
147,OCNT-2534983,1,CYP2C9,5.096048355102539,0.0017882285173982382,0.0011921593686565757,0.007180705200880766,32,0.9578828763153776,0.05481353774666786,0.00031384374597109854,0.4815590887488372,False,
147,OCNT-2534983,2,CYP2D6,4.770476341247559,0.0006228252896107733,4.892133074463345e-05,0.002125065540894866,32,0.6949598125330851,0.01385105587542057,0.00037148594856262207,0.4396326524954932,False,
147,OCNT-2534983,3,CYP3A4,4.980574131011963,0.0017350254347547889,0.001782792154699564,0.007495311554521322,32,0.9036296140675419,0.05017054080963135,0.00042167396168224514,0.4959643089658844,False,
148,OCNT-2534984,0,CYP1A2,4.158843040466309,0.004121417645365,0.0026142029091715813,0.01566370762884617,32,0.8755470002770792,0.11547211557626724,0.0004094812029507011,0.5393202460626807,False,
148,OCNT-2534984,1,CYP2C9,4.532602787017822,0.002111199777573347,0.0022853645496070385,0.008095492608845234,32,0.8941805010314727,0.06040968373417854,0.00021271542937029153,0.5868347208927556,False,
148,OCNT-2534984,2,CYP2D6,4.799525260925293,0.0006692141760140657,5.5174477893160656e-05,0.0024999529123306274,32,0.776433790770197,0.016627464443445206,0.000416157825384289,0.558565683232946,False,
148,OCNT-2534984,3,CYP3A4,4.411102771759033,0.0018777722725644708,0.0012223556404933333,0.007377339992672205,32,0.9655885323186642,0.05802128091454506,0.00022247343440540135,0.5416113065749057,False,
149,OCNT-2534985,0,CYP1A2,4.258035182952881,0.00479172496125102,0.005060308612883091,0.01879063993692398,32,0.9212234316947772,0.14125627279281616,0.0005130867357365787,0.5000756870814843,False,
149,OCNT-2534985,1,CYP2C9,4.242846488952637,0.0034534528385847807,0.0025716673117130995,0.01607869751751423,2,1.0014360381620717,0.0069168442860245705,0.00020251399837434292,0.615391708278474,False,
149,OCNT-2534985,2,CYP2D6,4.655364513397217,0.00111982726957649,0.0004258458793628961,0.00450857961550355,32,0.8130141490984654,0.029134193435311317,0.001050863298587501,0.5883695537717593,False,
149,OCNT-2534985,3,CYP3A4,3.8206892013549805,0.0032796640880405903,0.002418946474790573,0.01345506776124239,2,1.0006827336977968,0.006563826464116573,0.00011799913772847503,0.6058617218548195,False,
150,OCNT-2534986,0,CYP1A2,4.868661880493164,0.0020766013767570257,0.0009399784030392766,0.007295900024473667,32,0.8253349253173025,0.054844796657562256,0.00044119899393990636,0.5044885266169421,False,
150,OCNT-2534986,1,CYP2C9,4.828381538391113,0.0010425952496007085,0.0007653366192243993,0.004397967830300331,32,0.8076409626326522,0.026945622637867928,0.0005728385876864195,0.5470997974631674,False,
150,OCNT-2534986,2,CYP2D6,4.616462707519531,0.0015712166205048561,0.00033485161839053035,0.0060918619856238365,32,0.7883256852619454,0.03963642567396164,0.0002352595329284668,0.5306956098528345,False,
150,OCNT-2534986,3,CYP3A4,4.488170623779297,0.001452740514650941,0.00035260137519799173,0.005945657845586538,32,0.8225510666847494,0.0382387675344944,0.00045254104770720005,0.5176868613732113,False,
151,OCNT-2534987,0,CYP1A2,5.111560821533203,0.0016602391842752695,0.000955871888436377,0.006304500624537468,32,0.8468057825633819,0.044989075511693954,0.00033691886346787214,0.48192636018364854,False,
151,OCNT-2534987,1,CYP2C9,5.008109092712402,0.0011983788572251797,0.000670391134917736,0.00537725817412138,32,0.8855220008089505,0.03395839035511017,0.0004572570323944092,0.5804501644266977,False,
151,OCNT-2534987,2,CYP2D6,4.614391326904297,0.0017526897136121988,0.0002489051839802414,0.006833590567111969,32,0.833125088263474,0.046726979315280914,0.0001899925118777901,0.5343274629666082,False,
151,OCNT-2534987,3,CYP3A4,4.6561665534973145,0.0016073291189968586,0.0002922740823123604,0.007112005725502968,32,0.8659310331631453,0.044539034366607666,0.00024479266721755266,0.5804133758843866,False,
152,OCNT-2534988,0,CYP1A2,5.147290229797363,0.001408250187523663,0.0007493896991945803,0.005056112539023161,32,0.6812518310384086,0.03070015460252762,0.0019102413207292557,0.4448180726852962,False,
152,OCNT-2534988,1,CYP2C9,4.819728851318359,0.0033751281443983316,0.0005381540395319462,0.013127770274877548,32,0.9061179763286971,0.09786474704742432,0.0009508855291642249,0.49022618140931035,False,
152,OCNT-2534988,2,CYP2D6,4.46807861328125,0.002024510409682989,0.00016458798199892044,0.007964309304952621,32,0.5896129633174939,0.038197871297597885,0.0009843797888606787,0.48275585578758645,False,
152,OCNT-2534988,3,CYP3A4,4.428037643432617,0.003844254417344928,0.0002135111135430634,0.017721524462103844,32,0.6222912152038172,0.07655206322669983,0.0008909946191124618,0.4804255520103784,False,
153,OCNT-2534989,0,CYP1A2,5.1163787841796875,0.0015168774407356977,0.0008786894613876939,0.005960469134151936,32,0.844251686725871,0.04098031297326088,0.00036112195812165737,0.48613090079695487,False,
153,OCNT-2534989,1,CYP2C9,4.907322883605957,0.0009399509872309864,0.0006471344968304038,0.00369831221178174,32,0.8054592729886931,0.024227209389209747,0.0006912992103025317,0.5118868231970234,False,
153,OCNT-2534989,2,CYP2D6,4.558972358703613,0.001188221969641745,0.0001987943978747353,0.004850033670663834,32,0.7244995214406653,0.02754795178771019,0.0005032221670262516,0.5569414094674527,False,
153,OCNT-2534989,3,CYP3A4,4.644198417663574,0.0012119368184357882,0.0002507345925550908,0.005449618212878704,32,0.8548630202269403,0.03315355256199837,0.0002946997992694378,0.5363763540204893,False,
154,OCNT-2534991,0,CYP1A2,4.116452693939209,0.003941709641367197,0.001983362017199397,0.015546032227575779,32,0.9244168672885631,0.11660134792327881,0.00035560852847993374,0.5074762068950361,False,
154,OCNT-2534991,1,CYP2C9,4.211600303649902,0.0024442863650619984,0.0013702459400519729,0.010420486330986023,32,0.9669595889364954,0.07563314586877823,0.0003229036519769579,0.5670294992762009,False,
154,OCNT-2534991,2,CYP2D6,4.530789375305176,0.0010184558341279626,0.0001661082060309127,0.004347173031419516,32,0.7403051789140878,0.024127217009663582,0.00046078633749857545,0.5426770824851398,False,
154,OCNT-2534991,3,CYP3A4,3.7949764728546143,0.0028135059401392937,0.0021016167011111975,0.011943205259740353,32,0.9105390911889669,0.08197811990976334,0.00013878490426577628,0.489058281035038,False,
155,OCNT-2534992,0,CYP1A2,4.6554484367370605,0.0020983461290597916,0.0009705943521112204,0.009114469401538372,32,0.9123337849623655,0.06126083806157112,0.0006202170625329018,0.5320691541024731,False,
155,OCNT-2534992,1,CYP2C9,4.649252891540527,0.0015581088373437524,0.0002508381148800254,0.007805292960256338,32,0.8317226146348506,0.041469525545835495,0.0003617514157667756,0.5325135090694133,False,
155,OCNT-2534992,2,CYP2D6,4.2958221435546875,0.0007212964701466262,3.3882133720908314e-05,0.002848021686077118,32,0.6496854394265261,0.014995913952589035,0.0014661559835076332,0.5014403162568404,False,
155,OCNT-2534992,3,CYP3A4,4.216590404510498,0.002236321335658431,0.0007153793121688068,0.010131926275789738,32,0.8450405927898152,0.060473304241895676,0.00035624433076009154,0.46032658024760575,False,
156,OCNT-2534993,0,CYP1A2,4.727719306945801,0.0021064002066850662,0.000962532008998096,0.009165961295366287,32,0.9106075758050722,0.06137961894273758,0.0006095794378779829,0.5321378707279318,False,
156,OCNT-2534993,1,CYP2C9,4.735344886779785,0.0015156387817114592,0.0002294690057169646,0.007645313628017902,32,0.8241376497698972,0.039971303194761276,0.0004243886796757579,0.5323045835667723,False,
156,OCNT-2534993,2,CYP2D6,4.3135151863098145,0.0007078698836266994,4.3051299144281074e-05,0.0027157312724739313,32,0.6473751563010863,0.014664443209767342,0.0014476595679298043,0.4975091610038502,False,
156,OCNT-2534993,3,CYP3A4,4.3611226081848145,0.0018200332997366786,0.0005792017327621579,0.008439440280199051,32,0.7939909810922626,0.04624313488602638,0.00047752531827427447,0.45896301584029653,False,
157,OCNT-2534995,0,CYP1A2,4.182065486907959,0.003477031597867608,0.001104663242585957,0.014844721183180809,32,0.8866431033952639,0.09865263849496841,0.0002624076441861689,0.5524478246861981,False,
157,OCNT-2534995,1,CYP2C9,4.174503803253174,0.0032098921947181225,0.001456857775337994,0.01593499444425106,32,0.9760674031971729,0.10025858879089355,0.00016899181355256587,0.5408607630721234,False,
157,OCNT-2534995,2,CYP2D6,4.675697326660156,0.0009598695323802531,0.00030441011767834425,0.0037074871361255646,32,0.7397771124178384,0.02272310107946396,0.0008332025026902556,0.5582772618964953,False,
157,OCNT-2534995,3,CYP3A4,3.8733246326446533,0.0031124958768486977,0.001500776270404458,0.012933014892041683,32,0.9118808218971448,0.09082350134849548,0.00027028899057768285,0.510876242797542,False,
158,OCNT-2534996,0,CYP1A2,4.291350364685059,0.003355845808982849,0.0008183037862181664,0.01506505161523819,32,0.9247069282468356,0.09930185973644257,0.0002592061646282673,0.5042421321486295,False,
158,OCNT-2534996,1,CYP2C9,4.430891036987305,0.00210776855237782,0.0005969389458186924,0.010415678843855858,32,0.9048432365465514,0.06103069335222244,0.00024624576326459646,0.5483373432980185,False,
158,OCNT-2534996,2,CYP2D6,4.451383113861084,0.0009887977503240108,0.00035867473343387246,0.004033667501062155,32,0.797957906716094,0.02524886280298233,0.0007821149774827063,0.5601452571775412,False,
158,OCNT-2534996,3,CYP3A4,3.9535183906555176,0.0024087706115096807,0.0010029594413936138,0.010710656642913818,32,0.9170144667934922,0.07068437337875366,0.0001702931767795235,0.5555193081138957,False,
159,OCNT-2534997,0,CYP1A2,3.664259433746338,0.0048194448463618755,0.0011609282810240984,0.02038240246474743,32,0.9329858408441102,0.143887460231781,0.0001828065433073789,0.5382356227676124,False,
159,OCNT-2534997,1,CYP2C9,3.9969818592071533,0.0026677935384213924,0.0009627334075048566,0.011824141256511211,32,0.8966004873154464,0.07654252648353577,0.00019528197299223393,0.5074563150947112,False,
159,OCNT-2534997,2,CYP2D6,4.764864921569824,0.0013198453234508634,0.0004792431718669832,0.005900784395635128,32,0.8268363450036126,0.034921739250421524,0.000821728608570993,0.5374346298093919,False,
159,OCNT-2534997,3,CYP3A4,3.657799243927002,0.002932970644906163,0.0012262280797585845,0.01173865795135498,32,0.8998142935369177,0.08445241302251816,0.00025371889933012426,0.5100809397680924,False,
160,OCNT-2534998,0,CYP1A2,4.087667465209961,0.003863769583404064,0.0008515516528859735,0.016279757022857666,32,0.9032587149376511,0.11167976260185242,0.00024227391986642033,0.5596620891182165,False,
160,OCNT-2534998,1,CYP2C9,4.231378555297852,0.002684331964701414,0.0013057804899290204,0.012861168012022972,32,0.9411178356658976,0.08084102720022202,0.00018143202760256827,0.5195643446369937,False,
160,OCNT-2534998,2,CYP2D6,4.622651100158691,0.0009397459798492491,0.00031669906456954777,0.0035549020394682884,32,0.7557252437619505,0.022726314142346382,0.0009654146269895136,0.5525944658350963,False,
160,OCNT-2534998,3,CYP3A4,3.841495990753174,0.0033715565223246813,0.0013330766232684255,0.014563747681677341,32,0.9591324885717594,0.10348092764616013,0.0002822623064275831,0.5316509833866975,False,
161,OCNT-2534999,0,CYP1A2,4.565382957458496,0.003002097364515066,0.000747331534512341,0.012499591335654259,32,0.8647827430053417,0.08307746052742004,0.00037428014911711216,0.5251327575171748,False,
161,OCNT-2534999,1,CYP2C9,4.726722240447998,0.001963545335456729,0.0008003085386008024,0.009178674779832363,32,0.958256847616044,0.06021089106798172,0.00022464539506472647,0.5657833183394277,False,
161,OCNT-2534999,2,CYP2D6,4.631272315979004,0.0009171632118523121,0.0003584284568205476,0.0035878559574484825,32,0.8126385368552302,0.023850569501519203,0.0011596191907301545,0.5851697393708072,False,
161,OCNT-2534999,3,CYP3A4,4.421202659606934,0.0022376691922545433,0.001236917800270021,0.009795064106583595,32,0.9611552061988129,0.06882422417402267,0.0002896767691709101,0.5293614848007788,False,
162,OCNT-2535000,0,CYP1A2,4.417069435119629,0.0026351013220846653,0.0006755836075171828,0.011250050738453865,32,0.8422210983351585,0.07101908326148987,0.0004148934967815876,0.5168312303241225,False,
162,OCNT-2535000,1,CYP2C9,4.510310649871826,0.0018266021506860852,0.0008181180455721915,0.008824539370834827,32,0.9346408158779227,0.05463124066591263,0.0003499171871226281,0.5721429221453753,False,
162,OCNT-2535000,2,CYP2D6,4.623671054840088,0.0009346671286039054,0.00027210224652662873,0.0034861122258007526,32,0.748661377927519,0.022392213344573975,0.0006796221132390201,0.5700695523346906,False,
162,OCNT-2535000,3,CYP3A4,4.0285749435424805,0.0028090113773941994,0.0012790737673640251,0.012396810576319695,32,0.9321390497210074,0.08378875255584717,0.000313014694256708,0.5237505067580803,False,
163,OCNT-2535002,0,CYP1A2,4.503044605255127,0.002247486263513565,0.0010394430719316006,0.009632178582251072,32,0.9104656740575929,0.06548058241605759,0.0005255847354419529,0.5454533796821601,False,
163,OCNT-2535002,1,CYP2C9,4.482196807861328,0.0015389317413792014,0.00027154196868650615,0.0076852235943078995,32,0.8467010200852332,0.04169675335288048,0.0002767055411823094,0.5491301260421186,False,
163,OCNT-2535002,2,CYP2D6,4.290071964263916,0.0008235577261075377,2.6591955247567967e-05,0.003316486719995737,32,0.6981688139566942,0.018399657681584358,0.001277425093576312,0.5372801728245464,False,
163,OCNT-2535002,3,CYP3A4,3.9631662368774414,0.0027360827662050724,0.001007742015644908,0.011569224298000336,32,0.9038368904315752,0.07913541048765182,0.0001358967856504023,0.47944306302512,False,
164,OCNT-2535004,0,CYP1A2,4.64605712890625,0.0021494722459465265,0.000962261576205492,0.009299899451434612,32,0.8971719043236348,0.06171056255698204,0.0005542988074012101,0.5421183393672591,False,
164,OCNT-2535004,1,CYP2C9,4.637591361999512,0.0014531469205394387,0.0002313878940185532,0.007321975659579039,32,0.8254540434722466,0.03838445618748665,0.0003658244095277041,0.5375264789263337,False,
164,OCNT-2535004,2,CYP2D6,4.345770359039307,0.0007510046707466245,3.887041020789184e-05,0.003094121115282178,32,0.6771314505043883,0.016273140907287598,0.001147309085354209,0.5035718639505768,False,
164,OCNT-2535004,3,CYP3A4,4.194383144378662,0.002170771360397339,0.0008262591436505318,0.009678740054368973,32,0.8647168713589617,0.0600675605237484,0.00026478100335225463,0.46561362742525225,False,
165,OCNT-2535005,0,CYP1A2,4.714306354522705,0.002304474590346217,0.001474197837524116,0.010344738140702248,32,0.9222574899238559,0.06801050156354904,0.0006348544848151505,0.5085621655819988,False,
165,OCNT-2535005,1,CYP2C9,4.580346584320068,0.0020383819937705994,0.00023680904996581376,0.00878753513097763,32,0.7998576145770175,0.05217354744672775,0.0012209514388814569,0.5074579116907112,False,
165,OCNT-2535005,2,CYP2D6,4.336385726928711,0.0015305187553167343,0.00030314549803733826,0.005919932387769222,32,0.6594774793167291,0.03229917585849762,0.0013111983425915241,0.5773956381400323,False,
165,OCNT-2535005,3,CYP3A4,3.987257957458496,0.003160413121804595,0.0003566959057934582,0.014320925809442997,32,0.7836987209025515,0.07925822585821152,0.0003938683948945254,0.4744339864464922,False,
166,OCNT-2535006,0,CYP1A2,5.332765579223633,0.0013306468026712537,0.0008635153062641621,0.004683678969740868,32,0.8431835584481594,0.03590361401438713,0.0006696943310089409,0.5391102295039916,False,
166,OCNT-2535006,1,CYP2C9,5.062123775482178,0.0014135092496871948,0.0001803497434593737,0.0055650812573730946,32,0.7701985513077481,0.03483809530735016,0.0012934126425534487,0.5085411596416942,False,
166,OCNT-2535006,2,CYP2D6,4.4264984130859375,0.001101484871469438,0.00022650045866612345,0.004134678281843662,32,0.6300205134382519,0.022206859663128853,0.001495896838605404,0.560263172559998,False,
166,OCNT-2535006,3,CYP3A4,4.642838478088379,0.002174028428271413,0.00026753073325380683,0.009428017772734165,32,0.7797261899257559,0.05424495041370392,0.0004023268411401659,0.5488754776468363,False,
167,OCNT-2535007,0,CYP1A2,5.232117176055908,0.0012118640588596463,0.0007276086835190654,0.004395866766571999,32,0.865844113402875,0.03357740864157677,0.0005936505040153861,0.5226995030862317,False,
167,OCNT-2535007,1,CYP2C9,4.907627105712891,0.0020333786960691214,0.00018747872672975063,0.008305232040584087,32,0.9103500340666104,0.05923505499958992,0.0004400439211167395,0.5124575831123068,False,
167,OCNT-2535007,2,CYP2D6,4.430078506469727,0.0009017530828714371,0.00016054579464253038,0.003162113483995199,32,0.6165808851155773,0.017792316153645515,0.0018021221039816737,0.6235239208372966,False,
167,OCNT-2535007,3,CYP3A4,4.465343475341797,0.0029541056137531996,0.0010820801835507154,0.012015019543468952,32,0.8356944443658236,0.07899961620569229,0.00021311189630068839,0.48981454985282824,False,
168,OCNT-2535008,0,CYP1A2,4.90899658203125,0.0024530396331101656,0.0016957087209448218,0.009394261986017227,32,0.8643974547942367,0.06785311549901962,0.00043232241296209395,0.531096520396028,False,
168,OCNT-2535008,1,CYP2C9,4.841795921325684,0.00140562211163342,0.0011404280085116625,0.0065916432067751884,32,0.8935307067329777,0.04019121453166008,0.0004219674738124013,0.577626726086484,False,
168,OCNT-2535008,2,CYP2D6,4.437749862670898,0.0009750417084433138,0.0001567160215927288,0.0038729629013687372,32,0.7687786104437992,0.023987164720892906,0.0013795287813991308,0.5671917051277839,False,
168,OCNT-2535008,3,CYP3A4,4.410446643829346,0.0020206489134579897,0.0012488622451201081,0.00822375062853098,32,0.9158698903532871,0.059221141040325165,7.408496458083391e-05,0.5284907248382713,False,
169,OCNT-2535010,0,CYP1A2,4.787123680114746,0.001867887214757502,0.0010519424686208367,0.00801769457757473,18,0.95066442937232,0.03196338191628456,0.0007991393213160336,0.5286889195603495,False,
169,OCNT-2535010,1,CYP2C9,4.783472061157227,0.0009714561747387052,0.00038303263136185706,0.004475735127925873,32,0.8572369034536939,0.026648852974176407,0.0006710137240588665,0.606226018663522,False,
169,OCNT-2535010,2,CYP2D6,4.332117557525635,0.0014111860655248165,0.0005447047878988087,0.005517423152923584,32,0.74738350022935,0.03375054895877838,0.0004793513799086213,0.6025564059747517,False,
169,OCNT-2535010,3,CYP3A4,4.440454959869385,0.0013235871447250247,0.0001936791668413207,0.007244450505822897,32,0.9263744591168908,0.03923669084906578,0.0006041626329533756,0.6258525881637316,False,
170,OCNT-2535011,0,CYP1A2,5.118440628051758,0.0006609064294025302,0.000362339400453493,0.0029170066118240356,32,0.7512923251150583,0.015889326110482216,0.0005244468338787556,0.5121305617411638,False,
170,OCNT-2535011,1,CYP2C9,4.785436153411865,0.0011063652345910668,0.0005076421657577157,0.005223188083618879,32,0.9949239827076826,0.035224296152591705,0.0004109198343940079,0.6075468706836886,False,
170,OCNT-2535011,2,CYP2D6,4.159566879272461,0.0012970309471711516,0.0001628068566787988,0.0054113599471747875,32,0.7628176964711936,0.031660985201597214,0.0010184600250795484,0.5596841961900211,False,
170,OCNT-2535011,3,CYP3A4,4.100557327270508,0.003115216037258506,0.002397256437689066,0.013264583423733711,32,0.980753444287589,0.09776859730482101,8.945664012571797e-05,0.5838485499909258,False,
171,OCNT-2535012,0,CYP1A2,5.370981216430664,0.000537901883944869,0.00031332526123151183,0.0024107208009809256,32,0.769145790879002,0.01323944516479969,0.0007596449577249587,0.5146870287986656,False,
171,OCNT-2535012,1,CYP2C9,5.130126953125,0.0010144236730411649,0.0002976719697471708,0.005246785469353199,5,0.9968194678346157,0.0050560361705720425,0.0006424622260965407,0.5467731340667744,False,
171,OCNT-2535012,2,CYP2D6,4.349926948547363,0.0008167863124981523,7.845313666621223e-05,0.003271427471190691,32,0.6921575612745258,0.01809125579893589,0.0016281686257570982,0.5171027508769572,False,
171,OCNT-2535012,3,CYP3A4,4.724756240844727,0.0020148700568825006,0.0014416846679523587,0.008220640942454338,32,0.9423407733517293,0.06075851619243622,0.0002865755232051015,0.518132184308014,False,
172,OCNT-2535015,0,CYP1A2,4.4241862297058105,0.0031225858256220818,0.00025484958314336836,0.01291993260383606,32,0.8009625687899355,0.08003463596105576,0.0002641117898747325,0.5222166561206538,False,
172,OCNT-2535015,1,CYP2C9,4.297027111053467,0.0032101713586598635,0.0013182461261749268,0.013556860387325287,32,0.9147835802628757,0.09397187829017639,0.00024356083304155618,0.5178200558726804,False,
172,OCNT-2535015,2,CYP2D6,4.684406757354736,0.0009547373047098517,0.00014453846961259842,0.003811050672084093,32,0.745358960142552,0.02277214266359806,0.0007838010787963867,0.5346685774738149,False,
172,OCNT-2535015,3,CYP3A4,3.952512264251709,0.0037059923633933067,0.0016096798935905099,0.015151027590036392,32,0.90350219190941,0.1071482002735138,0.00016062820213846862,0.5247855389405778,False,
173,OCNT-2535017,0,CYP1A2,4.9298295974731445,0.0017413358436897397,0.00042125897016376257,0.007704177871346474,32,0.761735343970491,0.04244622960686684,0.0004124235128983855,0.486995149310977,False,
173,OCNT-2535017,1,CYP2C9,4.850284576416016,0.0013129940489307046,0.0007436077576130629,0.005657928064465523,32,0.9009851375144271,0.037855908274650574,0.0006492643733508885,0.5606511217014766,False,
173,OCNT-2535017,2,CYP2D6,4.618508815765381,0.0013040119083598256,0.0004481576615944505,0.005670660175383091,32,0.8443426617564629,0.03523332253098488,0.0005668103694915771,0.6080418821981377,False,
173,OCNT-2535017,3,CYP3A4,4.538268089294434,0.0007320379372686148,0.00086404342437163,0.002684634644538164,32,0.6740260981990325,0.015789421275258064,0.00039433801430277526,0.493567088089481,False,
174,OCNT-2535018,0,CYP1A2,4.267032146453857,0.004738982766866684,0.0027792903129011393,0.018384788185358047,32,0.9680231532331962,0.14679855108261108,0.00046545988880097866,0.5589597840509863,False,
174,OCNT-2535018,1,CYP2C9,4.277462959289551,0.002927027177065611,0.0020631887018680573,0.012473330833017826,32,0.9332366848111348,0.0874117910861969,0.00016919591871555895,0.5299492736239811,False,
174,OCNT-2535018,2,CYP2D6,4.675875663757324,0.0008339497144334018,0.00020618403505068272,0.0031898133456707,32,0.7261403997620202,0.0193782988935709,0.001180972089059651,0.6048585461891531,False,
174,OCNT-2535018,3,CYP3A4,3.9808530807495117,0.0029832536820322275,0.0017123535508289933,0.012521380558609962,32,0.9304459875054119,0.08882450312376022,8.28838674351573e-05,0.6018009610032611,False,
175,OCNT-2535020,0,CYP1A2,5.016506671905518,0.0014908068114891648,0.0007765669724904001,0.006019134074449539,32,0.8547383918478417,0.040776267647743225,0.00027061591390520334,0.4959835027443148,False,
175,OCNT-2535020,1,CYP2C9,4.880446434020996,0.0011233830591663718,0.00035826448583975434,0.005335637833923101,32,0.9351530423381706,0.033617421984672546,0.0003322805278003216,0.5748726184039498,False,
175,OCNT-2535020,2,CYP2D6,4.517340183258057,0.0012372644850984216,9.393988875672221e-05,0.0050798337906599045,32,0.667646841267347,0.026433996856212616,0.00081057712668553,0.5214545306906124,False,
175,OCNT-2535020,3,CYP3A4,4.446213722229004,0.002429805463179946,0.0009474999969825149,0.009631145745515823,32,0.9250096202342508,0.07192328572273254,6.991263944655657e-05,0.5917840476597789,False,
176,OCNT-2535021,0,CYP1A2,4.441646099090576,0.003975040279328823,0.005919798277318478,0.015355398878455162,32,0.8763030103480189,0.1114671528339386,0.0007025003433227539,0.5089683600622396,False,
176,OCNT-2535021,1,CYP2C9,4.171319961547852,0.003909051418304443,0.0009334573405794799,0.01786603406071663,2,1.0009294645243696,0.007825389504432678,0.0007799078011885285,0.5140292476111008,False,
176,OCNT-2535021,2,CYP2D6,4.705334663391113,0.001251819310709834,0.00042322176159359515,0.005178066901862621,32,0.6974030050218354,0.027936944738030434,0.0010047112591564655,0.5844606397484278,False,
176,OCNT-2535021,3,CYP3A4,3.786487102508545,0.004567998461425304,0.0014485240681096911,0.021713588386774063,2,1.0010451390592017,0.009145565330982208,0.0007196538499556482,0.5466530132195607,False,
177,OCNT-2535023,0,CYP1A2,3.6627066135406494,0.005620280280709267,0.003051828360185027,0.020665280520915985,32,0.8631142126295145,0.15523047745227814,0.00026427797274664044,0.5592574079247724,False,
177,OCNT-2535023,1,CYP2C9,3.7109158039093018,0.0033753153402358294,0.00168143049813807,0.01351603027433157,32,0.9051624266984684,0.09776696562767029,0.00022916540910955518,0.5722285794030197,False,
177,OCNT-2535023,2,CYP2D6,5.058714866638184,0.0005720126209780574,0.00024098125868476927,0.0020806456450372934,32,0.7324620385521544,0.013407515361905098,0.001490887370891869,0.6507564588863148,False,
177,OCNT-2535023,3,CYP3A4,3.4300742149353027,0.003451649798080325,0.0010803178884088993,0.014056578278541565,32,0.9317104935680085,0.10291032493114471,0.00022150891891214997,0.6021348822365066,False,
178,OCNT-2535025,0,CYP1A2,4.81024169921875,0.002984891878440976,0.0016611734172329307,0.012553317472338676,32,0.9495274472893804,0.09069588035345078,0.0005665475619025528,0.4970840156072255,False,
178,OCNT-2535025,1,CYP2C9,4.798824310302734,0.0018923355964943767,0.0006613493314944208,0.009436091408133507,17,0.991946752349469,0.03191080316901207,0.000275475496891886,0.6041741653018395,False,
178,OCNT-2535025,2,CYP2D6,4.547331809997559,0.0013357667485252023,0.0004316656559240073,0.0055749909952282906,32,0.8000362621583847,0.03419743478298187,0.0006285138078965247,0.53465230505913,False,
178,OCNT-2535025,3,CYP3A4,4.419188022613525,0.001960734836757183,0.0011220204178243876,0.007973140105605125,32,0.9208689651159359,0.05777885019779205,0.00023985179723240435,0.5656426735978028,False,
179,OCNT-2535030,0,CYP1A2,4.454557418823242,0.004055778030306101,0.002222607145085931,0.016723550856113434,32,0.9771147577608268,0.1268150508403778,0.0003463400062173605,0.5254274312266547,False,
179,OCNT-2535030,1,CYP2C9,4.48642635345459,0.002108886605128646,0.0011761721689254045,0.010651853866875172,32,0.9569443181967421,0.06457909196615219,0.00019858732412103564,0.5943629649454953,False,
179,OCNT-2535030,2,CYP2D6,4.633787155151367,0.0010761027224361897,0.00036765378899872303,0.0040212697349488735,32,0.7493767213466916,0.025805242359638214,0.0012038503773510456,0.5941539243674853,False,
179,OCNT-2535030,3,CYP3A4,4.12090539932251,0.002065342152491212,0.0011135945096611977,0.008776048198342323,32,0.9288239769875117,0.06138715520501137,5.5523531045764685e-05,0.5608290843577177,False,
180,OCNT-2535033,0,CYP1A2,4.9588727951049805,0.0029947443399578333,0.0007548432913608849,0.013066363520920277,2,1.0020850003741124,0.00600199680775404,0.0006026409100741148,0.5350163357529707,False,
180,OCNT-2535033,1,CYP2C9,4.91441535949707,0.0018785633146762848,0.00045852153562009335,0.00895641092211008,32,0.9546440492489053,0.05738780274987221,0.0004792854597326368,0.622710719176256,False,
180,OCNT-2535033,2,CYP2D6,4.5677313804626465,0.0011258752783760428,0.000489884230773896,0.004608435090631247,32,0.7875329627242147,0.02837349660694599,0.0005816501216031611,0.5552064609233096,False,
180,OCNT-2535033,3,CYP3A4,4.538456916809082,0.0022544667590409517,0.0009627995314076543,0.010164018720388412,32,0.9807601159072479,0.07075522840023041,0.0004357912403065711,0.5918211682909503,False,
181,OCNT-2535034,0,CYP1A2,4.985196590423584,0.0028707869350910187,0.0007269022171385586,0.012594485655426979,2,1.0020817594605642,0.005753546487540007,0.0006878258427605033,0.5324779229271636,False,
181,OCNT-2535034,1,CYP2C9,4.9406633377075195,0.0018467598129063845,0.00044267054181545973,0.008911868557333946,32,0.9448384263516604,0.05583677068352699,0.0005679248133674264,0.6122287203532666,False,
181,OCNT-2535034,2,CYP2D6,4.550807952880859,0.0011237012222409248,0.0004719167482107878,0.004709725733846426,32,0.7847022947982636,0.028216920793056488,0.0005441226530820131,0.5274962254644566,False,
181,OCNT-2535034,3,CYP3A4,4.564382553100586,0.0022680102847516537,0.0009363117278553545,0.010429452173411846,32,0.9548122725343374,0.06929707527160645,0.0006334329955279827,0.5354845033210132,False,
182,OCNT-2535035,0,CYP1A2,5.062494277954102,0.0020438239444047213,0.0013587126741185784,0.006767481565475464,32,0.7656974708408657,0.05007867142558098,0.0005792650044895709,0.5013594835464154,False,
182,OCNT-2535035,1,CYP2C9,4.91037130355835,0.001123512163758278,0.0009507323266007006,0.004875319078564644,32,0.9418863380746854,0.033863365650177,0.0004924129461869597,0.5882599639000277,False,
182,OCNT-2535035,2,CYP2D6,4.705126762390137,0.0010289382189512253,0.0002000915992539376,0.004068227019160986,32,0.7263919088880736,0.02391742914915085,0.0005846944986842573,0.5436521554995857,False,
182,OCNT-2535035,3,CYP3A4,4.538337230682373,0.001878532231785357,0.0003528972156345844,0.007395479828119278,32,0.9576425759023927,0.05756710469722748,0.0002569303323980421,0.6170414585628836,False,
183,OCNT-2535036,0,CYP1A2,4.047985553741455,0.005030650179833174,0.0037425202317535877,0.018861006945371628,32,0.8497695692317327,0.13679686188697815,0.0005469629541039467,0.5054582533266023,False,
183,OCNT-2535036,1,CYP2C9,4.146697044372559,0.0022808180656284094,0.002121109515428543,0.010113089345395565,32,0.881712203345579,0.0643530860543251,0.0005915201036259532,0.5803488702569799,False,
183,OCNT-2535036,2,CYP2D6,4.566699504852295,0.001098539330996573,0.0005965180462226272,0.004710141569375992,32,0.8791232024111713,0.03090432658791542,0.0008538374677300453,0.6589782491141865,False,
183,OCNT-2535036,3,CYP3A4,3.534888982772827,0.0023003355599939823,0.0017478641821071506,0.00942161027342081,32,0.8992153718475391,0.06619219481945038,0.00031834570108912885,0.5314867710176641,False,
184,OCNT-2535037,0,CYP1A2,4.935891151428223,0.002914984477683902,0.0007351976819336414,0.012655958533287048,2,1.002785750072105,0.00584622984752059,0.0005715119186788797,0.5325998010353532,False,
184,OCNT-2535037,1,CYP2C9,4.884581565856934,0.0019905581139028072,0.0006089964299462736,0.010273066349327564,32,0.9602525372556245,0.06116633862257004,0.00038982974365353584,0.6215628040531551,False,
184,OCNT-2535037,2,CYP2D6,4.537237167358398,0.0012108298251405358,0.0004481328942347318,0.004856796003878117,32,0.8102946564028929,0.03139638528227806,0.00043580387136898935,0.5671365760299591,False,
184,OCNT-2535037,3,CYP3A4,4.480722427368164,0.0026180429849773645,0.0015316485660150647,0.011815816164016724,32,0.966477872700241,0.08096928894519806,0.0003330138570163399,0.5828686564314982,False,
185,OCNT-2535039,0,CYP1A2,4.971307277679443,0.0012716461205855012,0.0008037294610403478,0.00450885621830821,32,0.8308927033017649,0.03381151333451271,0.0003563860955182463,0.4904449402603393,False,
185,OCNT-2535039,1,CYP2C9,4.306692123413086,0.0037811710499227047,0.0018032202497124672,0.016705583781003952,32,0.9051354491327451,0.10951939225196838,0.0006189969717524946,0.4947093374777445,False,
185,OCNT-2535039,2,CYP2D6,4.388436317443848,0.001142526394687593,0.00015716261987108737,0.00402790866792202,32,0.6360264405688566,0.023253867402672768,0.001543033285997808,0.6157685749900705,False,
185,OCNT-2535039,3,CYP3A4,3.8428597450256348,0.003991794306784868,0.0026399288326501846,0.018064454197883606,32,0.7773110136521015,0.09929195046424866,0.00047620318946428597,0.4995364352562886,False,
186,OCNT-2535040,0,CYP1A2,4.487971305847168,0.003905882593244314,0.002269312972202897,0.014166900888085365,32,0.9021913951156214,0.11276360601186752,0.0002882173575926572,0.545358858808928,False,
186,OCNT-2535040,1,CYP2C9,4.333640098571777,0.0027722541708499193,0.0012971635442227125,0.012284343130886555,32,0.9027448591855263,0.08008471131324768,0.00018523047037888318,0.6081529580072784,False,
186,OCNT-2535040,2,CYP2D6,4.594809532165527,0.000900991028174758,0.00012523229815997183,0.0038279718719422817,32,0.7106166608773217,0.020488522946834564,0.001340358518064022,0.5965545909902074,False,
186,OCNT-2535040,3,CYP3A4,3.9213223457336426,0.0028661845717579126,0.0012352357152849436,0.011672533117234707,32,0.8895571453008915,0.08158860355615616,6.356112862704322e-05,0.5773078887011978,False,
187,OCNT-2535041,0,CYP1A2,4.5687127113342285,0.00475350534543395,0.0035564135760068893,0.01706649176776409,32,0.9093840387268384,0.1383286714553833,0.0005210701492615044,0.5480607621769036,False,
187,OCNT-2535041,1,CYP2C9,4.617603302001953,0.0023037935607135296,0.00203938246704638,0.0098827313631773,32,0.9484473700509339,0.06992116570472717,0.0002878949453588575,0.6062044580429877,False,
187,OCNT-2535041,2,CYP2D6,4.790594577789307,0.0006983547937124968,0.00010337178537156433,0.002872277284041047,32,0.6855160254166233,0.015319688245654106,0.0014066939475014806,0.600576129446172,False,
187,OCNT-2535041,3,CYP3A4,4.272853851318359,0.0026692436076700687,0.0017188424244523048,0.011105974204838276,32,0.9346033141706787,0.07983018457889557,8.498629176756367e-05,0.585209735140479,False,
188,OCNT-2535042,0,CYP1A2,4.615201473236084,0.0034415703266859055,0.002783889649435878,0.012212086468935013,32,0.8628131525049315,0.09502210468053818,0.000456524605397135,0.5132130728876412,False,
188,OCNT-2535042,1,CYP2C9,4.496160507202148,0.001980808563530445,0.0013859906466677785,0.008955584838986397,32,0.9048785655871896,0.057356808334589005,0.000259677559370175,0.5426991618671977,False,
188,OCNT-2535042,2,CYP2D6,4.63718318939209,0.0009848991176113486,0.00019624666310846806,0.004058779217302799,32,0.7491335803382209,0.023610511794686317,0.0005986546166241169,0.614828785638692,False,
188,OCNT-2535042,3,CYP3A4,4.074804306030273,0.002765277400612831,0.0013416552683338523,0.011475769802927971,32,0.9117916207940673,0.08068370819091797,9.599598706699908e-05,0.5855085261452369,False,
189,OCNT-2535044,0,CYP1A2,4.91416072845459,0.0027579234447330236,0.001886290847323835,0.009462952613830566,32,0.7877139480438555,0.0695188045501709,0.00043168573756702244,0.5116230357176805,False,
189,OCNT-2535044,1,CYP2C9,4.792523384094238,0.0015539618907496333,0.0009979421738535166,0.007092825602740049,32,0.8840900520250505,0.0439632348716259,0.00037516700103878975,0.5985547175576693,False,
189,OCNT-2535044,2,CYP2D6,4.738978385925293,0.000869274022988975,0.00011952294153161347,0.0035081948153674603,32,0.6639511610246976,0.01846918836236,0.0015871506184339523,0.6122613005846707,False,
189,OCNT-2535044,3,CYP3A4,4.3871750831604,0.002189094666391611,0.0010400182800367475,0.008635195903480053,32,0.9234095121258621,0.06468608230352402,6.674004544038326e-05,0.5928286821387021,False,
190,OCNT-2535045,0,CYP1A2,4.864031791687012,0.0026193575467914343,0.002375350333750248,0.010313345119357109,32,0.9322752607949419,0.07814309000968933,0.0006740490789525211,0.49620778057287435,False,
190,OCNT-2535045,1,CYP2C9,4.6937150955200195,0.0021570634562522173,0.0010100407525897026,0.011653624475002289,2,1.0024313135701426,0.004324635956436396,0.0002683085040189326,0.6427216077524556,False,
190,OCNT-2535045,2,CYP2D6,4.489535331726074,0.0012937684077769518,0.00045908355969004333,0.005086159333586693,32,0.774355491959852,0.032059021294116974,0.000601606850977987,0.5738466740420549,False,
190,OCNT-2535045,3,CYP3A4,4.148723602294922,0.003380759386345744,0.0015625752275809646,0.015065276063978672,2,1.0006624556197263,0.006766017992049456,9.592464630259201e-05,0.6160930075816625,False,
191,OCNT-2535047,0,CYP1A2,5.38969612121582,0.0010030952980741858,0.00041329365922138095,0.005201760213822126,32,0.989212821374198,0.03175310790538788,0.001520234509371221,0.6487227994117606,False,
191,OCNT-2535047,1,CYP2C9,4.912872314453125,0.0008619684376753867,0.0011006869608536363,0.0035922706592828035,32,0.8931681864492043,0.024636534973978996,0.0029762261547148228,0.5672385659406882,False,
191,OCNT-2535047,2,CYP2D6,4.242028713226318,0.0008334500016644597,0.000160142284585163,0.0033223405480384827,32,0.6895834602988489,0.0183916874229908,0.0011776695027947426,0.541922529154156,False,
191,OCNT-2535047,3,CYP3A4,4.505965709686279,0.0016740444116294384,0.0005984911695122719,0.007270779460668564,32,0.9459063330247105,0.050671957433223724,0.000622243620455265,0.5089643923408993,False,
192,OCNT-2535048,0,CYP1A2,5.329309940338135,0.001941812806762755,0.0003482870233710855,0.010260660201311111,2,1.0014838672911763,0.003889408428221941,0.001649222569540143,0.6494265973341105,False,
192,OCNT-2535048,1,CYP2C9,4.694117069244385,0.0007449458935298026,0.0003593678411561996,0.003032575361430645,32,0.7933479285407813,0.018912294879555702,0.00354944565333426,0.6891539005763728,False,
192,OCNT-2535048,2,CYP2D6,3.962240219116211,0.0008086570305749774,9.232256707036868e-05,0.00320528750307858,32,0.6948855025048325,0.017981791868805885,0.0014429183211177588,0.5545749060385131,False,
192,OCNT-2535048,3,CYP3A4,4.259527683258057,0.0010356924030929804,0.0005079388502053916,0.003951553720980883,32,0.8096130125758888,0.02683258056640625,0.0006765055004507303,0.6084622175701573,False,
193,OCNT-2535049,0,CYP1A2,4.363026142120361,0.0042089419439435005,0.003263852559030056,0.01724155619740486,32,0.9483254477242999,0.12772659957408905,0.00035005086101591587,0.5428069322850759,False,
193,OCNT-2535049,1,CYP2C9,4.357260704040527,0.0030972324311733246,0.0017166631296277046,0.012569108977913857,32,0.9494077677394217,0.09409747272729874,0.00032931024907156825,0.5628146819343903,False,
193,OCNT-2535049,2,CYP2D6,4.2898149490356445,0.0015226283576339483,0.00036593974800780416,0.0061734868213534355,32,0.8498494334694572,0.04140842705965042,0.0010039345361292362,0.6840150840906823,False,
193,OCNT-2535049,3,CYP3A4,3.856001377105713,0.002551574259996414,0.0025209926534444094,0.009116056375205517,32,0.8571613195379741,0.06998781859874725,0.0001552077883388847,0.523446871259062,False,
194,OCNT-2535050,0,CYP1A2,4.077878475189209,0.00599874509498477,0.005983695387840271,0.022056259214878082,32,0.9132441660214642,0.175306499004364,0.0006100327591411769,0.5293934797947091,False,
194,OCNT-2535050,1,CYP2C9,4.165095806121826,0.004160641226917505,0.0039233132265508175,0.0157754085958004,32,0.984106258550481,0.13102473318576813,0.0002932729257736355,0.5580651288694909,False,
194,OCNT-2535050,2,CYP2D6,4.554865837097168,0.0012906668707728386,0.00031556555768474936,0.005275891628116369,32,0.8605017021649116,0.0355401486158371,0.0010033557191491127,0.6589105890214466,False,
194,OCNT-2535050,3,CYP3A4,3.797621250152588,0.003093681763857603,0.004167128354310989,0.010379989631474018,32,0.8948305954468702,0.08858656138181686,0.00020748196402564645,0.5243196712442049,False,
195,OCNT-2535051,0,CYP1A2,4.26345157623291,0.00531100295484066,0.005237440578639507,0.019093096256256104,32,0.9114435147210226,0.15490202605724335,0.0005959940608590841,0.553431356610878,False,
195,OCNT-2535051,1,CYP2C9,4.202030181884766,0.004359823651611805,0.0039359875954687595,0.017546288669109344,2,1.0001894251195598,0.008721319027245045,0.00017789186676964164,0.6086089287964533,False,
195,OCNT-2535051,2,CYP2D6,4.861090183258057,0.0005195998819544911,8.943163265939802e-05,0.0021243812516331673,32,0.7599412280711484,0.012635935097932816,0.002051000250503421,0.538315226448957,False,
195,OCNT-2535051,3,CYP3A4,4.017780780792236,0.0037756834644824266,0.003952566534280777,0.014713853597640991,32,0.9322677330048368,0.11263862997293472,0.00011878573423018679,0.5804543399984136,False,
196,OCNT-2535052,0,CYP1A2,3.8893485069274902,0.006694375071674585,0.006369373761117458,0.025498034432530403,32,0.9203343833870495,0.19715432822704315,0.0005973469233140349,0.502300848923098,False,
196,OCNT-2535052,1,CYP2C9,4.008456230163574,0.004217596258968115,0.003075692104175687,0.01709366962313652,32,0.9942374860222067,0.13418567180633545,0.00023151618370320648,0.5565783563958382,False,
196,OCNT-2535052,2,CYP2D6,4.680176734924316,0.0011209187796339393,0.0005087493918836117,0.004719414748251438,32,0.8813379461423172,0.03161334618926048,0.0009544717613607645,0.638558781359611,False,
196,OCNT-2535052,3,CYP3A4,3.5865883827209473,0.0035416854079812765,0.0037826693151146173,0.012137873098254204,32,0.9460412328181554,0.10721887648105621,0.00012564568896777928,0.5276757069877313,False,
197,OCNT-2535053,0,CYP1A2,4.361675262451172,0.0030300889629870653,0.0013717549154534936,0.01301867887377739,32,0.9408660254288095,0.09122934937477112,0.00039097396074794233,0.5434364920713927,False,
197,OCNT-2535053,1,CYP2C9,4.402585983276367,0.001983562484383583,0.0002997999545186758,0.010317640379071236,32,0.8357406733589801,0.05304807052016258,0.0003500824677757919,0.5558800383284064,False,
197,OCNT-2535053,2,CYP2D6,4.160412311553955,0.0008321783971041441,5.711743142455816e-05,0.003598203882575035,32,0.788074800519238,0.02098645456135273,0.000786054297350347,0.6028390646418622,False,
197,OCNT-2535053,3,CYP3A4,3.970472574234009,0.0022023003548383713,0.0006681180093437433,0.010686635971069336,32,0.8347578413076695,0.05882866680622101,0.000303412030916661,0.5025324231988713,False,
198,OCNT-2535054,0,CYP1A2,4.259200572967529,0.003194784512743354,0.0018899033311754465,0.013641566038131714,32,0.935676383149602,0.09565740078687668,0.00048788930871523917,0.5280384109732568,False,
198,OCNT-2535054,1,CYP2C9,4.313913345336914,0.002058424986898899,0.0002870642638299614,0.010813036002218723,32,0.8514796770211183,0.05608689785003662,0.0003764376451727003,0.5711340455488589,False,
198,OCNT-2535054,2,CYP2D6,4.24742317199707,0.0007439161418005824,0.00016746338224038482,0.0032219644635915756,32,0.726704033822904,0.017299652099609375,0.0021519858855754137,0.5747640440094041,False,
198,OCNT-2535054,3,CYP3A4,3.904796838760376,0.0022726559545844793,0.0006205574027262628,0.011026903055608273,32,0.8647142260986199,0.06288661062717438,0.00040175518370233476,0.5119411985809661,False,
199,OCNT-2535058,0,CYP1A2,4.281320095062256,0.003986966796219349,0.002417354378849268,0.015436319634318352,32,0.9090738224450744,0.11598259955644608,0.0005266196676529944,0.5311439874623413,False,
199,OCNT-2535058,1,CYP2C9,4.411787986755371,0.001891844323836267,0.0008217753493227065,0.009629474952816963,32,0.8658516610091255,0.05241808667778969,0.00023545730800833553,0.5539280292157263,False,
199,OCNT-2535058,2,CYP2D6,4.428893089294434,0.0005993919330649078,5.260978650767356e-05,0.002674063201993704,32,0.7645492367246615,0.01466471329331398,0.001337168738245964,0.569302979667893,False,
199,OCNT-2535058,3,CYP3A4,4.0741143226623535,0.001890217186883092,0.0007732101366855204,0.009098639711737633,32,0.8642661399368103,0.0522770993411541,0.00021392738563008606,0.4997914803645629,False,
200,OCNT-2535059,0,CYP1A2,4.689337253570557,0.002112908288836479,0.0009704206604510546,0.009084862656891346,32,0.9058894816745652,0.06125025451183319,0.0005039346870034933,0.5462279276731108,False,
200,OCNT-2535059,1,CYP2C9,4.674359321594238,0.0014500700635835528,0.0002498498361092061,0.007552633993327618,32,0.8783780827914771,0.04075899347662926,0.00029736667056567967,0.5669885148632751,False,
200,OCNT-2535059,2,CYP2D6,4.280782222747803,0.0010268775513395667,5.928533573751338e-05,0.004582518246024847,32,0.7405806999608395,0.02433577924966812,0.0004437863826751709,0.5311129496968023,False,
200,OCNT-2535059,3,CYP3A4,4.2801618576049805,0.0019468856044113636,0.000653846887871623,0.009011832997202873,32,0.8945062828798657,0.055728331208229065,0.00016931963909883052,0.5277019961876938,False,
201,OCNT-2535061,0,CYP1A2,5.247795581817627,0.0007736566476523876,0.00046335806837305427,0.003358009271323681,32,0.7716235434918906,0.019103340804576874,0.0005178117426112294,0.5023854967272948,False,
201,OCNT-2535061,1,CYP2C9,4.906448841094971,0.0023466642014682293,0.0013616185169667006,0.010263943113386631,32,0.9919951544187241,0.07449246197938919,7.243409345392138e-05,0.5952219168937154,False,
201,OCNT-2535061,2,CYP2D6,4.315814971923828,0.0011929637985303998,8.812989108264446e-05,0.005407547578215599,32,0.7658515994173142,0.029236508533358574,0.00041212004725821316,0.5613110090103913,False,
201,OCNT-2535061,3,CYP3A4,4.488784313201904,0.002927538473159075,0.001273254631087184,0.011883119121193886,32,0.9071233898986049,0.08498072624206543,8.0181795055978e-05,0.5831062349468095,False,
202,OCNT-2535062,0,CYP1A2,4.802490711212158,0.0021595510188490152,0.0009414465166628361,0.009956532157957554,32,0.9248839218188406,0.06391498446464539,0.000495905231218785,0.5333703912416458,False,
202,OCNT-2535062,1,CYP2C9,4.624546527862549,0.0019385477062314749,0.00030904682353138924,0.010551782324910164,32,0.9150810848724187,0.056765999644994736,0.00039705002564005554,0.61112067221633,False,
202,OCNT-2535062,2,CYP2D6,4.261961460113525,0.0012789922766387463,0.000444458972197026,0.005092035047709942,32,0.7621260200167636,0.031192349269986153,0.0009776074439287186,0.6345623032313475,False,
202,OCNT-2535062,3,CYP3A4,4.145020961761475,0.0018112855032086372,0.0006753988564014435,0.00838949903845787,32,0.8156817593328645,0.04727810248732567,0.00023757507733535022,0.5587719607784145,False,
203,OCNT-2535064,0,CYP1A2,4.975009918212891,0.0013277458492666483,0.00028919990290887654,0.0055533479899168015,32,0.8552293493223105,0.036337144672870636,0.0003495270502753556,0.5977782297319396,False,
203,OCNT-2535064,1,CYP2C9,4.878085136413574,0.001053362269885838,0.0007358555449172854,0.004955306649208069,32,0.8652454524928096,0.029165618121623993,0.00037827997584827244,0.5491166052996597,False,
203,OCNT-2535064,2,CYP2D6,4.272676467895508,0.0015278166392818093,0.0003125227231066674,0.006456972099840641,32,0.7160566504101571,0.03500833362340927,0.0007920039352029562,0.5703424891405511,False,
203,OCNT-2535064,3,CYP3A4,4.367733001708984,0.0019737551920115948,0.000735680921934545,0.009287860244512558,32,0.9528165829999538,0.060180358588695526,0.0003874067042488605,0.6226640560246446,False,
204,OCNT-2535065,0,CYP1A2,4.9103827476501465,0.0009236667538061738,0.0004652498464565724,0.003949571400880814,32,0.7944011202921426,0.02348063513636589,0.0005370983853936195,0.5196387341519774,False,
204,OCNT-2535065,1,CYP2C9,4.679143905639648,0.000689665146637708,0.0005674198619090021,0.0028874576091766357,32,0.7533752208110035,0.016626693308353424,0.0017852665623649955,0.6063840214131546,False,
204,OCNT-2535065,2,CYP2D6,4.0987653732299805,0.0012657090555876493,0.0001983781548915431,0.0055563426576554775,32,0.7705085514862003,0.031207915395498276,0.0008957413374446332,0.5865371459810972,False,
204,OCNT-2535065,3,CYP3A4,4.160826683044434,0.0017039357917383313,0.0005452403565868735,0.007969025522470474,32,0.9208171011815915,0.050208717584609985,0.00045603964827023447,0.6170601042407609,False,
205,OCNT-2535066,0,CYP1A2,4.631442070007324,0.0014753112336620688,0.0005965768359601498,0.005845900624990463,32,0.8217920443955327,0.038797032088041306,0.00042213997221551836,0.555040379986381,False,
205,OCNT-2535066,1,CYP2C9,4.478185653686523,0.0013887864770367742,0.0008899211534298956,0.006699161138385534,32,0.9191830262980029,0.04084986075758934,0.0003753719793166965,0.5222636664687843,False,
205,OCNT-2535066,2,CYP2D6,4.0721001625061035,0.0014555167872458696,0.00021620321786031127,0.006266213022172451,32,0.7772142960845654,0.03620019927620888,0.0009562291670590639,0.5876206448081965,False,
205,OCNT-2535066,3,CYP3A4,3.6933631896972656,0.0038772274274379015,0.0016969158314168453,0.016957394778728485,2,1.0019942852451345,0.007769939489662647,0.00012538650480564684,0.6258371935507467,False,
206,OCNT-2535067,0,CYP1A2,4.665574073791504,0.001481701503507793,0.0005712966667488217,0.0058455257676541805,32,0.7996787411883611,0.03791658207774162,0.0004333311808295548,0.5578277064716364,False,
206,OCNT-2535067,1,CYP2C9,4.508459091186523,0.0013306867331266403,0.0008545129676349461,0.0063902405090630054,32,0.9144869841496347,0.03894095495343208,0.00039981259033083916,0.5216644186798085,False,
206,OCNT-2535067,2,CYP2D6,4.143210411071777,0.0014529190957546234,0.0002321079809917137,0.006321731489151716,32,0.7709133606276811,0.035842638462781906,0.0008751018322072923,0.5897410070936389,False,
206,OCNT-2535067,3,CYP3A4,3.7270379066467285,0.0038290766533464193,0.0008098729886114597,0.017230384051799774,2,1.0027175354819307,0.00767898466438055,0.0004056963080074638,0.6444948318980426,False,
207,OCNT-2535069,0,CYP1A2,4.73429012298584,0.001500899437814951,0.0006128656095825136,0.00597743596881628,32,0.8215076424318493,0.03945627436041832,0.0004042242653667927,0.5544529208423311,False,
207,OCNT-2535069,1,CYP2C9,4.601242542266846,0.0013605004642158747,0.0007807028596289456,0.0066201351583004,32,0.9220429874112742,0.040142372250556946,0.00037429097574204206,0.5223474094288676,False,
207,OCNT-2535069,2,CYP2D6,4.098575115203857,0.0014314191648736596,0.00021974401897750795,0.006095416843891144,32,0.7853630421702935,0.035974130034446716,0.0009560070466250181,0.589326701990582,False,
207,OCNT-2535069,3,CYP3A4,3.95304799079895,0.0025560129433870316,0.000723696022760123,0.01211320050060749,32,0.991203712675752,0.08107326179742813,0.00029674533288925886,0.6318013050640294,False,
208,OCNT-2535070,0,CYP1A2,4.775816917419434,0.0015334344934672117,0.0006237212801352143,0.006036021281033754,32,0.8078238847874606,0.03964009881019592,0.0003944346390198916,0.5439449412149402,False,
208,OCNT-2535070,1,CYP2C9,4.665788650512695,0.00141412194352597,0.0007673036307096481,0.006931495387107134,32,0.9308762575074491,0.04212421923875809,0.0003791279741562903,0.5153566327189654,False,
208,OCNT-2535070,2,CYP2D6,4.089534282684326,0.0015658915508538485,0.00023428542772307992,0.006633102893829346,32,0.7657089586457066,0.038368795067071915,0.0009525706991553307,0.5848447774344225,False,
208,OCNT-2535070,3,CYP3A4,4.06662130355835,0.001999251078814268,0.0006207764381542802,0.009428199380636215,32,0.9042049785135466,0.05784773826599121,0.00033142350730486214,0.6245106825385474,False,
209,OCNT-2535071,0,CYP1A2,4.830699443817139,0.001248022774234414,0.0004988527507521212,0.004937802907079458,32,0.8285961952779891,0.03309168666601181,0.00038908375427126884,0.5561114683592239,False,
209,OCNT-2535071,1,CYP2C9,4.61940860748291,0.0016416225116699934,0.0007383205811493099,0.007733246311545372,32,0.942493423747192,0.04951129108667374,0.00015447898476850241,0.607362106799715,False,
209,OCNT-2535071,2,CYP2D6,4.199296951293945,0.0012592591810971498,0.00017028044385369867,0.005417676642537117,32,0.739650271649991,0.02980540134012699,0.0010154807241633534,0.574100626090833,False,
209,OCNT-2535071,3,CYP3A4,3.9980475902557373,0.0031458064913749695,0.0009693574975244701,0.013718415051698685,32,0.9529396396834526,0.09592874348163605,0.00010208650201093405,0.6169944213579497,False,
210,OCNT-2535072,0,CYP1A2,4.831289768218994,0.0012966651702299714,0.0005328890983946621,0.005183367058634758,32,0.8244984185716051,0.0342114120721817,0.0004186829028185457,0.5530973143308558,False,
210,OCNT-2535072,1,CYP2C9,4.689321994781494,0.0011518551036715508,0.00068261893466115,0.005609623622149229,32,0.924038606406893,0.03405977040529251,0.0003967059310525656,0.5223978546037086,False,
210,OCNT-2535072,2,CYP2D6,4.161624431610107,0.0012906547635793686,0.0001898699556477368,0.005493925418704748,32,0.7652923935370823,0.031607549637556076,0.0009860233403742313,0.580586093658477,False,
210,OCNT-2535072,3,CYP3A4,4.1298298835754395,0.002167872851714492,0.0005769804702140391,0.010273647494614124,32,0.9759141565796438,0.06770136207342148,0.00036500621354207397,0.6375590742395234,False,
211,OCNT-2535073,0,CYP1A2,3.672574758529663,0.006554403807967901,0.004273523110896349,0.023744571954011917,32,0.9020065489482136,0.18918797373771667,0.00048559813876636326,0.5404575238610354,False,
211,OCNT-2535073,1,CYP2C9,3.9145758152008057,0.002553008496761322,0.0015594841679558158,0.011362063698470592,32,0.8573493598159343,0.07004252076148987,0.0002601607411634177,0.5502323721620659,False,
211,OCNT-2535073,2,CYP2D6,4.794059753417969,0.0005313342553563416,7.85684896982275e-05,0.0025021256878972054,32,0.7210330528157746,0.01225973665714264,0.0023231045342981815,0.5641728092407841,False,
211,OCNT-2535073,3,CYP3A4,3.566755533218384,0.0024533455725759268,0.0011944022262468934,0.010442186146974564,32,0.8847628826014163,0.0694604143500328,0.0002337901823921129,0.5409245667754976,False,
212,OCNT-2535076,0,CYP1A2,5.0928826332092285,0.002170705469325185,0.0012150146067142487,0.007693606428802013,32,0.7711545986604025,0.05356663092970848,0.0003941980248782784,0.47605570064265856,False,
212,OCNT-2535076,1,CYP2C9,4.97059440612793,0.0012099454179406166,0.00042163050966337323,0.005231925286352634,32,0.7829302564565378,0.030313942581415176,0.0009758526575751603,0.5037956091421613,False,
212,OCNT-2535076,2,CYP2D6,4.754886150360107,0.0007456274470314384,0.00016476483142469078,0.0027016066014766693,32,0.6025973724267681,0.014378213323652744,0.0018855622038245201,0.5813930908262301,False,
212,OCNT-2535076,3,CYP3A4,4.637189865112305,0.0018545766361057758,0.0004906810936518013,0.00811784528195858,32,0.7974480016146352,0.04732596501708031,0.0003736434446182102,0.4836630176239046,False,
213,OCNT-2535077,0,CYP1A2,4.637998580932617,0.001834628521464765,0.0009190338896587491,0.008524556644260883,32,0.894020187283913,0.05248652398586273,0.0006565054063685238,0.5227552186605611,False,
213,OCNT-2535077,1,CYP2C9,4.348921298980713,0.0018540520686656237,0.0006968321395106614,0.007842985913157463,32,0.8845605606280383,0.05248096585273743,0.000615637400187552,0.5940462382690447,False,
213,OCNT-2535077,2,CYP2D6,3.914541244506836,0.0013713357038795948,0.0003063337644562125,0.005374326836317778,32,0.794207194193112,0.03485224395990372,0.0010677441023290157,0.6547019447400966,False,
213,OCNT-2535077,3,CYP3A4,3.1026406288146973,0.0026501514948904514,0.0006416515680029988,0.013488493859767914,32,0.8710945407739021,0.07387331873178482,0.0006506244535557926,0.5170448756807415,False,
214,OCNT-2535079,0,CYP1A2,5.0980024337768555,0.0009830162161961198,0.00031120929634198546,0.003614444751292467,32,0.7299639919695531,0.022962359711527824,0.0005797229241579771,0.44646445580819794,False,
214,OCNT-2535079,1,CYP2C9,4.986489295959473,0.000653283903375268,0.0005320626078173518,0.0026218807324767113,32,0.8231138123797636,0.01720752753317356,0.0011534664081409574,0.6058208498753624,False,
214,OCNT-2535079,2,CYP2D6,4.495157241821289,0.0012768664164468646,0.00033066340256482363,0.0048447297886013985,32,0.7271715745162335,0.029712263494729996,0.0006178761832416058,0.5409612732306514,False,
214,OCNT-2535079,3,CYP3A4,4.661142349243164,0.000756832305341959,0.000952266389504075,0.002907519694417715,32,0.7839457632925451,0.018986346200108528,0.0007396258879452944,0.46359773721366904,False,
215,OCNT-2535081,0,CYP1A2,5.166280746459961,0.0010501549113541842,0.00026615342358127236,0.0042777834460139275,32,0.8415417912711327,0.028280245140194893,0.0003075057757087052,0.5426720993007728,False,
215,OCNT-2535081,1,CYP2C9,5.075597286224365,0.0017873531905934215,0.0005429075099527836,0.00823297630995512,2,1.0016167890592107,0.003580505959689617,0.00029736937722191215,0.6676892577549502,False,
215,OCNT-2535081,2,CYP2D6,4.501384735107422,0.0012197758769616485,0.00010658119572326541,0.004168674815446138,32,0.6858662136967612,0.02677151747047901,0.00020531723566818982,0.48941396422489425,False,
215,OCNT-2535081,3,CYP3A4,4.862279415130615,0.0021317205391824245,0.0016342696035280824,0.008976686745882034,32,0.8948949191654886,0.06104559451341629,0.0002063521824311465,0.5622352225112177,False,
216,OCNT-2535082,0,CYP1A2,5.233048439025879,0.0006975033902563155,0.0001314258115598932,0.0027649460826069117,32,0.6733264104860651,0.015028933994472027,0.0006946957437321544,0.42139209620452,False,
216,OCNT-2535082,1,CYP2C9,5.0144147872924805,0.0013028288958594203,0.0010956627083942294,0.005154913291335106,32,0.888656474296143,0.037048839032649994,0.00045992661034688354,0.4767240389416183,False,
216,OCNT-2535082,2,CYP2D6,4.41133975982666,0.0008300881017930806,0.00014570447092410177,0.003330334322527051,32,0.6595563636891131,0.017519887536764145,0.00128298276104033,0.5172953899710762,False,
216,OCNT-2535082,3,CYP3A4,4.596817970275879,0.0022449465468525887,0.0010218601673841476,0.008764220401644707,32,0.9275664937963357,0.06663508713245392,0.00034521022462286055,0.43984495719950467,False,
217,OCNT-2535083,0,CYP1A2,5.0884599685668945,0.0020014888141304255,0.0014674521517008543,0.007246482186019421,32,0.7466407383924543,0.047820817679166794,0.0004984366241842508,0.5008615178194368,False,
217,OCNT-2535083,1,CYP2C9,4.882811069488525,0.0014593754895031452,0.0011263154447078705,0.0066842446103692055,32,0.908345363309606,0.04242003336548805,0.0006778222159482539,0.6002496193024923,False,
217,OCNT-2535083,2,CYP2D6,4.598226070404053,0.000920031510759145,0.00011812312004622072,0.003766158362850547,32,0.719616301336105,0.021186459809541702,0.0012519441079348326,0.590384811888998,False,
217,OCNT-2535083,3,CYP3A4,4.415415287017822,0.0027638620231300592,0.001452830620110035,0.011485823430120945,32,0.9468043312927298,0.08373907208442688,0.00020017678616568446,0.5855200706545014,False,
218,OCNT-2535084,0,CYP1A2,5.091444492340088,0.0016209959285333753,0.00032907380955293775,0.006651816423982382,32,0.9257785806778845,0.04802216216921806,0.00019892689306288958,0.5800236779469927,False,
218,OCNT-2535084,1,CYP2C9,5.025911331176758,0.0017363548977300525,0.0007195189828053117,0.007633545435965061,32,0.9292688269775969,0.05163359269499779,0.00015112757682800293,0.6524186825907949,False,
218,OCNT-2535084,2,CYP2D6,4.5850629806518555,0.0011632059467956424,0.0001253907976206392,0.003954512532800436,32,0.680431872549414,0.02532765455543995,0.000137753551825881,0.47750521748256824,False,
218,OCNT-2535084,3,CYP3A4,4.872861385345459,0.0017790362471714616,0.0006201924406923354,0.00712789548560977,32,0.9252959658680209,0.052676618099212646,0.0002566557959653437,0.5495532041666991,False,
219,OCNT-2535086,0,CYP1A2,4.074986457824707,0.003903796896338463,0.0008429026347585022,0.016460159793496132,32,0.8990786717981784,0.11231454461812973,0.00024302258680108935,0.5608176976092885,False,
219,OCNT-2535086,1,CYP2C9,4.216207504272461,0.0028001703321933746,0.001121958950534463,0.013334930874407291,32,0.9435690661745253,0.08454923331737518,0.0001903167285490781,0.5467113422243817,False,
219,OCNT-2535086,2,CYP2D6,4.622964859008789,0.0009423141600564122,0.0003175292513333261,0.0035720299929380417,32,0.7551270381895735,0.022770382463932037,0.0009577834280207753,0.5525193795742448,False,
219,OCNT-2535086,3,CYP3A4,3.8555078506469727,0.003164544003084302,0.0016765118343755603,0.013619884848594666,23,0.966698677095568,0.07036091387271881,0.00020688501535914838,0.5313523210351525,False,
220,OCNT-2535087,0,CYP1A2,5.064151763916016,0.0014452285831794143,0.0006119670579209924,0.005098110996186733,32,0.8011595372219816,0.0370517335832119,0.0002963831939268857,0.43780677207849283,False,
220,OCNT-2535087,1,CYP2C9,4.8927459716796875,0.0011973074870184064,8.208748477045447e-05,0.004832294769585133,32,0.7380078146066179,0.028276149183511734,0.0009163527865894139,0.5149896403843266,False,
220,OCNT-2535087,2,CYP2D6,4.501383304595947,0.0010077713523060083,0.00019033346325159073,0.0036579379811882973,32,0.6427812230209669,0.020729053765535355,0.0015478413552045822,0.552436670690873,False,
220,OCNT-2535087,3,CYP3A4,4.475113868713379,0.002106377622112632,0.00047883528168313205,0.008921225555241108,32,0.7254522766790031,0.04889867827296257,0.00031945740920491517,0.48965003923651895,False,
221,OCNT-2535088,0,CYP1A2,4.3434858322143555,0.0036903105210512877,0.0020535849034786224,0.013538242317736149,32,0.8554444163576505,0.10101965069770813,0.0003015967959072441,0.5333602067537382,False,
221,OCNT-2535088,1,CYP2C9,4.203818321228027,0.0034274826757609844,0.0011147914920002222,0.01432780735194683,32,0.9153841738318025,0.10039912164211273,0.00021673513401765376,0.6092541744103004,False,
221,OCNT-2535088,2,CYP2D6,4.672569751739502,0.0008437903597950935,2.4637893147883005e-05,0.003585724625736475,32,0.7353517325037219,0.01985568180680275,0.0008630373049527407,0.5369568505875191,False,
221,OCNT-2535088,3,CYP3A4,3.828723669052124,0.004111811053007841,0.001643223105929792,0.017316434532403946,32,0.9353048646831633,0.12306579947471619,0.00014221848687157035,0.5980019544849636,False,
222,OCNT-2535091,0,CYP1A2,5.286908149719238,0.0007541301310993731,0.00031947350362315774,0.0032788023818284273,32,0.791971919747201,0.019112249836325645,0.0004294984391890466,0.49373748908726367,False,
222,OCNT-2535091,1,CYP2C9,4.956209182739258,0.001641837996430695,0.0009139286703430116,0.007656123023480177,32,0.9483103641457609,0.04982340708374977,0.00018295826157554984,0.6192931270471327,False,
222,OCNT-2535091,2,CYP2D6,4.559310436248779,0.001194229582324624,0.0002387821295997128,0.004834251943975687,32,0.681599450657777,0.026047777384519577,0.0007030566339381039,0.5883255251986113,False,
222,OCNT-2535091,3,CYP3A4,4.543927192687988,0.002694830298423767,0.0010327562922611833,0.011448881588876247,11,0.9949942769187028,0.029494857415556908,0.00013391267566476017,0.613608166679404,False,
223,OCNT-2535092,0,CYP1A2,4.430234909057617,0.0032882639206945896,0.002225654199719429,0.012283357791602612,32,0.9385662273465034,0.09876041114330292,0.0004242929571773857,0.5389501613855896,False,
223,OCNT-2535092,1,CYP2C9,4.443981170654297,0.002110591158270836,0.0015108403749763966,0.009903352707624435,5,0.9985597569735869,0.010537806898355484,0.0002052603376796469,0.5389864565525266,False,
223,OCNT-2535092,2,CYP2D6,4.354802131652832,0.0016574945766478777,0.0003054026165045798,0.007221514359116554,32,0.8179105114088828,0.04338209331035614,0.0006653747987002134,0.6555124438493347,False,
223,OCNT-2535092,3,CYP3A4,3.971994638442993,0.0028888126835227013,0.001748032751493156,0.013257580809295177,32,0.9490504051463887,0.08773242682218552,0.00017622564337216318,0.5777769874092435,False,
224,OCNT-2535093,0,CYP1A2,4.785621166229248,0.00314506352879107,0.0020550000481307507,0.012072033248841763,32,0.8265142848510094,0.08318234235048294,0.00031402436434291303,0.5744257483291575,False,
224,OCNT-2535093,1,CYP2C9,4.700213432312012,0.0015589202521368861,0.0005630947998724878,0.0074506523087620735,32,0.8972571345892705,0.044760361313819885,0.0005646257777698338,0.5836813455678656,False,
224,OCNT-2535093,2,CYP2D6,4.502799034118652,0.0011348321568220854,0.00015676123439334333,0.0047239819541573524,32,0.8129889951017375,0.029523653909564018,0.0008764501544646919,0.6118372515237863,False,
224,OCNT-2535093,3,CYP3A4,4.136145114898682,0.0021963482722640038,0.0009995204163715243,0.010536898858845234,32,0.9373492025816675,0.06588014960289001,0.00013825116911903024,0.5813591021342928,False,
225,OCNT-2535094,0,CYP1A2,4.248279094696045,0.005805421620607376,0.0029246925842016935,0.02347145974636078,6,0.9961433218180482,0.0346982516348362,0.0005646962090395391,0.6274964412066137,False,
225,OCNT-2535094,1,CYP2C9,4.417937755584717,0.003184826113283634,0.0022970286663621664,0.012018549256026745,32,0.8638691662396164,0.08804101496934891,0.00023807720572222024,0.5871324387291389,False,
225,OCNT-2535094,2,CYP2D6,4.717967987060547,0.0013448316603899002,0.00030208652606233954,0.0054805688560009,32,0.7906761972483264,0.034026697278022766,0.0006047631613910198,0.633717202273622,False,
225,OCNT-2535094,3,CYP3A4,4.070705413818359,0.003157551633194089,0.0016434110002592206,0.012884757481515408,32,0.897357723909862,0.09067079424858093,0.0003792119678109884,0.5722072505323998,False,
226,OCNT-2535095,0,CYP1A2,4.806332588195801,0.003369150450453162,0.0022607978899031878,0.012996277771890163,16,0.9746113384746652,0.052537951618433,0.0006719150114804506,0.5376407122935453,False,
226,OCNT-2535095,1,CYP2C9,4.81793737411499,0.0019010365940630436,0.0016137700295075774,0.007611766457557678,32,0.9608719444921153,0.05845319479703903,0.0005549616762436926,0.5403375345312063,False,
226,OCNT-2535095,2,CYP2D6,4.689903259277344,0.001103201531805098,0.00015619434998370707,0.0042541357688605785,32,0.7174323654014683,0.025327349081635475,0.0006648690323345363,0.5890705951136963,False,
226,OCNT-2535095,3,CYP3A4,4.473605632781982,0.002405470469966531,0.001696098828688264,0.010663345456123352,2,1.0018284008667757,0.004819757305085659,0.00041129012242890894,0.6508439127939725,False,
227,OCNT-2535096,0,CYP1A2,4.482522010803223,0.0038245769683271646,0.0027121207676827908,0.015255468897521496,20,0.9618574335972875,0.07357414811849594,0.0006023455644026399,0.5206784521729915,False,
227,OCNT-2535096,1,CYP2C9,4.430398941040039,0.002455314388498664,0.0015745093114674091,0.010231675580143929,32,0.9382107434649014,0.07371557503938675,0.00041385763324797153,0.5573238672546004,False,
227,OCNT-2535096,2,CYP2D6,4.341604709625244,0.0013128858990967274,0.00020897723152302206,0.005507924593985081,32,0.800848762522174,0.03364579379558563,0.000959178723860532,0.6765021099771724,False,
227,OCNT-2535096,3,CYP3A4,3.987301826477051,0.0023058962542563677,0.0012047855416312814,0.009930957108736038,32,0.9058938278985418,0.06684499979019165,0.000468344398541376,0.5711203870680404,False,
228,OCNT-2535097,0,CYP1A2,4.505951881408691,0.0034222675021737814,0.002400677651166916,0.013509607873857021,24,0.9578080984433847,0.0786692425608635,0.0005586011684499681,0.5291431841899974,False,
228,OCNT-2535097,1,CYP2C9,4.401333332061768,0.0025570616126060486,0.0016143405809998512,0.012402982451021671,32,0.96376457652492,0.0788612812757492,0.0003352616913616657,0.6112616387723908,False,
228,OCNT-2535097,2,CYP2D6,4.392271995544434,0.0012307913275435567,0.00016909117402974516,0.0052411677315831184,32,0.7617246433196276,0.030001014471054077,0.0010574685875326395,0.6270207784895714,False,
228,OCNT-2535097,3,CYP3A4,3.8195478916168213,0.0035532652400434017,0.0017042296240106225,0.01582733914256096,32,0.9925458717142835,0.11285723745822906,0.00022997097403276712,0.5992291317822432,False,
229,OCNT-2535098,0,CYP1A2,5.1266021728515625,0.0014332026476040483,0.0002567193005234003,0.005258314311504364,32,0.7652300166785914,0.03509559482336044,0.0002927951863966882,0.48351571704537,False,
229,OCNT-2535098,1,CYP2C9,4.927936553955078,0.0012219954514876008,0.00047105312114581466,0.005077526904642582,32,0.8304351811614071,0.03247348219156265,0.00033527251798659563,0.5928556990705065,False,
229,OCNT-2535098,2,CYP2D6,4.570867538452148,0.0009103628108277917,0.0001699852291494608,0.0036947811022400856,32,0.6713775829080342,0.01955852471292019,0.0010301669826731086,0.5548468261624037,False,
229,OCNT-2535098,3,CYP3A4,4.5834760665893555,0.0017124020960181952,0.0014184584142640233,0.00622182060033083,32,0.8781505872520984,0.04812018200755119,4.682757571572438e-05,0.522278839129228,False,
230,OCNT-2535099,0,CYP1A2,5.398777961730957,0.0010532909072935581,0.0003277673094999045,0.005787721835076809,32,0.9970119872810127,0.03360491618514061,0.0014236948918551207,0.6273054746202924,False,
230,OCNT-2535099,1,CYP2C9,4.96394157409668,0.0004922347143292427,0.0002448196755722165,0.0022166743874549866,32,0.8416837146212824,0.01325805950909853,0.003386836964637041,0.5885739990240595,False,
230,OCNT-2535099,2,CYP2D6,4.1603546142578125,0.0007506808615289629,9.086805948754773e-05,0.0029517370276153088,32,0.7023192193908528,0.016871187835931778,0.0015433935914188623,0.5155304216798818,False,
230,OCNT-2535099,3,CYP3A4,4.566675662994385,0.0013432636624202132,0.0007044436642900109,0.005795245058834553,32,0.9071364078662508,0.03899303823709488,0.00048204624908976257,0.5301461526717981,False,
231,OCNT-2535100,0,CYP1A2,4.7266693115234375,0.0035359261091798544,0.002277960302308202,0.013533124700188637,23,0.950679765651336,0.07731548696756363,0.0006523096235468984,0.5417065936124777,False,
231,OCNT-2535100,1,CYP2C9,4.649242401123047,0.00236256280913949,0.002218386624008417,0.010359316132962704,32,0.9281458044236391,0.07016998529434204,0.00039602137985639274,0.5951971258968309,False,
231,OCNT-2535100,2,CYP2D6,4.739377975463867,0.0009905563201755285,0.00013099671923555434,0.0041036298498511314,32,0.7094682710351369,0.02248881198465824,0.0008199142757803202,0.6123021532494606,False,
231,OCNT-2535100,3,CYP3A4,4.220282077789307,0.003458584425970912,0.0019655723590403795,0.015006890520453453,32,0.9702767871683194,0.10738540440797806,0.00024733037571422756,0.6126590138876857,False,
232,OCNT-2535101,0,CYP1A2,5.322263717651367,0.0018441203283146024,0.00033262636861763895,0.00989189837127924,2,1.0021061919840886,0.0036960288416594267,0.0016284133307635784,0.6454387278529645,False,
232,OCNT-2535101,1,CYP2C9,4.597350597381592,0.0008794593741185963,0.0008522882126271725,0.0028699685353785753,32,0.6299380943327643,0.01772836036980152,0.004065750166773796,0.6767678447036007,True,curved
232,OCNT-2535101,2,CYP2D6,4.047316074371338,0.0009030707296915352,0.00019446294754743576,0.0036504315212368965,32,0.683211255616231,0.019743837416172028,0.001068534329533577,0.6081279243184619,False,
232,OCNT-2535101,3,CYP3A4,4.182530403137207,0.0014112122589722276,0.0005784650566056371,0.005757275968790054,32,0.8384714299345472,0.037864625453948975,0.0008812971063889563,0.5953574918292263,False,
233,OCNT-2535102,0,CYP1A2,4.888655662536621,0.0023845608811825514,0.0014085766160860658,0.009167911484837532,32,0.8749549676286559,0.06676454842090607,0.0003350187325850129,0.4913437929302336,False,
233,OCNT-2535102,1,CYP2C9,4.6135735511779785,0.0024995971471071243,0.0007693452062085271,0.010885054245591164,32,0.8491083693074194,0.06791799515485764,0.0005814243340864778,0.484051142510578,False,
233,OCNT-2535102,2,CYP2D6,4.607890605926514,0.0009048344800248742,0.00018028965860139579,0.003256295807659626,32,0.6337235392720746,0.018349479883909225,0.0016678011743351817,0.5903599198412155,False,
233,OCNT-2535102,3,CYP3A4,4.15010404586792,0.00347514427267015,0.0015633951406925917,0.01530242059379816,32,0.8584124940154367,0.0954597070813179,0.0005496731027960777,0.5113354792987288,False,
234,OCNT-2535110,0,CYP1A2,4.2248311042785645,0.0027890526689589024,0.0010963066015392542,0.01188117265701294,32,0.9125120781562124,0.08144170790910721,0.00046148174442350864,0.5387873600659452,False,
234,OCNT-2535110,1,CYP2C9,4.324817657470703,0.0017985872691497207,0.0002905295114032924,0.009442180395126343,32,0.8608093748744065,0.04954398050904274,0.0003227176202926785,0.5533954450434218,False,
234,OCNT-2535110,2,CYP2D6,4.190154552459717,0.0008259635069407523,7.434545113937929e-05,0.0036651669070124626,32,0.7966377698203393,0.021056054159998894,0.0006541420007124543,0.575618339084233,False,
234,OCNT-2535110,3,CYP3A4,3.8989527225494385,0.001975014805793762,0.000636533135548234,0.009489661082625389,32,0.8444919554782453,0.05337256193161011,0.00029399088816717267,0.4991145444847983,False,
235,OCNT-2535111,0,CYP1A2,4.390681266784668,0.002825886243954301,0.0005909734172746539,0.012368756346404552,32,0.8977920026892032,0.08118614554405212,0.00027072158991359174,0.5786032851026104,False,
235,OCNT-2535111,1,CYP2C9,4.265580177307129,0.0022349352948367596,0.0009352100896649063,0.010413222014904022,32,0.8641397909275083,0.061801765114068985,0.00048324826639145613,0.5870874037820586,False,
235,OCNT-2535111,2,CYP2D6,4.392913818359375,0.0014646830968558788,0.00027662323554977775,0.005927988328039646,32,0.7917581887873001,0.037109848111867905,0.0006966139189898968,0.6423380469648483,False,
235,OCNT-2535111,3,CYP3A4,3.8121397495269775,0.0018651530845090747,0.0008794590830802917,0.007903199642896652,32,0.7656259595739845,0.045696552842855453,0.0002659830206539482,0.5247330860930544,False,
236,OCNT-2535115,0,CYP1A2,4.463000774383545,0.0036658213939517736,0.003476120997220278,0.015423927456140518,32,0.9468613003352844,0.1110730841755867,0.0007118122302927077,0.48964582229461134,False,
236,OCNT-2535115,1,CYP2C9,4.235998630523682,0.004249020479619503,0.002192587358877063,0.01813613809645176,32,0.8907714872034146,0.12111728638410568,0.0006957902805879712,0.4519107318169653,False,
236,OCNT-2535115,2,CYP2D6,4.678635120391846,0.0010908156400546432,8.273596176877618e-05,0.004076460376381874,32,0.6064034350289585,0.021167373284697533,0.0016095926985144615,0.5068300587095416,False,
236,OCNT-2535115,3,CYP3A4,3.8263981342315674,0.005240430124104023,0.005992196034640074,0.022777723148465157,32,0.8003644488883903,0.13421638309955597,0.0004039415798615664,0.5033512382997954,False,
237,OCNT-2535117,0,CYP1A2,5.292156219482422,0.0010035831946879625,0.00013083934027235955,0.004075218923389912,32,0.7087904337581952,0.02276279218494892,0.0006697421777062118,0.48414384411274497,False,
237,OCNT-2535117,1,CYP2C9,5.122124195098877,0.0009027534397318959,0.0004648610483855009,0.0044579291716217995,32,0.9151640696042992,0.026437653228640556,0.0004781529714819044,0.5346722458113156,False,
237,OCNT-2535117,2,CYP2D6,4.641465187072754,0.0007754532271064818,0.0001945226249517873,0.0031830486841499805,32,0.7306450462996007,0.018130827695131302,0.0010334316175431013,0.5240484685220377,False,
237,OCNT-2535117,3,CYP3A4,4.847437858581543,0.0011374788591638207,0.00047081391676329076,0.005056301131844521,32,0.8922967191859246,0.03247928246855736,0.00029806929524056613,0.45737551515473146,False,
238,OCNT-2535118,0,CYP1A2,5.343995094299316,0.0012622555950656533,0.0007699038833379745,0.005358633119612932,32,0.9014439094197169,0.03641157224774361,0.0005245497450232506,0.5159105516738213,False,
238,OCNT-2535118,1,CYP2C9,5.149020195007324,0.0011826864210888743,0.00011676324356812984,0.005453961901366711,32,0.768711486819589,0.029092874377965927,0.0010184022830799222,0.5134054783724837,False,
238,OCNT-2535118,2,CYP2D6,4.51898717880249,0.0011307307286188006,0.00012421439168974757,0.004453776404261589,32,0.7220379918762464,0.026126008480787277,0.0011943127028644085,0.5971115889396943,False,
238,OCNT-2535118,3,CYP3A4,4.862053394317627,0.0014452622272074223,0.0005317723262123764,0.006703612394630909,32,0.6394760609290718,0.029574943706393242,0.0007484807865694165,0.43817343901420763,False,
239,OCNT-2535119,0,CYP1A2,5.344005584716797,0.0012622660724446177,0.0007699265261180699,0.005358688533306122,32,0.9014433440756271,0.03641185164451599,0.0005245190695859492,0.5159073658395299,False,
239,OCNT-2535119,1,CYP2C9,5.149273872375488,0.0011835902696475387,0.0001168479211628437,0.005459338426589966,32,0.769017841598362,0.029126711189746857,0.001015687477774918,0.5134326818393049,False,
239,OCNT-2535119,2,CYP2D6,4.518983364105225,0.0011306664673611522,0.00012422048894222826,0.004453563131392002,32,0.7220114346866185,0.026123562827706337,0.0011943785939365625,0.5971164954337924,False,
239,OCNT-2535119,3,CYP3A4,4.862112522125244,0.0014454955235123634,0.0005318066687323153,0.006704891100525856,32,0.639499133703246,0.02958078496158123,0.0007481141365133226,0.43817952366610424,False,
240,OCNT-2535120,0,CYP1A2,5.265795707702637,0.0008422255050390959,0.00023971828341018409,0.003162108361721039,32,0.6974307978936177,0.018796831369400024,0.0007357425638474524,0.42382313024067997,False,
240,OCNT-2535120,1,CYP2C9,5.069754600524902,0.0004953561001457274,0.00046958294115029275,0.0019440677715465426,32,0.6679204536204948,0.01058768481016159,0.0017827496631070971,0.5304000102295664,False,
240,OCNT-2535120,2,CYP2D6,4.486306190490723,0.0008706259541213512,0.00014747751993127167,0.0036653922870755196,32,0.727024845364695,0.02025516703724861,0.0009310823515988886,0.5174213524153903,False,
240,OCNT-2535120,3,CYP3A4,4.8560662269592285,0.0005745961680077016,0.00040339140105061233,0.002194541972130537,32,0.5215915182038428,0.009590710513293743,0.0022132867015898228,0.4493067450252872,False,
241,OCNT-2535121,0,CYP1A2,4.378957748413086,0.0035909900907427073,0.002047229092568159,0.014804713428020477,32,0.9682639748780125,0.1112651526927948,0.0007689315243624151,0.5638240886596497,False,
241,OCNT-2535121,1,CYP2C9,4.362802505493164,0.0016644351417198777,0.00044148313463665545,0.00631741201505065,32,0.6322317796419793,0.03367408365011215,0.0031900741159915924,0.5533183789844974,False,
241,OCNT-2535121,2,CYP2D6,4.247163772583008,0.0013868107926100492,0.00026799237821251154,0.00569193996489048,32,0.8526580108475416,0.037839483469724655,0.000934434647206217,0.56643623976277,False,
241,OCNT-2535121,3,CYP3A4,3.9263837337493896,0.0016374605474993587,3.395305247977376e-05,0.007213033735752106,32,0.6939824509973092,0.03636402636766434,0.0006755762151442468,0.513153187148101,False,
242,OCNT-2535122,0,CYP1A2,3.0527310371398926,0.008107484318315983,0.0038609979674220085,0.03213346749544144,4,0.9981937857690693,0.0323714017868042,0.00045292306458577514,0.5888557859035795,True,persistent
242,OCNT-2535122,1,CYP2C9,3.314553737640381,0.004940785001963377,0.002206184668466449,0.01968146115541458,3,0.999917079618811,0.014821155928075314,0.0002437152579659596,0.5829428812813516,False,
242,OCNT-2535122,2,CYP2D6,4.703832626342773,0.001360247377306223,0.00033315829932689667,0.00560116907581687,32,0.872680892537914,0.037986259907484055,0.0005492947530001402,0.6220442755780735,False,
242,OCNT-2535122,3,CYP3A4,2.9296529293060303,0.004861646797508001,0.0029018623754382133,0.01809733733534813,6,0.9980965022747086,0.029114415869116783,0.00018209218978881836,0.5244948166155066,False,
243,OCNT-2535123,0,CYP1A2,5.344528675079346,0.0010779943550005555,0.00018180780170951039,0.0052223121747374535,17,0.9447329335696171,0.017313245683908463,0.001164695480838418,0.5545586039706649,False,
243,OCNT-2535123,1,CYP2C9,5.179488182067871,0.0008329134434461594,0.00020116152882110327,0.004340235143899918,32,0.9363150499631057,0.024956120178103447,0.0009393421350978315,0.6949093606172179,False,
243,OCNT-2535123,2,CYP2D6,4.432710647583008,0.0009670963627286255,6.489875522674993e-05,0.0033171947579830885,32,0.6702229502381255,0.02074166014790535,0.000194125110283494,0.4834868124255116,False,
243,OCNT-2535123,3,CYP3A4,4.991482734680176,0.0005371651495806873,0.000316420424496755,0.0022424838971346617,32,0.6290763773177497,0.010813574306666851,0.0010941859800368547,0.598332958907899,False,
244,OCNT-2535124,0,CYP1A2,5.545167446136475,0.0007045338861644268,0.00010511445725569502,0.0032220538705587387,32,0.8278465256406955,0.018664134666323662,0.0004734541289508343,0.515125235971795,False,
244,OCNT-2535124,1,CYP2C9,5.3436689376831055,0.0006718545337207615,0.00033781572710722685,0.002966952510178089,32,0.8934941280166253,0.01920982450246811,0.0007320371805690229,0.5390345702923109,False,
244,OCNT-2535124,2,CYP2D6,4.545433044433594,0.0007537381607107818,0.00012539590534288436,0.0028316592797636986,32,0.6813988048902384,0.016435299068689346,0.0013688793405890465,0.5760660565495781,False,
244,OCNT-2535124,3,CYP3A4,5.110090255737305,0.0009759640088304877,0.0004940026556141675,0.004389289766550064,32,0.8889717867208136,0.027763627469539642,0.0007184942369349301,0.4885726226740241,False,
245,OCNT-2535126,0,CYP1A2,5.108487606048584,0.0018500133883208036,0.000694309885147959,0.007965953089296818,12,0.9755864068601162,0.021658292040228844,0.0010066727409139276,0.5380111584055174,False,
245,OCNT-2535126,1,CYP2C9,4.906686782836914,0.0011471478501334786,0.0005988102057017386,0.004135186783969402,32,0.6391812495780856,0.023463737219572067,0.0034418620634824038,0.551797669110476,False,
245,OCNT-2535126,2,CYP2D6,4.395759105682373,0.0011026181746274233,0.00018930897931568325,0.004662742838263512,32,0.8175865292664629,0.02884780615568161,0.0009623043588362634,0.5515048493992499,False,
245,OCNT-2535126,3,CYP3A4,4.652520179748535,0.0012263186508789659,4.052795338793658e-05,0.00581406569108367,32,0.7139070929911661,0.028015511110424995,0.0007722549489699304,0.4677887212585118,False,
246,OCNT-2535127,0,CYP1A2,3.6559107303619385,0.0036920292768627405,0.00020909954037051648,0.014310515485703945,32,0.7508538738260688,0.08870982378721237,0.00042245423537679017,0.5546166254818418,False,
246,OCNT-2535127,1,CYP2C9,4.007352828979492,0.0023496756330132484,0.0009485107148066163,0.0080752307549119,32,0.8736373045749594,0.06568873673677444,0.0002992713125422597,0.4696124212252918,False,
246,OCNT-2535127,2,CYP2D6,4.789735317230225,0.00133266462944448,0.00036554120015352964,0.00463017588481307,32,0.6852767647626646,0.029224030673503876,0.001193823292851448,0.45996388038808717,False,
246,OCNT-2535127,3,CYP3A4,3.7758193016052246,0.002818889683112502,0.0012183943763375282,0.010570109821856022,32,0.8696233364708003,0.07844419032335281,0.00041968983714468777,0.4564034841645523,False,
247,OCNT-2535128,0,CYP1A2,4.81561279296875,0.0020265753846615553,0.0005621911841444671,0.00929872877895832,32,0.8333166027779447,0.054041191935539246,0.0002818992652464658,0.49436124059087216,False,
247,OCNT-2535128,1,CYP2C9,4.86400032043457,0.0011428013676777482,0.0002093117218464613,0.005489315837621689,32,0.8103769434729933,0.029635455459356308,0.0007178584928624332,0.5327031108989916,False,
247,OCNT-2535128,2,CYP2D6,4.428632736206055,0.0009956322610378265,9.382668213220313e-05,0.0043001938611269,32,0.7731294979900196,0.02463233284652233,0.0005853925831615925,0.554967561780194,False,
247,OCNT-2535128,3,CYP3A4,4.486917495727539,0.0010886475211009383,0.000239037603023462,0.005002053454518318,32,0.7805170208109165,0.027190903201699257,0.0003185434907209128,0.5640217671145031,False,
248,OCNT-2535131,0,CYP1A2,5.5521392822265625,0.0006874453974887729,9.12108807824552e-05,0.0031791345681995153,32,0.8322399885674179,0.018308091908693314,0.0004627415619324893,0.5214948465011386,False,
248,OCNT-2535131,1,CYP2C9,5.3573760986328125,0.0006581348716281354,0.00033317398629151285,0.002772589446976781,32,0.893329214868771,0.018814081326127052,0.000799135712441057,0.510803619528601,False,
248,OCNT-2535131,2,CYP2D6,4.545351982116699,0.0007538641220889986,0.00012495550618041307,0.0028322949074208736,32,0.680942597824639,0.016427040100097656,0.0013710675993934274,0.5773938218189049,False,
248,OCNT-2535131,3,CYP3A4,5.147406578063965,0.0006906850030645728,0.0005850848974660039,0.00296416156925261,32,0.7598081208957972,0.01679346151649952,0.0005626759957522154,0.4420182393304976,False,
249,OCNT-2535133,0,CYP1A2,4.914802551269531,0.0028426670469343662,0.0023678529541939497,0.010923920199275017,32,0.9847950009490231,0.08958253264427185,0.000950539659243077,0.49448942551993474,False,
249,OCNT-2535133,1,CYP2C9,4.890749931335449,0.0018756294157356024,0.0018593801651149988,0.007710670121014118,32,0.9667584077397666,0.058025285601615906,0.0006190132116898894,0.5272914082833677,False,
249,OCNT-2535133,2,CYP2D6,4.502690315246582,0.0009383135475218296,0.00011653389083221555,0.0036727446131408215,32,0.71743480970335,0.021541951224207878,0.0010274946689605713,0.6357743703268267,False,
249,OCNT-2535133,3,CYP3A4,4.499696254730225,0.002578498562797904,0.0015902495943009853,0.01172870583832264,10,0.9860732657516742,0.02542598359286785,0.0006607996765524149,0.4983769174251075,False,
250,OCNT-2535134,0,CYP1A2,4.651496887207031,0.0019706073217093945,0.0009435380925424397,0.009273476898670197,32,0.8977627193734565,0.05661269649863243,0.0004255482635926455,0.5255944647933689,False,
250,OCNT-2535134,1,CYP2C9,4.415671348571777,0.0020015097688883543,0.0010428630048409104,0.008509171195328236,32,0.9040319779808547,0.0579020120203495,0.0003161340137012303,0.5702316251711609,False,
250,OCNT-2535134,2,CYP2D6,4.1569108963012695,0.0013300030259415507,0.00031643692636862397,0.005553198512643576,32,0.8181398749071962,0.034820374101400375,0.0006981519400142133,0.7238226349335288,True,spectral
250,OCNT-2535134,3,CYP3A4,3.451781988143921,0.002315172692760825,0.0006646498222835362,0.011672929860651493,32,0.8739711300701917,0.06474889069795609,0.0005732648423872888,0.5249640534583773,False,
251,OCNT-2535135,0,CYP1A2,4.651415824890137,0.0019708469044417143,0.0009428782504983246,0.009275628253817558,32,0.897963693880239,0.056632254272699356,0.0004255554813425988,0.5256656432104502,False,
251,OCNT-2535135,1,CYP2C9,4.415371894836426,0.002000240609049797,0.0010417357552796602,0.00850534625351429,32,0.9038319291509679,0.05785249173641205,0.00031587210833095014,0.5704440995506286,False,
251,OCNT-2535135,2,CYP2D6,4.156910419464111,0.0013300079153850675,0.0003165684756822884,0.005553191527724266,32,0.8181447448643466,0.03482070937752724,0.0006981510086916387,0.7238238591865244,True,spectral
251,OCNT-2535135,3,CYP3A4,3.4516794681549072,0.0023152565117925406,0.0006646817200817168,0.011673115193843842,32,0.8739005719412973,0.06474600732326508,0.0005734111182391644,0.5249428813543219,False,
252,OCNT-2535136,0,CYP1A2,4.785528182983398,0.0013346632476896048,0.0009708862635307014,0.005646601319313049,32,0.8881301171515487,0.03793163225054741,0.0004986994317732751,0.4592105342472705,False,
252,OCNT-2535136,1,CYP2C9,4.397523403167725,0.0012641114881262183,0.0010361637687310576,0.005254684016108513,32,0.7842370274488732,0.03172386810183525,0.0009058984578587115,0.5629970562454348,False,
252,OCNT-2535136,2,CYP2D6,3.8986215591430664,0.0016943294322118163,0.00018900519353337586,0.006996840238571167,32,0.8371371611181514,0.04538862407207489,0.0007655132794752717,0.6251163505295001,False,
252,OCNT-2535136,3,CYP3A4,3.739394187927246,0.0015610851114615798,0.0005284679937176406,0.007266375236213207,32,0.7485999934636626,0.03739634528756142,0.0004144265840295702,0.5295479908900954,False,
253,OCNT-2535137,0,CYP1A2,4.980087757110596,0.001489030895754695,0.0010712924413383007,0.0067142304033041,32,0.9353533607646215,0.04456894099712372,0.00016096595209091902,0.5353326850747265,False,
253,OCNT-2535137,1,CYP2C9,4.635259628295898,0.0029518608935177326,0.0015919782454147935,0.013017257675528526,5,0.999280579449544,0.014748736284673214,8.45970498630777e-05,0.6132585145758609,False,
253,OCNT-2535137,2,CYP2D6,4.375155448913574,0.0010242769494652748,8.921353582991287e-05,0.0042639849707484245,32,0.6878937513669073,0.022547218948602676,0.0012870286591351032,0.5524907987413235,False,
253,OCNT-2535137,3,CYP3A4,4.2030768394470215,0.0033015599474310875,0.0013362093595787883,0.013772305101156235,32,0.8995349512025754,0.095036081969738,0.00013723428128287196,0.5806824951143007,False,
254,OCNT-2535138,0,CYP1A2,4.939409255981445,0.0012205354869365692,0.001535656745545566,0.004799759015440941,32,0.7628235759642755,0.02979394793510437,0.0006458551506511867,0.4539605823270819,False,
254,OCNT-2535138,1,CYP2C9,4.535978317260742,0.0015563525957986712,0.0004877964674960822,0.006838992703706026,32,0.9805445530581568,0.048834651708602905,0.00212756241671741,0.5998052410316723,False,
254,OCNT-2535138,2,CYP2D6,4.068808078765869,0.0015128514496609569,0.00020309984392952174,0.0063149593770504,32,0.8339223054666641,0.04037148505449295,0.0008707724045962095,0.6168230122748983,False,
254,OCNT-2535138,3,CYP3A4,3.9528768062591553,0.0018668435513973236,0.0003729851159732789,0.008127602748572826,32,0.9511075348966462,0.056818511337041855,0.0005535853561013937,0.5467266734229983,False,
255,OCNT-2535139,0,CYP1A2,4.66261100769043,0.0016729406779631972,0.0003473471733741462,0.006174901966005564,32,0.6421335587273713,0.034376248717308044,0.00024277332704514265,0.42896211504294346,False,
255,OCNT-2535139,1,CYP2C9,4.369141578674316,0.0019828048534691334,0.0005718054017052054,0.007360763847827911,32,0.9423372187966996,0.05979136750102043,0.0005125213647261262,0.5415511872596275,False,
255,OCNT-2535139,2,CYP2D6,4.438726425170898,0.0010007239179685712,0.00018960080342367291,0.0037946973461657763,32,0.7780454427004005,0.024915726855397224,0.0010816716821864247,0.5895903249795974,False,
255,OCNT-2535139,3,CYP3A4,4.004455089569092,0.002262934809550643,0.0005704513750970364,0.008883877657353878,32,0.9142555345195305,0.06620511412620544,0.00022555662144441158,0.5269373358835887,False,
256,OCNT-2535141,0,CYP1A2,5.169466972351074,0.0012822496937587857,0.0002787261619232595,0.0049899909645318985,32,0.8349320932291802,0.034259192645549774,0.0002811731828842312,0.4841262335592441,False,
256,OCNT-2535141,1,CYP2C9,4.973146438598633,0.0012986037181690335,0.0005121328285895288,0.005493692122399807,32,0.8443465866930365,0.03508736193180084,0.00032465567346662283,0.5928797562445095,False,
256,OCNT-2535141,2,CYP2D6,4.497652053833008,0.0009937025606632233,0.00018468890630174428,0.004011625424027443,32,0.6602605934561667,0.020995495840907097,0.0010548161808401346,0.5541395433919324,False,
256,OCNT-2535141,3,CYP3A4,4.618256568908691,0.001799676101654768,0.001466516638174653,0.006624952424317598,32,0.8810821662074908,0.05074148252606392,4.5920864067738876e-05,0.518027537547944,False,
257,OCNT-2535143,0,CYP1A2,5.245911121368408,0.0006250835140235722,5.029171006754041e-05,0.0024450633209198713,32,0.6637916974424294,0.013277820311486721,0.0007307429914362729,0.4569238597515829,False,
257,OCNT-2535143,1,CYP2C9,5.071278095245361,0.000597922713495791,0.0002558930136729032,0.0026263860054314137,32,0.9091179985499863,0.01739492453634739,0.0005057119997218251,0.5603743075270669,False,
257,OCNT-2535143,2,CYP2D6,4.431423664093018,0.0010126453125849366,5.238440280663781e-05,0.0040035489946603775,32,0.6532709832734129,0.021169226616621017,0.0013930706772953272,0.5238927540061553,False,
257,OCNT-2535143,3,CYP3A4,4.711165428161621,0.0017167013138532639,0.0008668257505632937,0.006201106123626232,2,1.0000662601138492,0.0034336501266807318,0.0001253548834938556,0.6344526117173813,False,
258,OCNT-2535145,0,CYP1A2,4.60935115814209,0.003451903583481908,0.0022757293190807104,0.01380352582782507,18,0.9686942748215882,0.06018928065896034,0.0006206496036611497,0.5112673881851816,False,
258,OCNT-2535145,1,CYP2C9,4.51162576675415,0.0022381015587598085,0.0019469185499474406,0.008635838516056538,32,0.9329426086459961,0.06681694835424423,0.0002923680003732443,0.5580503195258126,False,
258,OCNT-2535145,2,CYP2D6,4.3972578048706055,0.0014162844745442271,0.0002670621615834534,0.005950862541794777,32,0.8165440175162454,0.037006936967372894,0.0008360490901395679,0.69163494911469,False,
258,OCNT-2535145,3,CYP3A4,4.098626136779785,0.002152686472982168,0.001425782684236765,0.008905495516955853,32,0.913134575504965,0.06290245056152344,0.0004551229940261692,0.5549172478609592,False,
259,OCNT-2535146,0,CYP1A2,4.857017517089844,0.0014163913438096642,0.0007678738329559565,0.005737815052270889,32,0.8550002762485327,0.03875275328755379,0.00037014303961768746,0.46234644333228525,False,
259,OCNT-2535146,1,CYP2C9,4.779868125915527,0.001026986981742084,0.00030518806306645274,0.005017426796257496,32,0.8763662362169963,0.02880081534385681,0.0003898712748195976,0.5242968900343502,False,
259,OCNT-2535146,2,CYP2D6,4.499244689941406,0.0007948260754346848,0.0001318919676123187,0.002763101365417242,32,0.6240513215956599,0.015872592106461525,0.0018539337906986475,0.5545473922123942,False,
259,OCNT-2535146,3,CYP3A4,4.372848987579346,0.002201441442593932,0.001074459869414568,0.009278097189962864,15,0.9752469514269517,0.03220438212156296,0.0003465802292339504,0.5102520363977295,False,
260,OCNT-2535147,0,CYP1A2,5.358381748199463,0.0004887136747129261,0.0002965147723443806,0.0021620518527925014,32,0.7586887311559576,0.011865252628922462,0.000801186659373343,0.5164618854592161,False,
260,OCNT-2535147,1,CYP2C9,5.123690605163574,0.0009049149230122566,0.0003136840823572129,0.0046781557612121105,5,0.9964439695200885,0.004508534912019968,0.0007488465635105968,0.5484759143128187,False,
260,OCNT-2535147,2,CYP2D6,4.361946105957031,0.0008983662119135261,6.371064955601469e-05,0.003578910371288657,32,0.6459159759525606,0.018568817526102066,0.0016865251818671823,0.5215272841519195,False,
260,OCNT-2535147,3,CYP3A4,4.734051704406738,0.002173567656427622,0.001092068967409432,0.008929354138672352,2,1.0001437585818647,0.004347780253738165,0.00030954318935982883,0.573556768807227,False,
261,OCNT-2535148,0,CYP1A2,5.230539321899414,0.0008642530883662403,0.0005575435934588313,0.0038911565206944942,32,0.8683899223651879,0.02401655539870262,0.00023184310703072697,0.5056167175873902,False,
261,OCNT-2535148,1,CYP2C9,5.0131731033325195,0.0011585179017856717,0.0003177085309289396,0.005507480353116989,32,0.9356776976206506,0.034688279032707214,0.00035756014403887093,0.6101936174966273,False,
261,OCNT-2535148,2,CYP2D6,4.433861255645752,0.0010533668100833893,7.430458208546042e-05,0.004266624338924885,32,0.6434413944998023,0.0216891597956419,0.0013203142443671823,0.5460078369959539,False,
261,OCNT-2535148,3,CYP3A4,4.600414752960205,0.002525879768654704,0.0012394989607855678,0.009911227971315384,4,0.9997460551471608,0.01010099332779646,7.672923675272614e-05,0.607337835174582,False,
262,OCNT-2535150,0,CYP1A2,5.2521562576293945,0.0012084082700312138,0.0006368450121954083,0.004781325813382864,32,0.9143399938799117,0.03535696491599083,0.0008061925764195621,0.5465267622607228,False,
262,OCNT-2535150,1,CYP2C9,5.034511566162109,0.0014614087995141745,0.0002754730230662972,0.005723767913877964,32,0.8307155557684596,0.038848746567964554,0.00047842570347711444,0.5177277137158844,False,
262,OCNT-2535150,2,CYP2D6,4.395470142364502,0.001140923355706036,8.322253415826708e-05,0.00442073168233037,32,0.6474254605245867,0.02363741770386696,0.001351736718788743,0.5518508894113359,False,
262,OCNT-2535150,3,CYP3A4,4.618328094482422,0.002552372170612216,0.0009304904961027205,0.01038487907499075,32,0.8491799917077191,0.06935781985521317,0.00036288390401750803,0.5129738982746859,False,
263,OCNT-2535151,0,CYP1A2,4.224278926849365,0.0029906965792179108,0.002927095163613558,0.011184262111783028,32,0.8509082993095824,0.08143414556980133,0.00039606745122000575,0.5123780281321486,False,
263,OCNT-2535151,1,CYP2C9,4.0120015144348145,0.003717149840667844,0.0001750630181049928,0.014361541718244553,2,1.0034911225313459,0.007460273802280426,0.00040822860319167376,0.592215577526394,False,
263,OCNT-2535151,2,CYP2D6,4.8440351486206055,0.0009768217569217086,0.00021515687694773078,0.0034615430049598217,32,0.7370351924640454,0.023038700222969055,0.0013771237572655082,0.5536003258406283,False,
263,OCNT-2535151,3,CYP3A4,3.647578239440918,0.004073428455740213,0.000666525331325829,0.0159180648624897,2,1.0035020321477064,0.008175407536327839,0.00027315635816194117,0.5585472236410074,False,
264,OCNT-2535152,0,CYP1A2,5.020368576049805,0.002618604339659214,0.0018531474051997066,0.009973108768463135,32,0.9674033593799931,0.08106420189142227,0.0006589411059394479,0.5219293929612769,False,
264,OCNT-2535152,1,CYP2C9,4.93695068359375,0.0017328617395833135,0.0012082533212378621,0.008346671238541603,2,0.999775422095992,0.0034649651497602463,0.00029567605815827847,0.5443385110097363,False,
264,OCNT-2535152,2,CYP2D6,4.632903099060059,0.000828652991913259,7.586310675833374e-05,0.0033731129951775074,32,0.7008405781412451,0.018584340810775757,0.000943793507758528,0.5813391507249241,False,
264,OCNT-2535152,3,CYP3A4,4.625977516174316,0.0021579014137387276,0.0011590380454435945,0.009557068347930908,32,0.9756610831883802,0.06737248599529266,0.00017418373317923397,0.5460170030799925,False,
265,OCNT-2535153,0,CYP1A2,3.9693150520324707,0.00538150267675519,0.003736907383427024,0.020199086517095566,32,0.8739870244212304,0.15050791203975677,0.0005351350409910083,0.5555786039678818,False,
265,OCNT-2535153,1,CYP2C9,4.077510356903076,0.002598922234028578,0.0020624580793082714,0.010431826114654541,32,0.8656189979317078,0.07198992371559143,0.0005431301542557776,0.5600377629286283,False,
265,OCNT-2535153,2,CYP2D6,4.491296291351318,0.0013481660280376673,0.0003815741220023483,0.005568783730268478,32,0.8742806237664793,0.03771789371967316,0.0009969869861379266,0.6450794926683749,False,
265,OCNT-2535153,3,CYP3A4,3.4952406883239746,0.002268852200359106,0.0014820792712271214,0.009440500289201736,32,0.8217800528429134,0.05966418236494064,0.00015059023280628026,0.5327989243062019,False,
266,OCNT-2535154,0,CYP1A2,5.204087257385254,0.0006550741381943226,4.886628084932454e-05,0.003312652697786689,32,0.8111535688078854,0.017003962770104408,0.0004351021780166775,0.5227578341745875,False,
266,OCNT-2535154,1,CYP2C9,4.867127895355225,0.0009506426868028939,0.0005843006074428558,0.004202589858323336,32,0.8617374772740208,0.02621481753885746,0.00046708277659490705,0.5390017348405612,False,
266,OCNT-2535154,2,CYP2D6,4.3423638343811035,0.00117449217941612,0.00015796897059772164,0.0048406897112727165,32,0.7994081593323525,0.03004501201212406,0.001186173059977591,0.6485951620493164,False,
266,OCNT-2535154,3,CYP3A4,4.4415483474731445,0.0012297981884330511,0.0004780558811035007,0.004948529414832592,32,0.8373107278473231,0.03295141085982323,0.00026517294463701546,0.4979801440623633,False,
267,OCNT-2535155,0,CYP1A2,5.348211288452148,0.0005885634454898536,0.00011335433373460546,0.002609467366710305,32,0.8215399978522426,0.015473172068595886,0.0009057205752469599,0.5006151139410149,False,
267,OCNT-2535155,1,CYP2C9,5.06812858581543,0.000784030242357403,0.0005301961209625006,0.003368719946593046,32,0.8624930333407266,0.02163933590054512,0.0006231159786693752,0.5850791262213351,False,
267,OCNT-2535155,2,CYP2D6,4.589188098907471,0.0009413065854460001,0.00011727868695743382,0.0037543969228863716,32,0.724341290228051,0.021818703040480614,0.0007739057764410973,0.6040829234195344,False,
267,OCNT-2535155,3,CYP3A4,4.8091301918029785,0.0009664971148595214,0.00037874685949645936,0.003813766874372959,32,0.8614377706223405,0.02664274349808693,0.0003007117484230548,0.5091673466060164,False,
268,OCNT-2535156,0,CYP1A2,5.408285140991211,0.0006277778302319348,5.620278534479439e-05,0.0029473481699824333,32,0.8389793758320592,0.016854433342814445,0.0006034852704033256,0.5241652672880588,False,
268,OCNT-2535156,1,CYP2C9,5.115856170654297,0.0008567991317249835,0.00040258318767882884,0.003790264716371894,32,0.8219409537858945,0.022535888478159904,0.000729329651221633,0.5516335707749349,False,
268,OCNT-2535156,2,CYP2D6,4.50941276550293,0.0007609092863276601,3.9440161344828084e-05,0.0031243120320141315,32,0.72865943917703,0.01774243265390396,0.0013750647194683552,0.5777737794701738,False,
268,OCNT-2535156,3,CYP3A4,4.8254547119140625,0.001136697712354362,0.0003512989787850529,0.0047142780385911465,32,0.8281368998171756,0.030123187229037285,0.00028250072500668466,0.4615714437676935,False,
269,OCNT-2535158,0,CYP1A2,4.982172966003418,0.0020029416773468256,0.0013256778474897146,0.007243601139634848,32,0.8352473111696221,0.053534720093011856,0.0006230653962120414,0.5187517857413926,False,
269,OCNT-2535158,1,CYP2C9,4.770239353179932,0.0014936282532289624,0.0014593751402571797,0.0059533375315368176,32,0.883661243595245,0.0422358475625515,0.00029713998083025217,0.5600931373768179,False,
269,OCNT-2535158,2,CYP2D6,4.717206001281738,0.0009374115616083145,5.60828011657577e-05,0.00386708858422935,32,0.7850392341922586,0.02354920655488968,0.0007031867280602455,0.6223911141845794,False,
269,OCNT-2535158,3,CYP3A4,4.512848854064941,0.0014081875560805202,0.0008513598586432636,0.005678999237716198,32,0.8711843545612622,0.03925758972764015,0.00029951604665257037,0.524007402746615,False,
270,OCNT-2535160,0,CYP1A2,5.40842342376709,0.0006286163697950542,5.638460788759403e-05,0.002953074872493744,32,0.8397007523101863,0.01689145714044571,0.000600539380684495,0.5243072690413603,False,
270,OCNT-2535160,1,CYP2C9,5.117103576660156,0.0008586718467995524,0.00040192625601775944,0.0038185683079063892,32,0.8220445119044718,0.022587990388274193,0.0007283949526026845,0.549787986376667,False,
270,OCNT-2535160,2,CYP2D6,4.509421348571777,0.0007609502063132823,3.933789048460312e-05,0.003123938338831067,32,0.7285225753622115,0.017740054056048393,0.001377664739266038,0.5777720164771754,False,
270,OCNT-2535160,3,CYP3A4,4.827579498291016,0.0011275007855147123,0.0003426277544349432,0.004671317525207996,32,0.8252749835798968,0.029776206240057945,0.00029299204470589757,0.4615450653617249,False,
271,OCNT-2535161,0,CYP1A2,4.933895111083984,0.002763167256489396,0.0020881195086985826,0.009578932076692581,32,0.8596286478473745,0.07600980252027512,0.0006895182887092233,0.5378981519172987,False,
271,OCNT-2535161,1,CYP2C9,4.803137302398682,0.0013412096304818988,0.001072010025382042,0.005496497731655836,32,0.863642182709237,0.037066683173179626,0.0003742566623259336,0.5637047996111296,False,
271,OCNT-2535161,2,CYP2D6,4.71088981628418,0.0007051556021906435,4.368052032077685e-05,0.002899555489420891,32,0.7619697529422204,0.017194075509905815,0.0019993791356682777,0.6332696500973996,False,
271,OCNT-2535161,3,CYP3A4,4.5197038650512695,0.0013498254120349884,0.0007937063928693533,0.0052446587942540646,32,0.8297509912048129,0.035840872675180435,0.00027165719075128436,0.5065933615143741,False,
272,OCNT-2535163,0,CYP1A2,5.392498016357422,0.0005234137061052024,0.0004291344666853547,0.0021615521982312202,32,0.7147013215871142,0.01197093166410923,0.0007722820155322552,0.4752469718563165,False,
272,OCNT-2535163,1,CYP2C9,5.199267387390137,0.0006346803274936974,0.0002788066631183028,0.002923186169937253,2,1.0026243096240228,0.0012727119028568268,0.001788702909834683,0.6270050999702197,False,
272,OCNT-2535163,2,CYP2D6,4.5293684005737305,0.0010775300906971097,0.0001861673517851159,0.004126765765249729,32,0.7000093204913694,0.024137219414114952,0.0008646358037367463,0.5342403328148579,False,
272,OCNT-2535163,3,CYP3A4,4.910315990447998,0.0007399106398224831,0.0004818033194169402,0.0033552630338817835,32,0.9006001681357676,0.021323924884200096,0.0009421191643923521,0.546710233630386,False,
273,OCNT-2535164,0,CYP1A2,5.149772644042969,0.001997332787141204,0.0013966894475743175,0.00665906211361289,32,0.784349977708749,0.05013170465826988,0.0005726796225644648,0.49955117658360626,False,
273,OCNT-2535164,1,CYP2C9,5.083341598510742,0.0006850107456557453,0.00021193712018430233,0.0029822438955307007,32,0.9178327475866196,0.020119503140449524,0.0013456931337714195,0.5479497442457882,False,
273,OCNT-2535164,2,CYP2D6,4.688002109527588,0.0009857548866420984,0.00014772442227695137,0.0040087616071105,32,0.6654785063284487,0.02099217101931572,0.0009394811931997538,0.5717213882659684,False,
273,OCNT-2535164,3,CYP3A4,4.714875221252441,0.001521214609965682,0.00048388895811513066,0.006284878123551607,2,1.0002788734468502,0.003043297678232193,0.00014146530884318054,0.6109176799138346,False,
274,OCNT-2535166,0,CYP1A2,5.378262519836426,0.0004572137841023505,0.0004721286823041737,0.001749988878145814,32,0.6437252274922857,0.009418447501957417,0.0015892874216660857,0.5044129385128127,False,
274,OCNT-2535166,1,CYP2C9,4.988892555236816,0.001270652050152421,0.0009441343136131763,0.006825203541666269,32,0.9876565198751779,0.04015928506851196,0.00041459454223513603,0.5934841290567308,False,
274,OCNT-2535166,2,CYP2D6,4.366806507110596,0.0011057732626795769,9.596816380508244e-05,0.0048620617017149925,32,0.7743744795756294,0.027401290833950043,0.00045211659744381905,0.6125619302891786,False,
274,OCNT-2535166,3,CYP3A4,4.683895111083984,0.0014974601799622178,0.0007999207591637969,0.007309210021048784,32,0.8786292344584098,0.04210307449102402,0.0003087186487391591,0.5571221795968937,False,
275,OCNT-2535167,0,CYP1A2,3.936713695526123,0.003958536311984062,0.002091255970299244,0.013975623995065689,32,0.7968502467471945,0.1009397953748703,0.0001802019978640601,0.5462700050330025,False,
275,OCNT-2535167,1,CYP2C9,3.9508872032165527,0.0031467601656913757,0.000522277841810137,0.012771022506058216,32,0.8957082297680472,0.09019481390714645,0.0001603590790182352,0.6219540905682723,False,
275,OCNT-2535167,2,CYP2D6,4.800100803375244,0.0008232211112044752,0.00021171807020436972,0.00340279471129179,32,0.8337870088727357,0.02196478098630905,0.000836104154586792,0.5701106396951545,False,
275,OCNT-2535167,3,CYP3A4,3.6401827335357666,0.003590949811041355,0.0008261441253125668,0.014504652470350266,32,0.9214210833309222,0.10588115453720093,0.00012106335634598508,0.5771140806641807,False,
276,OCNT-2535168,0,CYP1A2,5.378256797790527,0.00045721433707512915,0.0004721764416899532,0.0017499930690973997,32,0.6437254037622752,0.009418461471796036,0.001589328981935978,0.5044124192998234,False,
276,OCNT-2535168,1,CYP2C9,4.9887309074401855,0.0012706310953944921,0.0009441670845262706,0.006824228912591934,32,0.9876295634602346,0.04015752673149109,0.0004144970152992755,0.5935102989857497,False,
276,OCNT-2535168,2,CYP2D6,4.3668060302734375,0.0011057642986997962,9.600748308002949e-05,0.004862059839069843,32,0.7743972859319845,0.0274018757045269,0.0004521879309322685,0.6125796376933491,False,
276,OCNT-2535168,3,CYP3A4,4.683856010437012,0.0014972789213061333,0.0007999571971595287,0.007308000233024359,32,0.878608788013352,0.042096998542547226,0.0003090563986916095,0.5570988796832572,False,
277,OCNT-2535170,0,CYP1A2,5.383796691894531,0.0007126977434381843,0.00010878103057621047,0.003187080379575491,32,0.8121618437535215,0.01852268911898136,0.0008064246503636241,0.4916692789938184,False,
277,OCNT-2535170,1,CYP2C9,5.145596981048584,0.0006400314741767943,0.0003134672006126493,0.0029100184328854084,32,0.8794604005793973,0.01801251620054245,0.0012835182715207338,0.5612680728401298,False,
277,OCNT-2535170,2,CYP2D6,4.490682125091553,0.0008896571234799922,0.00018813602218870074,0.003785648848861456,32,0.7483707795942549,0.0213056281208992,0.000845818780362606,0.5213788053854889,False,
277,OCNT-2535170,3,CYP3A4,4.921648025512695,0.0008605960756540298,0.00041296574636362493,0.0038960587698966265,32,0.821948459291106,0.022635962814092636,0.0005061834235675633,0.4575717124991583,False,
278,OCNT-2535171,0,CYP1A2,4.459273338317871,0.0042485264129936695,0.001689715078100562,0.017096037045121193,8,0.994596087374729,0.033804621547460556,0.0005946430028416216,0.6003340519847375,False,
278,OCNT-2535171,1,CYP2C9,4.495360374450684,0.0026706464122980833,0.0019021185580641031,0.01041602436453104,32,0.9186107355649498,0.07850539684295654,0.000389962486224249,0.5518232226645783,False,
278,OCNT-2535171,2,CYP2D6,4.690844535827637,0.00110315578058362,0.00014449858281295747,0.004376760218292475,32,0.728231925813061,0.025707537308335304,0.0005721693742088974,0.5442396895191359,False,
278,OCNT-2535171,3,CYP3A4,4.168492794036865,0.0029779900796711445,0.0019829408265650272,0.012841065414249897,32,0.9510705438412791,0.09063322097063065,0.0002991430810652673,0.6215178845404943,False,
279,OCNT-2535172,0,CYP1A2,4.759797096252441,0.003937575500458479,0.0008042797562666237,0.01688300631940365,2,1.0041287767361282,0.007907685823738575,0.00036780943628400564,0.6995918621011059,False,
279,OCNT-2535172,1,CYP2C9,4.605270862579346,0.0030801568645983934,0.0018028973136097193,0.012203458696603775,32,0.9168129121287671,0.09036597609519958,0.00039617763832211494,0.6391315069830903,False,
279,OCNT-2535172,2,CYP2D6,5.070362567901611,0.0008601731387898326,6.575485167559236e-05,0.002923812484368682,32,0.7089248087853977,0.01951376534998417,0.0002669800305739045,0.4094332428084143,False,
279,OCNT-2535172,3,CYP3A4,4.525615692138672,0.0033723386004567146,0.0017776588210836053,0.0132604343816638,32,0.931332972078416,0.10050494223833084,0.00037403267924673855,0.6798190613041624,False,
280,OCNT-2535176,0,CYP1A2,4.28154993057251,0.003041716292500496,0.0013107166159898043,0.012913296930491924,32,0.9044416744278408,0.08803404867649078,0.00040310711483471096,0.5515725880775832,False,
280,OCNT-2535176,1,CYP2C9,4.248906135559082,0.00254958332516253,0.0007896104943938553,0.011618316173553467,32,0.9020607470213972,0.07359641790390015,0.0003797863610088825,0.5375053801841518,False,
280,OCNT-2535176,2,CYP2D6,4.424591541290283,0.0008206445490941405,6.56747943139635e-05,0.003335019573569298,32,0.7331953503638557,0.019254403188824654,0.0009539921884424984,0.5142111295201539,False,
280,OCNT-2535176,3,CYP3A4,3.8594117164611816,0.0024840575642883778,0.0023793678265064955,0.010558564215898514,32,0.8346251966333658,0.0663444921374321,0.00030027376487851143,0.4753255407361659,False,
281,OCNT-2535177,0,CYP1A2,4.823495864868164,0.002222033916041255,0.001720766886137426,0.007608100771903992,32,0.8560334053062991,0.060868602246046066,0.0005727274692617357,0.5029085734751477,False,
281,OCNT-2535177,1,CYP2C9,4.381908893585205,0.003601548494771123,0.0019009672105312347,0.016735319048166275,32,0.9861042186189412,0.11364838480949402,0.0002582615124993026,0.6153402676546058,False,
281,OCNT-2535177,2,CYP2D6,4.536736965179443,0.0009449401404708624,0.0001058339184965007,0.004031830001622438,32,0.7255511321869841,0.021939508616924286,0.0009431152720935643,0.5809699557108127,False,
281,OCNT-2535177,3,CYP3A4,4.084695816040039,0.0031226302962750196,0.0015696942573413253,0.01381940208375454,32,0.9649530540984801,0.09642244130373001,0.00022730501950718462,0.5848547893809122,False,
282,OCNT-2535178,0,CYP1A2,4.298500061035156,0.003829559311270714,0.002183680422604084,0.015277857892215252,32,0.9376290278949769,0.11490289121866226,0.0005015478236600757,0.5346573404398218,False,
282,OCNT-2535178,1,CYP2C9,4.482568740844727,0.00203351560048759,0.0014914888888597488,0.009016759693622589,32,0.9070862342606252,0.05902665853500366,0.0003348679165355861,0.5614882773347674,False,
282,OCNT-2535178,2,CYP2D6,4.494476318359375,0.0009748571901582181,0.00010809590457938612,0.004196180030703545,32,0.7168445731699608,0.02236250415444374,0.0007368497899733484,0.5428827920845267,False,
282,OCNT-2535178,3,CYP3A4,4.013363361358643,0.002969427965581417,0.0014109890908002853,0.013553127646446228,2,1.0012784625934121,0.005946468561887741,0.00034514430444687605,0.5564829521216131,False,
283,OCNT-2535180,0,CYP1A2,4.937058448791504,0.002160358941182494,0.0009163700742647052,0.007581679150462151,32,0.8674032353679441,0.05996515229344368,0.0004581818066071719,0.622095530988549,False,
283,OCNT-2535180,1,CYP2C9,5.134977340698242,0.0005161999724805355,4.4081465603085235e-05,0.0018458252307027578,32,0.7824124993523108,0.012924452312290668,0.0007977693458087742,0.5682694054072212,False,
283,OCNT-2535180,2,CYP2D6,4.728369235992432,0.0006365920417010784,4.667221583076753e-05,0.002002600347623229,32,0.5475064425246933,0.011153399012982845,0.0004939491045661271,0.5186556254399398,False,
283,OCNT-2535180,3,CYP3A4,4.988813877105713,0.000580271182116121,0.0002289032272528857,0.002610999858006835,32,0.8533998289520374,0.015846779569983482,0.0005202771862968802,0.5117893840053594,False,
284,OCNT-2535182,0,CYP1A2,4.817990303039551,0.0023971758782863617,0.0014539085095748305,0.009078332222998142,32,0.8674569904875654,0.06654258072376251,0.0004229816549923271,0.5900850975200862,False,
284,OCNT-2535182,1,CYP2C9,4.947253227233887,0.0012576557928696275,0.0021572185214608908,0.004494837485253811,32,0.8285111423602719,0.033343683928251266,0.000554470403585583,0.5162149836220387,False,
284,OCNT-2535182,2,CYP2D6,4.804506301879883,0.0006293963524512947,7.918886694824323e-05,0.0022015913855284452,32,0.5922106858545478,0.011927717365324497,0.00036689999978989363,0.44168942015113455,False,
284,OCNT-2535182,3,CYP3A4,4.784854888916016,0.0012033142847940326,0.0010938665363937616,0.005468611605465412,32,0.9508194228753041,0.0366126112639904,0.00041052247979678214,0.5555109130826792,False,
285,OCNT-2535183,0,CYP1A2,4.697077751159668,0.003069572150707245,0.001742292195558548,0.011759830638766289,32,0.9152104272310758,0.08989803493022919,0.0005145118338987231,0.5803045398406541,False,
285,OCNT-2535183,1,CYP2C9,4.909852027893066,0.0014105960726737976,0.0009387017344124615,0.005426277406513691,32,0.9550946376833577,0.04311239346861839,0.000586216221563518,0.5608731993329557,False,
285,OCNT-2535183,2,CYP2D6,4.763289928436279,0.0008498626993969083,9.579097240930423e-05,0.003036072477698326,32,0.6204120955892406,0.01687268167734146,0.00021226568787824363,0.4447124513927076,False,
285,OCNT-2535183,3,CYP3A4,4.755188941955566,0.0013415483990684152,0.0016609302256256342,0.005952283274382353,32,0.9230230231023401,0.03962525725364685,0.0003038238501176238,0.5217450080906874,False,
286,OCNT-2535184,0,CYP1A2,5.434170722961426,0.0009015478426590562,0.0005648501100949943,0.003483707085251808,32,0.7188589722246977,0.02073897421360016,0.0004372117982711643,0.4989339416836409,False,
286,OCNT-2535184,1,CYP2C9,5.22281551361084,0.0008654071716591716,0.00022296590032055974,0.003979995381087065,32,0.9881510817923727,0.02736521326005459,0.0007977115456014872,0.6246321659264069,False,
286,OCNT-2535184,2,CYP2D6,4.616232872009277,0.0010697689140215516,0.00011558840924408287,0.004247956909239292,32,0.6395207729888471,0.021892666816711426,0.0010566954733803868,0.5635744127108531,False,
286,OCNT-2535184,3,CYP3A4,4.85128116607666,0.0019642480183392763,0.0003967678640037775,0.00884103961288929,2,1.0050965966840377,0.003948538098484278,0.0002699079050216824,0.6162674462636331,False,
287,OCNT-2535186,0,CYP1A2,5.285036087036133,0.001782274805009365,0.0011547941248863935,0.00665854150429368,32,0.7742539916126316,0.04415811598300934,0.0004003219655714929,0.5220413718607299,False,
287,OCNT-2535186,1,CYP2C9,5.105693817138672,0.0013527951668947935,0.0010390781098976731,0.006196423899382353,32,0.9335366486529051,0.04041258245706558,0.000396952498704195,0.5939906101444218,False,
287,OCNT-2535186,2,CYP2D6,4.667344570159912,0.0008659338345751166,0.00016906700329855084,0.003516857512295246,32,0.693776131433543,0.019224677234888077,0.0008778274059295654,0.5347727161706237,False,
287,OCNT-2535186,3,CYP3A4,4.804811477661133,0.0017085169674828649,0.0006564394570887089,0.00759898591786623,32,0.9266642132463714,0.050663385540246964,0.00017904513515532017,0.6017385112817586,False,
288,OCNT-2535190,0,CYP1A2,5.398889541625977,0.0007945013348944485,0.0004049452254548669,0.003085183911025524,32,0.6753418752644733,0.0171701367944479,0.00033304456155747175,0.49096129022185847,False,
288,OCNT-2535190,1,CYP2C9,5.077782154083252,0.00162294483743608,0.0010411551920697093,0.007516536861658096,32,0.9423988575097281,0.048943065106868744,0.00022741701104678214,0.6219948700920291,False,
288,OCNT-2535190,2,CYP2D6,4.608328819274902,0.0011781349312514067,0.0003520323080010712,0.004595274105668068,32,0.7054736108665963,0.026596805080771446,0.0005450646276585758,0.5238780428992829,False,
288,OCNT-2535190,3,CYP3A4,4.756701469421387,0.0018795740325003862,0.000920976628549397,0.008204929530620575,32,0.9344761918896333,0.05620564892888069,0.00023647421039640903,0.5789999447810771,False,
289,OCNT-2535194,0,CYP1A2,4.922463417053223,0.001694478909485042,0.0005520851700566709,0.0070124040357768536,32,0.8902545750495399,0.04827284812927246,0.0002513582003302872,0.5350357585683305,False,
289,OCNT-2535194,1,CYP2C9,4.713590621948242,0.0017026911955326796,0.00047357857692986727,0.00838642381131649,32,0.9737277803263972,0.05305495858192444,0.00017713868874125183,0.6400495660422183,False,
289,OCNT-2535194,2,CYP2D6,4.532978534698486,0.001392438425682485,0.000262190296780318,0.00557834142819047,32,0.6833364310665435,0.030448343604803085,0.0005594031536020339,0.5374965535214877,False,
289,OCNT-2535194,3,CYP3A4,4.274405479431152,0.0027063980232924223,0.001109801116399467,0.011572898365557194,22,0.9872041329593492,0.058779098093509674,3.671917147585191e-05,0.5990278603412456,False,
290,OCNT-2535197,0,CYP1A2,4.883147239685059,0.0011659851297736168,0.00025260489201173186,0.0052637979388237,32,0.7085125984981246,0.026435911655426025,0.0007883472717367113,0.5379807199445351,False,
290,OCNT-2535197,1,CYP2C9,4.564609050750732,0.001780100166797638,0.00020441572996787727,0.007719488814473152,32,0.8572910448995157,0.04883432015776634,0.0014372747391462326,0.5839933735700156,False,
290,OCNT-2535197,2,CYP2D6,4.14340353012085,0.001965683652088046,0.000552873476408422,0.00850565917789936,32,0.7619205763095457,0.04792647808790207,0.0007192004704847932,0.49828455142851596,False,
290,OCNT-2535197,3,CYP3A4,4.0047526359558105,0.001956602791324258,0.00020053175103385001,0.008731652051210403,32,0.5887508442382096,0.03686263784766197,0.002507514087483287,0.459512754523096,False,
291,OCNT-2535199,0,CYP1A2,5.127699851989746,0.0017286775400862098,0.0007890951819717884,0.006584821734577417,32,0.8787004549264189,0.048607952892780304,0.0003681589150801301,0.5399339942561621,False,
291,OCNT-2535199,1,CYP2C9,4.969797611236572,0.0011448586592450738,0.00045587989734485745,0.004963740706443787,32,0.8692971772806377,0.03184739500284195,0.0003464357287157327,0.5990564681227704,False,
291,OCNT-2535199,2,CYP2D6,4.595152854919434,0.001101770787499845,0.00030668251565657556,0.00432779174298048,32,0.727187019876888,0.02563842199742794,0.0006053773104213178,0.5712147437796837,False,
291,OCNT-2535199,3,CYP3A4,4.678523063659668,0.001361727248877287,0.0009465849725529552,0.005228830501437187,32,0.8792035013145347,0.03831181302666664,8.024500857573003e-05,0.541954553929419,False,
292,OCNT-2535201,0,CYP1A2,4.807624340057373,0.0018552715191617608,0.0009162661735899746,0.0068099237978458405,32,0.820268093768655,0.04869850352406502,0.0005262575577944517,0.5016131268076148,False,
292,OCNT-2535201,1,CYP2C9,4.3281569480896,0.003906255587935448,0.0013919585617259145,0.017736967653036118,32,0.9868835764209812,0.12336093932390213,0.00046270815073512495,0.6265710503775637,False,
292,OCNT-2535201,2,CYP2D6,4.5799360275268555,0.0011843396350741386,0.00021600356558337808,0.004700539633631706,32,0.7731301323674798,0.029301004484295845,0.0006329019670374691,0.5621521704306462,False,
292,OCNT-2535201,3,CYP3A4,4.055471897125244,0.0032996356021612883,0.001492230803705752,0.013289541937410831,32,0.934079838935121,0.09862823784351349,0.0004771767125930637,0.5290819299324516,False,
293,OCNT-2535202,0,CYP1A2,4.938570022583008,0.0021147355437278748,0.0008114794036373496,0.008805711753666401,32,0.7985680723134103,0.054040584713220596,0.0009861751459538937,0.548459764523122,False,
293,OCNT-2535202,1,CYP2C9,4.674607276916504,0.003146402770653367,0.00019601774693001062,0.013515526428818703,32,0.871196577989864,0.08771660923957825,0.0009989937534555793,0.541016707249155,False,
293,OCNT-2535202,2,CYP2D6,4.405088901519775,0.002653862116858363,0.0006349700270220637,0.010685807093977928,32,0.726412394395002,0.06168977916240692,0.0004954581963829696,0.5213769845159449,False,
293,OCNT-2535202,3,CYP3A4,4.216575622558594,0.0032622094731777906,0.00032980917603708804,0.015365303494036198,32,0.5960113077275506,0.062218230217695236,0.0014210713561624289,0.4561724794586388,False,
294,OCNT-2535203,0,CYP1A2,5.428630828857422,0.0005147015326656401,0.0003082167822867632,0.002275104634463787,32,0.7715057504995831,0.012707293033599854,0.000756867928430438,0.5205594697554596,False,
294,OCNT-2535203,1,CYP2C9,5.200798511505127,0.0008844997501000762,0.0003144392103422433,0.0045427484437823296,5,0.995308678851627,0.004401801154017448,0.0008532712236046791,0.5555798394821538,False,
294,OCNT-2535203,2,CYP2D6,4.416478633880615,0.0009024516330100596,8.774833986535668e-05,0.0033606840297579765,32,0.7047658808938163,0.020352773368358612,0.0011867790017277002,0.4901846457932302,False,
294,OCNT-2535203,3,CYP3A4,4.839264869689941,0.0018466267501935363,0.0008000324596650898,0.007862342521548271,3,0.9996944006679314,0.005538217257708311,0.00046840941649861634,0.5665385595518998,False,
295,OCNT-2535204,0,CYP1A2,4.767565727233887,0.0031803124584257603,0.0023623285815119743,0.014970035292208195,11,0.9831387111390073,0.03439367935061455,0.0008097959216684103,0.5918474325099317,False,
295,OCNT-2535204,1,CYP2C9,4.590231418609619,0.0018281156662851572,0.0016671887133270502,0.007718861568719149,32,0.9564381969009039,0.05595165491104126,0.0008823059033602476,0.7086921277110088,False,
295,OCNT-2535204,2,CYP2D6,4.449620723724365,0.0009612496942281723,0.00014718245074618608,0.003953291103243828,32,0.7189502819693263,0.022115133702754974,0.0008284557843580842,0.6216585297575161,False,
295,OCNT-2535204,3,CYP3A4,4.223918914794922,0.0020143897272646427,0.0015981709584593773,0.008644293993711472,32,0.9494778066833185,0.06120409071445465,0.0007430947152897716,0.6177748344592638,False,
296,OCNT-2535205,0,CYP1A2,3.842665672302246,0.004255268722772598,0.0006952821859158576,0.01905815117061138,32,0.9964805234275436,0.13568967580795288,0.00037019813316874206,0.5221243352170034,False,
296,OCNT-2535205,1,CYP2C9,3.89215087890625,0.00282321241684258,0.0009081880562007427,0.01446494646370411,32,0.9102716857533123,0.08223678171634674,0.0003531900292728096,0.6019802968927215,False,
296,OCNT-2535205,2,CYP2D6,4.141212463378906,0.0017047448782250285,0.0007168116862885654,0.0072083426639437675,32,0.8505573739709724,0.046399738639593124,0.0006712024915032089,0.6378830330321247,False,
296,OCNT-2535205,3,CYP3A4,3.1572861671447754,0.0032961887773126364,0.0016048969700932503,0.013912017457187176,32,0.9093873720562421,0.09592068940401077,0.00025427251239307225,0.586683870638089,False,
297,OCNT-2535207,0,CYP1A2,4.823145866394043,0.003028892446309328,0.0021977920550853014,0.011225325055420399,32,0.9239224276553507,0.08955106884241104,0.000499208748806268,0.5317427423050615,False,
297,OCNT-2535207,1,CYP2C9,4.852909088134766,0.0013013591524213552,0.0005178521969355643,0.005798466969281435,2,1.0001179120555912,0.0026030451990664005,0.0004516090266406536,0.5754697353548599,False,
297,OCNT-2535207,2,CYP2D6,4.636089324951172,0.0012464914470911026,0.00020318583119660616,0.004833451472222805,32,0.7345642311971858,0.029300332069396973,0.0005076049128547311,0.5477352064394467,False,
297,OCNT-2535207,3,CYP3A4,4.524317264556885,0.0016418559243902564,0.0012639109045267105,0.007108405698090792,32,0.9377138584318573,0.04926721379160881,0.00014940084656700492,0.6002719317153624,False,
298,OCNT-2535208,0,CYP1A2,4.907720565795898,0.002227515447884798,0.0009336048387922347,0.008426554501056671,32,0.8457722925152745,0.06028733775019646,0.00033769552828744054,0.5473733478577133,False,
298,OCNT-2535208,1,CYP2C9,4.668602466583252,0.0022928263060748577,0.0008749114349484444,0.009886173531413078,32,0.948728316567757,0.06960891932249069,0.0004676797252614051,0.6051794132368076,False,
298,OCNT-2535208,2,CYP2D6,4.7117109298706055,0.0011079298565164208,0.00022808663197793067,0.004274117760360241,32,0.7648797812059402,0.027118105441331863,0.0006072376854717731,0.567073972247193,False,
298,OCNT-2535208,3,CYP3A4,4.377809047698975,0.0021488687489181757,0.002588730538263917,0.008364206179976463,32,0.8400596229900256,0.057765960693359375,0.0003201943472959101,0.5382297234168167,False,
299,OCNT-2535209,0,CYP1A2,5.43776798248291,0.0005172237288206816,0.00029534706845879555,0.0022072591818869114,32,0.7407746705971889,0.012260916642844677,0.0009411636856384575,0.5210936192085418,False,
299,OCNT-2535209,1,CYP2C9,5.216630458831787,0.0009455573162995279,0.00030425586737692356,0.004685542080551386,32,0.9598197022639006,0.029042372480034828,0.0008521305862814188,0.5432800727271428,False,
299,OCNT-2535209,2,CYP2D6,4.403831958770752,0.0008862577960826457,8.452597830910236e-05,0.0032576690427958965,32,0.6879954826179558,0.01951194368302822,0.0012183288345113397,0.5139961237508852,False,
299,OCNT-2535209,3,CYP3A4,4.854666709899902,0.001947022625245154,0.0007902411161921918,0.00826539658010006,15,0.9676365188362294,0.02826029807329178,0.0006735044880770147,0.505532469091549,False,
300,OCNT-2535211,0,CYP1A2,4.617251396179199,0.0027926096227020025,0.001915423315949738,0.009936382994055748,32,0.8580455105574182,0.07667823135852814,0.00037493850686587393,0.49776196768977576,False,
300,OCNT-2535211,1,CYP2C9,4.526680946350098,0.001683772774413228,0.0010482373181730509,0.007797854021191597,32,0.9051340311713496,0.048769570887088776,0.00029484429978765547,0.5251339678525264,False,
300,OCNT-2535211,2,CYP2D6,4.686039924621582,0.0007969724829308689,0.000205841293791309,0.0027259276248514652,32,0.6598706427075661,0.01682897098362446,0.001792773138731718,0.589957599198407,False,
300,OCNT-2535211,3,CYP3A4,4.072991371154785,0.0027300482615828514,0.001330315601080656,0.010661318898200989,32,0.9469267520755403,0.08272528648376465,0.0001057585104717873,0.548167579887247,False,
301,OCNT-2535212,0,CYP1A2,5.362579345703125,0.0007180878310464323,0.0006352824275381863,0.0029388898983597755,32,0.7550277840479771,0.017349882051348686,0.000635623000562191,0.4623511745931389,False,
301,OCNT-2535212,1,CYP2C9,4.987274169921875,0.0022810425143688917,0.0017013493925333023,0.011430110782384872,2,1.0017275666985725,0.004569986369460821,0.00020735010912176222,0.5918766992423792,False,
301,OCNT-2535212,2,CYP2D6,4.419132232666016,0.001040765317156911,4.372013790998608e-05,0.004727564752101898,32,0.7524275290435486,0.025059456005692482,0.0005441506509669125,0.5440122459707221,False,
301,OCNT-2535212,3,CYP3A4,4.716434478759766,0.00221947580575943,0.0016091587021946907,0.009708107449114323,32,0.8562538839633393,0.06081418693065643,0.000361025333404541,0.5623305354987166,False,
302,OCNT-2535213,0,CYP1A2,4.842275142669678,0.0023816567845642567,0.001586646307259798,0.009124514646828175,32,0.9478467579860325,0.07223856449127197,0.0006703906110487878,0.5296849846801868,False,
302,OCNT-2535213,1,CYP2C9,4.6175079345703125,0.0019860141910612583,0.0019429709063842893,0.008877967484295368,8,0.9927002796817255,0.01577221415936947,0.0002560326538514346,0.5809238422857551,False,
302,OCNT-2535213,2,CYP2D6,4.680076599121094,0.0009943055920302868,5.640571907861158e-05,0.004114341456443071,32,0.7468757647049566,0.023764166980981827,0.0007793243858031929,0.6041752716858522,False,
302,OCNT-2535213,3,CYP3A4,4.287286758422852,0.002610790776088834,0.001813682378269732,0.010797294788062572,32,0.904443868240617,0.07556232810020447,0.0001940284710144624,0.5112431678401832,False,
303,OCNT-2535214,0,CYP1A2,5.24609899520874,0.001533139613457024,0.0007174683269113302,0.005933383014053106,32,0.8085399413563107,0.039667606353759766,0.0004884528461843729,0.5128114075714082,False,
303,OCNT-2535214,1,CYP2C9,5.163926124572754,0.0005195297417230904,0.00012426538160070777,0.002284612972289324,32,0.8316879957902756,0.013827038928866386,0.0013458114117383957,0.6179927807522325,False,
303,OCNT-2535214,2,CYP2D6,4.584023475646973,0.0012745170388370752,0.00024565320927649736,0.005118264816701412,32,0.8045197671649993,0.03281223028898239,0.00041619484545663,0.6051961698628832,False,
303,OCNT-2535214,3,CYP3A4,4.83405876159668,0.0009026919142343104,0.00023303006310015917,0.003622737480327487,32,0.9115434491180648,0.026331264525651932,0.0002558646665420383,0.5323948515645957,False,
304,OCNT-2535215,0,CYP1A2,4.3428263664245605,0.004300894681364298,0.0032963454723358154,0.017114581540226936,32,0.9193835425130975,0.12653379142284393,0.0005633234977722168,0.5004666630200052,False,
304,OCNT-2535215,1,CYP2C9,4.31328821182251,0.002955806441605091,0.001410123659297824,0.014640990644693375,2,1.0024312502741717,0.00592600554227829,0.0002604912733659148,0.6176464751311832,False,
304,OCNT-2535215,2,CYP2D6,4.706517696380615,0.001035024761222303,0.0004612729826476425,0.0040575116872787476,32,0.787599179347364,0.02608616091310978,0.0012260160874575377,0.594199822496123,False,
304,OCNT-2535215,3,CYP3A4,3.890685796737671,0.0030245468951761723,0.0017907352885231376,0.012705808505415916,2,1.001463857150269,0.006057968828827143,0.00019370605878066272,0.6157720677948761,False,
305,OCNT-2535216,0,CYP1A2,4.345456123352051,0.004245426505804062,0.0032167169265449047,0.01695837266743183,32,0.9231632056413738,0.1254153847694397,0.0005478913080878556,0.5015682679292804,False,
305,OCNT-2535216,1,CYP2C9,4.320036888122559,0.0028524878434836864,0.001179575570859015,0.014338133856654167,2,1.0027587942478244,0.005720734596252441,0.00028822728199884295,0.621556018294582,False,
305,OCNT-2535216,2,CYP2D6,4.709387302398682,0.0010565824341028929,0.00041087614954449236,0.004234002903103828,32,0.806299548610007,0.02726176008582115,0.0010790192754939198,0.5892841454891922,False,
305,OCNT-2535216,3,CYP3A4,3.895120620727539,0.0029571193736046553,0.0016518497141078115,0.012508216314017773,2,1.0016219523635856,0.005923851393163204,0.00022882854682393372,0.619031295367029,False,
306,OCNT-2535217,0,CYP1A2,4.953690052032471,0.0012283771065995097,0.0007962991367094219,0.004777871072292328,32,0.8414248312668869,0.03307505324482918,0.00045409437734633684,0.4473348312647008,False,
306,OCNT-2535217,1,CYP2C9,4.624853134155273,0.0008719280012883246,0.00047556177014485,0.003744381247088313,32,0.7888447206805546,0.022010358050465584,0.0008915066719055176,0.5480487757704611,False,
306,OCNT-2535217,2,CYP2D6,4.278346061706543,0.0014008833095431328,0.00018955192354042083,0.00600204523652792,32,0.7653184294611881,0.034308142960071564,0.0006988310487940907,0.5601656693536026,False,
306,OCNT-2535217,3,CYP3A4,4.111261367797852,0.0018458495615050197,0.0006168551626615226,0.009117154404520988,32,0.9259516426688944,0.05469365417957306,0.00022221785911824554,0.5715387865371367,False,
307,OCNT-2535218,0,CYP1A2,4.2755608558654785,0.003342180512845516,0.0011178468121215701,0.01464777160435915,32,0.9641178446378891,0.10311249643564224,8.398836507694796e-05,0.5898147872525547,False,
307,OCNT-2535218,1,CYP2C9,4.027276039123535,0.0036079022102057934,0.0020377407781779766,0.016198541969060898,32,0.9666764681190734,0.11160588264465332,5.67156239412725e-05,0.5559921800769948,False,
307,OCNT-2535218,2,CYP2D6,4.157604217529297,0.001720435917377472,0.0005310228443704545,0.007181716151535511,32,0.7528572266703706,0.04144800454378128,0.0010847802041098475,0.5721094213756777,False,
307,OCNT-2535218,3,CYP3A4,3.3959884643554688,0.004266112577170134,0.0015257076593115926,0.01960291899740696,32,0.9157266274623991,0.12501126527786255,0.0001722438755678013,0.5986913970404355,False,
308,OCNT-2535219,0,CYP1A2,3.9274260997772217,0.005304405931383371,0.0020878391806036234,0.019759178161621094,32,0.8817040516673873,0.1496616005897522,0.000573831086512655,0.5994783970645058,False,
308,OCNT-2535219,1,CYP2C9,3.996674060821533,0.002881533931940794,0.001498713274486363,0.011330647394061089,32,0.8482663081938033,0.07821813225746155,0.0003290393215138465,0.572668432986823,False,
308,OCNT-2535219,2,CYP2D6,4.902129173278809,0.0010653239442035556,0.00013124743418302387,0.004298282787203789,32,0.8053085553581951,0.027453521266579628,0.0005979890120215714,0.5938948976055141,False,
308,OCNT-2535219,3,CYP3A4,3.6960220336914062,0.0031244244892150164,0.0011651290114969015,0.01168952789157629,32,0.8327129136795343,0.08325622230768204,0.00021244630625005811,0.5159566876220946,False,
309,OCNT-2535220,0,CYP1A2,4.872143268585205,0.0022006817162036896,0.0012146873632445931,0.009835277684032917,32,0.9347112201517652,0.06582435965538025,0.00034931753179989755,0.6027309086065966,False,
309,OCNT-2535220,1,CYP2C9,4.480526447296143,0.003196441102772951,0.002683728002011776,0.013423001393675804,32,0.9082666045758728,0.09290335327386856,0.00017352447321172804,0.5843431273426165,False,
309,OCNT-2535220,2,CYP2D6,4.46171236038208,0.0010822698241099715,0.0002552628284320235,0.0044906893745064735,32,0.7425383116311659,0.025716295465826988,0.0009543155319988728,0.6121901127574734,False,
309,OCNT-2535220,3,CYP3A4,4.0742878913879395,0.0037021003663539886,0.0028426770586520433,0.015018586069345474,32,0.8709475606328838,0.10317900776863098,0.00023409543791785836,0.5243180826783123,False,
310,OCNT-2535221,0,CYP1A2,5.0456929206848145,0.0012020138092339039,0.0006289054872468114,0.005215519107878208,32,0.8362499943509639,0.03216615691781044,0.0004395454307086766,0.48620898769746923,False,
310,OCNT-2535221,1,CYP2C9,4.803182601928711,0.0017764857038855553,0.00038699861033819616,0.00910999532788992,2,1.0020006642770258,0.0035600997507572174,0.0002997996343765408,0.6098817177166148,False,
310,OCNT-2535221,2,CYP2D6,4.271686553955078,0.0012869545025750995,0.00027398759266361594,0.00533059099689126,32,0.79048798899658,0.03255455940961838,0.001035752589814365,0.6049206997058257,False,
310,OCNT-2535221,3,CYP3A4,4.347156047821045,0.0018091780366376042,0.0013398489682003856,0.007915900088846684,32,0.8653190331169991,0.050096794962882996,0.00016091448196675628,0.5374759929692863,False,
311,OCNT-2535224,0,CYP1A2,4.8563642501831055,0.002256365492939949,0.001742292195558548,0.00966830924153328,32,0.838489740099478,0.06054232642054558,0.000647288397885859,0.5058598203113032,False,
311,OCNT-2535224,1,CYP2C9,4.710945129394531,0.0012067797360941768,0.0002061971608782187,0.005711762700229883,32,0.8186415700573945,0.031613703817129135,0.000974574766587466,0.6290030227763298,False,
311,OCNT-2535224,2,CYP2D6,4.515657424926758,0.0013849827228114009,0.00041765288915485144,0.005526550114154816,32,0.7727761953527498,0.034249261021614075,0.0007801688043400645,0.6014331071716961,False,
311,OCNT-2535224,3,CYP3A4,4.08876371383667,0.0020300366450101137,0.0003756358928512782,0.008869597688317299,32,0.9033691936427338,0.05868421122431755,0.00020217624842189252,0.606825556661984,False,
312,OCNT-2535225,0,CYP1A2,4.323250770568848,0.005032829008996487,0.003690435318276286,0.019325897097587585,32,0.9533572078183656,0.15353898704051971,0.0004156764771323651,0.605562684749037,False,
312,OCNT-2535225,1,CYP2C9,4.217222690582275,0.0037557468749582767,0.001956706400960684,0.016923729330301285,32,0.9636905158394098,0.11582039296627045,0.00033974015968851745,0.6134783803675996,False,
312,OCNT-2535225,2,CYP2D6,4.752326965332031,0.0011034095659852028,0.00014274506247602403,0.004631917458027601,32,0.7290569633023466,0.025742582976818085,0.0006044416804797947,0.5635676804850354,False,
312,OCNT-2535225,3,CYP3A4,3.9373178482055664,0.003511143149808049,0.0013138116337358952,0.015238208696246147,32,0.9611967654977271,0.10799708962440491,0.0003256382478866726,0.6027948981087757,False,
313,OCNT-2535226,0,CYP1A2,5.323733329772949,0.000905018241610378,0.0007469411939382553,0.0035369060933589935,32,0.7538602952829552,0.021832475438714027,0.0005106031894683838,0.49476667504783844,False,
313,OCNT-2535226,1,CYP2C9,5.109600067138672,0.0010272946674376726,0.0006918433937244117,0.004358360078185797,32,0.9718567097235581,0.031948573887348175,0.0007130458252504468,0.613442508884616,False,
313,OCNT-2535226,2,CYP2D6,4.579794883728027,0.001020422438159585,0.00010518663475522771,0.003982669208198786,32,0.6741832896458115,0.022014671936631203,0.001140344305895269,0.5656159645543608,False,
313,OCNT-2535226,3,CYP3A4,4.805473327636719,0.0013996853958815336,0.0007643161807209253,0.006353671662509441,2,1.002531345068295,0.002806477015838027,0.0004429311375133693,0.6144576733635676,False,
314,OCNT-2535228,0,CYP1A2,3.3190975189208984,0.00678357994183898,0.00454456452280283,0.027572698891162872,32,0.9771984150077312,0.21212522685527802,0.0005822859238833189,0.5142128862345681,False,
314,OCNT-2535228,1,CYP2C9,3.545197010040283,0.0038472809828817844,0.003400383749976754,0.016926061362028122,32,0.9785963334428422,0.12047823518514633,0.00028955034213140607,0.5995185977054738,False,
314,OCNT-2535228,2,CYP2D6,4.839325904846191,0.0017796778120100498,0.0006782152922824025,0.007733977399766445,32,0.8940818125926814,0.05091796815395355,0.00047183758579194546,0.6831841771275191,False,
314,OCNT-2535228,3,CYP3A4,3.0612876415252686,0.003231285372748971,0.0029332442209124565,0.011710059829056263,11,0.9843884856133691,0.03498934954404831,0.00020264314662199467,0.525309357763736,False,
315,OCNT-2535229,0,CYP1A2,4.684599876403809,0.003273826092481613,0.0022895524743944407,0.012331156991422176,32,0.9534321835411373,0.09988418221473694,0.0006531097460538149,0.5316158210199691,False,
315,OCNT-2535229,1,CYP2C9,4.567683696746826,0.0020676827989518642,0.0018189196707680821,0.009209617972373962,8,0.9931780001339661,0.016428695991635323,0.0003587043611332774,0.5716461713607774,False,
315,OCNT-2535229,2,CYP2D6,4.693539619445801,0.0009992551058530807,7.418159657390788e-05,0.004227479454129934,32,0.769970599532538,0.02462095208466053,0.0009021334699355066,0.6182720900575949,False,
315,OCNT-2535229,3,CYP3A4,4.285301685333252,0.00222512474283576,0.0016431726980954409,0.008644817396998405,32,0.8958980492786189,0.06379180401563644,0.00032245300826616585,0.48542126164512683,False,
316,OCNT-2535231,0,CYP1A2,4.3627543449401855,0.0046807704493403435,0.0029036295600235462,0.018070267513394356,11,0.991343777854693,0.051042888313531876,0.0006417243857868016,0.5518101819145951,False,
316,OCNT-2535231,1,CYP2C9,4.368429183959961,0.0033501791767776012,0.0018925482872873545,0.01511167548596859,32,0.9694731123793866,0.10393338650465012,0.00032807569368742406,0.5212822772005756,False,
316,OCNT-2535231,2,CYP2D6,4.6223883628845215,0.0008386696572415531,0.00014016615750733763,0.003751014592126012,32,0.792035105577121,0.02125643938779831,0.0009666889091022313,0.5672046537882909,False,
316,OCNT-2535231,3,CYP3A4,4.053710460662842,0.0033019892871379852,0.002610663417726755,0.013907231390476227,32,0.9081498460619984,0.09595872461795807,0.0001890876010293141,0.5303507019145449,False,
317,OCNT-2535233,0,CYP1A2,5.042721748352051,0.0021662774961441755,0.0013749562203884125,0.008189767599105835,32,0.9139657754281261,0.06335720419883728,0.0006803725846111774,0.534080717826396,False,
317,OCNT-2535233,1,CYP2C9,4.892475128173828,0.0014625181211158633,0.001464890199713409,0.006402863189578056,9,0.9904186872215169,0.013036636635661125,0.0004874603182543069,0.5747683161746494,False,
317,OCNT-2535233,2,CYP2D6,4.801398277282715,0.0008969427435658872,5.646113640978001e-05,0.003493694355711341,32,0.7322710306635636,0.021018000319600105,0.000695416412781924,0.5918401691764192,False,
317,OCNT-2535233,3,CYP3A4,4.696756362915039,0.0015386567683890462,0.0011933576315641403,0.005985639989376068,32,0.9085379730773488,0.04473398998379707,0.00037821856676600873,0.4831560622068304,False,
318,OCNT-2535234,0,CYP1A2,4.431433200836182,0.003421927336603403,0.0007036513416096568,0.0138741135597229,2,1.0025681955856958,0.006861451081931591,0.0007841216865926981,0.5758640362684391,False,
318,OCNT-2535234,1,CYP2C9,4.198816299438477,0.002683719852939248,0.001389883691444993,0.011302176862955093,32,0.8826547346956917,0.07580181956291199,0.00017954905342776328,0.5625234781063222,False,
318,OCNT-2535234,2,CYP2D6,4.636435508728027,0.0010231130290776491,0.00021028099581599236,0.0036751162260770798,32,0.7082438501060052,0.02318785898387432,0.0011199784930795431,0.581213166409342,False,
318,OCNT-2535234,3,CYP3A4,3.893911600112915,0.0031433519907295704,0.0013586791465058923,0.01244532223790884,32,0.9003102627905595,0.09056003391742706,0.00017301783373113722,0.4947158258732066,False,
319,OCNT-2535237,0,CYP1A2,3.4817733764648438,0.0070485761389136314,0.004938239231705666,0.02690284326672554,32,0.9346981877234064,0.2108256220817566,0.0005585984908975661,0.5602228965173742,False,
319,OCNT-2535237,1,CYP2C9,3.668609142303467,0.004214139189571142,0.0018261580262333155,0.0168373491615057,2,1.0009567625142008,0.008436362259089947,0.00036399654345586896,0.5642271468753803,False,
319,OCNT-2535237,2,CYP2D6,4.685854911804199,0.0013026435626670718,0.000300652754958719,0.0053652189671993256,32,0.8486561255007348,0.035376157611608505,0.0007486551185138524,0.6503152365882063,False,
319,OCNT-2535237,3,CYP3A4,3.2745728492736816,0.003940990660339594,0.0028202785179018974,0.01358204334974289,32,0.9660641595491151,0.12183230370283127,0.000259984633885324,0.4461710782581465,False,
320,OCNT-2535238,0,CYP1A2,3.4593474864959717,0.006687227636575699,0.00311412219889462,0.026895515620708466,12,0.9784063855758819,0.07851403206586838,0.0005314882728271186,0.5795841085170585,False,
320,OCNT-2535238,1,CYP2C9,3.6449575424194336,0.0038026473484933376,0.0015195886371657252,0.015568075701594353,7,0.9975859332694433,0.026554342359304428,0.0002329087583348155,0.5675607385692583,False,
320,OCNT-2535238,2,CYP2D6,4.637459754943848,0.0013690992491319776,0.0003133208374492824,0.005649315658956766,32,0.8460335163623367,0.03706599399447441,0.000739795679692179,0.6467391139339028,False,
320,OCNT-2535238,3,CYP3A4,3.2142772674560547,0.003670374397188425,0.0019414309645071626,0.01349033322185278,32,0.9887958689235533,0.1161363497376442,0.00021316969650797546,0.4730910770464877,False,
321,OCNT-2535239,0,CYP1A2,4.630762100219727,0.003709356999024749,0.003083499614149332,0.01535637304186821,32,0.9421911562872611,0.11183784902095795,0.0007336365524679422,0.5125649676210616,False,
321,OCNT-2535239,1,CYP2C9,4.524418830871582,0.0024962732568383217,0.0019625243730843067,0.009433996863663197,32,0.8842423014881188,0.07063421607017517,0.00028939772164449096,0.6165901322278803,False,
321,OCNT-2535239,2,CYP2D6,4.579946041107178,0.0010778044816106558,0.0004492879379540682,0.004566807299852371,32,0.8744628191029002,0.03016027808189392,0.0007347572827711701,0.5778817396003159,False,
321,OCNT-2535239,3,CYP3A4,4.225019931793213,0.0022557219490408897,0.0023945006541907787,0.008343631401658058,32,0.8165726313139395,0.0589430071413517,0.00023040806991048157,0.5070347651827521,False,
322,OCNT-2535240,0,CYP1A2,5.111491680145264,0.002118839183822274,0.0010043119546025991,0.008528846316039562,32,0.8326849956184914,0.05645868554711342,0.0005369692225940526,0.4974652207362348,False,
322,OCNT-2535240,1,CYP2C9,4.892282485961914,0.0015149391256272793,0.0005681778420694172,0.005976414307951927,32,0.7248255189229005,0.035138361155986786,0.0014023871626704931,0.5155714617556503,False,
322,OCNT-2535240,2,CYP2D6,4.591125965118408,0.0011564844753593206,0.0001278744312003255,0.004334953147917986,32,0.6424789469630936,0.023776747286319733,0.0013979176292195916,0.5494013535487112,False,
322,OCNT-2535240,3,CYP3A4,4.683119773864746,0.0015737906796857715,0.00039959646528586745,0.006150445900857449,32,0.5440594262869203,0.027399715036153793,0.0013375263661146164,0.4104744283392683,False,
323,OCNT-2535241,0,CYP1A2,5.074706554412842,0.002526006195694208,0.0019464133074507117,0.009911961853504181,32,0.9431373375337191,0.07623616605997086,0.0014019274385645986,0.4617119180111475,False,
323,OCNT-2535241,1,CYP2C9,4.961035251617432,0.0022192373871803284,0.0008813436725176871,0.010082206688821316,32,0.9064536465952581,0.06437263637781143,0.0008836659253574908,0.5032201223320055,False,
323,OCNT-2535241,2,CYP2D6,4.575746059417725,0.0011807037517428398,0.00010260596172884107,0.004511505365371704,32,0.5974644847326086,0.02257390506565571,0.001478159916587174,0.5522334760439058,False,
323,OCNT-2535241,3,CYP3A4,4.640838623046875,0.0027756309136748314,0.0008627431816421449,0.013224516995251179,32,0.7576576285874727,0.06729553639888763,0.0006212113657966256,0.5001115939857282,False,
324,OCNT-2535242,0,CYP1A2,5.1801652908325195,0.0024202472995966673,9.649786079535261e-05,0.012779570184648037,2,1.0001844217396374,0.004841407295316458,0.0006201537908054888,0.5693940961040785,False,
324,OCNT-2535242,1,CYP2C9,4.608870506286621,0.002158727729693055,0.000351708906237036,0.0124555304646492,32,0.9886968021165231,0.06829878687858582,0.0005656236899085343,0.6620030229982333,False,
324,OCNT-2535242,2,CYP2D6,4.2569899559021,0.001854414353147149,0.0008604523027315736,0.008124561049044132,32,0.7825917234948351,0.04644022881984711,0.0005839954828843474,0.5559204969799548,False,
324,OCNT-2535242,3,CYP3A4,4.203392028808594,0.0012898106360808015,0.0005902515258640051,0.005777924321591854,32,0.7448137276331722,0.030741635710000992,0.0008597328560426831,0.5878258022327245,False,
325,OCNT-2535245,0,CYP1A2,4.728094577789307,0.0032474887557327747,0.0030378708615899086,0.012010090053081512,32,0.8981048865488048,0.09333102405071259,0.0005821911036036909,0.4981718743481092,False,
325,OCNT-2535245,1,CYP2C9,4.731448173522949,0.0019238375825807452,0.0016208984889090061,0.008312216028571129,32,0.9857003005444395,0.060682788491249084,0.0005707560339942575,0.5786916317008526,False,
325,OCNT-2535245,2,CYP2D6,4.431513786315918,0.001481820596382022,0.0002747747057583183,0.006033885292708874,32,0.8169522034730592,0.038738712668418884,0.0005991955404169858,0.595734225918614,False,
325,OCNT-2535245,3,CYP3A4,4.344884395599365,0.0014673768309876323,0.001090028090402484,0.0057261171750724316,32,0.8778061400433796,0.0412185974419117,0.000327037152601406,0.5499396475267924,False,
326,OCNT-2535246,0,CYP1A2,4.2126288414001465,0.0037465118803083897,8.624588372185826e-05,0.015746796503663063,32,0.8952912705864905,0.10733530670404434,0.00042966549517586827,0.5538733407935723,False,
326,OCNT-2535246,1,CYP2C9,4.240703582763672,0.002557734027504921,0.0008593481034040451,0.008932597003877163,32,0.8234971696088077,0.06740143895149231,0.0003442267479840666,0.5205737430852582,False,
326,OCNT-2535246,2,CYP2D6,4.490899085998535,0.0011115415254607797,0.00032557203667238355,0.0039079198613762856,32,0.6678610754876667,0.02375558391213417,0.001366220647469163,0.6032002052122056,False,
326,OCNT-2535246,3,CYP3A4,3.871461868286133,0.0030726364348083735,0.0010216428199782968,0.011617391370236874,32,0.8681035814495662,0.08535601198673248,0.00033052219077944756,0.5417450640723444,False,
327,OCNT-2535247,0,CYP1A2,5.108002662658691,0.0012651539873331785,0.0004167277365922928,0.004461437929421663,32,0.8148307036404135,0.03298862278461456,0.0004069588321726769,0.4572635327831842,False,
327,OCNT-2535247,1,CYP2C9,5.09359884262085,0.0003659965586848557,0.000215703432331793,0.0015388531610369682,32,0.7689774091219671,0.009006424807012081,0.001512492191977799,0.6115534475972562,False,
327,OCNT-2535247,2,CYP2D6,4.461111545562744,0.001144781825132668,0.0005155280232429504,0.004086713306605816,32,0.7083367684264291,0.025948740541934967,0.000619507220108062,0.569399468843709,False,
327,OCNT-2535247,3,CYP3A4,4.835660934448242,0.0006484751356765628,0.00015121346223168075,0.00267200730741024,6,0.995266045503412,0.003872491419315338,0.0008767021354287863,0.495394141212413,False,
328,OCNT-2535251,0,CYP1A2,4.205657482147217,0.003709118813276291,0.002250178949907422,0.015146915800869465,32,0.866973266184868,0.10290289670228958,0.00038133334601297975,0.5296446845832729,False,
328,OCNT-2535251,1,CYP2C9,4.057405471801758,0.002164308214560151,0.0010624027345329523,0.010383715853095055,32,0.8523364565304956,0.059031274169683456,0.00026255936245433986,0.5802229234517353,False,
328,OCNT-2535251,2,CYP2D6,4.249020099639893,0.0010571633465588093,0.000253079691901803,0.004309923853725195,32,0.7556075097103285,0.02556185983121395,0.0010767136700451374,0.5940897530391263,False,
328,OCNT-2535251,3,CYP3A4,3.058349847793579,0.0027125123888254166,0.0008616514969617128,0.01420828327536583,32,0.883428221112207,0.0766822025179863,0.0003921777824871242,0.5281783995244329,False,
329,OCNT-2535253,0,CYP1A2,4.844156265258789,0.0018215143354609609,0.000517664069775492,0.008426391519606113,32,0.8391639864742274,0.04891384392976761,0.0003487792855594307,0.5273827799603241,False,
329,OCNT-2535253,1,CYP2C9,4.828289031982422,0.0011818682542070746,0.0002311983407707885,0.005701079964637756,32,0.84521423020263,0.03196609020233154,0.0008277224842458963,0.5624016044031698,False,
329,OCNT-2535253,2,CYP2D6,4.354570388793945,0.001297757844440639,0.00026409278507344425,0.005360911600291729,32,0.7513136585809435,0.031200982630252838,0.0006715935305692255,0.5459543477294807,False,
329,OCNT-2535253,3,CYP3A4,4.368655681610107,0.0012427604524418712,0.00038432408473454416,0.005880812648683786,32,0.8190714226512319,0.03257336840033531,0.00039269166882149875,0.5227616290086204,False,
330,OCNT-2535254,0,CYP1A2,4.207123279571533,0.004390000365674496,0.002722450764849782,0.015803348273038864,32,0.8518181798971256,0.11966370046138763,0.00029351134435273707,0.5330991119866766,False,
330,OCNT-2535254,1,CYP2C9,4.175223350524902,0.0029292406979948282,0.001466438639909029,0.01226174458861351,32,0.9156917638646019,0.08583330363035202,0.000209164441912435,0.5879156735821778,False,
330,OCNT-2535254,2,CYP2D6,4.86328125,0.0005527287139557302,0.0002261324698338285,0.0019025190267711878,32,0.665723632499145,0.011775079183280468,0.0018815984949469566,0.6665319811151316,False,
330,OCNT-2535254,3,CYP3A4,3.9145779609680176,0.003058725269511342,0.0010450209956616163,0.012699893675744534,32,0.9272771762275641,0.0907614529132843,0.00020662671886384487,0.6016975392745894,False,
331,OCNT-2535255,0,CYP1A2,4.060268878936768,0.004492752254009247,0.00040258074295707047,0.017073707655072212,32,0.9356896879116823,0.13452260196208954,0.00033108482602983713,0.5384197985945964,False,
331,OCNT-2535255,1,CYP2C9,4.025996208190918,0.003928840160369873,0.001472807489335537,0.016641763970255852,32,0.9673539343084421,0.1216188371181488,0.0001448374823667109,0.5257986508451886,False,
331,OCNT-2535255,2,CYP2D6,4.716685771942139,0.0008144007297232747,0.00018699912470765412,0.00348695763386786,32,0.7808429819876013,0.020349660888314247,0.0012496132403612137,0.5616451730897221,False,
331,OCNT-2535255,3,CYP3A4,3.733673095703125,0.004098446574062109,0.0016309897182509303,0.016861064359545708,32,0.9639310096215035,0.12642014026641846,0.00013459903129842132,0.5500100280325896,False,
332,OCNT-2535256,0,CYP1A2,4.311151027679443,0.004353927448391914,0.004316818900406361,0.01588829793035984,32,0.8751880970840525,0.12193645536899567,0.0006700402009300888,0.5362936843736719,False,
332,OCNT-2535256,1,CYP2C9,4.140404224395752,0.0040337392129004,0.002287051873281598,0.017299102619290352,2,1.0015410866527625,0.008079931139945984,0.00033764768159016967,0.555164602895126,False,
332,OCNT-2535256,2,CYP2D6,4.645606994628906,0.0008403069223277271,0.00022269408509600908,0.003473767079412937,32,0.7992690878316292,0.021492458879947662,0.0014770816778764129,0.6882851500144429,False,
332,OCNT-2535256,3,CYP3A4,3.8543293476104736,0.003931338433176279,0.0038178234826773405,0.015375095419585705,32,0.9127710500392902,0.11482947319746017,0.00014615600230172276,0.5778856482869805,False,
333,OCNT-2535257,0,CYP1A2,4.815919876098633,0.002932692412286997,0.0028495516162365675,0.011057672090828419,32,0.8608553272637973,0.08078823983669281,0.0007705868920311332,0.530142306348673,False,
333,OCNT-2535257,1,CYP2C9,4.705280780792236,0.0013869833201169968,0.0006535548600368202,0.005358686204999685,32,0.8283438244754181,0.03676503524184227,0.0005349029088392854,0.5540689363272107,False,
333,OCNT-2535257,2,CYP2D6,4.569555282592773,0.0007448935648426414,7.469734555343166e-05,0.003264833241701126,32,0.7877533481224291,0.01877760887145996,0.0017307121306657791,0.5377323462324494,False,
333,OCNT-2535257,3,CYP3A4,4.410270690917969,0.00140674680005759,0.00034993269946426153,0.006087444256991148,32,0.8453639687729014,0.03805508837103844,0.00030186952790245414,0.5610474839888281,False,
334,OCNT-2535258,0,CYP1A2,5.391078948974609,0.0009382488206028938,0.000412255380069837,0.004939996637403965,7,0.9903419787026481,0.00650437967851758,0.0019490990089252591,0.6408466317139754,False,
334,OCNT-2535258,1,CYP2C9,4.898001670837402,0.0011072800261899829,0.0009821520652621984,0.0048979585990309715,32,0.8853880781266987,0.031372204422950745,0.0007750518270768225,0.6768327965334393,False,
334,OCNT-2535258,2,CYP2D6,4.3499064445495605,0.001232955139130354,0.00031380291329696774,0.00490929838269949,32,0.76817745645823,0.030308352783322334,0.00036800539237447083,0.5419544923950492,False,
334,OCNT-2535258,3,CYP3A4,4.544778347015381,0.0015468003693968058,0.0007188994204625487,0.006769821047782898,32,0.9157624062749472,0.04532834514975548,0.0004557804495561868,0.5871965222120015,False,
335,OCNT-2535259,0,CYP1A2,4.947093963623047,0.001714373822323978,0.000867821101564914,0.0073444354347884655,32,0.8454013229325267,0.046378955245018005,0.00047622123383916914,0.5305532475030704,False,
335,OCNT-2535259,1,CYP2C9,4.729727745056152,0.0017604880267754197,0.0008954447112046182,0.008451558649539948,32,0.8903032567702086,0.05015606805682182,0.00029380302294157445,0.5842201213626022,False,
335,OCNT-2535259,2,CYP2D6,4.404783725738525,0.0014847693964838982,0.0004641819396056235,0.006093836855143309,32,0.7730194402333389,0.036728426814079285,0.0006712431204505265,0.5531474617011516,False,
335,OCNT-2535259,3,CYP3A4,4.26102876663208,0.0019403796177357435,0.00080809963401407,0.008653628639876842,32,0.8661363085982542,0.05378054082393646,0.00024435194791294634,0.5446127602215421,False,
336,OCNT-2535260,0,CYP1A2,4.486079692840576,0.0022046836093068123,0.0011704146163538098,0.010600575245916843,32,0.9233678016128026,0.06514377892017365,0.0006358027458190918,0.5549264114431893,False,
336,OCNT-2535260,1,CYP2C9,4.2709221839904785,0.001562108052894473,0.0006085223867557943,0.00718467403203249,32,0.8978082701370665,0.04487944021821022,0.0006955320131964982,0.5987555088338872,False,
336,OCNT-2535260,2,CYP2D6,4.031766891479492,0.0013926556566730142,0.0002678651944734156,0.005321857053786516,32,0.783086258116094,0.03489847481250763,0.0008093822980299592,0.6510525569649944,False,
336,OCNT-2535260,3,CYP3A4,3.0082688331604004,0.0033702983055263758,0.0005917883245274425,0.018829647451639175,2,1.001295860359177,0.006749351508915424,0.0005512562929652631,0.5479930756500736,False,
337,OCNT-2535261,0,CYP1A2,4.648646831512451,0.0035688928328454494,0.0022242730483412743,0.01197122037410736,32,0.8302571456968043,0.09481942653656006,0.0004282367881387472,0.5630572306249628,False,
337,OCNT-2535261,1,CYP2C9,4.571351528167725,0.0018318075453862548,0.0010059690102934837,0.007963087409734726,32,0.8798872748852997,0.0515773743391037,0.0002510719350539148,0.613128243147333,False,
337,OCNT-2535261,2,CYP2D6,4.817390441894531,0.000849517120514065,0.0001198842073790729,0.0035411431454122066,32,0.6864799219579082,0.0186618659645319,0.0009197014733217657,0.545850375328226,False,
337,OCNT-2535261,3,CYP3A4,4.176558017730713,0.0024430060293525457,0.0012036964762955904,0.010201184079051018,32,0.9477919591993008,0.07409507036209106,0.00012141195475123823,0.5517468286811759,False,
338,OCNT-2535263,0,CYP1A2,5.0446271896362305,0.0005191862001083791,0.0004030208510812372,0.0020830798894166946,32,0.7090345342265042,0.011780097149312496,0.0006876407423987985,0.4223353109420209,False,
338,OCNT-2535263,1,CYP2C9,4.35847806930542,0.0036310546565800905,0.0028106605168431997,0.015938302502036095,32,0.9258664689445053,0.10758019238710403,0.00020711349498014897,0.554699460378755,False,
338,OCNT-2535263,2,CYP2D6,4.504444599151611,0.0014071419136598706,0.0003292322508059442,0.005863413214683533,32,0.7557983649569794,0.03403273969888687,0.00036131253000348806,0.6077120931472773,False,
338,OCNT-2535263,3,CYP3A4,4.019387245178223,0.0033660177141427994,0.0024403457064181566,0.014190640300512314,32,0.8824997286371931,0.09505659341812134,0.0002017788792727515,0.5733284915797581,False,
339,OCNT-2535264,0,CYP1A2,5.07639217376709,0.0014114200603216887,0.0008447405998595059,0.005448915995657444,32,0.8144845058896938,0.03678681328892708,0.0009824977023527026,0.5189102692618857,False,
339,OCNT-2535264,1,CYP2C9,4.684183120727539,0.002308695111423731,0.0005113547085784376,0.009203294292092323,32,0.7491366101500531,0.05534513667225838,0.0010352504905313253,0.4845112567394938,False,
339,OCNT-2535264,2,CYP2D6,4.496225833892822,0.00134765962138772,7.121082308003679e-05,0.0051104603335261345,32,0.6323302890042118,0.0272695142775774,0.0013656517257913947,0.5153945348945677,False,
339,OCNT-2535264,3,CYP3A4,4.248581886291504,0.0026447924319654703,0.00036570275551639497,0.013325048610568047,32,0.654259053160388,0.05537234991788864,0.0007787970243953168,0.48172148259983305,False,
340,OCNT-2535266,0,CYP1A2,4.640496730804443,0.001977190375328064,0.0008890664321370423,0.007789799943566322,32,0.9171165164712763,0.05802633985877037,0.00035753034171648324,0.5743176069263348,False,
340,OCNT-2535266,1,CYP2C9,4.854979038238525,0.0005113163497298956,2.3364375010714866e-05,0.001956287305802107,32,0.8133031928579556,0.01330762729048729,0.00038328045047819614,0.5777963888196286,False,
340,OCNT-2535266,2,CYP2D6,4.673671245574951,0.0008351374417543411,0.00033457420067861676,0.0025745690800249577,32,0.5246423129978509,0.014020917937159538,0.0016004082281142473,0.45147853525269155,False,
340,OCNT-2535266,3,CYP3A4,4.705533027648926,0.000737997645046562,0.00039617266156710684,0.0033864015713334084,32,0.8379825630186217,0.019790001213550568,0.000766627723351121,0.5440544653586568,False,
341,OCNT-2535268,0,CYP1A2,4.093003273010254,0.003893043613061309,0.0031255355570465326,0.014904883690178394,32,0.9006521228759,0.11220118403434753,0.0005056090303696692,0.5629548042828193,False,
341,OCNT-2535268,1,CYP2C9,4.409768104553223,0.0015708444407209754,0.0016306053148582578,0.005924898199737072,32,0.8577547967101969,0.04311705380678177,0.0002547168405726552,0.5206402683214517,False,
341,OCNT-2535268,2,CYP2D6,4.836189270019531,0.0008140953141264617,0.00015458438429050148,0.0026618982665240765,32,0.5702385565276397,0.014855495654046535,0.0015765392454341054,0.45075473617035144,False,
341,OCNT-2535268,3,CYP3A4,4.261641502380371,0.0013088301056995988,0.0009517232538200915,0.00561408931389451,32,0.8603802617859815,0.03603520616889,0.0002998781856149435,0.5253703017570879,False,
342,OCNT-2535269,0,CYP1A2,4.697264671325684,0.0018471727380529046,0.0008142375736497343,0.007847772911190987,32,0.8838150807373885,0.05224217474460602,0.0003157249011565,0.5818883384461255,False,
342,OCNT-2535269,1,CYP2C9,4.8704938888549805,0.0006723703118041158,1.6192689145100303e-05,0.002858278341591358,32,0.8151180180222137,0.017538217827677727,0.00013449788093566895,0.4965513742255697,False,
342,OCNT-2535269,2,CYP2D6,4.743620872497559,0.0007845065556466579,0.00011800536594819278,0.002015494741499424,32,0.4570616155709092,0.01147431693971157,0.002172171138226986,0.5119737460637764,True,recurrence
342,OCNT-2535269,3,CYP3A4,4.680370330810547,0.0009932175744324923,0.000531362253241241,0.004596896003931761,32,0.8584921032015356,0.02728569693863392,0.0004676101671066135,0.5309374494628942,False,
343,OCNT-2535270,0,CYP1A2,4.837014198303223,0.001589916180819273,0.000716501148417592,0.006900366861373186,32,0.8913290934014864,0.045348718762397766,0.0004909833078272641,0.5750764220493803,False,
343,OCNT-2535270,1,CYP2C9,4.968694686889648,0.0007147820433601737,1.4403997738554608e-05,0.0030850213952362537,32,0.7244519148593629,0.016570638865232468,0.0001756314013618976,0.4649535431870026,False,
343,OCNT-2535270,2,CYP2D6,4.6914167404174805,0.0008040914544835687,0.00010224879224551842,0.002774628810584545,32,0.47613690016215326,0.012251595966517925,0.002070771064609289,0.4716274995683573,False,
343,OCNT-2535270,3,CYP3A4,4.774103164672852,0.0012420780258253217,0.0005647054640576243,0.005365015007555485,32,0.7200349570314938,0.02861909754574299,0.0006644346285611391,0.49504597023809493,False,
344,OCNT-2535271,0,CYP1A2,4.533182621002197,0.0019092024303972721,0.0008088721078820527,0.007901976816356182,32,0.9130572537396586,0.055783048272132874,0.0002232374536106363,0.5802775001170086,False,
344,OCNT-2535271,1,CYP2C9,4.585038661956787,0.0012204357190057635,0.00029869211721234024,0.005673780106008053,32,0.8511373472542979,0.03324054181575775,0.00023651483934372663,0.5727252454505003,False,
344,OCNT-2535271,2,CYP2D6,4.583078861236572,0.0007671816856600344,0.000202845738385804,0.002558232517912984,32,0.6033059927947073,0.014811242930591106,0.0014481364050880075,0.5596434346585775,False,
344,OCNT-2535271,3,CYP3A4,4.400203704833984,0.0014039473608136177,0.0004841520276386291,0.006491422653198242,32,0.8871794388792074,0.03985798731446266,0.00017610011855140328,0.5293141869421221,False,
345,OCNT-2535272,0,CYP1A2,4.605841159820557,0.001814308692701161,0.0008038617088459432,0.007619711570441723,32,0.883079239106414,0.05126998946070671,0.0003521930193528533,0.5738673934821673,False,
345,OCNT-2535272,1,CYP2C9,4.762475490570068,0.0006616614409722388,1.537378011562396e-05,0.0027642790228128433,32,0.8152376552441182,0.01726142317056656,0.00016405365022365004,0.4946438641247585,False,
345,OCNT-2535272,2,CYP2D6,4.71990442276001,0.0008134159143082798,0.00012436765246093273,0.0021787818986922503,32,0.46901071057064253,0.012208174914121628,0.0019978538621217012,0.49073595772566336,False,
345,OCNT-2535272,3,CYP3A4,4.460609436035156,0.0019424828933551908,0.0005968211917206645,0.008538179099559784,2,1.001068573745084,0.0038891371805220842,0.00041210290510207415,0.576115173527203,False,
346,OCNT-2535273,0,CYP1A2,4.852434158325195,0.0016278570983558893,0.0007462523062713444,0.006883604917675257,32,0.9017866555673455,0.04697564244270325,0.00042070765630342066,0.5636346423811937,False,
346,OCNT-2535273,1,CYP2C9,5.00014591217041,0.0006692966562695801,1.4660041415481828e-05,0.002874959260225296,32,0.7736662186769784,0.016570238396525383,0.00013192133337724954,0.4815433324028806,False,
346,OCNT-2535273,2,CYP2D6,4.704104900360107,0.0007219775579869747,0.0001099275759770535,0.0024574841372668743,32,0.46516276767850795,0.01074693538248539,0.002585149137303233,0.4708945854218234,False,
346,OCNT-2535273,3,CYP3A4,4.822709083557129,0.0010462108766660094,0.0005441492539830506,0.004695734940469265,32,0.7618786797513375,0.025506988167762756,0.000608036934863776,0.5034036804705878,False,
347,OCNT-2535274,0,CYP1A2,4.723517417907715,0.001823050552047789,0.0007791276439093053,0.00784009788185358,32,0.8705847595521031,0.050788119435310364,0.00029981767875142395,0.5897028318018641,False,
347,OCNT-2535274,1,CYP2C9,4.887477397918701,0.0006444668979384005,1.52589946083026e-05,0.0027407705783843994,32,0.8127301837458353,0.01676114648580551,0.0001593927590874955,0.5005121356074597,False,
347,OCNT-2535274,2,CYP2D6,4.787167549133301,0.0007825364591553807,0.00011471595644252375,0.0021274706814438105,32,0.43468730228281727,0.010885216295719147,0.002468142658472061,0.49722419528269973,True,recurrence
347,OCNT-2535274,3,CYP3A4,4.704506874084473,0.000876598700415343,0.0005271515692584217,0.0040214573964476585,32,0.8264007409790285,0.023181762546300888,0.0004960903897881508,0.5285268181365244,False,
348,OCNT-2535275,0,CYP1A2,4.844508171081543,0.00161457946524024,0.0007156942156143486,0.006896727718412876,32,0.8773177469923402,0.045328255742788315,0.00035205844324082136,0.5687376166108118,False,
348,OCNT-2535275,1,CYP2C9,4.958719730377197,0.0007718164124526083,2.1634177755913697e-05,0.003068272490054369,32,0.8434221652122236,0.020831216126680374,0.00010638526146067306,0.5196700586554797,False,
348,OCNT-2535275,2,CYP2D6,4.618415832519531,0.0007015781593509018,0.000160185169079341,0.00195542280562222,32,0.5404378830401666,0.012133274227380753,0.0018228364642709494,0.6457080000382085,False,
348,OCNT-2535275,3,CYP3A4,4.798937797546387,0.0009595623705536127,0.0004886474343948066,0.004611487500369549,32,0.8801077647452858,0.02702486701309681,0.0003913677064701915,0.5588229034002389,False,
349,OCNT-2535276,0,CYP1A2,4.801022052764893,0.0016715358942747116,0.0007463261135853827,0.007187250070273876,32,0.8888193581532917,0.047542475163936615,0.0003898667637258768,0.5777318182498459,False,
349,OCNT-2535276,1,CYP2C9,4.94029426574707,0.0006675967015326023,1.5131466170714702e-05,0.0028478866443037987,32,0.7730456037633008,0.016514893621206284,0.00015758023073431104,0.4670120347586739,False,
349,OCNT-2535276,2,CYP2D6,4.716544151306152,0.0007298886775970459,0.00010663537977961823,0.002332677599042654,32,0.4790600451848801,0.011189289391040802,0.002152683213353157,0.4945852196515671,False,
349,OCNT-2535276,3,CYP3A4,4.752908706665039,0.0010927363764494658,0.0005779779166914523,0.004882987588644028,32,0.7792639500092787,0.027249211445450783,0.0006060302257537842,0.5030824520619886,False,
350,OCNT-2535278,0,CYP1A2,4.5966477394104,0.002121554221957922,0.00023335451260209084,0.007593600079417229,32,0.661113217594843,0.044883012771606445,0.00020879958174191415,0.4571897391026315,False,
350,OCNT-2535278,1,CYP2C9,4.496460437774658,0.00199629133567214,0.0007909879786893725,0.007013355381786823,32,0.9004724658464296,0.057523660361766815,0.00030330545268952847,0.5303069961990436,False,
350,OCNT-2535278,2,CYP2D6,4.751100540161133,0.0007783483597449958,0.00020060784299857914,0.0031148672569543123,32,0.7501211404051127,0.018683617934584618,0.0006925897323526442,0.5772152127003056,False,
350,OCNT-2535278,3,CYP3A4,4.371676921844482,0.001966084586456418,0.00047724341857247055,0.006968897767364979,32,0.902562463990352,0.0567847415804863,0.0001975921040866524,0.5076007608359522,False,
351,OCNT-2535279,0,CYP1A2,4.836455821990967,0.002989860950037837,0.001073708408512175,0.011232190765440464,32,0.9278952374732269,0.08877718448638916,0.0005929533508606255,0.5141270513828824,False,
351,OCNT-2535279,1,CYP2C9,4.728626251220703,0.0022146976552903652,0.00143561908043921,0.008525511249899864,2,1.000273236315903,0.0044306255877017975,0.00031485161161981523,0.5512557804208729,False,
351,OCNT-2535279,2,CYP2D6,4.701092720031738,0.0007772382232360542,0.00021686778927687556,0.003136073239147663,32,0.7120919467711483,0.017711110413074493,0.0007991502061486244,0.5752601342434114,False,
351,OCNT-2535279,3,CYP3A4,4.620844841003418,0.0020667652133852243,0.0015945544000715017,0.00755041791126132,32,0.948334144562081,0.06271979212760925,0.0002988296910189092,0.49878507262706084,False,
352,OCNT-2535280,0,CYP1A2,4.69418478012085,0.002718627918511629,0.00023770965344738215,0.01106815505772829,32,0.8529178526716983,0.07420079410076141,0.0005650637904182076,0.5208671777257841,False,
352,OCNT-2535280,1,CYP2C9,4.586085319519043,0.00185609539039433,0.0009877844713628292,0.006531666498631239,32,0.830350616237245,0.049318984150886536,0.0003066993085667491,0.4998981758348793,False,
352,OCNT-2535280,2,CYP2D6,4.611770153045654,0.0008483005221933126,0.000226294418098405,0.0031599905341863632,32,0.6748324353684977,0.018318958580493927,0.0009170318953692913,0.535455311821675,False,
352,OCNT-2535280,3,CYP3A4,4.442732334136963,0.0019054795848205686,0.0008176707779057324,0.006647621281445026,32,0.8321408411163427,0.05074034258723259,0.00029803314828313887,0.5170449585638228,False,
353,OCNT-2535281,0,CYP1A2,4.752103328704834,0.00318036787211895,0.00265544094145298,0.012160290963947773,32,0.8960744838561585,0.09119537472724915,0.0005203458131290972,0.4958498783524999,False,
353,OCNT-2535281,1,CYP2C9,4.6791863441467285,0.0018506412161514163,0.0021101394668221474,0.006583577953279018,32,0.9340709765323282,0.055316466838121414,0.0002983022714033723,0.5642925638852121,False,
353,OCNT-2535281,2,CYP2D6,4.408140659332275,0.0012118273880332708,0.00021690512949135154,0.005086149089038372,32,0.7883548288053158,0.030571451410651207,0.0008968738256953657,0.6011159194769036,False,
353,OCNT-2535281,3,CYP3A4,4.372717380523682,0.0015878983540460467,0.0014389172429218888,0.006080596707761288,32,0.8876139551713539,0.04510238766670227,0.00034622260136529803,0.5380562238267945,False,
354,OCNT-2535283,0,CYP1A2,4.337360858917236,0.004907823633402586,0.003043001051992178,0.018247293308377266,32,0.9236871721520956,0.14506569504737854,0.000429397274274379,0.5785195716822582,False,
354,OCNT-2535283,1,CYP2C9,4.3210015296936035,0.002446237253025174,0.0011303756618872285,0.010474968701601028,32,0.9048930653501348,0.07083494961261749,0.00022107723634690046,0.536393389630472,False,
354,OCNT-2535283,2,CYP2D6,4.8578596115112305,0.0006103095365688205,0.00023735214199405164,0.002029642229899764,32,0.6669539412432627,0.013025760650634766,0.0017801460344344378,0.6516386299409789,False,
354,OCNT-2535283,3,CYP3A4,4.070878505706787,0.002369315829128027,0.0011641813907772303,0.009948770515620708,32,0.9256631489984781,0.07018232345581055,0.00012664271343965083,0.5457683731694807,False,
355,OCNT-2535284,0,CYP1A2,4.2788238525390625,0.004805650096386671,0.0024367624428123236,0.016236457973718643,32,0.8751466156303948,0.13458102941513062,0.00036858159000985324,0.5702666211782972,False,
355,OCNT-2535284,1,CYP2C9,4.197878837585449,0.0027191690169274807,0.0012037571286782622,0.011551333591341972,32,0.8880817691818564,0.07727530598640442,0.0001755374833010137,0.552604909613621,False,
355,OCNT-2535284,2,CYP2D6,4.819216251373291,0.000887247093487531,0.00019608454022090882,0.003731164615601301,32,0.7162126272040875,0.020334871485829353,0.0006885871989652514,0.5449443563162321,False,
355,OCNT-2535284,3,CYP3A4,3.826800584793091,0.002932098926976323,0.0010330277727916837,0.0121172945946455,32,0.9251887070344965,0.08680813014507294,0.0001952368183992803,0.5547698246483103,False,
356,OCNT-2535285,0,CYP1A2,4.842168807983398,0.0031873551197350025,0.0019680012483149767,0.010627614334225655,32,0.8571307551970074,0.08742363750934601,0.0004857570747844875,0.5228618597025434,False,
356,OCNT-2535285,1,CYP2C9,4.687914848327637,0.0016355083789676428,0.0012285377597436309,0.00706082209944725,32,0.8663830559283375,0.04534353315830231,0.00023275072453543544,0.5029908337911437,False,
356,OCNT-2535285,2,CYP2D6,4.666683673858643,0.0007881572237238288,0.00014825597463641316,0.0033049643971025944,32,0.7036381774268742,0.017746705561876297,0.0009199335472658277,0.5697311347621655,False,
356,OCNT-2535285,3,CYP3A4,4.500473499298096,0.0014270623214542866,0.0008504578727297485,0.006015240214765072,32,0.909653162866023,0.04154050722718239,0.00030095558031462133,0.5259942127670731,False,
357,OCNT-2535286,0,CYP1A2,4.909041404724121,0.003287231782451272,0.0022844255436211824,0.012389713898301125,32,0.92922001924022,0.09774626791477203,0.0006350188632495701,0.5193928975427891,False,
357,OCNT-2535286,1,CYP2C9,4.907331943511963,0.001711136195808649,0.001289378385990858,0.007440503221005201,6,0.9960348764555247,0.010226167738437653,0.0004424028447829187,0.5339268732997431,False,
357,OCNT-2535286,2,CYP2D6,4.684968948364258,0.0008806170080788434,0.00011794396414188668,0.0036712640430778265,32,0.7366331654570584,0.0207583699375391,0.0009613524889573455,0.6036267000650628,False,
357,OCNT-2535286,3,CYP3A4,4.489326000213623,0.002792325569316745,0.0013650436885654926,0.012214485555887222,32,0.9947697821864121,0.08888739347457886,0.00026374333538115025,0.5413887897783598,False,
358,OCNT-2535287,0,CYP1A2,4.778987407684326,0.0036473453510552645,0.0023859760258346796,0.014123045839369297,32,0.9625855234715414,0.1123485267162323,0.000603861000854522,0.5398276361774755,False,
358,OCNT-2535287,1,CYP2C9,4.738441467285156,0.0024494521785527468,0.0021816592197865248,0.011315293610095978,15,0.9903654041473384,0.036387939006090164,0.00021403306163847446,0.5366462083992217,False,
358,OCNT-2535287,2,CYP2D6,4.623710632324219,0.0008615152910351753,0.00013003179628867656,0.003569620195776224,32,0.7559618806880892,0.020840968936681747,0.001127107534557581,0.6064036150486456,False,
358,OCNT-2535287,3,CYP3A4,4.377851963043213,0.0030001350678503513,0.0022799111902713776,0.013164087198674679,32,0.9585791070400662,0.09202804416418076,0.00023892521858215332,0.5102972557889424,False,
359,OCNT-2535289,0,CYP1A2,4.63856315612793,0.002266905503347516,0.0013950997963547707,0.01029498316347599,32,0.7849856269741532,0.056943874806165695,0.0003723348490893841,0.5179517437024819,False,
359,OCNT-2535289,1,CYP2C9,4.496185302734375,0.0017420235089957714,0.0005062608979642391,0.007841525599360466,32,0.9551021806225101,0.053242240101099014,0.0004121146339457482,0.5925836642992921,False,
359,OCNT-2535289,2,CYP2D6,4.208860874176025,0.0012693445896729827,0.00027131158276461065,0.0050664497539401054,32,0.8099241495523729,0.032898589968681335,0.0006888842908665538,0.6500654013927578,False,
359,OCNT-2535289,3,CYP3A4,3.490879535675049,0.002428236184641719,0.00018537357391323894,0.014098243787884712,2,1.0004212244795103,0.004858538042753935,0.00035006258985958993,0.6426268845031203,False,
360,OCNT-2535290,0,CYP1A2,5.237842082977295,0.0010717313271015882,0.0005839597433805466,0.004259162582457066,32,0.8097276616013482,0.02777019515633583,0.0004275540413800627,0.4821931593889079,False,
360,OCNT-2535290,1,CYP2C9,5.063243865966797,0.0011882561957463622,0.000827387033496052,0.004535516258329153,32,0.9510141486135283,0.03616185486316681,0.00030002178391441703,0.5930451685006182,False,
360,OCNT-2535290,2,CYP2D6,4.624659538269043,0.0009339099051430821,0.00014611570804845542,0.003677249886095524,32,0.7191690863626831,0.02149268239736557,0.0007936015026643872,0.6368306420715788,False,
360,OCNT-2535290,3,CYP3A4,4.802344799041748,0.0013688423205167055,0.0009387660538777709,0.005917619913816452,6,0.9990301447478745,0.00820514839142561,0.00035523014958016574,0.6188370254577189,False,
361,OCNT-2535291,0,CYP1A2,4.0084991455078125,0.005340171977877617,0.004136561881750822,0.02162509225308895,32,0.9249511713903468,0.15806104242801666,0.0006979360477998853,0.5408470809297481,False,
361,OCNT-2535291,1,CYP2C9,4.030126571655273,0.0037735290825366974,0.0015715115005150437,0.01780409924685955,5,0.9973557629688263,0.018817804753780365,0.0006704366533085704,0.511165372521643,False,
361,OCNT-2535291,2,CYP2D6,4.306396961212158,0.0014622010057792068,0.0003054481348954141,0.006015762221068144,32,0.7892510885245263,0.036929652094841,0.0012040354777127504,0.5798937279668956,False,
361,OCNT-2535291,3,CYP3A4,3.40852689743042,0.004168474581092596,0.0027358115185052156,0.01948578655719757,32,0.8736262560860024,0.11653432250022888,0.00047493973397649825,0.4960838733492698,False,
362,OCNT-2535292,0,CYP1A2,5.436066627502441,0.0008000885136425495,0.00013494504673872143,0.0036297906190156937,32,0.8551803074670049,0.021895311772823334,0.0006772279739379883,0.5304802374198483,False,
362,OCNT-2535292,1,CYP2C9,5.223265171051025,0.0007186008151620626,0.00042968636262230575,0.0029752457048743963,32,0.8875937722693897,0.020410703495144844,0.001415938138961792,0.6249162516035048,False,
362,OCNT-2535292,2,CYP2D6,4.517698287963867,0.0009913425892591476,0.0001749247167026624,0.0038387011736631393,32,0.6961854098433194,0.022085286676883698,0.0011448273435235023,0.6138900988920192,False,
362,OCNT-2535292,3,CYP3A4,4.973910331726074,0.0006108106463216245,0.0005458482773974538,0.002353241667151451,32,0.7562404737719773,0.014781673438847065,0.0006662769592367113,0.4743614980360542,False,
363,OCNT-2535293,0,CYP1A2,5.01038122177124,0.0021426528692245483,0.001757944468408823,0.008179844357073307,32,0.8466099602003825,0.05804799124598503,0.00026876997435465455,0.5253950290990645,False,
363,OCNT-2535293,1,CYP2C9,4.952778339385986,0.001104818657040596,0.00034678899100981653,0.0049658906646072865,32,0.8463174373346413,0.029921144247055054,0.000936651777010411,0.5660380608875017,False,
363,OCNT-2535293,2,CYP2D6,4.605922698974609,0.0009013401577249169,0.00020309965475462377,0.003239068668335676,32,0.652780123639672,0.018828270956873894,0.0010834182612597942,0.5835511681532997,False,
363,OCNT-2535293,3,CYP3A4,4.669894695281982,0.0011868849396705627,0.0003076196589972824,0.005661230534315109,6,0.9931961237200531,0.007072916720062494,0.0007415865547955036,0.5708631021582017,False,
364,OCNT-2535294,0,CYP1A2,4.668787956237793,0.004338871221989393,0.0033046642784029245,0.015035415068268776,32,0.8384848434155479,0.11641875654459,0.0005269204266369343,0.4912820017279735,False,
364,OCNT-2535294,1,CYP2C9,4.719426155090332,0.0016103187808766961,0.0005161702865734696,0.007131956517696381,32,0.8016429918794581,0.04130908101797104,0.0007080191862769425,0.49618706578977956,False,
364,OCNT-2535294,2,CYP2D6,4.8353071212768555,0.0008446061401627958,0.00019984872778877616,0.003333144588395953,32,0.6179918688917018,0.016702909022569656,0.0016079184133559465,0.5769561319618981,False,
364,OCNT-2535294,3,CYP3A4,4.358189105987549,0.00209419964812696,0.0005295085138641298,0.009638340212404728,32,0.7703926037500859,0.05162763595581055,0.0005727220559492707,0.4860310303543208,False,
365,OCNT-2535296,0,CYP1A2,3.862715005874634,0.00497566070407629,0.0020133950747549534,0.022552236914634705,2,1.001041866776751,0.009961709380149841,0.000311302428599447,0.5626953132005195,False,
365,OCNT-2535296,1,CYP2C9,3.866778612136841,0.0032474317122250795,0.0008204573532566428,0.014900528825819492,32,0.9846369203222292,0.10232163220643997,0.0004089194699190557,0.584636336515155,False,
365,OCNT-2535296,2,CYP2D6,3.9689581394195557,0.0014513653004541993,0.00035996889346279204,0.005854205694049597,32,0.8424089674523163,0.03912485018372536,0.0008957060636021197,0.7023814968154923,False,
365,OCNT-2535296,3,CYP3A4,2.5759572982788086,0.004497563000768423,0.0017482518451288342,0.024309784173965454,2,1.0010016628614957,0.009004156105220318,0.0004335705016274005,0.6638383322632453,False,
366,OCNT-2535297,0,CYP1A2,4.082942485809326,0.004517307039350271,0.003003261052072048,0.01680605858564377,32,0.9032807357251226,0.13057297468185425,0.0005208931397646666,0.524046857916969,False,
366,OCNT-2535297,1,CYP2C9,4.220616817474365,0.00208687293343246,0.0016672449419274926,0.008371266536414623,32,0.9403701497860054,0.0627981573343277,0.0004093105089850724,0.5353882987400053,False,
366,OCNT-2535297,2,CYP2D6,4.651199817657471,0.001256827381439507,0.0002530560886953026,0.004822142887860537,32,0.8239907984742003,0.033139917999506,0.0007463675574399531,0.6122519374402544,False,
366,OCNT-2535297,3,CYP3A4,3.7960336208343506,0.001792839146219194,0.001277859671972692,0.00701146200299263,32,0.9127266867385602,0.052364200353622437,0.0002888350863941014,0.4719012054567213,False,
367,OCNT-2535298,0,CYP1A2,4.820812225341797,0.0021968886721879244,0.0009197949548251927,0.00858523603528738,32,0.8516997572242857,0.059875138103961945,0.0006958986632525921,0.43521250863706523,False,
367,OCNT-2535298,1,CYP2C9,4.585379600524902,0.002869992982596159,0.0005868208245374262,0.011179614812135696,32,0.8430449740254533,0.07742533087730408,0.0003725886344909668,0.46816765196267246,False,
367,OCNT-2535298,2,CYP2D6,4.495255470275879,0.0014365595998242497,0.0002651014074217528,0.005716090090572834,32,0.6443137712006267,0.029619250446558,0.00112242775503546,0.5311371591364002,False,
367,OCNT-2535298,3,CYP3A4,4.2094621658325195,0.0028251211624592543,0.00052825448801741,0.012918606400489807,32,0.6464524547727108,0.05844201520085335,0.0008622642490081489,0.45738737305111504,False,
368,OCNT-2535299,0,CYP1A2,4.423686981201172,0.003829741617664695,0.002081139711663127,0.013487054966390133,32,0.8995266997022199,0.11023884266614914,0.0006258758367039263,0.4377627340923608,False,
368,OCNT-2535299,1,CYP2C9,4.190425872802734,0.003685393836349249,0.0011677129659801722,0.015463948249816895,32,0.9001686776019685,0.1061595231294632,0.0003757585072889924,0.48285765810760567,False,
368,OCNT-2535299,2,CYP2D6,4.6416425704956055,0.0011184578761458397,0.00018762920808512717,0.004211563151329756,32,0.6043884643450969,0.021631650626659393,0.0012953949626535177,0.5332844483173327,False,
368,OCNT-2535299,3,CYP3A4,3.7827184200286865,0.003745894879102707,0.0009818276157602668,0.017215916886925697,32,0.7883199363020974,0.09449508786201477,0.0005219497252255678,0.4955524896637469,False,
369,OCNT-2535300,0,CYP1A2,4.779118537902832,0.003092392347753048,0.0013974258909001946,0.011013689450919628,32,0.8342466060415878,0.08255443722009659,0.0005153065430931747,0.42968712393476094,False,
369,OCNT-2535300,1,CYP2C9,4.669400215148926,0.0022745958995074034,0.0005889192107133567,0.008757494390010834,32,0.7910947720222208,0.05758172273635864,0.0003058188012801111,0.4603120119187977,False,
369,OCNT-2535300,2,CYP2D6,4.692096710205078,0.0010832617990672588,0.00019692664500325918,0.004216844215989113,32,0.6159710827261305,0.021352451294660568,0.0013307802146300673,0.531685921629157,False,
369,OCNT-2535300,3,CYP3A4,4.336325168609619,0.0024147031363099813,0.0002108307380694896,0.01114443875849247,32,0.6603485443543854,0.05102567374706268,0.0010571236489340663,0.4700991927989462,False,
370,OCNT-2535303,0,CYP1A2,4.335747241973877,0.003979707136750221,0.0029541379772126675,0.015044815838336945,32,0.9120985497015093,0.11615661531686783,0.0005620880401693285,0.5132882023561537,False,
370,OCNT-2535303,1,CYP2C9,4.388662338256836,0.0020178083796054125,0.0013895044103264809,0.008454633876681328,32,0.9861724516055383,0.0636773407459259,0.00040896463906392455,0.5559853270328888,False,
370,OCNT-2535303,2,CYP2D6,4.613691806793213,0.0011748014949262142,0.0002135127579094842,0.0043972027488052845,32,0.816058714261415,0.03067888505756855,0.0008878563530743122,0.6355807490874019,False,
370,OCNT-2535303,3,CYP3A4,3.8773908615112305,0.0024052404332906008,0.0023325381334871054,0.010165860876441002,32,0.9375682008706894,0.07216276228427887,0.0002775418106466532,0.550832022104554,False,
371,OCNT-2535304,0,CYP1A2,5.1558003425598145,0.0019763989839702845,0.0011959593975916505,0.006944653578102589,32,0.9168485432179341,0.05798616632819176,0.0006167888641357422,0.49867110775163437,False,
371,OCNT-2535304,1,CYP2C9,5.1531081199646,0.0006286988500505686,0.00020282246987335384,0.002735383342951536,32,0.9532365106683489,0.019177863374352455,0.0016422406770288944,0.6102027882137537,False,
371,OCNT-2535304,2,CYP2D6,4.625643730163574,0.0014149731723591685,0.00026634911773726344,0.005291756242513657,32,0.7997350537196534,0.03621157258749008,0.00030001005507074296,0.5887688031047695,False,
371,OCNT-2535304,3,CYP3A4,4.9144206047058105,0.0005042551783844829,7.74974687374197e-05,0.0022151637822389603,32,0.8240680031872265,0.013297561556100845,0.0008902179542928934,0.573512329930612,False,
372,OCNT-2535306,0,CYP1A2,4.569119930267334,0.0030403754208236933,0.003140102606266737,0.011446582153439522,32,0.879079421961039,0.0855276882648468,0.0006343415006995201,0.5200461764802069,False,
372,OCNT-2535306,1,CYP2C9,4.525369644165039,0.002054179785773158,0.00011914253991562873,0.00886312685906887,32,0.9207106443572622,0.060522060841321945,0.0006722085527144372,0.5716188056584613,False,
372,OCNT-2535306,2,CYP2D6,4.5418243408203125,0.001034808810800314,0.0001710529759293422,0.0044504329562187195,32,0.7658836949165543,0.025361627340316772,0.0012080208398401737,0.5993637879427143,False,
372,OCNT-2535306,3,CYP3A4,4.136722564697266,0.0024738581851124763,0.00038773418054915965,0.011202003806829453,32,0.9812501158223265,0.07767947018146515,0.0004415313305798918,0.6261438427424778,False,
373,OCNT-2535309,0,CYP1A2,4.633688926696777,0.003093529725447297,0.00016194501949939877,0.012931342236697674,32,0.8097220459112584,0.08015703409910202,0.00030434943619184196,0.5301891295468057,False,
373,OCNT-2535309,1,CYP2C9,4.68544864654541,0.0021703452803194523,0.0006987348315306008,0.007820249535143375,32,0.8225992242107432,0.05713064223527908,0.00032781201298348606,0.48554115728923614,False,
373,OCNT-2535309,2,CYP2D6,4.727683067321777,0.0009195359307341278,0.0001657687098486349,0.003571360372006893,32,0.7558763633673072,0.022242017090320587,0.0007422250346280634,0.5666421773518583,False,
373,OCNT-2535309,3,CYP3A4,4.438006401062012,0.002325204899534583,0.0007882170029915869,0.008088248781859875,32,0.8256609167205285,0.061434850096702576,0.0002840992237906903,0.4985279725443598,False,
374,OCNT-2535311,0,CYP1A2,5.485928535461426,0.0005159173160791397,0.00031416380079463124,0.0022447407245635986,32,0.7625026629804904,0.01258867047727108,0.0007883274229243398,0.5200073518508292,False,
374,OCNT-2535311,1,CYP2C9,5.184549331665039,0.001444671768695116,0.0011765477247536182,0.006537606939673424,32,0.9871472623931785,0.045635636895895004,0.0004527315904852003,0.5306089295120162,False,
374,OCNT-2535311,2,CYP2D6,4.395308494567871,0.0008264743373729289,0.0001207953246193938,0.0031632394529879093,32,0.6766614929922692,0.017896004021167755,0.0015778596280142665,0.566570347093964,False,
374,OCNT-2535311,3,CYP3A4,4.790067672729492,0.0021454202942550182,0.0006851977668702602,0.00920860469341278,25,0.9642046584924484,0.05171584710478783,0.00038579016108997166,0.527799138085878,False,
375,OCNT-2535312,0,CYP1A2,5.4856648445129395,0.0005167571944184601,0.0003171729331370443,0.002245703712105751,32,0.7621749255076041,0.012603743933141232,0.0007904533413238823,0.5199109702701268,False,
375,OCNT-2535312,1,CYP2C9,5.183304309844971,0.001440702355466783,0.0011760545894503593,0.006495545618236065,32,0.9862723781039212,0.04546991363167763,0.00045416029752232134,0.5308192155043355,False,
375,OCNT-2535312,2,CYP2D6,4.395305633544922,0.0008265909855253994,0.00012080477608833462,0.0031632210593670607,32,0.6764577713771509,0.017893141135573387,0.001577976974658668,0.5666178617844586,False,
375,OCNT-2535312,3,CYP3A4,4.788495063781738,0.002156119095161557,0.0006924988701939583,0.009227530099451542,25,0.9652134407129823,0.052028119564056396,0.00037068038363941014,0.5245617492953603,False,
376,OCNT-2535313,0,CYP1A2,5.478034019470215,0.0005255868891254067,0.0003297602816019207,0.00233750999905169,32,0.7797934121938211,0.01311542373150587,0.000667316431645304,0.5201037489955067,False,
376,OCNT-2535313,1,CYP2C9,5.164051532745361,0.0014611318474635482,0.0012337801745161414,0.006503686308860779,32,0.9939629338088523,0.04647426679730415,0.00036731993895955384,0.6100721661164239,False,
376,OCNT-2535313,2,CYP2D6,4.409507751464844,0.0009475970873609185,0.0001262550795217976,0.0036561195738613605,32,0.6616211887314439,0.02006262168288231,0.0015250634169206023,0.587587689506017,False,
376,OCNT-2535313,3,CYP3A4,4.768210411071777,0.0021543032489717007,0.0007115044281817973,0.009093701839447021,25,0.9708767899615686,0.052289318293333054,0.00030140261515043676,0.5892711841287805,False,
377,OCNT-2535315,0,CYP1A2,4.1546783447265625,0.006359276361763477,0.0062554762698709965,0.022946221753954887,32,0.9253667337290862,0.18830950558185577,0.0006069161463528872,0.5559070913574905,False,
377,OCNT-2535315,1,CYP2C9,4.257997989654541,0.0038448406849056482,0.0054461536929011345,0.0141889788210392,32,0.9651556197855371,0.11874813586473465,0.0003770824696402997,0.5665946041972653,False,
377,OCNT-2535315,2,CYP2D6,4.676400661468506,0.0010007157688960433,0.0001662518479861319,0.004245559684932232,32,0.7931012733496607,0.025397660210728645,0.000989572610706091,0.5717331989074714,False,
377,OCNT-2535315,3,CYP3A4,3.8925070762634277,0.0032894269097596407,0.0033516453113406897,0.013503054156899452,32,0.9449574864508238,0.09946809709072113,0.00014368240954354405,0.59396407079323,False,
378,OCNT-2535316,0,CYP1A2,4.89726448059082,0.001992857316508889,0.0018294946057721972,0.007504765875637531,32,0.8606846989024469,0.05488737300038338,0.00044531351886689663,0.5037038139141621,False,
378,OCNT-2535316,1,CYP2C9,4.770434379577637,0.0018209696281701326,0.000841704779304564,0.006097749341279268,32,0.9172236951059697,0.05344786122441292,0.00011596625699894503,0.5286401296982944,False,
378,OCNT-2535316,2,CYP2D6,4.761972427368164,0.0009285820997320116,0.00019904074724763632,0.003547890577465296,32,0.7522909605067951,0.022354286164045334,0.0007633684435859323,0.546861879410242,False,
378,OCNT-2535316,3,CYP3A4,4.563447952270508,0.0014847712591290474,0.0009954208508133888,0.005144739057868719,32,0.8693270993089258,0.0413043387234211,0.00013479680637829006,0.48995104018164837,False,
379,OCNT-2535317,0,CYP1A2,4.482664108276367,0.0030565315391868353,0.0010047079995274544,0.013253072276711464,32,0.9352871427486663,0.09147980809211731,0.00010121681407326832,0.5866707433835293,False,
379,OCNT-2535317,1,CYP2C9,4.378296852111816,0.0022646943107247353,0.0007502368534915149,0.010139493271708488,32,0.9335507162592672,0.06765492260456085,0.0001669923512963578,0.5531654240003792,False,
379,OCNT-2535317,2,CYP2D6,4.255539894104004,0.0016903263749554753,0.0005192228127270937,0.007054879795759916,32,0.7586211342641569,0.04103439673781395,0.001004251535050571,0.5843498397253033,False,
379,OCNT-2535317,3,CYP3A4,3.780626058578491,0.003071168903261423,0.0007755088154226542,0.014664467424154282,32,0.911097160219379,0.08954055607318878,0.00017803726950660348,0.603402438298809,False,
380,OCNT-2535318,0,CYP1A2,4.672449111938477,0.0023761317133903503,0.0004303488531149924,0.01062045805156231,32,0.9408285873254517,0.07153734564781189,0.00016553564637433738,0.5975697716509838,False,
380,OCNT-2535318,1,CYP2C9,4.569127559661865,0.0017015697667375207,0.0006546005024574697,0.007495121099054813,32,0.9398438496354773,0.05117501690983772,0.00032174948137253523,0.5399401059926772,False,
380,OCNT-2535318,2,CYP2D6,4.143033027648926,0.0016245305305346847,0.0004974859184585512,0.006655604112893343,32,0.7597032079211199,0.03949339687824249,0.0012195083545520902,0.5740943077545819,False,
380,OCNT-2535318,3,CYP3A4,3.915748357772827,0.0030477915424853563,0.0008022002293728292,0.015355019830167294,32,0.9629892090686716,0.09391999989748001,0.00018051808001473546,0.6188482001724626,False,
381,OCNT-2535319,0,CYP1A2,4.680778503417969,0.002364642918109894,0.00040954328142106533,0.0105337118729949,32,0.9418963434909513,0.07127225399017334,0.00016935575695242733,0.599167776526505,False,
381,OCNT-2535319,1,CYP2C9,4.600244522094727,0.0016049769474193454,0.0006058015860617161,0.006777654401957989,32,0.9282045349995226,0.047672197222709656,0.0003071445389650762,0.5206812017828994,False,
381,OCNT-2535319,2,CYP2D6,4.142368793487549,0.001623316202312708,0.0004966621636413038,0.006649564951658249,32,0.7595169280655201,0.039454199373722076,0.0012226710096001625,0.5734462837047833,False,
381,OCNT-2535319,3,CYP3A4,3.9905385971069336,0.0026104100979864597,0.0010074907913804054,0.0122250160202384,32,0.9210411979120394,0.07693774253129959,0.0001817643642425537,0.5901449575095823,False,
382,OCNT-2535321,0,CYP1A2,5.093723297119141,0.001731467549689114,0.0021749373991042376,0.006164301186800003,32,0.8025166529032755,0.04446526616811752,0.00042381251114420593,0.5463928727735733,False,
382,OCNT-2535321,1,CYP2C9,4.859729766845703,0.0017446456477046013,0.0006170300766825676,0.006475906819105148,2,1.0001995866323075,0.0034900077152997255,0.0006427746848203242,0.615121738449427,False,
382,OCNT-2535321,2,CYP2D6,4.8937811851501465,0.0008384553366340697,6.0018206568202004e-05,0.0029192615766078234,32,0.6069110741215922,0.01628396473824978,0.00015497658750973642,0.4332996043263574,False,
382,OCNT-2535321,3,CYP3A4,4.510746002197266,0.004156370647251606,0.001194110489450395,0.017625395208597183,2,1.0032392229753704,0.008339688181877136,0.00012024785246467218,0.6670444598706945,False,
383,OCNT-2535322,0,CYP1A2,4.0358099937438965,0.0028682155534625053,0.002254054881632328,0.0114959217607975,32,0.8825919646802456,0.08100713044404984,0.0003250530280638486,0.5489769686364054,False,
383,OCNT-2535322,1,CYP2C9,4.224624156951904,0.0015888630878180265,0.0001461539213778451,0.00638005044311285,32,0.8991511546555071,0.045716386288404465,0.00042972058872692287,0.5156066542463169,False,
383,OCNT-2535322,2,CYP2D6,4.796357154846191,0.0012207042891532183,0.00028118022601120174,0.004075708333402872,32,0.6162007242921433,0.024070560932159424,0.0013514675665646791,0.4490293801546311,False,
383,OCNT-2535322,3,CYP3A4,4.00728178024292,0.0018343055853620172,0.0004084013635292649,0.00778396800160408,32,0.9261516989378611,0.05436334386467934,0.0007505434914492071,0.5329520722696822,False,
384,OCNT-2535328,0,CYP1A2,5.349463939666748,0.0010632324265316129,0.0004119539225939661,0.0057173827663064,32,0.9867043175764479,0.03357138857245445,0.0016652679769322276,0.6360175188791268,False,
384,OCNT-2535328,1,CYP2C9,4.950563430786133,0.0006311999750323594,0.00027070636861026287,0.0031335146632045507,32,0.9777734720231663,0.019749771803617477,0.002714297967031598,0.7451607630592356,True,spectral
384,OCNT-2535328,2,CYP2D6,4.273983478546143,0.0011151173384860158,0.00019494893786031753,0.004464433994144201,32,0.6625242230202042,0.023641563951969147,0.0009103968041017652,0.5514489011856554,False,
384,OCNT-2535328,3,CYP3A4,4.568706512451172,0.0011563055450096726,0.00040987422107718885,0.004642334301024675,2,1.0007340520784145,0.00231432868167758,0.0010577793000265956,0.5736261980540915,False,
385,OCNT-2535329,0,CYP1A2,5.1102294921875,0.0010631406912580132,6.480151205323637e-05,0.0046907030045986176,32,0.7624341781911658,0.02593863755464554,0.00037914785207249224,0.5206674787993778,False,
385,OCNT-2535329,1,CYP2C9,4.818317890167236,0.0016748526832088828,0.0015708451392129064,0.007121478673070669,32,0.9369381132197859,0.050215765833854675,0.0003730979806277901,0.584784099441064,False,
385,OCNT-2535329,2,CYP2D6,4.541088104248047,0.001007336308248341,0.00018580725009087473,0.0039046532474458218,32,0.758703858420913,0.02445688098669052,0.0013156424975022674,0.6182045957344622,False,
385,OCNT-2535329,3,CYP3A4,4.357568740844727,0.0023879080545157194,0.0008920069085434079,0.009519637562334538,32,0.9352880253928936,0.07146851718425751,0.00031024578493088484,0.519233823792228,False,
386,OCNT-2535330,0,CYP1A2,5.577373504638672,0.00044019377673976123,0.00027088599745184183,0.0019194504711776972,32,0.8111989099183321,0.011426970362663269,0.0004963811370544136,0.5226850519265438,False,
386,OCNT-2535330,1,CYP2C9,5.27851676940918,0.0011973882792517543,0.000915322860237211,0.00505549181252718,32,0.964077946560525,0.036940328776836395,0.00027396553196012974,0.6357619593724804,False,
386,OCNT-2535330,2,CYP2D6,4.496134281158447,0.000803754897788167,9.362711716676131e-05,0.0030172807164490223,32,0.6123372984490576,0.015749607235193253,0.0015745569253340364,0.5452318528450418,False,
386,OCNT-2535330,3,CYP3A4,4.977108955383301,0.0017007379792630672,0.0005790049326606095,0.007013631984591484,24,0.9694316993650254,0.039570216089487076,0.0002061056438833475,0.5956016988480266,False,
387,OCNT-2535331,0,CYP1A2,5.076590538024902,0.001214268384501338,0.00039823155384510756,0.005520065780729055,32,0.8680715772227013,0.03373057767748833,0.0003451072843745351,0.5377392778089707,False,
387,OCNT-2535331,1,CYP2C9,4.717401504516602,0.002473005559295416,0.0018341391114518046,0.011201133951544762,32,0.9874114121408313,0.07814028114080429,0.0003506974608171731,0.5975107607125159,False,
387,OCNT-2535331,2,CYP2D6,4.402641296386719,0.0011379593051970005,0.0002066839806502685,0.004441958852112293,32,0.7539259083336303,0.027454225346446037,0.0013136692577973008,0.6201061716619698,False,
387,OCNT-2535331,3,CYP3A4,4.202903747558594,0.0034256454091519117,0.0026572435162961483,0.013682812452316284,32,0.9001678673424273,0.09867727756500244,0.00027405403670854867,0.5272486430041962,False,
388,OCNT-2535333,0,CYP1A2,4.799489498138428,0.002180646173655987,0.0013704729499295354,0.009578212164342403,32,0.8671850547679091,0.06051303818821907,0.0004412576963659376,0.5254683739462718,False,
388,OCNT-2535333,1,CYP2C9,4.804728031158447,0.001359440153464675,0.00027171269175596535,0.00622815266251564,32,0.8321429120258892,0.03620021790266037,0.000939783698413521,0.5671659405232798,False,
388,OCNT-2535333,2,CYP2D6,4.36422061920166,0.0011712881969287992,0.00016715808305889368,0.004843859933316708,32,0.7346812015205338,0.027536984533071518,0.0008594890241511166,0.546447336978683,False,
388,OCNT-2535333,3,CYP3A4,4.349318504333496,0.0013931746361777186,0.00035934362676925957,0.006526378449052572,32,0.8216605813145575,0.03663119673728943,0.0004279496206436306,0.5413055427417892,False,
389,OCNT-2535334,0,CYP1A2,5.298032283782959,0.0007026286330074072,0.00013300214777700603,0.00276416027918458,32,0.6876665229448575,0.015461794100701809,0.0004319304716773331,0.44374775314994575,False,
389,OCNT-2535334,1,CYP2C9,5.0735368728637695,0.001277573173865676,0.0009712156024761498,0.0052782148122787476,9,0.9924755179668189,0.011411730200052261,0.0003341770498082042,0.5669042823082864,False,
389,OCNT-2535334,2,CYP2D6,4.5183563232421875,0.0013831865508109331,0.0001802611368475482,0.005565596744418144,32,0.7966775159801167,0.03526277095079422,0.0003304373240098357,0.5458972762503173,False,
389,OCNT-2535334,3,CYP3A4,4.632486343383789,0.0026722175534814596,0.0012961822794750333,0.009998257271945477,32,0.9673942047085018,0.08272311836481094,9.279901132686064e-05,0.5829857084050531,False,
390,OCNT-2535335,0,CYP1A2,5.208500862121582,0.0007288356428034604,0.00013880089682061225,0.002901429310441017,32,0.683856774491783,0.015949632972478867,0.0005355513421818614,0.42782624542892644,False,
390,OCNT-2535335,1,CYP2C9,4.962702751159668,0.0013977927155792713,0.0010138299548998475,0.005813076160848141,14,0.9806916356692527,0.01919138804078102,0.0003265422419644892,0.5051297583201559,False,
390,OCNT-2535335,2,CYP2D6,4.42447566986084,0.0008840883383527398,0.00015159850590862334,0.0035194079391658306,32,0.6715703888163524,0.0189994964748621,0.001205742359161377,0.511155455664772,False,
390,OCNT-2535335,3,CYP3A4,4.487668991088867,0.0028896054718643427,0.001368532539345324,0.010878099128603935,32,0.9608031073856599,0.08884324878454208,0.00014998063852544874,0.46548273489795333,False,
391,OCNT-2535336,0,CYP1A2,5.1982011795043945,0.0008351597934961319,0.0001389535900671035,0.0032239165157079697,32,0.6716015195312766,0.01794884167611599,0.0003854578244499862,0.44566196409296976,False,
391,OCNT-2535336,1,CYP2C9,4.949031352996826,0.001343944575637579,0.0010131346061825752,0.005485154688358307,11,0.987279456761726,0.014595446176826954,0.000326744542689994,0.5685832673947037,False,
391,OCNT-2535336,2,CYP2D6,4.4879302978515625,0.001030105515383184,0.00017713753913994879,0.004161187447607517,32,0.6664316283127676,0.021968049928545952,0.0009818257531151175,0.5357018667663647,False,
391,OCNT-2535336,3,CYP3A4,4.476378440856934,0.0028027361258864403,0.0013534860918298364,0.010457386262714863,32,0.9637924318705006,0.08644049614667892,9.02188548934646e-05,0.5774827858516505,False,
392,OCNT-2535337,0,CYP1A2,5.187536239624023,0.0007679667323827744,0.00014514304348267615,0.0030197068117558956,32,0.6870428808137297,0.016884254291653633,0.000430960557423532,0.4436845460930886,False,
392,OCNT-2535337,1,CYP2C9,4.932125568389893,0.0013884215150028467,0.0010590202873572707,0.005690102465450764,9,0.9913074592471058,0.012387262657284737,0.00033414814970456064,0.5688435374281402,False,
392,OCNT-2535337,2,CYP2D6,4.438626289367676,0.0010016669984906912,0.0001581519900355488,0.004030326381325722,32,0.6624799306723477,0.02123490907251835,0.0011874663177877665,0.5381931949003886,False,
392,OCNT-2535337,3,CYP3A4,4.451632976531982,0.002930714748799801,0.0014129095943644643,0.010944606736302376,32,0.9648007441552762,0.09048209339380264,9.187695104628801e-05,0.5789635637182495,False,
393,OCNT-2535338,0,CYP1A2,5.208346366882324,0.0007277114200405777,0.00013879479956813157,0.002895222045481205,32,0.6835877817272838,0.01591876707971096,0.0005375029286369681,0.42770871189166854,False,
393,OCNT-2535338,1,CYP2C9,4.961191177368164,0.0013931832509115338,0.001013749628327787,0.0057796211913228035,14,0.9811974533724466,0.019137967377901077,0.00032576918601989746,0.5050142765762277,False,
393,OCNT-2535338,2,CYP2D6,4.424466133117676,0.0008839699439704418,0.00015147743397392333,0.0035198128316551447,32,0.6717060983270791,0.019000791013240814,0.0012056438717991114,0.5111609543071578,False,
393,OCNT-2535338,3,CYP3A4,4.484805107116699,0.0029126666486263275,0.001393988262861967,0.010937729850411415,32,0.9620242518009074,0.08966609835624695,0.0001457234175177291,0.465043256608381,False,
394,OCNT-2535339,0,CYP1A2,5.4780378341674805,0.0005256306612864137,0.0003298704687040299,0.0023376792669296265,32,0.7798259793141077,0.013117063790559769,0.0006673308671452105,0.5201025644800621,False,
394,OCNT-2535339,1,CYP2C9,5.164172172546387,0.00146107270848006,0.0012341546826064587,0.006503845099359751,32,0.9939310575102329,0.046470895409584045,0.00036740483483299613,0.6099838909178437,False,
394,OCNT-2535339,2,CYP2D6,4.4095072746276855,0.0009475862025283277,0.00012627629621420056,0.003656093031167984,32,0.6616321056700509,0.020062722265720367,0.0015250841388478875,0.5875836030061052,False,
394,OCNT-2535339,3,CYP3A4,4.768339157104492,0.002153805922716856,0.0007113518076948822,0.009091886691749096,25,0.970910988163331,0.05227908864617348,0.00030158323352225125,0.5892238044353957,False,
395,OCNT-2535340,0,CYP1A2,5.477509498596191,0.0006347193266265094,0.0003143348731100559,0.002601465443149209,32,0.7562354059758959,0.015360153280198574,0.0005404045805335045,0.5162399507618051,False,
395,OCNT-2535340,1,CYP2C9,5.173175811767578,0.0014074888313189149,0.00117589277215302,0.006240557413548231,32,0.9888027887697488,0.04453564062714577,0.00037831609370186925,0.6085430660031546,False,
395,OCNT-2535340,2,CYP2D6,4.463957786560059,0.0009550732211209834,0.00012254696048330516,0.0037844148464500904,32,0.6580743068773048,0.020112503319978714,0.0013573215110227466,0.5934506550308747,False,
395,OCNT-2535340,3,CYP3A4,4.783672332763672,0.0020473410841077566,0.0006774788489565253,0.008633860386908054,25,0.9694216451455371,0.049618661403656006,0.0003035131667274982,0.5896111165663191,False,
396,OCNT-2535341,0,CYP1A2,5.452398300170898,0.0008097502286545932,0.00027534656692296267,0.002869895426556468,32,0.6192411804312813,0.016045980155467987,0.00041432451689615846,0.48921360808354275,False,
396,OCNT-2535341,1,CYP2C9,5.170183181762695,0.001260260003618896,0.0010290101636201143,0.005512099713087082,32,0.9728472419610084,0.039233606308698654,0.00040656328201293945,0.6065796383000926,False,
396,OCNT-2535341,2,CYP2D6,4.603301525115967,0.0007599758100695908,0.00019170665473211557,0.0028439851012080908,32,0.5744596038299981,0.013970596715807915,0.0030209196265786886,0.593948712748796,False,
396,OCNT-2535341,3,CYP3A4,4.820281982421875,0.0018048027995973825,0.0005927524762228131,0.007579728029668331,25,0.9644237570890536,0.04351510852575302,0.0003042230091523379,0.5885770600404745,False,
397,OCNT-2535342,0,CYP1A2,4.44928503036499,0.0030255874153226614,0.00016081427747849375,0.012452000752091408,32,0.8033313556585981,0.07777783274650574,0.00033384832204319537,0.522916946165026,False,
397,OCNT-2535342,1,CYP2C9,4.357594966888428,0.0027949782088398933,0.0015224794624373317,0.011331390589475632,32,0.8748687911764859,0.07824793457984924,0.0002969801425933838,0.5095917348238012,False,
397,OCNT-2535342,2,CYP2D6,4.6852216720581055,0.0009590934496372938,0.00014745171938557178,0.003820061217993498,32,0.7444478764363076,0.022848080843687057,0.0007731011137366295,0.5349515571303224,False,
397,OCNT-2535342,3,CYP3A4,4.016059875488281,0.0031816381961107254,0.0011814868776127696,0.012584968470036983,32,0.852964952107998,0.08684270083904266,0.0001902869262266904,0.49020540092800347,False,
398,OCNT-2535344,0,CYP1A2,4.291453838348389,0.004238159861415625,0.0026285548228770494,0.015257111750543118,32,0.8518814792774295,0.11553338915109634,0.0002934806398116052,0.5331147736643131,False,
398,OCNT-2535344,1,CYP2C9,4.26934814453125,0.002828868804499507,0.001416198443621397,0.01187242940068245,32,0.9160865991050762,0.08292793482542038,0.00020869392028544098,0.5861874419447594,False,
398,OCNT-2535344,2,CYP2D6,4.912917137145996,0.0005488134920597076,0.0002181914314860478,0.0018495942931622267,32,0.6476672571727373,0.011374560184776783,0.0018903495511040092,0.6568375741043784,False,
398,OCNT-2535344,3,CYP3A4,4.014101982116699,0.0029501072131097317,0.001008971012197435,0.012251808308064938,32,0.9277237989071595,0.087580606341362,0.000206359414733015,0.6015034085511082,False,
399,OCNT-2535346,0,CYP1A2,3.47235369682312,0.007688341662287712,0.004363606683909893,0.02845749631524086,32,0.9285550617235369,0.22844985127449036,0.00035890305298380554,0.5702407084133472,False,
399,OCNT-2535346,1,CYP2C9,3.6362788677215576,0.00532821100205183,0.0026555247604846954,0.019699111580848694,32,0.9461617659094896,0.16132348775863647,0.00015919045836199075,0.6227175850742389,False,
399,OCNT-2535346,2,CYP2D6,5.024683952331543,0.0006865793839097023,0.00013348953507374972,0.002681656973436475,32,0.8236813180376145,0.018096987158060074,0.000925052328966558,0.5908479248644807,False,
399,OCNT-2535346,3,CYP3A4,3.3844892978668213,0.005457648076117039,0.003300668206065893,0.020901625975966454,32,0.952697480759934,0.16638390719890594,4.916570469504222e-05,0.5683964497756312,False,
400,OCNT-2535348,0,CYP1A2,4.276983261108398,0.0040675560012459755,0.0023013176396489143,0.01500028558075428,32,0.8502736963679959,0.11067342013120651,0.00033557595452293754,0.5317495061479234,False,
400,OCNT-2535348,1,CYP2C9,4.255975723266602,0.003158565843477845,0.0007323871250264347,0.012177523225545883,32,0.8906149828336778,0.09001839905977249,0.00023707927903160453,0.6088972703325398,False,
400,OCNT-2535348,2,CYP2D6,4.710321426391602,0.0009840193670243025,8.463505218969658e-05,0.004045940935611725,32,0.7093959350738477,0.022338125854730606,0.0011205637129023671,0.5422751106366115,False,
400,OCNT-2535348,3,CYP3A4,3.9148683547973633,0.0035956171341240406,0.0010521493386477232,0.014739693142473698,32,0.918593231128261,0.10569339990615845,0.00017053159535862505,0.6062688209694356,False,
401,OCNT-2535351,0,CYP1A2,5.005534648895264,0.0016988686984404922,0.0004968621651642025,0.006894489284604788,32,0.8660479348216275,0.04708193242549896,0.0005215785931795835,0.6045913909665459,False,
401,OCNT-2535351,1,CYP2C9,4.794617652893066,0.0014171124203130603,0.0009373118518851697,0.0060557229444384575,32,0.8356637867752095,0.03789561241865158,0.00020913554180879146,0.5889645285558605,False,
401,OCNT-2535351,2,CYP2D6,4.658363342285156,0.0009398709516972303,0.0002238489396404475,0.0038339204620569944,32,0.6937071865373721,0.02086406946182251,0.000932937313336879,0.5660531004028743,False,
401,OCNT-2535351,3,CYP3A4,4.492874622344971,0.0019597774371504784,0.0010391920804977417,0.007985579781234264,32,0.9028276363162343,0.05661920830607414,0.00010646292503224686,0.5174575085825641,False,
402,OCNT-2535352,0,CYP1A2,3.8573074340820312,0.006659619510173798,0.0059671360068023205,0.023674383759498596,32,0.8957592449336996,0.19089359045028687,0.0004909436102025211,0.5574997942814197,False,
402,OCNT-2535352,1,CYP2C9,3.8322315216064453,0.0036666926462203264,0.0031950329430401325,0.014364447444677353,32,0.8753386410612962,0.1027074083685875,0.00018432014621794224,0.5332047325943703,False,
402,OCNT-2535352,2,CYP2D6,4.942545413970947,0.0005759433261118829,0.0002746853278949857,0.0020363256335258484,32,0.7048020705295909,0.012989859096705914,0.0017986821476370096,0.6703269858926791,False,
402,OCNT-2535352,3,CYP3A4,3.5717873573303223,0.003246295265853405,0.002643958665430546,0.013033507391810417,32,0.9002867826030879,0.09352338314056396,0.00017555916565470397,0.5605689177320824,False,
403,OCNT-2535353,0,CYP1A2,4.778628826141357,0.002506728982552886,0.0018706874689087272,0.00964672863483429,32,0.8685316399086922,0.06966982781887054,0.000443829718278721,0.5779581759381158,False,
403,OCNT-2535353,1,CYP2C9,4.725763320922852,0.0010747172636911273,0.00042427191510796547,0.005134390201419592,32,0.9229516392998326,0.03174148127436638,0.0007753020036034286,0.5632926639559245,False,
403,OCNT-2535353,2,CYP2D6,4.415236949920654,0.0014431590680032969,0.00019438544404692948,0.005464379210025072,32,0.7725116722538764,0.03567567840218544,0.0006393988733179867,0.5870324594826685,False,
403,OCNT-2535353,3,CYP3A4,4.18649435043335,0.0018373028142377734,0.0013193362392485142,0.008114242926239967,32,0.9209945797651562,0.05414896458387375,0.0003275139897596091,0.6009091700444418,False,
404,OCNT-2535354,0,CYP1A2,4.469882965087891,0.0030154648702591658,0.00018878807895816863,0.012916648760437965,32,0.8837643106122738,0.08527901023626328,0.0004240843409206718,0.5338331048772608,False,
404,OCNT-2535354,1,CYP2C9,4.60240364074707,0.0022882195189595222,0.0008505820296704769,0.009360679425299168,32,0.8582147693220037,0.06284135580062866,0.00021978399308864027,0.5280622610847563,False,
404,OCNT-2535354,2,CYP2D6,4.484572410583496,0.0011646285420283675,0.00018841099517885596,0.004655948840081692,32,0.8131714969878087,0.03030562773346901,0.00030243577202782035,0.5365624228219221,False,
404,OCNT-2535354,3,CYP3A4,4.278850555419922,0.0026394680608063936,0.0012103607878088951,0.010444632731378078,32,0.880724447987368,0.07438889145851135,0.0002847322903107852,0.4997838758690324,False,
405,OCNT-2535355,0,CYP1A2,4.7479095458984375,0.002803763607516885,0.0023524384014308453,0.010519636794924736,32,0.9796514208385766,0.08789506554603577,0.0007559666410088539,0.5298019520151886,False,
405,OCNT-2535355,1,CYP2C9,4.631169319152832,0.0018138197483494878,0.0022335429675877094,0.008268876932561398,8,0.9969417315090218,0.014466260559856892,0.0006225524703040719,0.5758582529406346,False,
405,OCNT-2535355,2,CYP2D6,4.547968864440918,0.001200864207930863,0.00010990186274284497,0.00451196264475584,32,0.7206251074272958,0.027692163363099098,0.0007939456263557076,0.6357959026721673,False,
405,OCNT-2535355,3,CYP3A4,4.220277786254883,0.0026392843574285507,0.001702953944914043,0.011130349710583687,32,0.9570602890153167,0.08083084225654602,0.0001255743409274146,0.5764212119082808,False,
406,OCNT-2535356,0,CYP1A2,4.137798309326172,0.0054359640926122665,0.0053481291979551315,0.02019049972295761,32,0.968084962204924,0.16839951276779175,0.0006211544387042522,0.5531611489772916,False,
406,OCNT-2535356,1,CYP2C9,3.974297523498535,0.00414312956854701,0.002320672618225217,0.01732666976749897,2,1.0001878682932435,0.008287835866212845,0.00024977416615001857,0.5423885355318402,False,
406,OCNT-2535356,2,CYP2D6,4.69173526763916,0.0007644038996659219,0.0003956507716793567,0.002906680339947343,32,0.7645894880368531,0.018702810630202293,0.001771456329151988,0.5969831001295449,False,
406,OCNT-2535356,3,CYP3A4,3.648671865463257,0.004309443291276693,0.0034348575863987207,0.018086813390254974,32,0.9630001407677582,0.1328001320362091,0.00014141382416710258,0.5834496722987732,False,
407,OCNT-2535357,0,CYP1A2,3.275099277496338,0.0077615221962332726,0.00584705313667655,0.030206803232431412,9,0.9945114060392264,0.06947039067745209,0.0003682456153910607,0.6003707389362561,True,persistent
407,OCNT-2535357,1,CYP2C9,3.286207914352417,0.00494843814522028,0.00277340947650373,0.019923044368624687,32,0.9557901354573374,0.15134969353675842,0.00021373321942519397,0.5339463627072518,False,
407,OCNT-2535357,2,CYP2D6,4.908557891845703,0.00080932053970173,0.0007043943624012172,0.003012726316228509,32,0.7559708177370016,0.019578568637371063,0.001753252581693232,0.6026794149374416,False,
407,OCNT-2535357,3,CYP3A4,3.0434720516204834,0.0047216517850756645,0.003427984192967415,0.01831129565834999,32,0.9155535967774316,0.13833390176296234,7.59263857617043e-05,0.5690842032003787,False,
408,OCNT-2535358,0,CYP1A2,3.7492940425872803,0.006645144894719124,0.0063581326976418495,0.02477932721376419,32,0.9644239933423062,0.20507989823818207,0.0005878760712221265,0.561011212611942,False,
408,OCNT-2535358,1,CYP2C9,3.5424041748046875,0.005211709067225456,0.0032413748558610678,0.022181978449225426,32,0.9948095021496144,0.16590936481952667,0.00022999716748017818,0.5427890731282938,False,
408,OCNT-2535358,2,CYP2D6,4.747746467590332,0.0008451167377643287,0.0004393831768538803,0.003397285472601652,32,0.793714278496911,0.021465253084897995,0.001351823448203504,0.5809417963184758,False,
408,OCNT-2535358,3,CYP3A4,3.2688632011413574,0.004935141187161207,0.003841876517981291,0.019247405230998993,32,0.9366469558709889,0.14791981875896454,0.00012687119306065142,0.5701437257266704,False,
409,OCNT-2535360,0,CYP1A2,5.135349273681641,0.0017024443950504065,0.0008287896052934229,0.006462964229285717,32,0.8538293895763348,0.04651537910103798,0.00034018990118056536,0.5136706568068267,False,
409,OCNT-2535360,1,CYP2C9,4.900001525878906,0.0011510654585435987,0.00044512737076729536,0.005388519261032343,32,0.9349260886120538,0.034437455236911774,0.00047124785487540066,0.557115303851546,False,
409,OCNT-2535360,2,CYP2D6,4.533797264099121,0.0013106443220749497,0.0002091680798912421,0.00539186829701066,32,0.754786884320279,0.03165647014975548,0.0003584650403354317,0.6253320002345584,False,
409,OCNT-2535360,3,CYP3A4,4.429051876068115,0.0025633866898715496,0.0011040972312912345,0.010040879249572754,32,0.9551109723710044,0.07834650576114655,0.00010192213812842965,0.5257347436066339,False,
410,OCNT-2535361,0,CYP1A2,5.116880416870117,0.0015432934742420912,0.0008026730502024293,0.005901515483856201,32,0.822620056399416,0.0406256765127182,0.0002680863253772259,0.5067007520388358,False,
410,OCNT-2535361,1,CYP2C9,4.897371292114258,0.001206372631713748,0.00046187156112864614,0.005324451718479395,32,0.8131879769584948,0.03139250725507736,0.0007562023238278925,0.5624127457180986,False,
410,OCNT-2535361,2,CYP2D6,4.516692161560059,0.0013278337428346276,0.0002116162795573473,0.005442517809569836,32,0.7563692132678626,0.0321388840675354,0.00034686291473917663,0.6108370587584091,False,
410,OCNT-2535361,3,CYP3A4,4.421590328216553,0.0023197524715214968,0.0012240122305229306,0.009423406794667244,32,0.902215374077297,0.06697361171245575,7.423938950523734e-05,0.549736320511588,False,
411,OCNT-2535362,0,CYP1A2,5.127241134643555,0.0017637612763792276,0.0009030993678607047,0.006818781141191721,32,0.8569020721347617,0.04836413636803627,0.0003403605951461941,0.520816893941572,False,
411,OCNT-2535362,1,CYP2C9,4.881654262542725,0.0012146136723458767,0.0004515294567681849,0.005590707063674927,32,0.9319460085163986,0.03622283786535263,0.0004254146188031882,0.5673304158018636,False,
411,OCNT-2535362,2,CYP2D6,4.533442497253418,0.0013105152174830437,0.00020939567184541374,0.005406148266047239,32,0.7566588260978494,0.03173185512423515,0.00035714652040041983,0.6256990072438242,False,
411,OCNT-2535362,3,CYP3A4,4.458474636077881,0.0021311971358954906,0.0008870784658938646,0.00851869024336338,32,0.8785851635655558,0.05991830304265022,6.105141073931009e-05,0.5053326284756443,False,
412,OCNT-2535363,0,CYP1A2,4.166587829589844,0.004500692244619131,0.0028044648934155703,0.01876436360180378,32,0.9447438922426242,0.136064350605011,0.0003405412135180086,0.5609718374868631,False,
412,OCNT-2535363,1,CYP2C9,4.285235404968262,0.0030105861369520426,0.0025753360241651535,0.013808328658342361,32,0.9089479937487422,0.08756721019744873,0.0001511555747129023,0.5712298688237776,False,
412,OCNT-2535363,2,CYP2D6,4.426087379455566,0.001248393440619111,0.00020823448721785098,0.005299151875078678,32,0.7805650527622786,0.031182723119854927,0.0004109568544663489,0.6277446708129549,False,
412,OCNT-2535363,3,CYP3A4,3.8802762031555176,0.0029573915526270866,0.001998662017285824,0.012533245608210564,32,0.923013750451608,0.08735111355781555,0.0001221317215822637,0.5776729623911753,False,
413,OCNT-2535364,0,CYP1A2,4.986993789672852,0.0018362009432166815,0.0009573251008987427,0.007702793926000595,32,0.9386138287082777,0.05515177547931671,0.00014943245332688093,0.5604143440458038,False,
413,OCNT-2535364,1,CYP2C9,4.611161231994629,0.0032749827951192856,0.0013440224574878812,0.014679811894893646,32,0.955314692675186,0.10011675953865051,0.00030210072873160243,0.6012851728745823,False,
413,OCNT-2535364,2,CYP2D6,4.574881553649902,0.0013510204153135419,0.00020676752319559455,0.005552602931857109,32,0.7392123792803956,0.03195834904909134,0.00040573603473603725,0.5813820084099572,False,
413,OCNT-2535364,3,CYP3A4,4.273401737213135,0.0031543169170618057,0.0032029515132308006,0.012773465365171432,32,0.8641241137345294,0.0872233584523201,0.000156256282934919,0.5519117921694214,False,
414,OCNT-2535365,0,CYP1A2,4.178636074066162,0.0032393443398177624,0.00041694665560498834,0.013036869466304779,32,0.7763473995914494,0.08047565817832947,0.000239347864408046,0.5551488500099906,False,
414,OCNT-2535365,1,CYP2C9,4.097306251525879,0.002637916710227728,0.0009047389030456543,0.010602644644677639,32,0.9055985008728825,0.07644487917423248,0.000263282738160342,0.5034068718992892,False,
414,OCNT-2535365,2,CYP2D6,4.506852149963379,0.0013329474022611976,0.0004895849851891398,0.004910959862172604,32,0.7758173702352742,0.033092208206653595,0.0003545103536453098,0.5400900954059202,False,
414,OCNT-2535365,3,CYP3A4,3.7622811794281006,0.002879251493141055,0.0011522325221449137,0.010637015104293823,32,0.8949194680524275,0.0824546292424202,0.00023018682259134948,0.49841956883272254,False,
415,OCNT-2535366,0,CYP1A2,4.512656211853027,0.002523881383240223,0.0006212659063749015,0.01043508481234312,32,0.9266574096177331,0.07484104484319687,0.00021576881408691406,0.5534466168883736,False,
415,OCNT-2535366,1,CYP2C9,4.477032661437988,0.0017552390927448869,0.0006447008927352726,0.007867238484323025,32,0.8544272887868555,0.047991447150707245,0.0003467897477094084,0.5138454031070918,False,
415,OCNT-2535366,2,CYP2D6,4.507450103759766,0.0012436540564522147,0.00015477125998586416,0.0048340363427996635,32,0.7202712360195536,0.028664814308285713,0.0012791211484000087,0.5492571441161457,False,
415,OCNT-2535366,3,CYP3A4,4.083531379699707,0.0018465390894562006,0.000994544941931963,0.007263565436005592,32,0.8211376158732469,0.04852066934108734,0.00013530344585888088,0.4567007166837823,False,
416,OCNT-2535367,0,CYP1A2,5.324868202209473,0.0006709031295031309,0.0003430125943850726,0.00283743254840374,32,0.7498470572218364,0.0160986315459013,0.0004970973241142929,0.5136129911079967,False,
416,OCNT-2535367,1,CYP2C9,5.0927734375,0.0010006717639043927,0.00024874965311028063,0.005153107922524214,2,1.0004483706850493,0.0020022608805447817,0.000513225793838501,0.5924739469819449,False,
416,OCNT-2535367,2,CYP2D6,4.398067474365234,0.001119044842198491,6.888362986501306e-05,0.004629093687981367,32,0.6644129321486815,0.023792464286088943,0.0013596578501164913,0.5576261806276039,False,
416,OCNT-2535367,3,CYP3A4,4.659048080444336,0.002231759484857321,0.0009071510285139084,0.00909997895359993,2,1.0016199728407729,0.00447076978161931,0.00011241165339015424,0.6102704393686504,False,
417,OCNT-2535368,0,CYP1A2,5.1595139503479,0.0008299447945319116,0.00011254657874815166,0.004098840523511171,32,0.8033094723898492,0.021334737539291382,0.00043752157944254577,0.5276279358527202,False,
417,OCNT-2535368,1,CYP2C9,4.926651954650879,0.0007026299717836082,0.00036323818494565785,0.0030253769364207983,32,0.8563036173083881,0.01925354078412056,0.001070234808139503,0.5094446001359051,False,
417,OCNT-2535368,2,CYP2D6,4.269070625305176,0.0014644082402810454,0.00029037107015028596,0.005280591547489166,32,0.799409383277869,0.037461429834365845,0.0009135495638474822,0.6626417338494407,False,
417,OCNT-2535368,3,CYP3A4,4.512660980224609,0.0007019185577519238,0.0004694302915595472,0.002689784625545144,32,0.6899187206417382,0.015496756881475449,0.0005847513675689697,0.504039354435143,False,
418,OCNT-2535370,0,CYP1A2,3.571967124938965,0.006508378311991692,0.006474298425018787,0.024548765271902084,32,0.9784963983429095,0.20378990471363068,0.0006504149059765041,0.5502401908420342,False,
418,OCNT-2535370,1,CYP2C9,3.0942301750183105,0.006259575020521879,0.004037070088088512,0.027336306869983673,2,1.0004146985072115,0.012524361722171307,0.0002072570932796225,0.5673909211510678,False,
418,OCNT-2535370,2,CYP2D6,4.673948287963867,0.0008699900354258716,0.0004197093949187547,0.0035908145364373922,32,0.7679590631963501,0.021379981189966202,0.001229247311130166,0.6028754193521975,False,
418,OCNT-2535370,3,CYP3A4,2.8656005859375,0.005712086800485849,0.004789103288203478,0.021628601476550102,32,0.945659220856064,0.17285430431365967,0.00021957900025881827,0.5005812143438106,False,
419,OCNT-2535371,0,CYP1A2,4.774294853210449,0.0009267593850381672,0.0001508516725152731,0.0037354978267103434,32,0.7286582488050706,0.021609541028738022,0.0003105600771959871,0.5025907891934129,False,
419,OCNT-2535371,1,CYP2C9,4.611863136291504,0.0013090012362226844,0.0009471955127082765,0.005543111823499203,32,0.9754772296331422,0.04086114093661308,0.00032880090293474495,0.5352954340732222,False,
419,OCNT-2535371,2,CYP2D6,4.208630084991455,0.001446436857804656,0.0002911314368247986,0.005871188826858997,32,0.7580735624013228,0.035088419914245605,0.0009935471462085843,0.5786430808841123,False,
419,OCNT-2535371,3,CYP3A4,4.0655646324157715,0.0027373170014470816,0.0012662042863667011,0.011087043210864067,32,0.9522769552354508,0.08341418951749802,9.458986460231245e-05,0.5263154033311459,False,
420,OCNT-2535372,0,CYP1A2,5.227419853210449,0.0006984386127442122,0.0001330336817773059,0.0027900375425815582,32,0.6750858666487567,0.015088409185409546,0.0006800068076699972,0.42099887506343975,False,
420,OCNT-2535372,1,CYP2C9,4.988865852355957,0.0014300557086244226,0.0009722164832055569,0.0059064412489533424,32,0.9480116399732013,0.04338300600647926,0.00040657410863786936,0.48730023326785077,False,
420,OCNT-2535372,2,CYP2D6,4.411502838134766,0.0008307021926157176,0.0001454885205021128,0.003331664949655533,32,0.6592998165313657,0.01752602867782116,0.001280367374420166,0.5171760321739765,False,
420,OCNT-2535372,3,CYP3A4,4.51763391494751,0.002918414305895567,0.0013537538470700383,0.011216869577765465,32,0.9456812842463459,0.08831677585840225,0.00027868873439729214,0.43827079088428444,False,
421,OCNT-2535373,0,CYP1A2,5.253292083740234,0.0007980751106515527,0.0001331656676484272,0.0030807056464254856,32,0.6714112375452582,0.017146985977888107,0.00038813462015241385,0.4456021372788444,False,
421,OCNT-2535373,1,CYP2C9,5.019225120544434,0.0012889199424535036,0.0009711060556583107,0.005281397141516209,11,0.9881404536749735,0.014010081999003887,0.0003282508987467736,0.5677760879482046,False,
421,OCNT-2535373,2,CYP2D6,4.52592658996582,0.001208633417263627,0.0001883314544102177,0.0049180565401911736,32,0.7375459609435149,0.028525762259960175,0.0004736907430924475,0.5418063525302996,False,
421,OCNT-2535373,3,CYP3A4,4.566755771636963,0.0026740054599940777,0.001295861671678722,0.009989245794713497,32,0.9650276333343449,0.0825759619474411,9.092417894862592e-05,0.5797287611462734,False,
422,OCNT-2535374,0,CYP1A2,4.6383056640625,0.0013414075365290046,0.0002285673253936693,0.0055071464739739895,32,0.7620627508652473,0.03271181881427765,0.00032094932976178825,0.4631178164599583,False,
422,OCNT-2535374,1,CYP2C9,4.600841999053955,0.0013956454349681735,0.0008906963048502803,0.006314218044281006,32,0.9307781002156813,0.041569456458091736,0.00041806697845458984,0.5347272303692726,False,
422,OCNT-2535374,2,CYP2D6,4.289990425109863,0.0009717546636238694,0.00011708450620062649,0.004109167493879795,32,0.6808874587262373,0.02117319591343403,0.0009893133537843823,0.5254156408732412,False,
422,OCNT-2535374,3,CYP3A4,4.038041114807129,0.0028792894445359707,0.0014718797756358981,0.011180911213159561,32,0.9571457501805332,0.08818909525871277,8.631926903035492e-05,0.5569110475063794,False,
423,OCNT-2535375,0,CYP1A2,5.175347328186035,0.0006845106254331768,0.00013302738079801202,0.0026683032047003508,32,0.6881523250288099,0.015073742717504501,0.0004734830290544778,0.44265776061915346,False,
423,OCNT-2535375,1,CYP2C9,4.928138732910156,0.001238619559444487,0.0009702887036837637,0.005012196954339743,7,0.995010027709745,0.008627141825854778,0.0003586519742384553,0.5694280192151229,False,
423,OCNT-2535375,2,CYP2D6,4.4731245040893555,0.0010583549737930298,0.00016307260375469923,0.004127806518226862,32,0.6786156071105265,0.022983135655522346,0.0009282159153372049,0.5188058536735737,False,
423,OCNT-2535375,3,CYP3A4,4.475639343261719,0.0026394641026854515,0.0012948159128427505,0.009789707139134407,32,0.9698260213451624,0.08191458135843277,9.66787338256836e-05,0.6016622194979857,False,
424,OCNT-2535377,0,CYP1A2,4.7675557136535645,0.0017680540913715959,0.0004930368158966303,0.007808721624314785,32,0.7951740145163266,0.04498939588665962,0.0004487082769628614,0.45163672099144625,False,
424,OCNT-2535377,1,CYP2C9,4.825576305389404,0.001094897510483861,0.00018171817646361887,0.005240657366812229,32,0.8191944019867404,0.02870214730501175,0.0006097302539274096,0.532098901216681,False,
424,OCNT-2535377,2,CYP2D6,4.378969192504883,0.0008541916031390429,9.498285362496972e-05,0.003410142380744219,32,0.73738746552263,0.02015608176589012,0.0008927385206334293,0.515882235569148,False,
424,OCNT-2535377,3,CYP3A4,4.441003799438477,0.001098320703022182,0.0002489424077793956,0.005246725399047136,32,0.7658284401242871,0.026916252449154854,0.00031269859755411744,0.5029688070217279,False,
425,OCNT-2535379,0,CYP1A2,5.353322505950928,0.0009135897271335125,0.0005058321985416114,0.0035760034807026386,32,0.6630019573394111,0.019382989034056664,0.0003658361383713782,0.48697222976512133,False,
425,OCNT-2535379,1,CYP2C9,5.155030250549316,0.0009163891081698239,0.0003554924624040723,0.0041195182129740715,32,0.9659744132786342,0.028326978906989098,0.0010228618048131466,0.5885365442213034,False,
425,OCNT-2535379,2,CYP2D6,4.51891565322876,0.0011982399737462401,0.000272532575763762,0.004866027273237705,32,0.7249957298649368,0.02779923565685749,0.0007390334503725171,0.5518296171302663,False,
425,OCNT-2535379,3,CYP3A4,4.805266857147217,0.0008389409631490707,0.0005500535480678082,0.0037300013937056065,32,0.8247671603320236,0.02214205451309681,0.0005333044100552797,0.5580747138384798,False,
426,OCNT-2535380,0,CYP1A2,5.511423110961914,0.0006274633924476802,0.0003093551204074174,0.0025027834344655275,32,0.7532976989925959,0.0151255764067173,0.0005749762058258057,0.5323930774137542,False,
426,OCNT-2535380,1,CYP2C9,5.340300559997559,0.000602812273427844,0.000222236558329314,0.0026299392338842154,32,0.9779013338272804,0.018864022567868233,0.0023136537056416273,0.5987926133370567,False,
426,OCNT-2535380,2,CYP2D6,4.584903240203857,0.0016210952308028936,0.00017713131092023104,0.006003999151289463,32,0.7953800034913886,0.04126062989234924,0.0003597140312194824,0.5846398447047387,False,
426,OCNT-2535380,3,CYP3A4,5.073243141174316,0.00041361775947734714,5.295498340274207e-05,0.0019454692956060171,32,0.7826197708336641,0.010358824394643307,0.0015144014032557607,0.5666616585114164,False,
427,OCNT-2535381,0,CYP1A2,5.223361015319824,0.0011518570827320218,0.0004549356526695192,0.005087795667350292,32,0.9327274349181782,0.034380096942186356,0.0003803616273216903,0.5632182651056092,False,
427,OCNT-2535381,1,CYP2C9,5.1367316246032715,0.0007335848640650511,0.00043550526606850326,0.0033384962007403374,32,0.9974874523213055,0.023416053503751755,0.001311583910137415,0.5887658293337439,False,
427,OCNT-2535381,2,CYP2D6,4.427357196807861,0.0010439767502248287,0.0004008268588222563,0.003696386469528079,32,0.6795125914575177,0.022700868546962738,0.0007919380441308022,0.5942514500815397,False,
427,OCNT-2535381,3,CYP3A4,4.880436897277832,0.0009787818416953087,0.0005542001454159617,0.004811068065464497,32,0.9552093549963878,0.029918435961008072,0.0008335429592989385,0.5642785445266643,False,
428,OCNT-2535382,0,CYP1A2,5.2270073890686035,0.0011434298940002918,0.00033484946470707655,0.004875147715210915,32,0.8989979194300317,0.032894402742385864,0.0004261858412064612,0.534362263179508,False,
428,OCNT-2535382,1,CYP2C9,5.186206817626953,0.0003821005520876497,0.00011164719035150483,0.001838573720306158,32,0.9376786522888169,0.01146550104022026,0.001572997309267521,0.6184972412003484,False,
428,OCNT-2535382,2,CYP2D6,4.460690498352051,0.0012299561640247703,0.0006043696776032448,0.004432775545865297,32,0.735192872271196,0.028936395421624184,0.000537482148502022,0.5848482898631014,False,
428,OCNT-2535382,3,CYP3A4,4.926333427429199,0.0006857578409835696,8.794552559265867e-05,0.0031447969377040863,2,1.0016392108204224,0.0013737839180976152,0.0007396286237053573,0.5113638052434372,False,
429,OCNT-2535383,0,CYP1A2,4.82785701751709,0.0016833978006616235,0.0005248838569968939,0.007190800737589598,32,0.929777772078469,0.05008624494075775,0.0003219878999516368,0.562749977561108,False,
429,OCNT-2535383,1,CYP2C9,4.856590747833252,0.0007196675287559628,0.00018265328253619373,0.0029373127035796642,32,0.964765852171968,0.0222182497382164,0.0008596136467531323,0.6238780354310225,False,
429,OCNT-2535383,2,CYP2D6,4.3008551597595215,0.001263375859707594,0.0005292660207487643,0.004644114524126053,32,0.7323465416885283,0.029607560485601425,0.0006879441789351404,0.6234714371947623,False,
429,OCNT-2535383,3,CYP3A4,4.501079559326172,0.0009514234843663871,5.7342549553141e-05,0.0040620965883135796,11,0.9891052447006067,0.010351746343076229,0.000591217540204525,0.47254723749103256,False,
430,OCNT-2535384,0,CYP1A2,3.930671215057373,0.005268055479973555,0.005253978539258242,0.021178852766752243,32,0.9211390601015224,0.1552838683128357,0.000515445601195097,0.517747324120431,False,
430,OCNT-2535384,1,CYP2C9,3.983250856399536,0.0034424313344061375,0.0028614033944904804,0.014158125966787338,32,0.9788807374295972,0.10783166438341141,0.00024984279298223555,0.5714776735873321,False,
430,OCNT-2535384,2,CYP2D6,4.113437652587891,0.00130203936714679,0.0003228047280572355,0.005246663000434637,32,0.8461232964212195,0.03525421768426895,0.0009025452891364694,0.7053899950607065,False,
430,OCNT-2535384,3,CYP3A4,2.840869665145874,0.0042248438112437725,0.0030201231129467487,0.021150417625904083,32,0.9663544523985808,0.13064660131931305,0.00041097222128883004,0.6628593938671425,False,
431,OCNT-2535385,0,CYP1A2,3.503922939300537,0.006411516107618809,0.003120176959782839,0.025959957391023636,32,0.9704833408234743,0.1991129368543625,0.0005947739700786769,0.5216317936316686,False,
431,OCNT-2535385,1,CYP2C9,3.675031900405884,0.003513277741149068,0.0014306546654552221,0.015340505167841911,13,0.9935897401065383,0.045379966497421265,0.00030174851417541504,0.550447206793318,False,
431,OCNT-2535385,2,CYP2D6,5.147286891937256,0.0012663784436881542,0.00045807164860889316,0.005847770255059004,32,0.887613522000244,0.03597003221511841,0.00047400142648257315,0.6564155103445792,False,
431,OCNT-2535385,3,CYP3A4,3.3218038082122803,0.0034122634679079056,0.0016593779437243938,0.012374439276754856,8,0.9977057273052208,0.02723555825650692,0.00022157123021315783,0.5210498772006519,False,
432,OCNT-2535386,0,CYP1A2,3.4927101135253906,0.007116799708455801,0.003029022365808487,0.030130747705698013,32,0.9591549447497913,0.21843594312667847,0.0005308064282871783,0.5423919376791346,False,
432,OCNT-2535386,1,CYP2C9,3.635871648788452,0.003850870067253709,0.0015393259236589074,0.016701605170965195,32,0.9796295591607688,0.12071795016527176,0.000321659172186628,0.5460466778636193,False,
432,OCNT-2535386,2,CYP2D6,5.109231472015381,0.0013098764466121793,0.0010287556797266006,0.006694631651043892,32,0.8706248007665182,0.03649342805147171,0.0006791623891331255,0.608687685388403,False,
432,OCNT-2535386,3,CYP3A4,3.2916414737701416,0.003896157257258892,0.0016739778220653534,0.015667669475078583,32,0.9712704967106117,0.1210954338312149,0.00035228062188252807,0.5190631711463654,False,
433,OCNT-2535388,0,CYP1A2,4.170711517333984,0.004862246569246054,0.001341767841950059,0.02059713564813137,2,1.0015144709826902,0.009739240631461143,0.00040685769636183977,0.6351039556225391,False,
433,OCNT-2535388,1,CYP2C9,3.9095730781555176,0.004916627891361713,0.003061498748138547,0.019017212092876434,32,0.9137578117775675,0.1437637209892273,0.000410392414778471,0.6322616154293694,False,
433,OCNT-2535388,2,CYP2D6,4.9214324951171875,0.0016040080226957798,0.0003085890202783048,0.005634689703583717,32,0.7621112361084919,0.03911808505654335,0.00011633381654974073,0.47566988435095375,False,
433,OCNT-2535388,3,CYP3A4,3.8123135566711426,0.0047120763920247555,0.0025949422270059586,0.018147295340895653,32,0.9263624850016028,0.13968320190906525,0.0004486874968279153,0.6316147106440053,False,
434,OCNT-2535389,0,CYP1A2,5.278423309326172,0.001290970016270876,0.0005576630937866867,0.0051813432946801186,32,0.8269772905667357,0.03416355699300766,0.00028522720094770193,0.5104976914736681,False,
434,OCNT-2535389,1,CYP2C9,4.9887776374816895,0.0013060921337455511,0.00045227009104564786,0.0059694829396903515,32,0.9373696307721421,0.03917761519551277,0.0004521689552348107,0.5701757092103256,False,
434,OCNT-2535389,2,CYP2D6,4.564455986022949,0.0012901254231110215,0.00020592345390468836,0.00528448261320591,32,0.7524156193230322,0.031062977388501167,0.00036404799902811646,0.6218673795638112,False,
434,OCNT-2535389,3,CYP3A4,4.721468925476074,0.0012366656446829438,0.0007702197763137519,0.00536962877959013,32,0.8697364461819665,0.03441862016916275,0.0003748382441699505,0.5365462005291062,False,
435,OCNT-2535391,0,CYP1A2,3.297078847885132,0.006374955177307129,0.0033176583237946033,0.022832484915852547,32,0.8713695905103283,0.17775842547416687,0.0002717935713008046,0.5596796894458209,False,
435,OCNT-2535391,1,CYP2C9,3.565126419067383,0.0035363121423870325,0.0022741826251149178,0.013264169916510582,32,0.9129812884650857,0.103315070271492,0.0001871531712822616,0.5420909048514772,False,
435,OCNT-2535391,2,CYP2D6,5.2621026039123535,0.0008998846169561148,0.00015600913320668042,0.0031382045708596706,32,0.839003089306322,0.024160459637641907,0.00043093436397612095,0.5382659764083825,False,
435,OCNT-2535391,3,CYP3A4,3.374616861343384,0.0032405368983745575,0.0013322734739631414,0.011374853551387787,32,0.9092996799738556,0.09429210424423218,0.00010216326336376369,0.4916278834732374,False,
436,OCNT-2535393,0,CYP1A2,4.621249198913574,0.003119729459285736,0.00016834404959809035,0.012832395732402802,32,0.8202736183524336,0.08188927918672562,0.0003132639394607395,0.506591004107513,False,
436,OCNT-2535393,1,CYP2C9,4.676621913909912,0.0022869824897497892,0.0007277660188265145,0.008437135256826878,32,0.8183513949406258,0.059890031814575195,0.0003434672544244677,0.474400681459334,False,
436,OCNT-2535393,2,CYP2D6,4.620552062988281,0.0008619322325102985,0.0001614587672520429,0.0034045716747641563,32,0.7539431175650618,0.020795373246073723,0.00106610672082752,0.5587989750873437,False,
436,OCNT-2535393,3,CYP3A4,4.420835971832275,0.002479406539350748,0.0008232284453697503,0.009193114936351776,32,0.8121674788897324,0.06443844735622406,0.00037440116284415126,0.4422696428469802,False,
437,OCNT-2535394,0,CYP1A2,4.348778247833252,0.003321311669424176,0.00027055563987232745,0.013468346558511257,32,0.8069667622536727,0.0857662782073021,0.0002455241628922522,0.5196032292309017,False,
437,OCNT-2535394,1,CYP2C9,4.23452615737915,0.003429040312767029,0.0014068166492506862,0.014455574564635754,32,0.9127896053227468,0.10016004741191864,0.00027568955556489527,0.522152707187991,False,
437,OCNT-2535394,2,CYP2D6,4.595777988433838,0.0008932451601140201,0.00013951286382507533,0.003522013546898961,32,0.7617293640842426,0.02177339792251587,0.0010606113355606794,0.5313754646653557,False,
437,OCNT-2535394,3,CYP3A4,3.9155707359313965,0.0037037304136902094,0.0018961936002597213,0.014703977853059769,32,0.8815624335604405,0.1044825091958046,0.00017083142301999032,0.5135508173119702,False,
438,OCNT-2535397,0,CYP1A2,5.565474510192871,0.0005215723067522049,0.0003562690399121493,0.002120351418852806,32,0.6807467882075364,0.01136209536343813,0.0004394776769913733,0.4825279171079724,False,
438,OCNT-2535397,1,CYP2C9,5.313431739807129,0.0008747258689254522,0.000721676682587713,0.004123917315155268,32,0.9539411226435169,0.026702288538217545,0.0006375899538397789,0.6088710906316211,False,
438,OCNT-2535397,2,CYP2D6,4.565243721008301,0.0009167987736873329,0.00016231415793299675,0.003621883224695921,32,0.6515784347487806,0.019115930423140526,0.0009990560356527567,0.5499772812074624,False,
438,OCNT-2535397,3,CYP3A4,5.059915542602539,0.0009673880413174629,0.0003352800558786839,0.004392600152641535,32,0.8474817326377876,0.026235269382596016,0.00015958421863615513,0.5861339835894572,False,
439,OCNT-2535398,0,CYP1A2,4.481523513793945,0.00430625444278121,0.003332299878820777,0.017072374001145363,32,0.9377957032352054,0.12922868132591248,0.0004012078861705959,0.5999684030129453,False,
439,OCNT-2535398,1,CYP2C9,4.4002556800842285,0.003244635881856084,0.0017390347784385085,0.013815103098750114,32,0.9295318772963115,0.09651205688714981,0.0002999928838107735,0.5438307529574247,False,
439,OCNT-2535398,2,CYP2D6,4.680584907531738,0.0012582814088091254,0.00023783414508216083,0.005472666583955288,32,0.7909174779335415,0.0318465493619442,0.0005154329701326787,0.6149638170239339,False,
439,OCNT-2535398,3,CYP3A4,4.101107597351074,0.0030447321478277445,0.0028309321496635675,0.01224507112056017,32,0.8886038555982734,0.08657822757959366,0.000167919832165353,0.5480463209670535,False,
440,OCNT-2535399,0,CYP1A2,4.07381534576416,0.007003889884799719,0.00627444451674819,0.025813328102231026,32,0.9368060892647908,0.20996147394180298,0.000552875513676554,0.5771929079373783,False,
440,OCNT-2535399,1,CYP2C9,4.286459922790527,0.003759292419999838,0.004165339283645153,0.013462607748806477,32,0.8914832054209136,0.1072433590888977,0.00024917811970226467,0.5569830679316953,False,
440,OCNT-2535399,2,CYP2D6,5.032373905181885,0.0005838837823830545,0.00015305657871067524,0.002350196475163102,32,0.6653332594908967,0.012431486509740353,0.0020656404085457325,0.5786088488466912,False,
440,OCNT-2535399,3,CYP3A4,4.112100601196289,0.002983995247632265,0.002646190347149968,0.01062074489891529,32,0.9152061820218714,0.08739136159420013,0.00011049978638766333,0.5831723501549821,False,
441,OCNT-2535400,0,CYP1A2,4.146941661834717,0.002514699473977089,0.0010488415136933327,0.012009870260953903,32,0.8567017875510807,0.06893939524888992,0.0005445958813652396,0.5453821248616153,False,
441,OCNT-2535400,1,CYP2C9,4.117392539978027,0.0015210122801363468,0.0004722941666841507,0.006574676837772131,32,0.8759303398195308,0.04263390600681305,0.00044238747796043754,0.5467562453943029,False,
441,OCNT-2535400,2,CYP2D6,4.121392726898193,0.001488092471845448,0.0002757594920694828,0.0061723520047962666,32,0.7883272481061598,0.03753957524895668,0.0005536305252462626,0.5149940256398614,False,
441,OCNT-2535400,3,CYP3A4,2.7222323417663574,0.0035395522136241198,0.0004033829318359494,0.021435687318444252,2,1.0029506744816798,0.007100012619048357,0.0005613719113171101,0.6608416932833652,False,
442,OCNT-2535401,0,CYP1A2,5.072885036468506,0.0010852855630218983,0.00038491375744342804,0.004758587572723627,32,0.7427203468765784,0.025794275104999542,0.0004723306919913739,0.47002811972866193,False,
442,OCNT-2535401,1,CYP2C9,5.042243957519531,0.0008438691147603095,0.00023897073697298765,0.004086052067577839,32,0.8622678575734258,0.0232847947627306,0.0006509874947369099,0.5526868176894175,False,
442,OCNT-2535401,2,CYP2D6,4.360223770141602,0.0008863595430739224,0.00013649382162839174,0.0035249723587185144,32,0.6820256027479188,0.019344855099916458,0.0007779191946610808,0.5043237599116623,False,
442,OCNT-2535401,3,CYP3A4,4.6780805587768555,0.0011304689105600119,0.0006439357530325651,0.005356453824788332,32,0.8602324422841005,0.03111918829381466,0.00039447980816476047,0.5126868455985594,False,
443,OCNT-2535402,0,CYP1A2,5.0622711181640625,0.001162596745416522,0.00038460042560473084,0.005024685990065336,32,0.7279597790977657,0.027082590386271477,0.0004105170664843172,0.4784185550855361,False,
443,OCNT-2535402,1,CYP2C9,5.032083511352539,0.0007986656273715198,0.0002387872664257884,0.0038613281212747097,32,0.8719273733628529,0.022284388542175293,0.0008472583722323179,0.5577115517447586,False,
443,OCNT-2535402,2,CYP2D6,4.413573741912842,0.0010148505680263042,0.00016074297309387475,0.0041661132127046585,32,0.6773005816258156,0.021995700895786285,0.0006490638479590416,0.5035785790804694,False,
443,OCNT-2535402,3,CYP3A4,4.673373222351074,0.0010251541389152408,0.0006052840617485344,0.004743953235447407,32,0.878582486970432,0.028822120279073715,0.0003741672553587705,0.5850250271945514,False,
444,OCNT-2535403,0,CYP1A2,5.062445640563965,0.0011617133859544992,0.00038468826096504927,0.005019680596888065,32,0.7279827529293577,0.02706286683678627,0.00041169108590111136,0.47834680885140074,False,
444,OCNT-2535403,1,CYP2C9,5.0332112312316895,0.0007987432181835175,0.00023901496024336666,0.003857577918097377,32,0.8731261162903409,0.02231719344854355,0.0008463218109682202,0.5562822731583306,False,
444,OCNT-2535403,2,CYP2D6,4.413593769073486,0.0010143900290131569,0.0001605408760951832,0.0041646999306976795,32,0.6773476803786491,0.021987248212099075,0.0006497041904367507,0.5035478673444256,False,
444,OCNT-2535403,3,CYP3A4,4.68035364151001,0.0009589851251803339,0.0006701238453388214,0.004414496943354607,32,0.8392740653907036,0.025755511596798897,0.0003880659642163664,0.5824505039345531,False,
445,OCNT-2535404,0,CYP1A2,4.5313615798950195,0.002590855350717902,0.0019076443277299404,0.010789573192596436,32,0.8612527787318423,0.07140447944402695,0.0004221182898618281,0.5363340820185657,False,
445,OCNT-2535404,1,CYP2C9,4.247518539428711,0.002907418878749013,0.0008366051479242742,0.014100443571805954,32,0.9646228146254864,0.08974631130695343,0.00019358866848051548,0.6110717108912693,False,
445,OCNT-2535404,2,CYP2D6,4.364938735961914,0.0015163490315899253,0.0003459280706010759,0.006281900219619274,32,0.8006326151036868,0.03884948790073395,0.0008513855282217264,0.5748466922434318,False,
445,OCNT-2535404,3,CYP3A4,3.6766324043273926,0.003204583190381527,0.0009038344142027199,0.014514499343931675,32,0.9672233865078613,0.09918583929538727,0.00018907767662312835,0.5737333067321955,False,
446,OCNT-2535405,0,CYP1A2,2.9671096801757812,0.006948152557015419,0.0039908080361783504,0.02803666517138481,32,0.9661440079002123,0.21481361985206604,0.0004044915549457073,0.5663467361681507,False,
446,OCNT-2535405,1,CYP2C9,3.215005397796631,0.003790199290961027,0.0007284912862814963,0.016243834048509598,15,0.9725929839703455,0.05529496446251869,0.0005148098571226001,0.5726292153095907,False,
446,OCNT-2535405,2,CYP2D6,4.190581321716309,0.0021183385979384184,0.0005153283127583563,0.00877651572227478,32,0.8650669551111171,0.05864042788743973,0.0006489491788670421,0.6211968185046912,False,
446,OCNT-2535405,3,CYP3A4,2.542850971221924,0.0038791196420788765,0.00124978122767061,0.014213886111974716,32,0.942625523270105,0.11701013147830963,0.00036166745121590793,0.4619773226149643,False,
447,OCNT-2535406,0,CYP1A2,3.2266979217529297,0.006297186017036438,0.005707873031497002,0.024610882624983788,32,0.9285236629183782,0.18710705637931824,0.00047548161819577217,0.5436914540129124,False,
447,OCNT-2535406,1,CYP2C9,3.3080949783325195,0.004768643993884325,0.0012024391908198595,0.019172050058841705,2,1.0013569045151443,0.009550249204039574,0.0004962754901498556,0.5720764428696941,False,
447,OCNT-2535406,2,CYP2D6,4.3896942138671875,0.0018349429592490196,0.00042811923776753247,0.007411852478981018,32,0.8657895570144061,0.05083785951137543,0.0007089132559485734,0.6354053121234859,False,
447,OCNT-2535406,3,CYP3A4,2.7375195026397705,0.004625237546861172,0.003036581678315997,0.01569945178925991,32,0.9555549863483097,0.14142970740795135,0.00017304673383478075,0.45852989118979476,False,
448,OCNT-2535407,0,CYP1A2,3.9695897102355957,0.005291002802550793,0.0032994335051625967,0.01912836730480194,32,0.8502644737070458,0.14396032691001892,0.00028505109366960824,0.5338920510881375,False,
448,OCNT-2535407,1,CYP2C9,4.070013046264648,0.0031260966788977385,0.001587947248481214,0.011873320676386356,32,0.897085370046403,0.08974030613899231,0.0002654276031535119,0.48914970708297983,False,
448,OCNT-2535407,2,CYP2D6,4.942448616027832,0.0006274855695664883,0.0003117856977041811,0.0024870969355106354,32,0.7845629930932234,0.015753913670778275,0.0013992072781547904,0.5841513333957106,False,
448,OCNT-2535407,3,CYP3A4,3.854703903198242,0.002942026359960437,0.0010613570921123028,0.010705436579883099,32,0.8964698376549981,0.0843982994556427,0.00019048470130655915,0.5393416019873365,False,
449,OCNT-2535408,0,CYP1A2,3.3192429542541504,0.00706480024382472,0.006732614245265722,0.027625955641269684,32,0.932331798969101,0.21077591180801392,0.0005471110343933105,0.5127658968380315,False,
449,OCNT-2535408,1,CYP2C9,3.4072136878967285,0.005129605066031218,0.0034614293836057186,0.02008002996444702,4,0.9997988814265646,0.020514333620667458,0.00019226381846237928,0.5500740549273293,False,
449,OCNT-2535408,2,CYP2D6,4.679112434387207,0.0013749897480010986,0.0005267775268293917,0.005773967131972313,32,0.8601151628463611,0.03784506022930145,0.0006554235005751252,0.6289481565875508,False,
449,OCNT-2535408,3,CYP3A4,2.954843282699585,0.004639083985239267,0.004338404163718224,0.01576709747314453,32,0.972543055302768,0.1443749964237213,0.00012864307791460305,0.4939376516203504,False,
450,OCNT-2535409,0,CYP1A2,3.0852599143981934,0.007058120332658291,0.005457682069391012,0.02842850424349308,32,0.953807723375726,0.21542717516422272,0.0003719103988260031,0.5687799259405513,False,
450,OCNT-2535409,1,CYP2C9,3.2730281352996826,0.004219532012939453,0.0011765144299715757,0.016906382516026497,32,0.9868519756287779,0.13325002789497375,0.000539828441105783,0.5505606294331212,False,
450,OCNT-2535409,2,CYP2D6,4.335249900817871,0.0018921023001894355,0.00044776819413527846,0.0076804449781775475,32,0.865530385648342,0.05240578204393387,0.0007204458815976977,0.628763659133666,False,
450,OCNT-2535409,3,CYP3A4,2.6753034591674805,0.0040907966904342175,0.0028326218016445637,0.013800008222460747,32,0.8861262090845186,0.11599907279014587,0.00015267188427969813,0.43701162600021226,False,
451,OCNT-2535410,0,CYP1A2,3.016653060913086,0.007163881324231625,0.00425251480191946,0.02923547849059105,32,0.9687942744879151,0.22209078073501587,0.0003551867848727852,0.5719643013207598,False,
451,OCNT-2535410,1,CYP2C9,3.2329745292663574,0.0039008762687444687,0.0007055603200569749,0.016521967947483063,17,0.9779196575607957,0.0648508071899414,0.000500835245475173,0.5689393583920415,False,
451,OCNT-2535410,2,CYP2D6,4.276173114776611,0.0019799580331891775,0.00046635448234155774,0.00805899128317833,32,0.8641962831036357,0.0547545924782753,0.0007102967938408256,0.6271028352809729,False,
451,OCNT-2535410,3,CYP3A4,2.58695650100708,0.004040945786982775,0.0011961510172113776,0.014777151867747307,32,0.9624561837976086,0.1244557723402977,0.00037599512143060565,0.4651324146384479,False,
452,OCNT-2535411,0,CYP1A2,3.2400121688842773,0.006210558582097292,0.005657185334712267,0.024259155616164207,32,0.9267535761496166,0.1841813325881958,0.00047801207983866334,0.5417962567534915,False,
452,OCNT-2535411,1,CYP2C9,3.3088245391845703,0.0047925314866006374,0.0011958334362134337,0.019323308020830154,2,1.0016280296037032,0.009600687772035599,0.0005018557421863079,0.574915216839792,False,
452,OCNT-2535411,2,CYP2D6,4.3886027336120605,0.001830517197959125,0.0004285127215553075,0.00740372110158205,32,0.8665345099821067,0.050758879631757736,0.0007070790743455291,0.6366177518784504,False,
452,OCNT-2535411,3,CYP3A4,2.740821123123169,0.004647362977266312,0.003141090739518404,0.015790754929184914,32,0.959307808933833,0.1426643580198288,0.0001774014817783609,0.46450003075809715,False,
453,OCNT-2535412,0,CYP1A2,4.915103912353516,0.0018621415365487337,0.000945263949688524,0.006793035659939051,32,0.8198948397904046,0.04885658994317055,0.00046921949251554906,0.5206270463369032,False,
453,OCNT-2535412,1,CYP2C9,4.56146764755249,0.00289690843783319,0.001977835316210985,0.012427627108991146,32,0.9297288211614614,0.08618715405464172,0.0001067085686372593,0.6078863858268523,False,
453,OCNT-2535412,2,CYP2D6,4.5559210777282715,0.0008956426754593849,2.3462662284146063e-05,0.003779219463467598,32,0.7108323142888636,0.020373083651065826,0.0013496623141691089,0.5482402669834223,False,
453,OCNT-2535412,3,CYP3A4,4.168674468994141,0.0032235938124358654,0.0010764545295387506,0.013228150084614754,32,0.8871619970691974,0.09151548147201538,0.00022089661797508597,0.5969268852137233,False,
454,OCNT-2535413,0,CYP1A2,5.009518623352051,0.0019436449510976672,0.0010319834109395742,0.007287255488336086,32,0.7647513332175367,0.04756520688533783,0.000470495579065755,0.509880945178582,False,
454,OCNT-2535413,1,CYP2C9,4.798486709594727,0.0018643710063770413,0.0011556646786630154,0.008857200853526592,32,0.9744217809315037,0.05813419073820114,0.0003161240601912141,0.5943727312554301,False,
454,OCNT-2535413,2,CYP2D6,4.581781387329102,0.0008956833044067025,0.00011095821537310258,0.0036659627221524715,32,0.7354589359696581,0.021079860627651215,0.0012901235604658723,0.5444585080503056,False,
454,OCNT-2535413,3,CYP3A4,4.376515865325928,0.002390723442658782,0.0008958231192082167,0.010574623011052608,32,0.9189831447512702,0.07030539959669113,0.00017034736811183393,0.5950815681815883,False,
455,OCNT-2535414,0,CYP1A2,4.944897174835205,0.0020523450803011656,0.0010892702266573906,0.007692722138017416,32,0.7645740762838524,0.05021367967128754,0.0004701921425294131,0.5100393606153014,False,
455,OCNT-2535414,1,CYP2C9,4.744137763977051,0.0019809415098279715,0.0012199024204164743,0.009439585730433464,32,0.9742675938393931,0.061759259551763535,0.00031110915006138384,0.5917074214268206,False,
455,OCNT-2535414,2,CYP2D6,4.571413516998291,0.001070955884642899,0.00011223165347473696,0.00439339317381382,32,0.6943789686026333,0.02379699796438217,0.0013395141577348113,0.5470851651944562,False,
455,OCNT-2535414,3,CYP3A4,4.291358947753906,0.002539033768698573,0.0009442397276870906,0.011198526248335838,32,0.916420287931137,0.07445859909057617,0.0001697585394140333,0.5942971267828031,False,
456,OCNT-2535415,0,CYP1A2,5.209083557128906,0.0013819109881296754,0.0006957223522476852,0.005191554315388203,32,0.7688679274714414,0.034000471234321594,0.0004860830958932638,0.5067910236672959,False,
456,OCNT-2535415,1,CYP2C9,4.9986724853515625,0.0014733412535861135,0.0011204780312255025,0.006879166699945927,32,0.977627125240699,0.04609242081642151,0.0002888982999138534,0.5813974772634237,False,
456,OCNT-2535415,2,CYP2D6,4.553473472595215,0.0010217863600701094,0.00014042924158275127,0.0041619595140218735,32,0.6618715984593745,0.021641535684466362,0.0010629125172272325,0.5295844706355394,False,
456,OCNT-2535415,3,CYP3A4,4.593389987945557,0.0025115495081990957,0.000859712075907737,0.010624079033732414,32,0.9600566130138453,0.07715965807437897,0.000135533744469285,0.5945641923603558,False,
457,OCNT-2535416,0,CYP1A2,4.857660293579102,0.002013527089729905,0.0010485026286914945,0.0074354056268930435,32,0.7469210536066434,0.04812650382518768,0.0004689169581979513,0.5114031533268797,False,
457,OCNT-2535416,1,CYP2C9,4.634808540344238,0.0018910529324784875,0.0011985372984781861,0.0089822206646204,32,0.9699441217438936,0.05869521200656891,0.00034092774149030447,0.5893624500967096,False,
457,OCNT-2535416,2,CYP2D6,4.603911876678467,0.0011458980152383447,9.965471690520644e-05,0.004812484607100487,32,0.6915581520995959,0.025358784943819046,0.0011617423733696342,0.5521885260129966,False,
457,OCNT-2535416,3,CYP3A4,4.046826362609863,0.003547961125150323,0.0010973529424518347,0.014973552897572517,32,0.9788123735440243,0.11112953722476959,9.005629544844851e-05,0.5953622106965124,False,
458,OCNT-2535417,0,CYP1A2,4.141907691955566,0.0039552850648760796,0.0027048445772379637,0.016573721542954445,32,0.9093336840404277,0.11509385704994202,0.0005008370499126613,0.5141370950168319,False,
458,OCNT-2535417,1,CYP2C9,4.120258331298828,0.002646476263180375,0.002677526790648699,0.0110092181712389,32,0.9498095861972374,0.0804370567202568,0.00029440177604556084,0.5757976552949443,False,
458,OCNT-2535417,2,CYP2D6,4.259367942810059,0.0012009473284706473,0.00029875701875425875,0.004801278468221426,32,0.8528566713480185,0.03277582302689552,0.0008826571865938604,0.7046217391477513,False,
458,OCNT-2535417,3,CYP3A4,3.0880398750305176,0.0032574280630797148,0.0022878246381878853,0.016983188688755035,32,0.958474306532975,0.0999094620347023,0.0004354697302915156,0.6736209842292855,False,
459,OCNT-2535418,0,CYP1A2,4.8282270431518555,0.0014980449341237545,0.0009025135077536106,0.007425869815051556,32,0.9536842618313194,0.04571748524904251,0.0020861607044935226,0.6396714993291872,False,
459,OCNT-2535418,1,CYP2C9,4.350014686584473,0.000999610056169331,0.000500869529787451,0.005023384466767311,32,0.9954884844429207,0.031843528151512146,0.002604990266263485,0.6958460698759925,False,
459,OCNT-2535418,2,CYP2D6,4.186429023742676,0.0018226419342681766,0.0002679649041965604,0.006352433003485203,32,0.7648365794149727,0.044608987867832184,0.0005188611685298383,0.5577126963600116,False,
459,OCNT-2535418,3,CYP3A4,3.946028709411621,0.0009304666891694069,0.00027905491879209876,0.0045233480632305145,32,0.8398558721627568,0.025006921961903572,0.0010121880332008004,0.5661896531975459,False,
460,OCNT-2535419,0,CYP1A2,5.10329532623291,0.0017694942653179169,0.000557655468583107,0.00641843443736434,32,0.8394710661417818,0.04753432422876358,0.0004812524130102247,0.6104306887791517,False,
460,OCNT-2535419,1,CYP2C9,5.266046524047852,0.0004956387565471232,7.194154022727162e-05,0.0017803669907152653,32,0.8091703115755949,0.012834056280553341,0.0011508500901982188,0.5815351115924136,False,
460,OCNT-2535419,2,CYP2D6,4.785515308380127,0.0009302440448664129,4.361336323199794e-05,0.0030020573176443577,32,0.8338667787701294,0.024822654202580452,9.8012613307219e-05,0.5041495100278326,False,
460,OCNT-2535419,3,CYP3A4,5.138736724853516,0.0005519244587048888,0.000286899070488289,0.0025246096774935722,32,0.8525732498168616,0.015058065764605999,0.0004903366789221764,0.5245024104549656,False,
461,OCNT-2535420,0,CYP1A2,3.507082939147949,0.007239538710564375,0.005957483313977718,0.026443393900990486,32,0.9300639615614894,0.215463787317276,0.0006902064196765423,0.5638471519040279,False,
461,OCNT-2535420,1,CYP2C9,3.731269359588623,0.004220364615321159,0.005880558863282204,0.015160278417170048,32,0.9345315754064731,0.12621034681797028,0.0003520512254908681,0.5162908049402591,False,
461,OCNT-2535420,2,CYP2D6,5.016819953918457,0.0012129060924053192,0.00021893682423979044,0.00471635814756155,32,0.8324639892609177,0.03231068700551987,0.0005845247069373727,0.5578316276025843,False,
461,OCNT-2535420,3,CYP3A4,3.5106472969055176,0.002976385410875082,0.0035059989895671606,0.010311919264495373,32,0.9545022883787084,0.09091123938560486,0.0002579589781817049,0.4444097315731935,False,
462,OCNT-2535421,0,CYP1A2,4.718301296234131,0.002982648555189371,0.0009351155604235828,0.011390445753932,32,0.8304471056645168,0.07926208525896072,0.00044131098547950387,0.612792511112124,False,
462,OCNT-2535421,1,CYP2C9,4.902777194976807,0.0008893947233445942,0.00013124682300258428,0.0037908104714006186,32,0.8027710050954242,0.022847626358270645,0.00046818816917948425,0.5731097502346651,False,
462,OCNT-2535421,2,CYP2D6,4.736924648284912,0.00070701923687011,0.00012720393715426326,0.0024130798410624266,32,0.5048719197635926,0.01142269466072321,0.0009675089386291802,0.495966838509884,False,
462,OCNT-2535421,3,CYP3A4,4.68802547454834,0.0014067513402551413,0.0014125427696853876,0.0060741472989320755,32,0.8849676190571856,0.039838023483753204,0.000252323632594198,0.533371458428151,False,
463,OCNT-2535422,0,CYP1A2,4.815460681915283,0.002999554155394435,0.0010811901884153485,0.011428937315940857,32,0.8181210508066512,0.07852821052074432,0.0004254109808243811,0.5989174838957132,False,
463,OCNT-2535422,1,CYP2C9,5.006084442138672,0.0009675018372945487,0.0002788900164887309,0.004129937384277582,32,0.8414365227745612,0.026051193475723267,0.0006830006022937596,0.5571342205192977,False,
463,OCNT-2535422,2,CYP2D6,4.674135208129883,0.0008721736376173794,0.00014677342551294714,0.0029557547532022,32,0.6148622202959532,0.017160728573799133,0.00017556457896716893,0.4684084881434969,False,
463,OCNT-2535422,3,CYP3A4,4.793328762054443,0.0013264201115816832,0.0010846557561308146,0.006032995879650116,32,0.9276144751027635,0.039373304694890976,0.00024082895833998919,0.5383161769643282,False,
464,OCNT-2535423,0,CYP1A2,4.717772006988525,0.0029845063108950853,0.0009443485178053379,0.011400098912417889,32,0.8300585129013284,0.07927434146404266,0.00044189710752107203,0.6123956184842086,False,
464,OCNT-2535423,1,CYP2C9,4.901123046875,0.0008878700900822878,0.00012222609075251967,0.00380138261243701,32,0.8025412885427468,0.02280193381011486,0.00045879773097112775,0.5754724546699441,False,
464,OCNT-2535423,2,CYP2D6,4.736957550048828,0.0007068909471854568,0.0001272044755751267,0.0024123310577124357,32,0.5047610657901731,0.01141811441630125,0.000969979795627296,0.4959605415617586,False,
464,OCNT-2535423,3,CYP3A4,4.672929763793945,0.0016152673633769155,0.0013993969187140465,0.006858211942017078,32,0.9154425824097344,0.047318197786808014,0.00025463104248046875,0.5482927115771319,False,
465,OCNT-2535424,0,CYP1A2,3.9182543754577637,0.003003077581524849,0.0012291213497519493,0.015106549486517906,32,0.8866042431484366,0.08520160615444183,0.00039909733459353447,0.5804427843105087,False,
465,OCNT-2535424,1,CYP2C9,3.8582537174224854,0.0018254279857501388,0.00048115168465301394,0.00824263971298933,32,0.8113466978579782,0.04739401862025261,0.000425450736656785,0.5459780210312233,False,
465,OCNT-2535424,2,CYP2D6,4.023226737976074,0.0011023791739717126,0.00027623536880128086,0.004924987442791462,32,0.826699571412396,0.029163029044866562,0.0009683957323431969,0.5236594999200095,False,
465,OCNT-2535424,3,CYP3A4,2.4226579666137695,0.0036472161300480366,0.00040959729813039303,0.02169499173760414,2,1.0012392212632635,0.007303491700440645,0.0006460439180955291,0.6295933684181283,False,
466,OCNT-2535425,0,CYP1A2,4.527708530426025,0.0028006199281662703,0.0007631667540408671,0.01146016363054514,32,0.8557644332978089,0.07669374346733093,0.00030966330086812377,0.5547202812530347,False,
466,OCNT-2535425,1,CYP2C9,4.828111171722412,0.001077770721167326,3.918836227967404e-05,0.003982547204941511,32,0.7647465547312864,0.026375330984592438,0.0006306397262960672,0.5249309747185776,False,
466,OCNT-2535425,2,CYP2D6,4.441051483154297,0.0008778296760283411,0.00011008181900251657,0.003060157410800457,32,0.6218009281357263,0.01746692880988121,0.00033214958966709673,0.4925996412228738,False,
466,OCNT-2535425,3,CYP3A4,4.483319282531738,0.001792275346815586,0.0008348411065526307,0.007922855205833912,32,0.9169785688506892,0.05259159207344055,0.00042191147804260254,0.5188999321220691,False,
467,OCNT-2535428,0,CYP1A2,5.0896430015563965,0.0019913893193006516,0.0005106520839035511,0.007430462632328272,32,0.7726151528071084,0.04923472926020622,0.0003529913374222815,0.6083033537938374,False,
467,OCNT-2535428,1,CYP2C9,5.227849960327148,0.000624693522695452,3.2543932320550084e-05,0.002141681034117937,32,0.7687685710933452,0.015368077903985977,0.0007885856903158128,0.5750282108597137,False,
467,OCNT-2535428,2,CYP2D6,4.6755051612854,0.0008868059958331287,8.25046154204756e-05,0.0029751737602055073,32,0.5808085767795601,0.01648225076496601,0.00018553029804024845,0.462680048068444,False,
467,OCNT-2535428,3,CYP3A4,5.023652076721191,0.000886371883098036,0.0005435484927147627,0.003653408959507942,32,0.8960383099062954,0.02541542798280716,0.00034282152773812413,0.5236224697286469,False,
468,OCNT-2535430,0,CYP1A2,4.560760498046875,0.0027463275473564863,0.0007300980505533516,0.011267591267824173,32,0.8449044284542012,0.07425256818532944,0.00030904015875421464,0.5534961000579932,False,
468,OCNT-2535430,1,CYP2C9,4.84757137298584,0.001033014035783708,3.7888767110416666e-05,0.0038252477534115314,32,0.762770263685941,0.025214720517396927,0.0006554126739501953,0.51789509975417,False,
468,OCNT-2535430,2,CYP2D6,4.495633602142334,0.0009116945439018309,0.00011268232628935948,0.003230431117117405,32,0.6247070159295267,0.018225543200969696,0.0002372833841945976,0.49159318554031134,False,
468,OCNT-2535430,3,CYP3A4,4.504734516143799,0.0017051607137545943,0.0012917297426611185,0.007348969113081694,32,0.8753307921222107,0.047762829810380936,0.00042091356590390205,0.5093886568618555,False,
469,OCNT-2535431,0,CYP1A2,4.810208320617676,0.0022395537234842777,0.0006270009325817227,0.00828610546886921,32,0.7777150809083057,0.0557357594370842,0.00035803698119707406,0.48746100425130096,False,
469,OCNT-2535431,1,CYP2C9,4.879601001739502,0.0007001602207310498,0.0001674434752203524,0.002764602890238166,32,0.7613009635478434,0.01705728843808174,0.000693099049385637,0.4891112317196032,False,
469,OCNT-2535431,2,CYP2D6,4.4145283699035645,0.0010999342193827033,0.00013774551916867495,0.004693388938903809,32,0.710831806526989,0.025020010769367218,0.0007616137154400349,0.5458924008600757,False,
469,OCNT-2535431,3,CYP3A4,4.496196746826172,0.0011062989942729473,0.0005833847098983824,0.00464637391269207,32,0.8551232517136625,0.03027297742664814,0.00036563206231221557,0.5464660689976649,False,
470,OCNT-2535432,0,CYP1A2,5.214944839477539,0.0024344755802303553,0.001625614007934928,0.008280914276838303,32,0.8564288649256305,0.06671883910894394,0.0003695433842949569,0.59788543008416,False,
470,OCNT-2535432,1,CYP2C9,5.062414169311523,0.0015878655249252915,0.0008224524790421128,0.006076580844819546,32,0.8732806472069651,0.044373150914907455,0.0004425437073223293,0.5979825036327364,False,
470,OCNT-2535432,2,CYP2D6,4.941686153411865,0.0006616336177103221,0.00013359470176510513,0.001851248205639422,32,0.6724077666351487,0.01423661783337593,0.0004715016402769834,0.47244771356025617,False,
470,OCNT-2535432,3,CYP3A4,4.997370719909668,0.0016498322365805507,0.000805336341727525,0.006650932133197784,32,0.9462731500945315,0.04995844513177872,0.00019288514158688486,0.5920624882434466,False,
471,OCNT-2535433,0,CYP1A2,5.400594711303711,0.0017914643976837397,0.0009320577955804765,0.006780334748327732,32,0.9013253205039241,0.051670439541339874,0.0001658661785768345,0.66535665343535,False,
471,OCNT-2535433,1,CYP2C9,5.198355674743652,0.0014744375366717577,0.0005559882265515625,0.005606679245829582,32,0.8619975042859706,0.04067104309797287,0.0004486613324843347,0.5949547022613809,False,
471,OCNT-2535433,2,CYP2D6,5.015546798706055,0.0006327908486127853,0.00012461349251680076,0.0017556078964844346,32,0.6608370902456583,0.013381704688072205,0.000444592849817127,0.42046283347147234,False,
471,OCNT-2535433,3,CYP3A4,5.132030487060547,0.0015645493986085057,0.0007484783418476582,0.0062393611297011375,32,0.941213283204616,0.047122690826654434,0.00021069248032290488,0.5643068196642915,False,
472,OCNT-2535435,0,CYP1A2,5.181524276733398,0.000991450040601194,0.00031306673190556467,0.004624631255865097,32,0.8355300590952809,0.026508629322052002,0.0003648635174613446,0.5214899326978856,False,
472,OCNT-2535435,1,CYP2C9,5.052610397338867,0.0008038759115152061,0.0003280324744991958,0.0038067041896283627,4,0.9983520840232719,0.0032102447003126144,0.0008461105171591043,0.5808499655189681,False,
472,OCNT-2535435,2,CYP2D6,4.323322296142578,0.0010941392974928021,0.00027122185565531254,0.004044285509735346,32,0.7447021578856533,0.026074090972542763,0.001021452946588397,0.6487952699321875,False,
472,OCNT-2535435,3,CYP3A4,4.727807998657227,0.0006606833194382489,0.0003743135021068156,0.002877916442230344,32,0.8395442690607003,0.01774980127811432,0.00045320932986214757,0.520799557355599,False,
473,OCNT-2535436,0,CYP1A2,5.254263877868652,0.0013333335518836975,0.0006481176242232323,0.004953821189701557,32,0.7405010693422941,0.031594954431056976,0.00041457920451648533,0.5119855992197,False,
473,OCNT-2535436,1,CYP2C9,5.043490886688232,0.0011073481291532516,0.00046840490540489554,0.005020853132009506,32,0.8943084790453748,0.03169023245573044,0.0004866096132900566,0.6128061487377723,False,
473,OCNT-2535436,2,CYP2D6,4.565779685974121,0.0010705071035772562,0.0001886824902612716,0.004302469547837973,32,0.6519561665120339,0.022333767265081406,0.0010087806731462479,0.5936149377929301,False,
473,OCNT-2535436,3,CYP3A4,4.643198490142822,0.002087474800646305,0.001199910999275744,0.007737374864518642,32,0.9360258210345708,0.06252606958150864,6.306803697953e-05,0.6096638503180396,False,
474,OCNT-2535438,0,CYP1A2,5.47261905670166,0.0008812436717562377,0.00011431544407969341,0.0035333442501723766,32,0.7012683795029206,0.01977585069835186,0.0005609889631159604,0.5030554737572014,False,
474,OCNT-2535438,1,CYP2C9,5.288843154907227,0.0007607694715261459,0.0005593076930381358,0.0035616070963442326,32,0.9112816637747029,0.022185100242495537,0.0005230858223512769,0.5941241594146196,False,
474,OCNT-2535438,2,CYP2D6,4.70207405090332,0.0008243086049333215,0.00016178470104932785,0.003264924045652151,32,0.6923223788022234,0.018262214958667755,0.000937239674385637,0.5246621533824755,False,
474,OCNT-2535438,3,CYP3A4,5.085052967071533,0.0008724022191017866,0.0004190742038190365,0.0038495282642543316,32,0.9168328126853775,0.025595396757125854,0.00014917597582098097,0.5467662384013887,False,
475,OCNT-2535439,0,CYP1A2,5.343444347381592,0.0005781985819339752,0.0002576469851192087,0.002692960435524583,32,0.8433781333496249,0.01560475118458271,0.00040479592280462384,0.4987891232018671,False,
475,OCNT-2535439,1,CYP2C9,5.131775856018066,0.0009104294585995376,0.0006626119720749557,0.004267566837370396,32,0.9453174874982745,0.027540938928723335,0.0005830065929330885,0.5497928572023166,False,
475,OCNT-2535439,2,CYP2D6,4.562524795532227,0.0007044167723506689,0.0001626479352125898,0.0023953120689839125,32,0.6555337839460963,0.01477681752294302,0.0017675224225968122,0.5650204267389276,False,
475,OCNT-2535439,3,CYP3A4,4.860616207122803,0.0010571302846074104,0.0003304691053926945,0.004808448255062103,32,0.8557844774480698,0.02894989587366581,0.00016132810560520738,0.5304857666118964,False,
476,OCNT-2535441,0,CYP1A2,4.738308906555176,0.0019935572054237127,0.0003251572488807142,0.008618475869297981,32,0.909109303703089,0.05799585580825806,0.00021754160115960985,0.6024622685055047,False,
476,OCNT-2535441,1,CYP2C9,4.512991905212402,0.0023133063223212957,0.0007046167156659067,0.010235859081149101,2,1.000906340236979,0.004630825947970152,0.0003274868940934539,0.5766905880885375,False,
476,OCNT-2535441,2,CYP2D6,4.431580543518066,0.00121795991435647,0.000372520211385563,0.0046674832701683044,32,0.7738157963900913,0.030159499496221542,0.0013254962395876646,0.6257465287458948,False,
476,OCNT-2535441,3,CYP3A4,4.042544364929199,0.0028820731677114964,0.0013186999130994081,0.01338658295571804,32,0.9730793540171946,0.08974386006593704,0.00035744725028052926,0.6269908764130606,False,
477,OCNT-2535442,0,CYP1A2,3.613830804824829,0.004505704157054424,0.003206382505595684,0.0195214431732893,32,0.9515757525498144,0.13720090687274933,0.00045074475929141045,0.5025020976819983,False,
477,OCNT-2535442,1,CYP2C9,3.4594359397888184,0.004741786979138851,0.0015583543572574854,0.020582087337970734,2,1.0004704465679022,0.009488055482506752,0.0004029987321700901,0.5152651706889966,False,
477,OCNT-2535442,2,CYP2D6,4.283766269683838,0.001911272294819355,0.00041854949085973203,0.008033628575503826,32,0.8352415936658024,0.0510842390358448,0.0007613255875185132,0.5527898595399936,False,
477,OCNT-2535442,3,CYP3A4,2.8884077072143555,0.004452815745025873,0.003801206825301051,0.01789959892630577,32,0.8703319456091578,0.12401396781206131,0.00034483816125430167,0.46586314754877245,False,
478,OCNT-2535443,0,CYP1A2,3.5062429904937744,0.005324133671820164,0.004070635419338942,0.02089419960975647,32,0.9314322221513586,0.15869052708148956,0.0005150057841092348,0.5025926274069601,False,
478,OCNT-2535443,1,CYP2C9,3.4651429653167725,0.0047352975234389305,0.0026902055833488703,0.018266092985868454,2,1.0009560949444396,0.009479669854044914,0.00023966847220435739,0.546638924212663,False,
478,OCNT-2535443,2,CYP2D6,4.421751976013184,0.0018395049264654517,0.0004188732127659023,0.00698199262842536,32,0.8594687724057513,0.05059218034148216,0.0006284018163569272,0.7081158536694818,False,
478,OCNT-2535443,3,CYP3A4,2.957882881164551,0.0040499684400856495,0.0046820566058158875,0.013449441641569138,32,0.8976292853742787,0.11633213609457016,0.00017841205408331007,0.4411691635968319,False,
479,OCNT-2535444,0,CYP1A2,4.94736385345459,0.001715050544589758,0.0008673503762111068,0.007346165832132101,32,0.8451012115768598,0.04638079181313515,0.00047641361015848815,0.5305284524643181,False,
479,OCNT-2535444,1,CYP2C9,4.732687950134277,0.001752313575707376,0.0008728166576474905,0.008423939347267151,32,0.8907448035277625,0.049947939813137054,0.00029649969656020403,0.5842114568564485,False,
479,OCNT-2535444,2,CYP2D6,4.4047675132751465,0.0014847673010081053,0.0004648846806958318,0.006093944422900677,32,0.7730368396308424,0.036729201674461365,0.0006716205971315503,0.5530519492594327,False,
479,OCNT-2535444,3,CYP3A4,4.268228530883789,0.0018998695304617286,0.0007541346712969244,0.008495006710290909,32,0.8633248379624022,0.05248682200908661,0.0002658069133758545,0.5453594032297184,False,
480,OCNT-2535445,0,CYP1A2,5.399178504943848,0.000795648607891053,0.00040467476355843246,0.0030874258372932673,32,0.6747833256438008,0.017180709168314934,0.00033314572647213936,0.49089933382067574,False,
480,OCNT-2535445,1,CYP2C9,5.081004619598389,0.001612967113032937,0.0010147797875106335,0.0074832746759057045,32,0.9431178655759025,0.048679281026124954,0.00022871476539876312,0.6213632838215897,False,
480,OCNT-2535445,2,CYP2D6,4.608309745788574,0.0011782599613070488,0.0003530271351337433,0.004595538601279259,32,0.7055374686491888,0.026602035388350487,0.0005455559003166854,0.5238237616475516,False,
480,OCNT-2535445,3,CYP3A4,4.764370441436768,0.0018323467811569571,0.0008641806780360639,0.00802538637071848,32,0.9334957722821035,0.05473591387271881,0.00025725094019435346,0.5797836741014656,False,
481,OCNT-2535446,0,CYP1A2,4.151233196258545,0.005369185470044613,0.003435348393395543,0.021304404363036156,5,0.9977346325211948,0.02678516134619713,0.0004636446537915617,0.5633228318017871,False,
481,OCNT-2535446,1,CYP2C9,4.162871360778809,0.003353001084178686,0.001311938394792378,0.013299091719090939,32,0.9251029452151026,0.09926017373800278,0.0002771597937680781,0.549393842288906,False,
481,OCNT-2535446,2,CYP2D6,4.502269744873047,0.0010617922525852919,0.00043563099461607635,0.0040014698170125484,32,0.8202469344353552,0.02787008136510849,0.001165934605523944,0.5872871864070985,False,
481,OCNT-2535446,3,CYP3A4,3.825259208679199,0.0034076247829943895,0.0017064596759155393,0.012362687848508358,32,0.9087844941769999,0.09909778088331223,0.0002006048453040421,0.5267989117146394,False,
482,OCNT-2535447,0,CYP1A2,4.909554481506348,0.001877903239801526,0.0009153379942290485,0.007936116307973862,32,0.8663734051482509,0.052063170820474625,0.00041291117668151855,0.5350544526874637,False,
482,OCNT-2535447,1,CYP2C9,4.713718891143799,0.0017589579802006483,0.0007964473334141076,0.008314481005072594,32,0.869935185305758,0.048966020345687866,0.0003289598389528692,0.5849172330189883,False,
482,OCNT-2535447,2,CYP2D6,4.464420318603516,0.001589784282259643,0.00044331271783448756,0.006590982899069786,32,0.7877551027659807,0.040075793862342834,0.0005244260537438095,0.5723191323304845,False,
482,OCNT-2535447,3,CYP3A4,4.2673869132995605,0.001918851863592863,0.0006906711496412754,0.008475800044834614,32,0.8434943955183823,0.051793575286865234,0.0002807478012982756,0.5418948515905965,False,
483,OCNT-2535450,0,CYP1A2,3.5990498065948486,0.005894470494240522,0.0047594159841537476,0.023481857031583786,32,0.9289447681681692,0.17522069811820984,0.00045114304521121085,0.5289230066466,False,
483,OCNT-2535450,1,CYP2C9,3.623059034347534,0.004478879738599062,0.004437805153429508,0.01693093031644821,32,0.9314743183078761,0.13350306451320648,0.00019794251420535147,0.5041374660564394,False,
483,OCNT-2535450,2,CYP2D6,4.629794120788574,0.0013099538628011942,0.0003030765219591558,0.005478904582560062,32,0.8439415871299547,0.035377055406570435,0.0008498809766024351,0.5659234256032588,False,
483,OCNT-2535450,3,CYP3A4,3.2525112628936768,0.003633300308138132,0.004082092083990574,0.01313733123242855,32,0.8820287746143802,0.10254989564418793,0.00022591785818804055,0.4456226537147523,False,
484,OCNT-2535451,0,CYP1A2,3.3784546852111816,0.007022267207503319,0.004027896095067263,0.02836446836590767,32,0.9741366284285806,0.21890103816986084,0.0005976982065476477,0.527737677298524,False,
484,OCNT-2535451,1,CYP2C9,3.512356758117676,0.004170230124145746,0.0014418000355362892,0.017897548153996468,32,0.9846170365577699,0.1313948631286621,0.00021963407925795764,0.5707010143358808,False,
484,OCNT-2535451,2,CYP2D6,4.720266342163086,0.001297989278100431,0.00047897236072458327,0.005482412874698639,32,0.8619721687191694,0.03580285608768463,0.0006658976781181991,0.6304405119899847,False,
484,OCNT-2535451,3,CYP3A4,3.035867691040039,0.004193122964352369,0.0019182499963790178,0.015597613528370857,5,0.9990475540969317,0.020945696160197258,0.00023126060841605067,0.5374554352130871,False,
485,OCNT-2535452,0,CYP1A2,4.964890003204346,0.0017066046129912138,0.0007860370096750557,0.007582214195281267,32,0.8508565849771488,0.04646669700741768,0.00038791695260442793,0.5369582502647039,False,
485,OCNT-2535452,1,CYP2C9,4.740337371826172,0.0017551290802657604,0.0007401103503070772,0.008423149585723877,32,0.8851199904149655,0.049712277948856354,0.0003201582294423133,0.5856069124781924,False,
485,OCNT-2535452,2,CYP2D6,4.357425689697266,0.0014250553213059902,0.0003940503520425409,0.005886612460017204,32,0.7695165691400139,0.03509156405925751,0.0007995321648195386,0.5923450606604121,False,
485,OCNT-2535452,3,CYP3A4,4.251832485198975,0.0019388779764994979,0.0006984634674154222,0.008664215914905071,32,0.8627612275579355,0.053529515862464905,0.0002794852771330625,0.5436736776977494,False,
486,OCNT-2535454,0,CYP1A2,4.945034980773926,0.002052640076726675,0.0010893415892496705,0.0076932040974497795,32,0.7645112687435482,0.05021677166223526,0.00047008105320855975,0.5100595551151789,False,
486,OCNT-2535454,1,CYP2C9,4.7456865310668945,0.001982721732929349,0.0012206737883388996,0.009457441046833992,32,0.9746446884239898,0.06183868646621704,0.00031087975366972387,0.5912326731994544,False,
486,OCNT-2535454,2,CYP2D6,4.57106351852417,0.0010657258098945022,0.000111744950118009,0.004366935230791569,32,0.6945775757908037,0.023687558248639107,0.0013573964824900031,0.5461350745104088,False,
486,OCNT-2535454,3,CYP3A4,4.2909440994262695,0.0025374609977006912,0.0009455882245674729,0.011194349266588688,32,0.9164566621405296,0.0744154304265976,0.0001698334963293746,0.5943843446573964,False,
487,OCNT-2535460,0,CYP1A2,3.346275568008423,0.007622485049068928,0.004382787737995386,0.031419962644577026,14,0.9860460766213253,0.10522583872079849,0.0003525135980453342,0.6038830245017737,False,
487,OCNT-2535460,1,CYP2C9,3.558898687362671,0.003841891186311841,0.0014271204126998782,0.01546839065849781,32,0.9468330732042312,0.1164044514298439,0.0002250057295896113,0.544516969680806,False,
487,OCNT-2535460,2,CYP2D6,4.7192840576171875,0.0010989869479089975,0.000282631313893944,0.004495718982070684,32,0.8278309110254576,0.029113076627254486,0.0009927956853061914,0.6152369194110998,False,
487,OCNT-2535460,3,CYP3A4,3.167362689971924,0.003814548719674349,0.0017095599323511124,0.013986035250127316,32,0.9389674519585796,0.11461588740348816,0.00016465602675452828,0.46258846273676196,False,
488,OCNT-2535461,0,CYP1A2,4.520255088806152,0.004484701436012983,0.003577701048925519,0.01871730014681816,32,0.9441292530221639,0.1354927122592926,0.0004919234779663384,0.6586085241305585,False,
488,OCNT-2535461,1,CYP2C9,4.027860164642334,0.00553450221195817,0.0030888172332197428,0.025085482746362686,6,0.9979589470240811,0.033139295876026154,0.00022747571347281337,0.5816111606297906,False,
488,OCNT-2535461,2,CYP2D6,4.8291215896606445,0.0008955835364758968,0.0002560567809268832,0.0032946444116532803,32,0.786859386696452,0.02255059778690338,0.0021117646247148514,0.649755799232432,False,
488,OCNT-2535461,3,CYP3A4,3.6995959281921387,0.005728281103074551,0.0032431292347609997,0.023670222610235214,32,0.9393098526649842,0.17218048870563507,0.00033537636045366526,0.5920563095279157,False,
489,OCNT-2535462,0,CYP1A2,4.660268783569336,0.004141137003898621,0.0033625951036810875,0.01724265143275261,32,0.939412097198751,0.12448779493570328,0.0005356940091587603,0.6630443119783431,False,
489,OCNT-2535462,1,CYP2C9,4.296082496643066,0.004182231146842241,0.00280752987600863,0.019000686705112457,8,0.9940581533111961,0.03325912728905678,0.0002636467106640339,0.6037343374327598,False,
489,OCNT-2535462,2,CYP2D6,4.8311614990234375,0.0008723523933440447,0.0002523145521990955,0.0031904461793601513,32,0.7811629354455942,0.0218066293746233,0.0021129485685378313,0.6548952485284879,False,
489,OCNT-2535462,3,CYP3A4,3.9593281745910645,0.004943034145981073,0.002956542419269681,0.020163603127002716,32,0.9293115451441537,0.14699609577655792,0.00031138729536905885,0.5942486209909472,False,
490,OCNT-2535463,0,CYP1A2,4.765649795532227,0.004156502429395914,0.0033657012972980738,0.017338521778583527,32,0.9403253484018137,0.12507116794586182,0.0005271100671961904,0.6633536314379255,False,
490,OCNT-2535463,1,CYP2C9,4.5157976150512695,0.003467791248112917,0.0019589734729379416,0.015528876334428787,8,0.9925093156025048,0.027534600347280502,0.0003947434888686985,0.6176267681527707,False,
490,OCNT-2535463,2,CYP2D6,4.8551225662231445,0.0008578294655308127,0.0002579817664809525,0.00322865042835474,32,0.8034032857337835,0.022054113447666168,0.0022289888001978397,0.663399669505059,False,
490,OCNT-2535463,3,CYP3A4,4.20767879486084,0.004232167731970549,0.00248733046464622,0.017855554819107056,32,0.9777979035234607,0.13242286443710327,0.0003538104647304863,0.5965351045970513,False,
491,OCNT-2535464,0,CYP1A2,4.841403007507324,0.0038216288667172194,0.003107876516878605,0.015990516170859337,32,0.9376366789089043,0.11466588079929352,0.000550494936760515,0.6456017334902404,False,
491,OCNT-2535464,1,CYP2C9,4.5920820236206055,0.003172049531713128,0.0018114520935341716,0.014909693039953709,8,0.9925115414853677,0.0251864455640316,0.0004093105089850724,0.592289961885877,False,
491,OCNT-2535464,2,CYP2D6,4.718910217285156,0.0007760984590277076,0.00020941795082762837,0.002786399330943823,32,0.7421276628642742,0.01843108981847763,0.002072345931082964,0.5702347131367258,False,
491,OCNT-2535464,3,CYP3A4,4.28306245803833,0.004052014090120792,0.002464264165610075,0.017978303134441376,32,0.9783129227096841,0.12685272097587585,0.00031508097890764475,0.592799931300339,False,
492,OCNT-2535465,0,CYP1A2,4.311151027679443,0.005381182301789522,0.00432830024510622,0.023303024470806122,32,0.975557465775829,0.16798919439315796,0.00036067221662960947,0.6338982317171236,False,
492,OCNT-2535465,1,CYP2C9,3.9960098266601562,0.004973108414560556,0.002406751736998558,0.0225073229521513,9,0.9940794968119977,0.04449307546019554,0.0003433570673223585,0.5881180375793642,False,
492,OCNT-2535465,2,CYP2D6,4.69044303894043,0.0009116996079683304,0.00025027632364071906,0.003705344395712018,32,0.7869076319488008,0.022957799956202507,0.0022595778573304415,0.669401303735623,False,
492,OCNT-2535465,3,CYP3A4,3.562731981277466,0.005318612791597843,0.0027779454831033945,0.02318686619400978,5,0.998793565883086,0.026561031118035316,0.00032118684612214565,0.6629183827852512,False,
493,OCNT-2535466,0,CYP1A2,4.994775772094727,0.003651995910331607,0.0029698670841753483,0.015372510999441147,32,0.9413547002945059,0.11001065373420715,0.0005256199510768056,0.6466438903742325,False,
493,OCNT-2535466,1,CYP2C9,4.777296543121338,0.0030387446749955416,0.00172480009496212,0.014233816415071487,9,0.991991433780755,0.0271297674626112,0.0004152149776928127,0.5907981632088749,False,
493,OCNT-2535466,2,CYP2D6,4.766376495361328,0.0007392920088022947,0.00018909465870819986,0.0025559179484844208,32,0.7146610583283655,0.016907211393117905,0.001678028842434287,0.5396782430487287,False,
493,OCNT-2535466,3,CYP3A4,4.575802803039551,0.0032607775647193193,0.0021484061144292355,0.014468925073742867,32,0.9918597539843956,0.10349580645561218,0.0003745022986549884,0.6035547506808632,False,
494,OCNT-2535467,0,CYP1A2,4.588483810424805,0.004426235798746347,0.0035389696713536978,0.018402889370918274,32,0.9286175970494839,0.13152927160263062,0.0005500686820596457,0.6462424951269989,False,
494,OCNT-2535467,1,CYP2C9,4.20756196975708,0.004341969732195139,0.002749684965237975,0.02045152336359024,9,0.9913342330524919,0.03873917832970619,0.00026827328838407993,0.589634539989326,False,
494,OCNT-2535467,2,CYP2D6,4.751648902893066,0.0008231801330111921,0.0002156921400455758,0.0028734146617352962,32,0.7473572118966728,0.019686946645379066,0.001951851649209857,0.5732764755441475,False,
494,OCNT-2535467,3,CYP3A4,3.8843419551849365,0.004891358781605959,0.002656571799889207,0.020761243999004364,32,0.9287534373603752,0.14537201821804047,0.00038220125134103,0.5884727183350255,False,
495,OCNT-2535468,0,CYP1A2,4.936356067657471,0.0037958635948598385,0.003082416718825698,0.01597379520535469,32,0.9412429023618909,0.11433085054159164,0.0005254365969449282,0.6469088259139143,False,
495,OCNT-2535468,1,CYP2C9,4.70247220993042,0.0031625323463231325,0.0017922264523804188,0.01474735327064991,9,0.9914200731679845,0.028218671679496765,0.0004142694524489343,0.5904114171150012,False,
495,OCNT-2535468,2,CYP2D6,4.740688800811768,0.0007533824536949396,0.00020993029465898871,0.0027173953130841255,32,0.7575296119175075,0.018262946978211403,0.0022002928890287876,0.5848350931271152,False,
495,OCNT-2535468,3,CYP3A4,4.5016326904296875,0.0033779493533074856,0.0022327788174152374,0.014957934617996216,32,0.9910439112900652,0.10712659358978271,0.0003755842335522175,0.6028260990348162,False,
496,OCNT-2535469,0,CYP1A2,4.810716152191162,0.003880193457007408,0.0031236265785992146,0.01634109765291214,32,0.9443982203028096,0.11726263165473938,0.0004981132806278765,0.646260095028968,False,
496,OCNT-2535469,1,CYP2C9,4.5259599685668945,0.003708058735355735,0.002021297812461853,0.01745876856148243,10,0.9921418508796076,0.03678930178284645,0.00032192288199439645,0.5916133830871599,False,
496,OCNT-2535469,2,CYP2D6,4.7121148109436035,0.0007705733878538013,0.00021466266480274498,0.0028065061196684837,32,0.7462866436475001,0.01840243488550186,0.0020681240130215883,0.565511471210966,False,
496,OCNT-2535469,3,CYP3A4,4.290224552154541,0.0038897066842764616,0.0024742402601987123,0.016862044110894203,32,0.9556871289685345,0.11895526945590973,0.0003662633243948221,0.5939074323529264,False,
497,OCNT-2535471,0,CYP1A2,4.754772186279297,0.0036501088179647923,0.0031502419151365757,0.01526433601975441,32,0.9303447004030578,0.10866779834032059,0.000576609920244664,0.6399263625898944,False,
497,OCNT-2535471,1,CYP2C9,4.210657596588135,0.004873945843428373,0.002862101886421442,0.02245895192027092,5,0.9981087068238605,0.024323688820004463,0.0002782308729365468,0.5813340716974629,False,
497,OCNT-2535471,2,CYP2D6,4.783991813659668,0.0008501805132254958,0.00022688237368129194,0.00316424947232008,32,0.7929200812384035,0.021572260186076164,0.0017573571531102061,0.6298899790800896,False,
497,OCNT-2535471,3,CYP3A4,3.947410821914673,0.005070862360298634,0.0030568090733140707,0.021337337791919708,32,0.9741708533706785,0.158076673746109,0.00036324787652119994,0.5787036678606271,False,
498,OCNT-2535473,0,CYP1A2,4.9625749588012695,0.002395687159150839,0.00043547170935198665,0.009903842583298683,32,0.9572053572369298,0.07338157296180725,0.0003929002850782126,0.5891335374628914,False,
498,OCNT-2535473,1,CYP2C9,5.107918739318848,0.0015018711565062404,0.0005960270646028221,0.006236983463168144,32,0.9212463294861719,0.044275280088186264,0.00025100147468037903,0.5172438736570445,False,
498,OCNT-2535473,2,CYP2D6,4.701056957244873,0.0009542813641019166,6.990772089920938e-05,0.0032114696223288774,32,0.8325741607010729,0.025424586609005928,0.00024686436518095434,0.4590696588494767,False,
498,OCNT-2535473,3,CYP3A4,4.96194314956665,0.001780495629645884,0.0009409962804056704,0.007930124178528786,32,0.9576536013014245,0.05456344410777092,0.0004363050975371152,0.5194686693904134,False,
499,OCNT-2535474,0,CYP1A2,5.32921028137207,0.000745654571801424,0.0003336809459142387,0.0029766825027763844,32,0.7229983986118704,0.01725165732204914,0.0004663503495976329,0.5101473295569485,False,
499,OCNT-2535474,1,CYP2C9,5.095131874084473,0.0009627682738937438,0.00023520670947618783,0.004905750975012779,4,0.9987950235236434,0.003846472594887018,0.0005342084332369268,0.5931542471279969,False,
499,OCNT-2535474,2,CYP2D6,4.456644058227539,0.0011478372616693377,0.00010277608089381829,0.004714964888989925,32,0.6572294219598473,0.024140767753124237,0.0010581865208223462,0.5491730668144323,False,
499,OCNT-2535474,3,CYP3A4,4.620242118835449,0.0026523577980697155,0.001093563623726368,0.010508743114769459,2,1.0013931954933992,0.005312126129865646,5.316011811373755e-05,0.6234845112394038,False,
500,OCNT-2535475,0,CYP1A2,5.422519207000732,0.0007248991751112044,0.00034468460944481194,0.0030947988852858543,32,0.7705562543230031,0.017874665558338165,0.0004562591202557087,0.5132135978295067,False,
500,OCNT-2535475,1,CYP2C9,5.200490951538086,0.0010297531262040138,0.0002541304857004434,0.005271312780678272,2,1.0002014675180082,0.002059941180050373,0.000476461456855759,0.5923552761856687,False,
500,OCNT-2535475,2,CYP2D6,4.426141738891602,0.0010717827826738358,9.847602632362396e-05,0.004331796895712614,32,0.6513573441706438,0.022339843213558197,0.0013257075333967805,0.5431918616137315,False,
500,OCNT-2535475,3,CYP3A4,4.840562343597412,0.0014517229283228517,0.000569535419344902,0.006479178089648485,32,0.9569720623458701,0.04445657134056091,0.00013387834769673645,0.6043302689212394,False,
501,OCNT-2535477,0,CYP1A2,5.3209686279296875,0.0005879139644093812,0.00035591315827332437,0.002663681283593178,32,0.7830042400680625,0.014731102623045444,0.0005991657380945981,0.5182279892905015,False,
501,OCNT-2535477,1,CYP2C9,5.083963394165039,0.0010402263142168522,0.0002612289390526712,0.005409725476056337,2,1.0016042752336738,0.002083810279145837,0.0004842823254875839,0.5914265166823085,False,
501,OCNT-2535477,2,CYP2D6,4.338465690612793,0.001104295952245593,8.07843025540933e-05,0.00444935355335474,32,0.6591335055406855,0.02329232171177864,0.0016111053992062807,0.554179432354604,False,
501,OCNT-2535477,3,CYP3A4,4.665252685546875,0.0019228585297241807,0.001290569663979113,0.007914900779724121,32,0.9560590868571102,0.05882802978157997,9.55525683821179e-05,0.5999740293190658,False,
502,OCNT-2535479,0,CYP1A2,5.4355692863464355,0.0008197369170375168,0.00030317730852402747,0.0031575672328472137,32,0.7387262680822803,0.019378194585442543,0.00039062355062924325,0.5109893473206896,False,
502,OCNT-2535479,1,CYP2C9,5.100562572479248,0.001652614795602858,0.0008968299953266978,0.007541295140981674,32,0.9330835455068288,0.04934518411755562,0.0002396612399024889,0.6262561398030075,False,
502,OCNT-2535479,2,CYP2D6,4.561007022857666,0.001077239983715117,0.0002510668127797544,0.004292699974030256,32,0.683572300621196,0.023564103990793228,0.0007487661787308753,0.5889355953864546,False,
502,OCNT-2535479,3,CYP3A4,4.764065742492676,0.0018986351788043976,0.0008175535476766527,0.008260518312454224,32,0.9328979743811444,0.056679751724004745,0.00026345252990722656,0.5827168410276832,False,
503,OCNT-2535482,0,CYP1A2,3.15993595123291,0.007498043589293957,0.005911422893404961,0.029111413285136223,32,0.9501859960672474,0.2279854565858841,0.0004912253352813423,0.5651841537920017,False,
503,OCNT-2535482,1,CYP2C9,3.412114381790161,0.004080815706402063,0.002268643816933036,0.01605154573917389,32,0.959655592672672,0.1253179907798767,0.00021048476628493518,0.5577998257185913,False,
503,OCNT-2535482,2,CYP2D6,4.418073654174805,0.0017281605396419764,0.0004334912810008973,0.007165538612753153,32,0.8747193029380157,0.048373252153396606,0.0006498793954961002,0.6260574483048074,False,
503,OCNT-2535482,3,CYP3A4,2.8766705989837646,0.003722287015989423,0.0027378336526453495,0.013150547631084919,32,0.9354546407462561,0.11142528057098389,0.000142431614222005,0.46709492989011736,False,
504,OCNT-2535486,0,CYP1A2,5.08949613571167,0.0012681299122050405,0.00034910740214399993,0.005272923037409782,32,0.6966458800839906,0.02827022224664688,0.0003836281248368323,0.4825238933579362,False,
504,OCNT-2535486,1,CYP2C9,5.050991058349609,0.0007425135700032115,0.00023272802354767919,0.0036002120468765497,32,0.8608763634310901,0.020455071702599525,0.0009515763958916068,0.5524197735871715,False,
504,OCNT-2535486,2,CYP2D6,4.531567573547363,0.0011260784231126308,0.00021321601525414735,0.004473786801099777,32,0.692145464063393,0.024941343814134598,0.00039245866355486214,0.4962001429779649,False,
504,OCNT-2535486,3,CYP3A4,4.67410135269165,0.0012431585928425193,0.0011484535643830895,0.005333638750016689,32,0.9094514727294063,0.03617924824357033,0.0003355533699505031,0.5785480331421181,False,
505,OCNT-2535489,0,CYP1A2,4.940195560455322,0.002388209803029895,0.0018099421868100762,0.008211392909288406,32,0.7902570845239101,0.06039384379982948,0.0006217613117769361,0.5124845861471969,False,
505,OCNT-2535489,1,CYP2C9,4.955704689025879,0.0007598562515340745,0.0003587578539736569,0.0034870123490691185,5,0.9931325239404422,0.003773239441215992,0.0016866299556568265,0.5834606133588842,False,
505,OCNT-2535489,2,CYP2D6,4.629245281219482,0.0007853105780668557,0.00019503140356391668,0.0028079093899577856,32,0.6208217660389467,0.01560141146183014,0.001333047985099256,0.5880303072846914,False,
505,OCNT-2535489,3,CYP3A4,4.6903181076049805,0.0009653120068833232,0.0002439202944515273,0.00478692352771759,2,1.0037598772020062,0.0019379029981791973,0.0010598780354484916,0.5750693105224108,False,
506,OCNT-2535491,0,CYP1A2,5.321722030639648,0.0008506373851560056,0.0003058600705116987,0.003148648887872696,32,0.6592502313507531,0.017945263534784317,0.0004118256620131433,0.4966168856863777,False,
506,OCNT-2535491,1,CYP2C9,5.098545551300049,0.0008948894683271646,0.00021480867872014642,0.00449881749227643,7,0.9924596155931199,0.006217061076313257,0.0005441569956019521,0.5911709700511685,False,
506,OCNT-2535491,2,CYP2D6,4.559019565582275,0.0009997925953939557,7.568739238195121e-05,0.004080792888998985,32,0.6574731520836059,0.02103498764336109,0.0012618736363947392,0.5509125220794064,False,
506,OCNT-2535491,3,CYP3A4,4.656120300292969,0.0024025465827435255,0.0009784006979316473,0.009490477852523327,2,1.0008480602267296,0.004809188190847635,5.276636511553079e-05,0.6195326301386663,False,
507,OCNT-2535492,0,CYP1A2,4.920509338378906,0.0009218229679390788,0.00010470740380696952,0.0038800237234681845,32,0.6177540984392179,0.01822291500866413,0.0003661007503978908,0.4641036587428053,False,
507,OCNT-2535492,1,CYP2C9,4.745842933654785,0.0005062171840108931,4.3927215301664546e-05,0.0022564376704394817,32,0.7499338732297672,0.01214838121086359,0.0016629244200885296,0.5395306658400724,False,
507,OCNT-2535492,2,CYP2D6,4.265736103057861,0.0015457924455404282,0.0002704639337025583,0.005777774844318628,32,0.7897341459867477,0.03906473517417908,0.0008600263972766697,0.5900911693043733,False,
507,OCNT-2535492,3,CYP3A4,4.232253551483154,0.0007881632773205638,0.0006629229756072164,0.002842990215867758,32,0.7040704162081202,0.01775774359703064,0.0006674148607999086,0.4738354317544696,False,
508,OCNT-2535493,0,CYP1A2,5.421518325805664,0.0008613485842943192,0.0005398355424404144,0.003142622299492359,32,0.6492835485043058,0.017896510660648346,0.0012717978097498417,0.47235650458579836,False,
508,OCNT-2535493,1,CYP2C9,5.127892971038818,0.0018843850120902061,0.00017592035874258727,0.008519371971487999,32,0.9234879894922499,0.055686917155981064,0.001120126573368907,0.5229809285740222,False,
508,OCNT-2535493,2,CYP2D6,4.493986129760742,0.001226806896738708,0.00010528673738008365,0.004918115679174662,32,0.641864136291563,0.02519839257001877,0.0014302071649581194,0.5622245612611657,False,
508,OCNT-2535493,3,CYP3A4,4.789721965789795,0.00250858417712152,0.0005091517814435065,0.01187366433441639,32,0.7504976678615122,0.06024621054530144,0.00048545634490437806,0.5052111313899426,False,
509,OCNT-2535494,0,CYP1A2,5.477398872375488,0.0010393527336418629,0.0005862377001903951,0.0054746875539422035,32,0.9754066447797112,0.0324416421353817,0.0018832810455933213,0.6255039870735397,False,
509,OCNT-2535494,1,CYP2C9,5.092191696166992,0.0007909914711490273,0.00020134117221459746,0.003948313649743795,2,1.0047189474675096,0.0015894683310762048,0.002018839120864868,0.7578711339406331,True,spectral
509,OCNT-2535494,2,CYP2D6,4.374817371368408,0.0011917523806914687,0.00012854333908762783,0.004873940255492926,32,0.8209350309749412,0.03130750358104706,0.0005986528121866286,0.5724443475600784,False,
509,OCNT-2535494,3,CYP3A4,4.812309741973877,0.0007627319428138435,0.0002458120579831302,0.0032993946224451065,32,0.9099378663908829,0.0222095288336277,0.0010324274189770222,0.5803594952425251,False,
510,OCNT-2535495,0,CYP1A2,5.369933605194092,0.0007183108245953918,0.0005374408210627735,0.002760282251983881,32,0.6886585090221751,0.01582968793809414,0.0006603418150916696,0.4733817134754295,False,
510,OCNT-2535495,1,CYP2C9,5.171801567077637,0.0007865330553613603,0.00019547605188563466,0.003577746683731675,2,1.0044230369383835,0.0015800439286977053,0.0011781725334003568,0.6233356596373105,False,
510,OCNT-2535495,2,CYP2D6,4.609780311584473,0.0009938381845131516,0.00010870835103560239,0.004066452383995056,32,0.7474153169071762,0.023770155385136604,0.0008044838905334473,0.5728461597032075,False,
510,OCNT-2535495,3,CYP3A4,4.88275146484375,0.0010646467562764883,0.0005820199148729444,0.004926871974021196,2,1.0016619517827634,0.002132852328941226,0.0005138805136084557,0.5691048815402793,False,
511,OCNT-2535496,0,CYP1A2,5.3056535720825195,0.0013408720260486007,0.0008502547279931605,0.005657135508954525,32,0.8949948285765877,0.03840263932943344,0.0004990579327568412,0.5136132527588775,False,
511,OCNT-2535496,1,CYP2C9,5.116387367248535,0.0012386246817186475,0.0001222614082507789,0.005658633075654507,32,0.7522238054971564,0.029815375804901123,0.001005461672320962,0.5101819389356959,False,
511,OCNT-2535496,2,CYP2D6,4.507026672363281,0.0012825955636799335,0.00012392607459332794,0.005036740563809872,32,0.7051047407470978,0.028939880430698395,0.0011049490422010422,0.5861937617432997,False,
511,OCNT-2535496,3,CYP3A4,4.786049842834473,0.001781707862392068,0.0002524743031244725,0.008519114926457405,32,0.7636547704428774,0.043539755046367645,0.000520462344866246,0.47703889267115535,False,
512,OCNT-2535497,0,CYP1A2,5.431303977966309,0.0007871714769862592,0.0005207021604292095,0.002811597427353263,32,0.591650170468013,0.014903553761541843,0.0012699943035840988,0.45805694039078143,False,
512,OCNT-2535497,1,CYP2C9,5.132312297821045,0.0018237605690956116,0.0001895622699521482,0.00813859049230814,32,0.8736466827951174,0.05098659545183182,0.0012856252724304795,0.5218857247198239,False,
512,OCNT-2535497,2,CYP2D6,4.4943413734436035,0.0012272545136511326,0.00010457499593030661,0.004912478383630514,32,0.6413329370076325,0.025186724960803986,0.001426401431672275,0.5621256401030733,False,
512,OCNT-2535497,3,CYP3A4,4.794831275939941,0.002399876480922103,0.00033971539232879877,0.011393184773623943,32,0.735179874738895,0.05645914375782013,0.0004920896026305854,0.48564406942276367,False,
513,OCNT-2535498,0,CYP1A2,5.190176010131836,0.0014188522472977638,0.0014626646880060434,0.0052429428324103355,32,0.7370508466970017,0.03346475586295128,0.0005367127596400678,0.4909763157954612,False,
513,OCNT-2535498,1,CYP2C9,4.957961082458496,0.0016773261595517397,0.00021735126210842282,0.007228725589811802,2,1.0036144051375357,0.003366797463968396,0.0006613903096877038,0.6134379342572932,False,
513,OCNT-2535498,2,CYP2D6,4.602487564086914,0.0011284046340733767,0.00010810075036715716,0.004661983344703913,32,0.7122080753143554,0.02571731247007847,0.000890814873855561,0.5531265274149513,False,
513,OCNT-2535498,3,CYP3A4,4.637765407562256,0.002072295406833291,0.0008848845609463751,0.009380975738167763,2,1.0024751519638266,0.004154869355261326,0.00037738049286417663,0.6317944162974409,False,
514,OCNT-2535499,0,CYP1A2,5.17417049407959,0.001555850263684988,0.0009601696510799229,0.00618375651538372,32,0.7735918263317376,0.03851522505283356,0.00037107322714291513,0.54121528176339,False,
514,OCNT-2535499,1,CYP2C9,4.954207897186279,0.0014718571910634637,0.0003965559008065611,0.0060745589435100555,3,0.9991574762294725,0.004411881323903799,0.00036991634988225996,0.6088060323277666,False,
514,OCNT-2535499,2,CYP2D6,4.61931037902832,0.0009129513055086136,0.00014209005166776478,0.003606037236750126,32,0.7093137442201516,0.02072243206202984,0.0010897020110860467,0.5460539989219064,False,
514,OCNT-2535499,3,CYP3A4,4.625491619110107,0.001976750558242202,0.0010134667390957475,0.00862386915832758,2,1.000127801500788,0.003954026382416487,0.00020502823463175446,0.5838871083757661,False,
515,OCNT-2535501,0,CYP1A2,5.029528617858887,0.0016240624245256186,0.00026741018518805504,0.0071324557065963745,32,0.9310804074094361,0.04838854447007179,0.00020017226052004844,0.6074106270524052,False,
515,OCNT-2535501,1,CYP2C9,4.893887519836426,0.0011958586983382702,0.0006041805609129369,0.005248147528618574,32,0.935530867773402,0.03580070659518242,0.00030865633743815124,0.5323989551365333,False,
515,OCNT-2535501,2,CYP2D6,4.431768894195557,0.0011485287686809897,0.00030514149693772197,0.004368077497929335,32,0.7425417978459546,0.027290817350149155,0.0012684483081102371,0.6365545891590557,False,
515,OCNT-2535501,3,CYP3A4,4.4862961769104,0.0017581345746293664,0.0008890661993063986,0.008455868810415268,32,0.9117641179727084,0.0512964203953743,0.00025862004258669913,0.6165830291007999,False,
516,OCNT-2535502,0,CYP1A2,4.610855579376221,0.0037836753763258457,0.001983043970540166,0.014606116339564323,32,0.8586140220876136,0.10395921021699905,0.00048740344936959445,0.5982471925386628,False,
516,OCNT-2535502,1,CYP2C9,4.808335781097412,0.0015951597597450018,0.0014646645868197083,0.005898383911699057,32,0.839549547984725,0.042855169624090195,0.00042030576150864363,0.5466571788046919,False,
516,OCNT-2535502,2,CYP2D6,4.828529357910156,0.0005625064368359745,6.180908530950546e-05,0.0017597000114619732,32,0.4576995920759455,0.008238833397626877,0.0023394885938614607,0.520794104234271,True,recurrence
516,OCNT-2535502,3,CYP3A4,4.665748596191406,0.0014982419088482857,0.0014805629616603255,0.006371587514877319,32,0.8758875632745821,0.041993606835603714,0.00017835335165727884,0.5128871349499382,False,
517,OCNT-2535505,0,CYP1A2,4.981511116027832,0.002011267002671957,0.001131074852310121,0.0070877899415791035,32,0.7570278646465521,0.04872296750545502,0.0005140990833751857,0.4925267301486052,False,
517,OCNT-2535505,1,CYP2C9,4.7365522384643555,0.002242801710963249,0.003919235430657864,0.009507539682090282,32,0.8361592718216516,0.0600111298263073,0.00028580427169799805,0.5594696730475079,False,
517,OCNT-2535505,2,CYP2D6,4.590300559997559,0.0008758022449910641,3.557105810614303e-05,0.004145945888012648,32,0.7882733049157369,0.022092141211032867,0.0006922673201188445,0.5767259487242152,False,
517,OCNT-2535505,3,CYP3A4,4.521795272827148,0.0014952695928514004,0.0010257888352498412,0.006750770378857851,32,0.857071915509942,0.04100998863577843,0.00018614981672726572,0.5184830299230155,False,
518,OCNT-2535507,0,CYP1A2,4.8371381759643555,0.0011498816311359406,0.0005257910233922303,0.004749943036586046,32,0.6798940671018491,0.025017743930220604,0.00043439955334179103,0.49387858747478897,False,
518,OCNT-2535507,1,CYP2C9,4.39678430557251,0.002952373353764415,0.0019933327566832304,0.012890561483800411,32,0.9784454617911803,0.09243987500667572,0.0003549537796061486,0.5698415147470055,False,
518,OCNT-2535507,2,CYP2D6,4.3300065994262695,0.0015126715879887342,0.00026966497534886,0.005427590571343899,32,0.8298849611101223,0.04017125442624092,0.0008617503917776048,0.5853835173330174,False,
518,OCNT-2535507,3,CYP3A4,3.876086711883545,0.0027312093880027533,0.0025430868845432997,0.012158382683992386,32,0.962197602218129,0.08409512788057327,0.00020195408433210105,0.5751781678751474,False,
519,OCNT-2535509,0,CYP1A2,4.776991844177246,0.0023691717069596052,0.0014013575855642557,0.01053678710013628,32,0.9254770152729235,0.07016394287347794,0.0005638337461277843,0.5266875599375236,False,
519,OCNT-2535509,1,CYP2C9,4.863107681274414,0.0014184516621753573,0.00016913449508138,0.0066469581797719,32,0.8113085281153277,0.03682592138648033,0.0008547522593289614,0.5476399771650402,False,
519,OCNT-2535509,2,CYP2D6,4.399016380310059,0.000828731688670814,9.085585043067113e-05,0.003263703314587474,32,0.715669578055385,0.01897936686873436,0.0010354211553931236,0.5121528257017759,False,
519,OCNT-2535509,3,CYP3A4,4.486822605133057,0.0014426177367568016,0.00016562479140702635,0.006742844823747873,32,0.8236413685342252,0.03802265226840973,0.0005511497147381306,0.5215312713308081,False,
520,OCNT-2535510,0,CYP1A2,4.774774551391602,0.002369597554206848,0.0014016844797879457,0.010538085363805294,32,0.925634256276629,0.0701884776353836,0.0005638707662001252,0.5267212336789215,False,
520,OCNT-2535510,1,CYP2C9,4.859681606292725,0.0014109511394053698,0.00016451641567982733,0.006611445918679237,32,0.8094132243419461,0.03654561936855316,0.0008706513908691704,0.5478275568670145,False,
520,OCNT-2535510,2,CYP2D6,4.369556903839111,0.000983582460321486,9.561511251376942e-05,0.004066405817866325,32,0.7764026464861318,0.02443724125623703,0.0006016854313202202,0.5321969596344229,False,
520,OCNT-2535510,3,CYP3A4,4.4848785400390625,0.0014412762830033898,0.00016706374299246818,0.006729745306074619,32,0.8225453610756988,0.0379367470741272,0.0005528692272491753,0.5209971550672604,False,
521,OCNT-2535511,0,CYP1A2,4.697242736816406,0.002472757128998637,0.0014622953021898866,0.01099637895822525,32,0.9253192986447266,0.0732191726565361,0.0005637822905555367,0.5266838557708017,False,
521,OCNT-2535511,1,CYP2C9,4.7810845375061035,0.0014728866517543793,0.0001742268359521404,0.006890586577355862,32,0.8091231028181077,0.03813615068793297,0.0008725126390345395,0.5474987294035296,False,
521,OCNT-2535511,2,CYP2D6,4.32465934753418,0.0008366698166355491,9.491058153798804e-05,0.0033207437954843044,32,0.7305704479301096,0.019560113549232483,0.0010397100122645497,0.5128991922498196,False,
521,OCNT-2535511,3,CYP3A4,4.393855571746826,0.001506103202700615,0.00017271038086619228,0.007045867387205362,32,0.8236439742055968,0.03969603404402733,0.00054948526667431,0.5203116860472932,False,
522,OCNT-2535513,0,CYP1A2,4.739313125610352,0.0023596712853759527,0.0014013975160196424,0.010554199106991291,32,0.9262901740503463,0.06994398683309555,0.0006131484406068921,0.5171758327444372,False,
522,OCNT-2535513,1,CYP2C9,4.817954063415527,0.0014751347480341792,0.00017048032896127552,0.006944218650460243,32,0.7993394951209233,0.037732526659965515,0.0008801275980658829,0.53748655000296,False,
522,OCNT-2535513,2,CYP2D6,4.315496921539307,0.0008073869976215065,9.133629646385089e-05,0.00316640455275774,32,0.7149039735069815,0.0184707622975111,0.0011263859923928976,0.5330688263540073,False,
522,OCNT-2535513,3,CYP3A4,4.4300079345703125,0.0015573526034131646,0.0001789919479051605,0.007476573809981346,32,0.7858248332009216,0.039162054657936096,0.0006846929900348186,0.49974803795480816,False,
523,OCNT-2535514,0,CYP1A2,4.7237958908081055,0.0024406893644481897,0.0014015722554177046,0.010860808193683624,32,0.9101769774541916,0.07108698785305023,0.0005438210209831595,0.5303004903190845,False,
523,OCNT-2535514,1,CYP2C9,4.803137302398682,0.0014178045094013214,0.0001688146876404062,0.006657029967755079,32,0.8094372694254821,0.03672422096133232,0.0008854297338984907,0.5448373719542204,False,
523,OCNT-2535514,2,CYP2D6,4.379796504974365,0.0008683665073476732,0.00010304590978194028,0.0034651292953640223,32,0.7230357916112746,0.02009175345301628,0.0008739377371966839,0.5159671458955013,False,
523,OCNT-2535514,3,CYP3A4,4.422755241394043,0.0014402121305465698,0.0001654926163610071,0.006728328764438629,32,0.8237299376539965,0.03796333074569702,0.000557037943508476,0.5200118856287803,False,
524,OCNT-2535516,0,CYP1A2,4.739286422729492,0.002359725534915924,0.0014014303451403975,0.010554409585893154,32,0.9263055834820724,0.0699467584490776,0.0006131557165645063,0.517172995073446,False,
524,OCNT-2535516,1,CYP2C9,4.817726135253906,0.001473517855629325,0.0001693925296422094,0.006938143167644739,32,0.7989960646615601,0.03767497465014458,0.0008837463101372123,0.5375126007567301,False,
524,OCNT-2535516,2,CYP2D6,4.315496921539307,0.0008074035868048668,9.1281566710677e-05,0.00316647719591856,32,0.7148932500662408,0.01847086474299431,0.0011264889035373926,0.5330656135528355,False,
524,OCNT-2535516,3,CYP3A4,4.42983865737915,0.001557721639983356,0.00018016525427810848,0.007478293497115374,32,0.7857456104564425,0.039167385548353195,0.0006850443314760923,0.4996938024674402,False,
525,OCNT-2535517,0,CYP1A2,4.723348617553711,0.002441531280055642,0.0014029633020982146,0.010861655697226524,32,0.9104845967059999,0.07113554328680038,0.0005448334268294275,0.5303461516450907,False,
525,OCNT-2535517,1,CYP2C9,4.801712989807129,0.0014112640637904406,0.00016369296645279974,0.006632350385189056,32,0.8078121272553944,0.03648141771554947,0.0008987901965156198,0.5457426662482149,False,
525,OCNT-2535517,2,CYP2D6,4.379723072052002,0.0008681423496454954,0.00010317906708223745,0.003464584704488516,32,0.7234135661751253,0.02009706199169159,0.0008737192256376147,0.5160463719867359,False,
525,OCNT-2535517,3,CYP3A4,4.420091152191162,0.001446157693862915,0.00017973885405808687,0.006767946295440197,32,0.8223189048286915,0.038054753094911575,0.0005615976988337934,0.5190265536582708,False,
526,OCNT-2535518,0,CYP1A2,4.723759651184082,0.0024407431483268738,0.0014016608474776149,0.0108608677983284,32,0.9101972722202408,0.07109013944864273,0.0005438887747004628,0.5303039536488598,False,
526,OCNT-2535518,1,CYP2C9,4.802896022796631,0.001416617538779974,0.00016785672050900757,0.006652488838881254,32,0.8091969012274708,0.036682579666376114,0.0008883259724825621,0.5449257385761062,False,
526,OCNT-2535518,2,CYP2D6,4.379792213439941,0.0008683506166562438,0.00010301930888090283,0.0034650922752916813,32,0.7230622951802715,0.02009212225675583,0.0008738673059269786,0.5159724252120619,False,
526,OCNT-2535518,3,CYP3A4,4.422465801239014,0.001440636464394629,0.000166497819009237,0.006731128785759211,32,0.8236086860595634,0.03796892613172531,0.000557201390620321,0.5199531837337241,False,
527,OCNT-2535519,0,CYP1A2,5.2833051681518555,0.0014591044746339321,0.0013326792977750301,0.005253088194876909,32,0.855652345072053,0.039951831102371216,0.0006960639730095863,0.4644463881915327,False,
527,OCNT-2535519,1,CYP2C9,5.039659023284912,0.0018791569164022803,0.001812589936889708,0.008551068603992462,32,0.9391938601690403,0.05647686496376991,0.00022553223243448883,0.5094563209656685,False,
527,OCNT-2535519,2,CYP2D6,4.641077995300293,0.0009717547800391912,0.00024962800671346486,0.0038860118947923183,32,0.7245445253739444,0.022530779242515564,0.0006054847617633641,0.5836959615375459,False,
527,OCNT-2535519,3,CYP3A4,4.777660369873047,0.0019241769332438707,0.0010831308318302035,0.008526688441634178,32,0.9352586234643381,0.05758759751915932,0.00028792204102501273,0.5577044983387576,False,
528,OCNT-2535520,0,CYP1A2,4.798227310180664,0.0024154114071279764,0.001870334381237626,0.009159617125988007,32,0.8461406443650697,0.06540115922689438,0.000490790989715606,0.5042230800403132,False,
528,OCNT-2535520,1,CYP2C9,4.656154155731201,0.0019710659980773926,0.0005389472935348749,0.007469998672604561,32,0.9890576238672497,0.06238424777984619,0.0003977300657425076,0.5885692359552646,False,
528,OCNT-2535520,2,CYP2D6,4.5174713134765625,0.0021402721758931875,0.001055693021044135,0.008339349180459976,32,0.8548941122526844,0.058550868183374405,0.0005865702405571938,0.5761285837229282,False,
528,OCNT-2535520,3,CYP3A4,4.487464427947998,0.001993420533835888,0.0005617134156636894,0.008269215933978558,17,0.9706020129726693,0.03289207071065903,0.0003056914429180324,0.5345963873861607,False,
529,OCNT-2535521,0,CYP1A2,4.269240856170654,0.002367689274251461,0.0009180020424537361,0.011078757233917713,32,0.8225291511778525,0.062320053577423096,0.000595815246924758,0.5407652241279078,False,
529,OCNT-2535521,1,CYP2C9,4.236106872558594,0.0013774001272395253,0.0004137447685934603,0.005924724508076906,32,0.8580914169113015,0.03782220184803009,0.0004746832710225135,0.5390163340372034,False,
529,OCNT-2535521,2,CYP2D6,4.337225914001465,0.0011422376846894622,0.00024189968826249242,0.0048399921506643295,32,0.8107677822897196,0.029635123908519745,0.0005955063970759511,0.5191146349953872,False,
529,OCNT-2535521,3,CYP3A4,2.999009609222412,0.0031251483596861362,0.0003526578366290778,0.018808841705322266,2,1.0023739364515944,0.0062651545740664005,0.0005753049626946449,0.6614092353810701,False,
530,OCNT-2535522,0,CYP1A2,4.824990272521973,0.001989644719287753,0.0009169026161544025,0.008279161527752876,32,0.8489615405538167,0.05405249074101448,0.00025370807270519435,0.5658595062956182,False,
530,OCNT-2535522,1,CYP2C9,4.74434232711792,0.0013637128286063671,0.0007052549044601619,0.005673807114362717,32,0.85445904839344,0.03728784993290901,0.0004860451736021787,0.5410949890962147,False,
530,OCNT-2535522,2,CYP2D6,4.396424770355225,0.0013139636721462011,0.0001817138836486265,0.005473829805850983,32,0.7744976833379893,0.03256542608141899,0.0007181537803262472,0.6308140421379747,False,
530,OCNT-2535522,3,CYP3A4,4.332860469818115,0.0012817305978387594,0.0007979808142408729,0.005996800027787685,32,0.8172577210477106,0.033520396798849106,0.0004275359970051795,0.5855946610768678,False,
531,OCNT-2535523,0,CYP1A2,4.155290126800537,0.005001753568649292,0.0037780110724270344,0.019218122586607933,32,0.951208225551196,0.15224699676036835,0.00044246966717764735,0.5509944010199646,False,
531,OCNT-2535523,1,CYP2C9,4.100661754608154,0.00366524257697165,0.001586690079420805,0.017495132982730865,2,1.0011885328415866,0.007339217700064182,0.0003879594150930643,0.6316700470121874,False,
531,OCNT-2535523,2,CYP2D6,4.350625991821289,0.001301875920034945,0.0001737601705826819,0.005590543150901794,32,0.791790845367948,0.03298628330230713,0.0010121699888259172,0.5774720928577911,False,
531,OCNT-2535523,3,CYP3A4,3.5682997703552246,0.00417786929756403,0.0022915834560990334,0.018502414226531982,32,0.971498490647224,0.12988170981407166,0.0002622640458866954,0.5889968928336822,False,
532,OCNT-2535524,0,CYP1A2,4.742356300354004,0.0028577372431755066,0.002155464608222246,0.011249644681811333,32,0.9642747746039224,0.08818091452121735,0.0004889766569249332,0.5385876140875001,False,
532,OCNT-2535524,1,CYP2C9,4.542699813842773,0.002377183409407735,0.002238786080852151,0.01036092545837164,32,0.9693808098895185,0.07374098151922226,0.00030652861460112035,0.5657278017192104,False,
532,OCNT-2535524,2,CYP2D6,4.667235851287842,0.0011179684661328793,7.977382483659312e-05,0.0046379342675209045,32,0.7764621471266088,0.027778174728155136,0.0007697154069319367,0.6150635183053773,False,
532,OCNT-2535524,3,CYP3A4,4.248437881469727,0.0024641926866024733,0.0018791696056723595,0.009473731741309166,32,0.8792598450490752,0.06933358311653137,0.0003583566576708108,0.4833962684955386,False,
533,OCNT-2535529,0,CYP1A2,5.499402046203613,0.0007170517346821725,3.129113247268833e-05,0.0029810871928930283,32,0.6598545593604191,0.01514100655913353,0.0004676309472415596,0.44637133110581473,False,
533,OCNT-2535529,1,CYP2C9,5.330922603607178,0.000365452840924263,8.419671939918771e-05,0.0014030507300049067,32,0.6094815221175923,0.007127771154046059,0.002432974986732006,0.5766183551815044,False,
533,OCNT-2535529,2,CYP2D6,4.461201190948486,0.0009291931055486202,0.00011486815492389724,0.003524936968460679,32,0.6183577980389164,0.018386559560894966,0.0015080878511071205,0.5621433419081534,False,
533,OCNT-2535529,3,CYP3A4,5.077786922454834,0.0007735827821306884,5.4863055993337184e-05,0.003020009957253933,16,0.9757473743236594,0.012077298015356064,0.0004978577489964664,0.5212687335234754,False,
534,OCNT-2535530,0,CYP1A2,5.400211334228516,0.0008406083798035979,0.00013386706996243447,0.0037346510216593742,32,0.8026894288024213,0.02159217558801174,0.0004432941786944866,0.5103443299102832,False,
534,OCNT-2535530,1,CYP2C9,5.16314172744751,0.0012369839241728187,0.0006872895755805075,0.0057875653728842735,32,0.9781527836202245,0.03871900960803032,0.0002685731160454452,0.5304747041081433,False,
534,OCNT-2535530,2,CYP2D6,4.5420613288879395,0.0007922169170342386,0.00010202116391155869,0.0031330338679254055,32,0.6899877438097803,0.017492059618234634,0.0012065686751157045,0.5235374643026713,False,
534,OCNT-2535530,3,CYP3A4,4.887167930603027,0.0015895275864750147,0.0007880695047788322,0.006796061061322689,32,0.8750711210174729,0.04451067000627518,0.00026229926152154803,0.5124569658801968,False,
535,OCNT-2535531,0,CYP1A2,4.016685485839844,0.0043448214419186115,0.002994944341480732,0.016776813194155693,32,0.8907585394060515,0.12384626269340515,0.0004780292510986328,0.49941822552229076,False,
535,OCNT-2535531,1,CYP2C9,4.124729156494141,0.002230966230854392,0.0013059931807219982,0.009851375594735146,32,0.9409164344444346,0.06717319041490555,0.000362149701686576,0.5425034253240151,False,
535,OCNT-2535531,2,CYP2D6,4.374745845794678,0.0014531207270920277,0.00031966151436790824,0.005601224023848772,32,0.863633850668224,0.040159132331609726,0.0008002221584320068,0.5766433098514507,False,
535,OCNT-2535531,3,CYP3A4,3.5817933082580566,0.0018369442550465465,0.0008353990851901472,0.007544183637946844,32,0.8793042239094099,0.051687732338905334,0.00024822985869832337,0.47874958476316304,False,
536,OCNT-2535533,0,CYP1A2,4.979491233825684,0.0008283016504719853,0.0004333801625762135,0.003630715422332287,32,0.8305105861673164,0.02201349101960659,0.00043811131035909057,0.5219271682619592,False,
536,OCNT-2535533,1,CYP2C9,4.80424690246582,0.0014147472102195024,0.0003117353480774909,0.006614118814468384,32,0.9831911944107605,0.044511258602142334,0.0006047721835784614,0.5816909831684858,False,
536,OCNT-2535533,2,CYP2D6,4.220746994018555,0.0010301540605723858,0.00018208146502729505,0.0038402273785322905,32,0.6849275965625158,0.022578809410333633,0.0010800984455272555,0.6229419056554442,False,
536,OCNT-2535533,3,CYP3A4,4.365322589874268,0.0020765368826687336,0.0010755780385807157,0.00842183269560337,14,0.9872892019302459,0.028702132403850555,0.0002027018490480259,0.6048007127930943,False,
537,OCNT-2535534,0,CYP1A2,4.8708624839782715,0.0027672909200191498,0.001972950529307127,0.010712754912674427,32,0.9132503624772327,0.08087163418531418,0.0004486838879529387,0.5606496111486532,False,
537,OCNT-2535534,1,CYP2C9,4.996638774871826,0.001861988683231175,0.001192432246170938,0.00783144123852253,32,0.9361857958722124,0.05578165501356125,0.0003560140321496874,0.5172674705417686,False,
537,OCNT-2535534,2,CYP2D6,4.553169250488281,0.0004942187224514782,0.00013333407696336508,0.0016418781597167253,32,0.654578420225218,0.010352366603910923,0.000767626566812396,0.49940292658862206,False,
537,OCNT-2535534,3,CYP3A4,4.8892107009887695,0.0017960930708795786,0.0018096991116181016,0.008274408988654613,32,0.9021262006295584,0.05184997245669365,0.0003580044722184539,0.5226537268341149,False,
538,OCNT-2535536,0,CYP1A2,5.448511123657227,0.0004941674997098744,0.00029517599614337087,0.0022369222715497017,32,0.7756675317507326,0.012266158126294613,0.0006152355344966054,0.518332450825015,False,
538,OCNT-2535536,1,CYP2C9,5.216052055358887,0.0008907156880013645,0.00032607896719127893,0.004539175890386105,2,1.0010591829768372,0.0017833382589742541,0.0005893517518416047,0.5963543369629495,False,
538,OCNT-2535536,2,CYP2D6,4.404417514801025,0.0011263887863606215,6.651329022133723e-05,0.004413337912410498,32,0.6194386987875423,0.022327519953250885,0.0017099507385864854,0.5492660313728477,False,
538,OCNT-2535536,3,CYP3A4,4.837107181549072,0.0021322197280824184,0.001071240520104766,0.00868869200348854,2,1.001798024408716,0.004272127058357,0.00011543071741471067,0.6146104786473003,False,
539,OCNT-2535537,0,CYP1A2,5.212985992431641,0.0011817788472399116,0.0005346658290363848,0.005404515657573938,32,0.9282283705799191,0.03510303795337677,0.0005404669209383428,0.5375645766174549,False,
539,OCNT-2535537,1,CYP2C9,5.047843933105469,0.0010983770480379462,0.0002850215241778642,0.005011001136153936,32,0.8554783398186093,0.03006868250668049,0.00031065670191310346,0.5095745770220002,False,
539,OCNT-2535537,2,CYP2D6,4.419251441955566,0.0010444155195727944,0.00019826310744974762,0.004175701644271612,32,0.6820305983627085,0.022794565185904503,0.0009751148172654212,0.5205651405120675,False,
539,OCNT-2535537,3,CYP3A4,4.651069641113281,0.002505767624825239,0.0011970916530117393,0.009646724909543991,19,0.9801079333687325,0.046662718057632446,0.0002024390414590016,0.525445423257419,False,
540,OCNT-2535538,0,CYP1A2,4.83800745010376,0.0015907339984551072,0.0009107355726882815,0.007017103955149651,32,0.8909405954088395,0.0453522689640522,0.00024683005176484585,0.5878533237928206,False,
540,OCNT-2535538,1,CYP2C9,4.600143909454346,0.001925673452205956,0.0011272691190242767,0.008764790371060371,32,0.9626609382583468,0.05932096764445305,0.0002499312977306545,0.5601287655859187,False,
540,OCNT-2535538,2,CYP2D6,4.230062007904053,0.0013162561226636171,0.00014459365047514439,0.0055490415543317795,32,0.7399413154109543,0.03116670995950699,0.0010370458476245403,0.5623804082492972,False,
540,OCNT-2535538,3,CYP3A4,3.8614821434020996,0.0036421972326934338,0.0014197075506672263,0.015946373343467712,2,1.0008389001666134,0.007290525361895561,0.00011836489284178242,0.6091734545615851,False,
541,OCNT-2535539,0,CYP1A2,5.314037799835205,0.0011069414904341102,0.0008985928725451231,0.004524107091128826,32,0.724555178066922,0.025665517896413803,0.0008155215764418244,0.5002930326348951,False,
541,OCNT-2535539,1,CYP2C9,5.07012939453125,0.0018155438592657447,0.00024344703706447035,0.008726555854082108,32,0.893620654661522,0.05191732570528984,0.0011671790853142738,0.5888410499182448,False,
541,OCNT-2535539,2,CYP2D6,4.4734930992126465,0.001435487880371511,0.0003492753312457353,0.005700818262994289,32,0.7359119269616691,0.03380480036139488,0.0009866853943094611,0.5238221163133314,False,
541,OCNT-2535539,3,CYP3A4,4.7068772315979,0.0019042411586269736,0.00042528609628789127,0.009265956468880177,32,0.6523352508349103,0.03975072503089905,0.000624299980700016,0.4622991761991217,False,
542,OCNT-2535540,0,CYP1A2,4.814265251159668,0.003179580206051469,0.0026062007527798414,0.010957791469991207,32,0.8623966401431457,0.08774617314338684,0.0005396216292865574,0.4981155061001373,False,
542,OCNT-2535540,1,CYP2C9,4.678353309631348,0.0021967666689306498,0.0016537185292690992,0.009877961128950119,32,0.9204972681033792,0.06470806151628494,0.0001383495982736349,0.615420974244556,False,
542,OCNT-2535540,2,CYP2D6,4.749035835266113,0.0009848790941759944,0.0002276466111652553,0.004197378177195787,32,0.7459675368087803,0.023510249331593513,0.0007131587481126189,0.626386827059799,False,
542,OCNT-2535540,3,CYP3A4,4.358822345733643,0.0022945497184991837,0.001228927867487073,0.009873466566205025,32,0.9102684261769631,0.06683728843927383,0.00020521065744105726,0.5872138801148612,False,
543,OCNT-2535541,0,CYP1A2,4.238821506500244,0.00500612473115325,0.0034718341194093227,0.019039161503314972,32,0.927644408747034,0.14860521256923676,0.0004898743354715407,0.5743606271906874,False,
543,OCNT-2535541,1,CYP2C9,4.624206066131592,0.002317991806194186,0.0023258114233613014,0.009171533398330212,32,0.8955959329874853,0.06643177568912506,0.0002554113161750138,0.460144847695763,False,
543,OCNT-2535541,2,CYP2D6,4.769492149353027,0.00030857237288728356,8.740939665585756e-05,0.0010323651367798448,32,0.5953661566796096,0.005879024043679237,0.001544037600979209,0.46091668419384557,False,
543,OCNT-2535541,3,CYP3A4,4.4445295333862305,0.0022526204120367765,0.0015532992547377944,0.010308290831744671,32,0.9458589808719158,0.06818146258592606,0.00034833315294235945,0.5001857629605067,False,
544,OCNT-2535543,0,CYP1A2,3.4686086177825928,0.005627037957310677,0.002166045131161809,0.023926278576254845,32,0.9484607074529302,0.1707850843667984,0.00043428034405224025,0.5192128382626522,False,
544,OCNT-2535543,1,CYP2C9,3.713756561279297,0.0036926602479070425,0.0017656036652624607,0.016808142885565758,8,0.995460881911006,0.02940727025270462,0.0004982532700523734,0.560687380460041,False,
544,OCNT-2535543,2,CYP2D6,4.110858917236328,0.0007767772185616195,0.00015030501526780427,0.0033183246850967407,32,0.8152137277703421,0.020263923332095146,0.0009414905798621476,0.519195399124535,False,
544,OCNT-2535543,3,CYP3A4,2.496422529220581,0.004979269579052925,0.0029882367234677076,0.026051875203847885,2,1.0009446927284833,0.009967966936528683,0.0007296882104128599,0.6720815710112333,False,
545,OCNT-2535545,0,CYP1A2,5.1648149490356445,0.0009431656799279153,0.0002083205181406811,0.003760026302188635,32,0.8156861200714699,0.024618729948997498,0.0004742633318528533,0.6152302129136751,False,
545,OCNT-2535545,1,CYP2C9,5.245950698852539,0.0006068747607059777,3.225546606699936e-05,0.0022731018252670765,32,0.7784912890818667,0.015118543989956379,0.0005116444663144648,0.6281016071607863,False,
545,OCNT-2535545,2,CYP2D6,4.564821720123291,0.0013642578851431608,0.00011598652781685814,0.004673616960644722,32,0.6657859637359039,0.02906593307852745,0.0002596559061203152,0.48818661232069704,False,
545,OCNT-2535545,3,CYP3A4,5.071126937866211,0.0006695810589008033,0.00039186596404761076,0.002911711111664772,32,0.7968470917046128,0.017073974013328552,0.000559595471713692,0.5079084535285172,False,
546,OCNT-2535547,0,CYP1A2,5.142585277557373,0.0025054053403437138,0.00019089072884526104,0.009529158473014832,32,0.8303544509131983,0.06657224893569946,0.00031099264742806554,0.622990821973393,False,
546,OCNT-2535547,1,CYP2C9,5.095808982849121,0.00205974280834198,0.0007958031492307782,0.006721511483192444,32,0.8661568469400303,0.05709020793437958,0.00027467537438496947,0.5990027808092232,False,
546,OCNT-2535547,2,CYP2D6,5.025059700012207,0.0007631002808921039,4.4216776586836204e-05,0.0025205083657056093,32,0.718823348859871,0.01755332760512829,0.00012333465565461665,0.4425035269972547,False,
546,OCNT-2535547,3,CYP3A4,5.061865329742432,0.0023633036762475967,0.0009002963779494166,0.008658451028168201,32,0.8976336340133172,0.06788447499275208,0.00026702339528128505,0.6492311187125263,False,
547,OCNT-2535549,0,CYP1A2,4.506592750549316,0.004967793822288513,0.0035396579187363386,0.019054662436246872,32,0.9937880810662458,0.1579822152853012,0.0005426578572951257,0.5628270504951428,False,
547,OCNT-2535549,1,CYP2C9,4.4542975425720215,0.003336295485496521,0.0015182339120656252,0.012785974889993668,32,0.9669880460274115,0.10323736071586609,0.00027862461865879595,0.5192490992051606,False,
547,OCNT-2535549,2,CYP2D6,4.755133628845215,0.0007471758872270584,0.0003798416582867503,0.0028347813058644533,32,0.7750117832241137,0.01853049173951149,0.0014332623686641455,0.586122266626922,False,
547,OCNT-2535549,3,CYP3A4,4.270955562591553,0.0033434582874178886,0.0019068991532549262,0.012174361385405064,32,0.9607179293795427,0.10278815776109695,0.00021933787502348423,0.5574540070138079,False,
548,OCNT-2535550,0,CYP1A2,3.9131908416748047,0.005441031418740749,0.003422061912715435,0.02503388375043869,32,0.9844238319688091,0.17140130698680878,0.0003844183520413935,0.5830902886532567,False,
548,OCNT-2535550,1,CYP2C9,3.8634603023529053,0.0038247748743742704,0.0014599242713302374,0.01761530339717865,2,0.999800579249295,0.007648044265806675,0.0004917889018543065,0.5720154759238041,False,
548,OCNT-2535550,2,CYP2D6,3.937692165374756,0.0014027514262124896,0.00040154551970772445,0.005823387764394283,32,0.8170391870354123,0.036675553768873215,0.0010254292283207178,0.7103602097617605,False,
548,OCNT-2535550,3,CYP3A4,2.55989670753479,0.004742156248539686,0.0016001684125512838,0.022732973098754883,2,1.0002245273985142,0.009486461989581585,0.00046412600204348564,0.5270491248914964,False,
549,OCNT-2535551,0,CYP1A2,4.843492031097412,0.0009647663682699203,0.00030391811742447317,0.004280942492187023,32,0.648107922979956,0.020008934661746025,0.00042702394421212375,0.48398020430819466,False,
549,OCNT-2535551,1,CYP2C9,4.727551460266113,0.0007838087622076273,0.0003137675521429628,0.003655926324427128,32,0.826259281688978,0.020724400877952576,0.0009704530239105225,0.5939267275319838,False,
549,OCNT-2535551,2,CYP2D6,4.262175559997559,0.0013675169320777059,0.00021345698041841388,0.005503564141690731,32,0.7532865356497012,0.032964468002319336,0.0006062379106879234,0.5916538792410373,False,
549,OCNT-2535551,3,CYP3A4,4.1377787590026855,0.001523430342786014,0.0007050292333588004,0.007037095259875059,32,0.9301129279419909,0.04534308984875679,0.00021559090237133205,0.5203588056443437,False,
550,OCNT-2535552,0,CYP1A2,5.251683235168457,0.0006671606679446995,0.00013083666271995753,0.0026758569292724133,32,0.6738626463623673,0.01438660454005003,0.0006091928808018565,0.4212028416732978,False,
550,OCNT-2535552,1,CYP2C9,5.014679908752441,0.0013148031430318952,0.0010947850532829762,0.005535721778869629,32,0.9173420608240261,0.038596268743276596,0.00033801974495872855,0.5310604221893843,False,
550,OCNT-2535552,2,CYP2D6,4.327945232391357,0.0008792151347734034,0.00011531903146533296,0.0036960169672966003,32,0.7042335091739622,0.01981375366449356,0.0009749956079758704,0.5826381058411471,False,
550,OCNT-2535552,3,CYP3A4,4.6161627769470215,0.002350552473217249,0.0007260267157107592,0.009611226618289948,32,0.9628621022961612,0.07242456078529358,0.00036781124072149396,0.4980488339704896,False,
551,OCNT-2535554,0,CYP1A2,5.357408046722412,0.0012046609772369266,0.0006916537531651556,0.0052096545696258545,32,0.9199218879115709,0.035462502390146255,0.0003803002182394266,0.6082789369993397,False,
551,OCNT-2535554,1,CYP2C9,5.16641902923584,0.0008311380515806377,0.0004323091998230666,0.003804353065788746,32,0.9157825091124626,0.02435682713985443,0.000321120023727417,0.5961096529410153,False,
551,OCNT-2535554,2,CYP2D6,4.563213348388672,0.0009847794426605105,0.00016677669191267341,0.0040987273678183556,32,0.6971028458065915,0.02196798473596573,0.0008704590145498514,0.4727296699349058,False,
551,OCNT-2535554,3,CYP3A4,4.82596492767334,0.002057886915281415,0.0014579686103388667,0.009772423654794693,2,1.001712720387079,0.004122843034565449,0.00015157280722633004,0.6043098123726045,False,
552,OCNT-2535555,0,CYP1A2,5.317673683166504,0.0013959266943857074,0.0007986848941072822,0.006649728864431381,32,0.957006697630985,0.04274946451187134,0.0002773124142549932,0.5705681010530086,False,
552,OCNT-2535555,1,CYP2C9,5.115323066711426,0.0012925948249176145,0.0002510096528567374,0.0058389753103256226,32,0.8871495284003977,0.03669548034667969,0.0005311514250934124,0.5622671283851685,False,
552,OCNT-2535555,2,CYP2D6,4.730027675628662,0.000946920074056834,0.00027702312218025327,0.0031954841688275337,32,0.6639806673392326,0.020119784399867058,0.0013530597789213061,0.5260379028228839,False,
552,OCNT-2535555,3,CYP3A4,4.934981822967529,0.00157253909856081,0.0008775778114795685,0.006145169027149677,32,0.9141034325055956,0.04599912092089653,0.0002472743799444288,0.5640068677106942,False,
553,OCNT-2535556,0,CYP1A2,4.598106384277344,0.002584458328783512,0.0011772570433095098,0.011563167907297611,32,0.8322630417509633,0.06883063912391663,0.00045806169509887695,0.5335787257088271,False,
553,OCNT-2535556,1,CYP2C9,4.574911594390869,0.0012567166704684496,0.0003142959321849048,0.0052801622077822685,32,0.8594052992536174,0.03456120193004608,0.0006113133858889341,0.5503667095451166,False,
553,OCNT-2535556,2,CYP2D6,4.2248358726501465,0.0013008828973397613,0.0003120195760857314,0.005354626104235649,32,0.8331215059760232,0.03468165919184685,0.0006707003340125084,0.5405396390828221,False,
553,OCNT-2535556,3,CYP3A4,3.6016690731048584,0.002003427129238844,0.00013831592514179647,0.011149248108267784,7,0.9965941085281582,0.013976295478641987,0.0007427181117236614,0.6947004529349334,False,
554,OCNT-2535557,0,CYP1A2,5.3433427810668945,0.000762340787332505,0.0002332059375476092,0.0033545508049428463,32,0.7193225596505162,0.017548035830259323,0.00033904475276358426,0.47433785523935557,False,
554,OCNT-2535557,1,CYP2C9,5.164859294891357,0.000683820340782404,0.00021776756329927593,0.0030873578507453203,32,0.9063227825168028,0.0198326725512743,0.0008719735196791589,0.563822293570176,False,
554,OCNT-2535557,2,CYP2D6,4.386547565460205,0.0010156254284083843,0.00017432110325898975,0.004003510810434818,32,0.6993783609390117,0.022730030119419098,0.001299348776228726,0.563505421680908,False,
554,OCNT-2535557,3,CYP3A4,4.811700344085693,0.0007817173027433455,0.00044334217091090977,0.0034067551605403423,32,0.8326772635823413,0.02082964964210987,0.0003832750371657312,0.5195479612573619,False,
555,OCNT-2535559,0,CYP1A2,5.384768486022949,0.0010933884186670184,0.00037846757913939655,0.0037938293535262346,32,0.9039877885103065,0.031629402190446854,0.0002456406655255705,0.613824350905577,False,
555,OCNT-2535559,1,CYP2C9,5.029338836669922,0.002607173752039671,0.0009397499961778522,0.010353127494454384,32,0.9817118972008312,0.0819041058421135,0.0007028200197964907,0.6071296796564798,False,
555,OCNT-2535559,2,CYP2D6,4.8325042724609375,0.0007866995874792337,0.00015118601731956005,0.002293497323989868,32,0.6578202360732883,0.016560431569814682,0.00040942791383713484,0.442274194480253,False,
555,OCNT-2535559,3,CYP3A4,4.9739227294921875,0.0024533250834792852,0.003342211013659835,0.009495745413005352,32,0.8730576333191806,0.06854089349508286,0.0002936404780484736,0.6224327050230574,False,
556,OCNT-2535560,0,CYP1A2,4.647702217102051,0.0034603558015078306,0.0020061596296727657,0.012363831512629986,32,0.8557799643274464,0.09476197510957718,0.00048720475751906633,0.5419763495227119,False,
556,OCNT-2535560,1,CYP2C9,4.706556797027588,0.0016284821322187781,0.0011087247403338552,0.005896580405533314,32,0.9008352627444471,0.04694410040974617,0.000480930000776425,0.5149420902267685,False,
556,OCNT-2535560,2,CYP2D6,4.818263530731201,0.0010991146555170417,0.00026664455072022974,0.004535303916782141,32,0.8395125753476379,0.0295273270457983,0.0005561727448366582,0.6528700555027094,False,
556,OCNT-2535560,3,CYP3A4,4.490941047668457,0.0009512136457487941,0.0009749751188792288,0.0031062341295182705,32,0.7218443136356101,0.021972332149744034,0.0002159557625418529,0.44152053351177545,False,
557,OCNT-2535563,0,CYP1A2,4.617650032043457,0.0018956448184326291,0.0008518988615833223,0.007166448049247265,32,0.8302091530013287,0.050361279398202896,0.00042737883632071316,0.5684047461362612,False,
557,OCNT-2535563,1,CYP2C9,4.26493501663208,0.0034151796717196703,0.0011088759638369083,0.01568426936864853,32,0.9611868704972911,0.10504433512687683,0.0003441879234742373,0.5726655452218761,False,
557,OCNT-2535563,2,CYP2D6,4.174602031707764,0.0014156830729916692,0.00014376454055309296,0.005999248009175062,32,0.7412655456256959,0.03358094394207001,0.000989902182482183,0.5402733170547473,False,
557,OCNT-2535563,3,CYP3A4,3.7281384468078613,0.00354451104067266,0.0012734881602227688,0.015725571662187576,32,0.9378844801119308,0.10637924075126648,0.0003212302108295262,0.6189330038580204,False,
558,OCNT-2535564,0,CYP1A2,5.386173248291016,0.0007319017895497382,0.0003395974636077881,0.002659544115886092,32,0.6180025482765439,0.014474347233772278,0.0005774895544163883,0.4457292404859111,False,
558,OCNT-2535564,1,CYP2C9,5.052940368652344,0.0017674473347142339,0.0013254265068098903,0.00818332564085722,32,0.9706279259859734,0.05489739030599594,0.00022494251606985927,0.5169420724139187,False,
558,OCNT-2535564,2,CYP2D6,4.718168258666992,0.0008722157217562199,0.0002808428253047168,0.00338092353194952,32,0.6847374791716712,0.019111860543489456,0.0009173389407806098,0.5852449079849152,False,
558,OCNT-2535564,3,CYP3A4,4.792293548583984,0.0019301589345559478,0.001006413483992219,0.008622393012046814,32,0.9600246137524157,0.05929630994796753,0.0002606917405501008,0.5629865668445874,False,
559,OCNT-2535565,0,CYP1A2,5.273531913757324,0.0010037119500339031,0.0001679819106357172,0.004768583923578262,32,0.72228490692208,0.023199142888188362,0.0005705889197997749,0.4826913141641973,False,
559,OCNT-2535565,1,CYP2C9,5.142035484313965,0.0007282409351319075,0.00021795506472699344,0.0034338233526796103,32,0.9296498438802706,0.021664587780833244,0.001115621067583561,0.5596727667034109,False,
559,OCNT-2535565,2,CYP2D6,4.4914870262146,0.0011239969171583652,0.0004033364821225405,0.004411195870488882,32,0.7671442334705448,0.027592813596129417,0.0009465389302931726,0.5908409310565006,False,
559,OCNT-2535565,3,CYP3A4,4.788694381713867,0.0006134674185886979,0.0006373782525770366,0.002399562858045101,32,0.7300937796420571,0.014332673512399197,0.000692149915266782,0.5049039614393426,False,
560,OCNT-2535566,0,CYP1A2,5.254536151885986,0.0015689308056607842,0.0005296766175888479,0.008290095254778862,32,0.8810303381075778,0.04423310235142708,0.0006014452083036304,0.5693137600900655,False,
560,OCNT-2535566,1,CYP2C9,5.103436470031738,0.001174627454020083,0.0006741376710124314,0.005458880681544542,32,0.8166439940736273,0.030696339905261993,0.0007744269096292555,0.5827773390324817,False,
560,OCNT-2535566,2,CYP2D6,4.407357692718506,0.0010087795089930296,0.00051663484191522,0.003992763347923756,32,0.708328648586888,0.022865744307637215,0.0013142679817974567,0.5875431640122797,False,
560,OCNT-2535566,3,CYP3A4,4.7520904541015625,0.0013559994986280799,0.0005143565940670669,0.0065177083015441895,32,0.685403069255437,0.02974121831357479,0.0007882118225097656,0.5474846542194703,False,
561,OCNT-2535567,0,CYP1A2,5.046799659729004,0.0011559621198102832,0.0009168664109893143,0.00467257434502244,32,0.8831630371328474,0.032669179141521454,0.00044876066385768354,0.49622514543106705,False,
561,OCNT-2535567,1,CYP2C9,4.5397725105285645,0.003537143114954233,0.0009052890236489475,0.01688825711607933,32,0.989168811482414,0.1119629293680191,0.0002598301798570901,0.6292508793966791,False,
561,OCNT-2535567,2,CYP2D6,4.3790082931518555,0.0012182295322418213,0.00014707815716974437,0.005027061328291893,32,0.6747730364719848,0.026305126026272774,0.0010073492303490639,0.5668658350903762,False,
561,OCNT-2535567,3,CYP3A4,4.181377410888672,0.0034378841519355774,0.000890987750608474,0.016160571947693825,9,0.9944814643203503,0.030770298093557358,0.0002263874775962904,0.6200567823434786,False,
562,OCNT-2535569,0,CYP1A2,4.683829307556152,0.002171964617446065,0.0005130299250595272,0.009983992204070091,32,0.9351555917594584,0.06499629467725754,0.0002740449854172766,0.6376829063026814,False,
562,OCNT-2535569,1,CYP2C9,4.460047721862793,0.002307677175849676,0.0013759412104263902,0.010823369957506657,32,0.9522208776627393,0.07031769305467606,0.0001612928754184395,0.5518328922707056,False,
562,OCNT-2535569,2,CYP2D6,4.194174289703369,0.0013742290902882814,0.00017938573728315532,0.005740273278206587,32,0.8074795166094327,0.03550943732261658,0.0008130398928187788,0.555467478916269,False,
562,OCNT-2535569,3,CYP3A4,3.8540902137756348,0.002842992777004838,0.0009590532281436026,0.012878513894975185,32,0.9023718274225995,0.08209425956010818,0.00028994589229114354,0.6312387987483357,False,
563,OCNT-2535572,0,CYP1A2,4.783633232116699,0.0020217671990394592,0.0009023544262163341,0.008818634785711765,32,0.8933650631666383,0.05779792368412018,0.0005750981508754194,0.538451399195925,False,
563,OCNT-2535572,1,CYP2C9,4.77342414855957,0.00142884929664433,0.00021515096887014806,0.007447264157235622,32,0.845349062417127,0.038652315735816956,0.000360893493052572,0.5472628650974541,False,
563,OCNT-2535572,2,CYP2D6,4.292925834655762,0.0007386297220364213,4.672029899666086e-05,0.003079054644331336,32,0.7024970059591776,0.016604550182819366,0.000813645834568888,0.5173327064942783,False,
563,OCNT-2535572,3,CYP3A4,4.428083896636963,0.0016150849405676126,0.000522976741194725,0.007888026535511017,32,0.8285804857152748,0.04282355681061745,0.00036308440030552447,0.48600008483849655,False,
564,OCNT-2535573,0,CYP1A2,4.778274059295654,0.002022351138293743,0.0009025352192111313,0.008838437497615814,32,0.8967692798024106,0.05803492292761803,0.0006549530080519617,0.5265668448311179,False,
564,OCNT-2535573,1,CYP2C9,4.781647205352783,0.0014915394131094217,0.00021519612346310169,0.007463065907359123,32,0.8062523829541922,0.03848208859562874,0.00045897020027041435,0.5247943433558158,False,
564,OCNT-2535573,2,CYP2D6,4.347779750823975,0.0007511682342737913,4.4650263589574024e-05,0.002722797216847539,32,0.611040149804401,0.014688001945614815,0.0013191745383664966,0.5028689134958184,False,
564,OCNT-2535573,3,CYP3A4,4.411023139953613,0.0018334033666178584,0.0005642913747578859,0.008463170379400253,32,0.7674966067315849,0.045028433203697205,0.0005458819214254618,0.45613913368307984,False,
565,OCNT-2535574,0,CYP1A2,4.515351295471191,0.0022419218439608812,0.000996249495074153,0.009607356041669846,32,0.8947058440219795,0.06418782472610474,0.0005114349187351763,0.5475457633643757,False,
565,OCNT-2535574,1,CYP2C9,4.369421482086182,0.002519841305911541,0.0007692968938499689,0.0119010703638196,32,0.9346670123949,0.07536710053682327,0.00027594782295636833,0.5586244416894666,False,
565,OCNT-2535574,2,CYP2D6,4.335397720336914,0.0008398906793445349,3.29961912939325e-05,0.003423022571951151,32,0.6929639643313463,0.018624668940901756,0.0010241993004456162,0.5423436425447302,False,
565,OCNT-2535574,3,CYP3A4,3.9347658157348633,0.00281731691211462,0.0014966229209676385,0.012123992666602135,32,0.8771570424621349,0.07907962054014206,0.0001764288463164121,0.5016067058695872,False,
566,OCNT-2535576,0,CYP1A2,4.794505596160889,0.0019198044901713729,0.0008769019623287022,0.008495046757161617,32,0.8893902764482668,0.05463885888457298,0.000884429959114641,0.48466872320236865,False,
566,OCNT-2535576,1,CYP2C9,4.70304012298584,0.0022678880486637354,0.00021516454580705613,0.010111229494214058,32,0.88950570797107,0.06455386430025101,0.0005320446216501296,0.49553378006774584,False,
566,OCNT-2535576,2,CYP2D6,4.365563869476318,0.0009675071341916919,4.322893437347375e-05,0.0035637880209833384,32,0.570495484600144,0.017662853002548218,0.001561647979542613,0.5127283620283152,False,
566,OCNT-2535576,3,CYP3A4,4.328563690185547,0.002340201986953616,0.0004858805623371154,0.01155748963356018,32,0.6818263525602487,0.0510597825050354,0.0004771893727593124,0.47526935085687966,False,
567,OCNT-2535577,0,CYP1A2,5.168491363525391,0.0009721980313770473,0.00019844408961944282,0.003795185126364231,32,0.7821715850570233,0.02433387190103531,0.0005254510906524956,0.6413987172256892,False,
567,OCNT-2535577,1,CYP2C9,5.243017196655273,0.0005583137390203774,3.0554547265637666e-05,0.0020593716762959957,32,0.794299838947832,0.014191246591508389,0.0005236800643615425,0.6108604459289715,False,
567,OCNT-2535577,2,CYP2D6,4.625077724456787,0.0011821945663541555,9.192361176246777e-05,0.0041067935526371,32,0.6675238321771607,0.02525279112160206,0.00022634050401393324,0.4931348765050078,False,
567,OCNT-2535577,3,CYP3A4,5.075263023376465,0.0006227432168088853,0.00037335362867452204,0.00272754137404263,32,0.8133947460689819,0.01620941422879696,0.0005343601806089282,0.5086401419645936,False,
568,OCNT-2535578,0,CYP1A2,3.06376314163208,0.007769126445055008,0.004987180233001709,0.03089676983654499,8,0.9941033970479212,0.06178659945726395,0.00045709358528256416,0.5677939578498142,True,persistent
568,OCNT-2535578,1,CYP2C9,3.302654266357422,0.004609947558492422,0.0022518490441143513,0.0186933483928442,32,0.9758386765315245,0.14395439624786377,0.00013598348596133292,0.5871970380787477,False,
568,OCNT-2535578,2,CYP2D6,4.386829853057861,0.001922211260534823,0.0004368578374851495,0.007946246303617954,32,0.8671917120431102,0.05334189906716347,0.0006585428491234779,0.6824332799061772,False,
568,OCNT-2535578,3,CYP3A4,2.742543935775757,0.004483216907829046,0.001711201504804194,0.01685798354446888,7,0.9968442798928687,0.031283553689718246,0.00018797499069478363,0.5110800649352879,False,
569,OCNT-2535579,0,CYP1A2,4.884485244750977,0.00279686925932765,0.0015920032747089863,0.01293446496129036,2,1.001061314886483,0.005599695257842541,0.0003870075452141464,0.6299515700446454,False,
569,OCNT-2535579,1,CYP2C9,4.753780364990234,0.0018743632826954126,0.00032998929964378476,0.008359432220458984,32,0.8385830545723109,0.050298165529966354,0.0005549734341911972,0.5512426558757142,False,
569,OCNT-2535579,2,CYP2D6,4.753328323364258,0.001060236245393753,0.00028906951774843037,0.003600557567551732,32,0.7509330360657065,0.025477565824985504,0.001739045837894082,0.618923124658463,False,
569,OCNT-2535579,3,CYP3A4,4.516390800476074,0.0021216580644249916,0.0008132924558594823,0.008447918109595776,32,0.8671085189774047,0.05887092649936676,0.00030763584072701633,0.5532637114192843,False,
570,OCNT-2535581,0,CYP1A2,4.988004684448242,0.002172506880015135,0.0006267966818995774,0.007764128036797047,32,0.7918814637976135,0.055052027106285095,0.00038727757055312395,0.6067814001978467,False,
570,OCNT-2535581,1,CYP2C9,5.16739559173584,0.0005570639623329043,2.9577427994809113e-05,0.0018715172773227096,32,0.7733677589604635,0.013786337338387966,0.0007907549734227359,0.547469407048585,False,
570,OCNT-2535581,2,CYP2D6,4.663934707641602,0.0007782283355481923,0.00020313811546657234,0.002489116508513689,32,0.5603491115394291,0.013954725116491318,0.00014048544107936323,0.45064587989723404,False,
570,OCNT-2535581,3,CYP3A4,4.985033988952637,0.0007086982950568199,0.00041582397534511983,0.0030572786927223206,32,0.8925719599630947,0.020242340862751007,0.00041882466757670045,0.5037461302508333,False,
571,OCNT-2535582,0,CYP1A2,4.887822151184082,0.0019493710715323687,0.0004600606916937977,0.007578908931463957,32,0.8012263488785407,0.04998065531253815,0.0003454405232332647,0.5404426193037017,False,
571,OCNT-2535582,1,CYP2C9,5.076210021972656,0.0008076532394625247,4.3965006625512615e-05,0.0027208994142711163,32,0.7987133453809657,0.020642925053834915,0.0006522148032672703,0.5382638731742511,False,
571,OCNT-2535582,2,CYP2D6,4.476607322692871,0.0008449107990600169,8.849940786603838e-05,0.002895084209740162,32,0.5855751147870374,0.01583246700465679,0.00030855697696097195,0.4660796707550969,False,
571,OCNT-2535582,3,CYP3A4,4.80355978012085,0.0013585902052000165,0.0012943885521963239,0.005390177480876446,32,0.8848250337854802,0.038467951118946075,0.0003803327272180468,0.5246568923034602,False,
572,OCNT-2535583,0,CYP1A2,5.026158809661865,0.0016974573954939842,0.000503782881423831,0.008364386856555939,32,0.8766236623458606,0.04761728271842003,0.0007666945457458496,0.6432647136860166,False,
572,OCNT-2535583,1,CYP2C9,4.924986839294434,0.0009675818728283048,0.00013211480109021068,0.004902079701423645,32,0.934996860888088,0.028950251638889313,0.0012402443680912256,0.7014089926528772,False,
572,OCNT-2535583,2,CYP2D6,4.3563079833984375,0.0007662685238756239,6.627808033954352e-05,0.002598462626338005,32,0.5658677376665155,0.013875593431293964,0.0003147703246213496,0.47103859896468225,False,
572,OCNT-2535583,3,CYP3A4,4.663611888885498,0.0007262060535140336,0.0003087351215071976,0.0031161257065832615,32,0.6849351324261542,0.01591714844107628,0.0008623491739854217,0.592005006895695,False,
573,OCNT-2535584,0,CYP1A2,5.134951114654541,0.0017706573707982898,0.000484769931063056,0.006666251923888922,32,0.787944475917247,0.0446460023522377,0.00048332414007745683,0.5602900485181629,False,
573,OCNT-2535584,1,CYP2C9,5.262316703796387,0.0007396906730718911,3.055165507248603e-05,0.0026026242412626743,32,0.6834647303046513,0.01617789827287197,0.0004690722853410989,0.4875929619301208,False,
573,OCNT-2535584,2,CYP2D6,4.568149566650391,0.0006579931941814721,6.383376603480428e-05,0.00214916723780334,32,0.469478686989288,0.009885391220450401,0.0006309016025625169,0.42369144524399105,False,
573,OCNT-2535584,3,CYP3A4,5.045390605926514,0.0012628184631466866,0.0005270918481983244,0.005104261450469494,32,0.7487275612279792,0.03025646321475506,0.0004740899312309921,0.47809860652330904,False,
574,OCNT-2535585,0,CYP1A2,5.24650764465332,0.0017007151618599892,0.0004616445512510836,0.0063486844301223755,32,0.7907643760282901,0.04303593188524246,0.00036531416117213666,0.604383836200606,False,
574,OCNT-2535585,1,CYP2C9,5.352078914642334,0.0005676497239619493,3.921585084754042e-05,0.0020624869503080845,32,0.7815314876181939,0.0141966063529253,0.0007018474279902875,0.5863595871388282,False,
574,OCNT-2535585,2,CYP2D6,4.646758079528809,0.000940910482313484,6.617898179683834e-05,0.0029816043097525835,32,0.5544223658303509,0.01669335551559925,0.0003342357522342354,0.4581791363784331,False,
574,OCNT-2535585,3,CYP3A4,5.19930362701416,0.0007330889347940683,0.00038453179877251387,0.00306655652821064,32,0.8929104681956062,0.020946934819221497,0.0003714046615641564,0.5210924503966053,False,
575,OCNT-2535586,0,CYP1A2,5.1010966300964355,0.0020000943914055824,0.00048530325875617564,0.0074399979785084724,32,0.7572544248737657,0.04846681281924248,0.00034542244975455105,0.6030858144688835,False,
575,OCNT-2535586,1,CYP2C9,5.229463577270508,0.0006019376451149583,3.0657749448437244e-05,0.002054485958069563,32,0.7590152508432589,0.014620398171246052,0.0008252425468526781,0.4973680156703321,False,
575,OCNT-2535586,2,CYP2D6,4.726522922515869,0.0009473550016991794,0.00010366688366048038,0.0031853567343205214,32,0.5986617347368668,0.018148837611079216,0.00012291199527680874,0.46301652805535987,False,
575,OCNT-2535586,3,CYP3A4,5.02064323425293,0.000868331640958786,0.0005740350461564958,0.003536675591021776,32,0.8935359132604721,0.024828622117638588,0.0003404436574783176,0.5346201750910187,False,
576,OCNT-2535587,0,CYP1A2,5.219849586486816,0.001786356559023261,0.0004847443487960845,0.0066671231761574745,32,0.7906330624906284,0.04519553482532501,0.00036470184568315744,0.5830063853574545,False,
576,OCNT-2535587,1,CYP2C9,5.363806247711182,0.0005811624578200281,3.0637158488389105e-05,0.0019449656829237938,32,0.781267508548581,0.014529637061059475,0.0007446128292940557,0.5406239109854267,False,
576,OCNT-2535587,2,CYP2D6,4.699217796325684,0.001431087264791131,9.835699893301353e-05,0.004714144393801689,32,0.7857016949995804,0.03598129749298096,0.00013726227916777134,0.5010811516175507,False,
576,OCNT-2535587,3,CYP3A4,5.18004035949707,0.0007855939329601824,0.0004264653834979981,0.0032993601635098457,32,0.8946356367721979,0.02249053679406643,0.0003740778483916074,0.5157405295879336,False,
577,OCNT-2535588,0,CYP1A2,4.834753036499023,0.0022061883937567472,0.0010191212641075253,0.009226921945810318,32,0.867753960843591,0.06126199662685394,0.0002509599435143173,0.5499254902620272,False,
577,OCNT-2535588,1,CYP2C9,4.918230056762695,0.0008880311506800354,0.00033858721144497395,0.0040901051834225655,32,0.7787816270250294,0.02213088423013687,0.0004708938649855554,0.533879597969261,False,
577,OCNT-2535588,2,CYP2D6,4.365645885467529,0.0010018190369009972,0.00018577308219391853,0.0040895333513617516,32,0.6293275441895222,0.02017531543970108,0.0010415406432002783,0.4425545603855855,False,
577,OCNT-2535588,3,CYP3A4,4.47862434387207,0.001675499021075666,0.0008071470656432211,0.007741783745586872,32,0.9431024376998728,0.050565652549266815,0.00020614807726815343,0.5985233270754801,False,
578,OCNT-2535589,0,CYP1A2,4.833141803741455,0.0022434317506849766,0.0010402867337688804,0.009437765926122665,32,0.8727958267617446,0.06265813112258911,0.00025373967946507037,0.5511989684364347,False,
578,OCNT-2535589,1,CYP2C9,4.918056488037109,0.0008614645339548588,0.00017855939222499728,0.004093240946531296,32,0.7829251688585032,0.021583043038845062,0.00043246871791779995,0.5431765153659832,False,
578,OCNT-2535589,2,CYP2D6,4.365705490112305,0.001000152318738401,0.0001858207251643762,0.004085072316229343,32,0.6299569674735701,0.02016189508140087,0.0010396739235147834,0.44287467239250544,False,
578,OCNT-2535589,3,CYP3A4,4.4719085693359375,0.001756692654453218,0.0008641629246994853,0.008061777800321579,32,0.9505405677109295,0.05343414843082428,0.00022262244601733983,0.5958625062369187,False,
579,OCNT-2535590,0,CYP1A2,5.152091026306152,0.0018812132766470313,0.0005102104041725397,0.007020414341241121,32,0.7904307616538471,0.04758325591683388,0.00036465219454839826,0.5812023126213584,False,
579,OCNT-2535590,1,CYP2C9,5.29864501953125,0.0006135390140116215,3.239055149606429e-05,0.00208403286524117,32,0.7799448230732153,0.015313100069761276,0.0007469834527000785,0.544047988762745,False,
579,OCNT-2535590,2,CYP2D6,4.661453723907471,0.0011130673810839653,8.145425090333447e-05,0.0037451162934303284,32,0.6945889119985634,0.024740198627114296,0.00018122882465831935,0.48862143382722756,False,
579,OCNT-2535590,3,CYP3A4,5.1085004806518555,0.0008299293112941086,0.00044717383570969105,0.0034832609817385674,32,0.8942635368496192,0.023749902844429016,0.00036104972241446376,0.5144663134957197,False,
580,OCNT-2535592,0,CYP1A2,4.707788467407227,0.0023827049881219864,0.0013747195480391383,0.00994458794593811,32,0.8765531474948292,0.06683444231748581,0.0002595818368718028,0.5410394316416717,False,
580,OCNT-2535592,1,CYP2C9,4.686368942260742,0.0016765646869316697,0.0004208730242680758,0.00799703598022461,32,0.8907647350587335,0.04778987541794777,0.00018649209232535213,0.587241392393717,False,
580,OCNT-2535592,2,CYP2D6,4.343786716461182,0.0010414094431325793,0.00020887212303932756,0.004294787533581257,32,0.632722005615649,0.021085727959871292,0.0009673093445599079,0.4577228070353672,False,
580,OCNT-2535592,3,CYP3A4,4.239875793457031,0.002258695662021637,0.0011493184138089418,0.009950680658221245,32,0.9065398729462922,0.0655234158039093,0.0002449299208819866,0.6108461991339409,False,
581,OCNT-2535593,0,CYP1A2,5.179947853088379,0.0017763759242370725,0.0004847066884394735,0.006664158310741186,32,0.7901863989950799,0.04491763189435005,0.00041460810462012887,0.5517376128933711,False,
581,OCNT-2535593,1,CYP2C9,5.316011428833008,0.000646027794573456,3.05350695271045e-05,0.002217224333435297,32,0.7357606713234238,0.015210534445941448,0.0005267506348900497,0.49396842464906354,False,
581,OCNT-2535593,2,CYP2D6,4.670434951782227,0.0007071585860103369,6.433619273593649e-05,0.002229783684015274,32,0.5218473295598842,0.011809089221060276,0.0003755074576474726,0.4050477577857634,False,
581,OCNT-2535593,3,CYP3A4,5.115839004516602,0.0009802542626857758,0.00045731087448075414,0.0041460441425442696,32,0.819171258779319,0.02569613792002201,0.00037887782673351467,0.47730829882835135,False,
582,OCNT-2535596,0,CYP1A2,5.1298909187316895,0.0012126219226047397,0.0011423114920035005,0.005311059299856424,32,0.7803025469228115,0.03027903288602829,0.0006362615386024117,0.46125504607497375,False,
582,OCNT-2535596,1,CYP2C9,4.911535739898682,0.0015401949640363455,0.00032768931123428047,0.008639059029519558,2,1.0016458558501302,0.003085479838773608,0.00047316515701822937,0.6473627886262859,False,
582,OCNT-2535596,2,CYP2D6,4.527499675750732,0.0009556180448271334,0.00035800630575977266,0.0037775025703012943,32,0.7959813261124616,0.02434118650853634,0.0012549296952784061,0.5956470698306328,False,
582,OCNT-2535596,3,CYP3A4,4.508588790893555,0.001882627373561263,0.0008198960567824543,0.009058607742190361,7,0.9977377518374534,0.013148648664355278,0.00044021461508236825,0.5327739537982932,False,
583,OCNT-2535597,0,CYP1A2,5.279828071594238,0.0009034813265316188,0.00027501845033839345,0.004020689520984888,32,0.8967631128122785,0.025926966220140457,0.00032651875517331064,0.555818651543162,False,
583,OCNT-2535597,1,CYP2C9,4.9907450675964355,0.0015822735149413347,0.001197679783217609,0.007448202930390835,32,0.8932598843994232,0.045228492468595505,0.00038194836815819144,0.5783941598842706,False,
583,OCNT-2535597,2,CYP2D6,4.676610946655273,0.001118690357543528,0.0003953890991397202,0.004252733662724495,32,0.7048460029811581,0.02523236721754074,0.000657662283629179,0.45270414830734773,False,
583,OCNT-2535597,3,CYP3A4,4.744600296020508,0.00218433840200305,0.0007701112772338092,0.008676967583596706,32,0.915429769543049,0.06398776173591614,0.00012497288116719574,0.6114357935847801,False,
584,OCNT-2535598,0,CYP1A2,4.074281692504883,0.003049288410693407,0.0012949652737006545,0.012962676584720612,32,0.8984870730721326,0.0876721665263176,0.0004691255744546652,0.5440332640379366,False,
584,OCNT-2535598,1,CYP2C9,4.173789024353027,0.0019911176059395075,0.00034542696084827185,0.010007203556597233,32,0.8625873372817446,0.05496068671345711,0.0003289146989118308,0.5633610638908194,False,
584,OCNT-2535598,2,CYP2D6,4.22782564163208,0.0009465895709581673,6.52968737995252e-05,0.0040523093193769455,32,0.7432020972976375,0.022512473165988922,0.0012307744473218918,0.5326681406609066,False,
584,OCNT-2535598,3,CYP3A4,3.6896629333496094,0.002240084810182452,0.0007317169802263379,0.009550409391522408,32,0.8397883806902662,0.0601985789835453,0.00028402695897966623,0.5213824101258866,False,
585,OCNT-2535599,0,CYP1A2,5.323566436767578,0.0014128579059615731,0.0006512076361104846,0.005247310269623995,32,0.7345809702182569,0.033211708068847656,0.0003821822756435722,0.5093216245887042,False,
585,OCNT-2535599,1,CYP2C9,5.095790386199951,0.0012906009797006845,0.0004574033955577761,0.006124498322606087,32,0.935777200884788,0.03864717856049538,0.00037331291241571307,0.619014042044143,False,
585,OCNT-2535599,2,CYP2D6,4.645222187042236,0.0009350838954560459,0.00010617299994919449,0.0036556010600179434,32,0.6295234794357557,0.018837234005331993,0.0013910080306231976,0.5940201381287188,False,
585,OCNT-2535599,3,CYP3A4,4.753781318664551,0.0019405330531299114,0.0008638682775199413,0.008067473769187927,32,0.9511661668251086,0.05906492471694946,8.444533159490675e-05,0.602233339449351,False,
586,OCNT-2535600,0,CYP1A2,5.366216659545898,0.0013811577809974551,0.0006378188845701516,0.005135035142302513,32,0.7326295324492648,0.032380297780036926,0.00037963641807436943,0.5079623665359608,False,
586,OCNT-2535600,1,CYP2C9,5.136068820953369,0.0012049683136865497,0.0005354233435355127,0.005357310175895691,32,0.8976712256584247,0.034613579511642456,0.0003916025161743164,0.6096298257430993,False,
586,OCNT-2535600,2,CYP2D6,4.6371588706970215,0.0008775697206147015,0.00010476513125468045,0.003457034472376108,32,0.6407717156363127,0.017994504421949387,0.001419365406036377,0.6010914406943141,False,
586,OCNT-2535600,3,CYP3A4,4.787093162536621,0.0018883252050727606,0.0008837827481329441,0.007251129485666752,32,0.9261552412008787,0.055964529514312744,6.607445538975298e-05,0.5938797545209789,False,
587,OCNT-2535601,0,CYP1A2,5.348480224609375,0.0013044324005022645,0.0006357235251925886,0.004923693835735321,32,0.743971242930881,0.031054964289069176,0.0004545287520159036,0.49744782590989806,False,
587,OCNT-2535601,1,CYP2C9,5.149425506591797,0.0011234476696699858,0.0004514336760621518,0.005157260224223137,32,0.889729977733107,0.03198636695742607,0.0004612478369381279,0.5319518997056412,False,
587,OCNT-2535601,2,CYP2D6,4.569406986236572,0.0009275349439121783,0.00018609741528052837,0.0036471893545240164,32,0.6543787913068007,0.019422903656959534,0.0010323966853320599,0.5701469873496877,False,
587,OCNT-2535601,3,CYP3A4,4.790728569030762,0.001894421293400228,0.0008441166137345135,0.007463430520147085,32,0.9312113878242073,0.0564517118036747,0.00015805706789251417,0.5491434683998413,False,
588,OCNT-2535602,0,CYP1A2,4.922499656677246,0.0026814816519618034,0.001800855970941484,0.009195434860885143,32,0.7843846118459074,0.0673062652349472,0.0004244844021741301,0.512712890322543,False,
588,OCNT-2535602,1,CYP2C9,4.802151679992676,0.0014738758327439427,0.0009522656328044832,0.006725390441715717,32,0.884085992642429,0.041697338223457336,0.00038358569145202637,0.5984325229141939,False,
588,OCNT-2535602,2,CYP2D6,4.787016868591309,0.0008336990722455084,0.00011404872930143028,0.0033702498767524958,32,0.6714627805735383,0.01791374757885933,0.0015563025372102857,0.6117166004030812,False,
588,OCNT-2535602,3,CYP3A4,4.412435054779053,0.002085385611280799,0.0009968613740056753,0.008205084130167961,32,0.9232214439619881,0.061609022319316864,6.897160346852615e-05,0.5936083779561226,False,
589,OCNT-2535603,0,CYP1A2,4.184259414672852,0.003584227990359068,0.001210022484883666,0.01576288416981697,32,0.9062205011572484,0.10393951833248138,0.00020448547729756683,0.5834180662863764,False,
589,OCNT-2535603,1,CYP2C9,4.092627048492432,0.0028608692809939384,0.0026092282496392727,0.011767324060201645,32,0.8834371846682714,0.08087702840566635,0.000341559003572911,0.5192524069725467,False,
589,OCNT-2535603,2,CYP2D6,4.104762077331543,0.0018098591826856136,0.000554119236767292,0.007132875733077526,32,0.8044081294492335,0.046587951481342316,0.0012478105491027236,0.6138880172864888,False,
589,OCNT-2535603,3,CYP3A4,3.4042677879333496,0.003588041989132762,0.0018211051356047392,0.016775473952293396,32,0.9147610182544376,0.10503072291612625,0.00022920966148376465,0.6028143487859232,False,
590,OCNT-2535605,0,CYP1A2,4.842562675476074,0.0022709073964506388,0.0017763840733096004,0.009418589994311333,16,0.9780952888399056,0.03553877770900726,0.0005457220831885934,0.5135268143402889,False,
590,OCNT-2535605,1,CYP2C9,4.728264808654785,0.0017984650330618024,0.0003311912005301565,0.007426121272146702,32,0.8344808833157865,0.048025377094745636,0.0008145878091454506,0.5565771037350256,False,
590,OCNT-2535605,2,CYP2D6,4.286774158477783,0.0013721109135076404,0.00022114031889941543,0.005648220889270306,32,0.7776200983580893,0.03414364159107208,0.0010730903595685959,0.5947136457924218,False,
590,OCNT-2535605,3,CYP3A4,4.21540641784668,0.0021468044724315405,0.0006279572262428701,0.00941767729818821,32,0.8678205931691371,0.05961759388446808,0.0004564333939924836,0.5440608565947124,False,
591,OCNT-2535606,0,CYP1A2,4.461902141571045,0.0017144641606137156,0.0005952204228378832,0.007441668305546045,32,0.9018365440956938,0.04947761446237564,0.0002198426955146715,0.5820644049245084,False,
591,OCNT-2535606,1,CYP2C9,4.136923789978027,0.002648246707394719,0.0019825706258416176,0.01125427521765232,14,0.9877394490312345,0.03662102669477463,0.00025198946241289377,0.5721683613983835,False,
591,OCNT-2535606,2,CYP2D6,4.104393482208252,0.001996077597141266,0.00036264650407247245,0.008211231790482998,32,0.7946882579998262,0.050760556012392044,0.0006669877329841256,0.6362264725374203,False,
591,OCNT-2535606,3,CYP3A4,3.601520538330078,0.002445204881951213,0.0008942015119828284,0.010090581141412258,32,0.7957181627597538,0.062262460589408875,0.00028130592545494437,0.5774746284220069,False,
592,OCNT-2535607,0,CYP1A2,4.408461570739746,0.0013537724735215306,0.00048208513180725276,0.0055535524152219296,32,0.7572219044408122,0.03280363976955414,0.000279582804068923,0.49610237737392693,False,
592,OCNT-2535607,1,CYP2C9,4.135070323944092,0.0021271230652928352,0.0033608090598136187,0.008313164114952087,32,0.7476769057537496,0.050893064588308334,0.0008785688551142812,0.46146885982769786,False,
592,OCNT-2535607,2,CYP2D6,4.060446739196777,0.0022858597803860903,0.000329680391587317,0.01001785323023796,32,0.7741315858319832,0.05662604793906212,0.0005686048534698784,0.5392109272899801,False,
592,OCNT-2535607,3,CYP3A4,3.7370147705078125,0.0015822265995666385,0.0009726746939122677,0.007520677521824837,32,0.6003136313377921,0.030394822359085083,0.0016623112605884671,0.45118278840919745,False,
593,OCNT-2535611,0,CYP1A2,5.32753849029541,0.0010012360289692879,0.0001150823591160588,0.003980330191552639,32,0.6822933448280941,0.02186059206724167,0.0005107178585603833,0.5028996340958299,False,
593,OCNT-2535611,1,CYP2C9,5.060718536376953,0.0014338236069306731,0.0013107317499816418,0.006163491401821375,32,0.920783584921689,0.042248014360666275,0.0002629449882078916,0.588499957270203,False,
593,OCNT-2535611,2,CYP2D6,4.770310401916504,0.0007776345009915531,0.00016056762251537293,0.0030752704478800297,32,0.6560753749110544,0.016326189041137695,0.0017371312715113163,0.5782320189077599,False,
593,OCNT-2535611,3,CYP3A4,4.838921070098877,0.001251181703992188,0.0012056835694238544,0.004917122423648834,32,0.8017720219621514,0.032101456075906754,0.00016171643801499158,0.5135451185499575,False,
594,OCNT-2535612,0,CYP1A2,5.399960517883301,0.000843178597278893,0.00039934300002641976,0.003466034308075905,32,0.7554648876512937,0.020383980125188828,0.0005105589516460896,0.514637449260643,False,
594,OCNT-2535612,1,CYP2C9,5.17298698425293,0.0009458445128984749,0.00030401968979276717,0.004230413120239973,32,0.9486480355228784,0.028713056817650795,0.0011398539645597339,0.5952589670192732,False,
594,OCNT-2535612,2,CYP2D6,4.378932476043701,0.0010804727207869291,0.0001709495991235599,0.004336692858487368,32,0.7137139410398118,0.024676978588104248,0.0012490306980907917,0.6137454395088332,False,
594,OCNT-2535612,3,CYP3A4,4.78519344329834,0.000928238732740283,0.00063591223442927,0.004147479310631752,32,0.8253805539028966,0.02451707050204277,0.0006092344410717487,0.5593368134522942,False,
595,OCNT-2535614,0,CYP1A2,5.471163749694824,0.0005567830521613359,0.000339637539582327,0.002391715766862035,32,0.7789825760405114,0.013879426755011082,0.0007061922224238515,0.5374846523119632,False,
595,OCNT-2535614,1,CYP2C9,5.2820844650268555,0.0006438099662773311,0.000239785949815996,0.0028281642589718103,32,0.9769612400062336,0.020127588883042336,0.0023783075157552958,0.606110250240775,False,
595,OCNT-2535614,2,CYP2D6,4.524259567260742,0.0013072299771010876,0.00015675363829359412,0.004308576695621014,32,0.70634510628865,0.02954760193824768,0.0008079346152953804,0.5821201440985387,False,
595,OCNT-2535614,3,CYP3A4,5.003592014312744,0.00046101491898298264,6.0506059526233e-05,0.002179071307182312,32,0.7948056272275988,0.01172560639679432,0.0014575205277651548,0.582894833210329,False,
596,OCNT-2535616,0,CYP1A2,5.5233612060546875,0.0006213663145899773,0.0003774275828618556,0.0027547748759388924,32,0.7918435875462498,0.015745051205158234,0.0006078779697418213,0.5261986108578558,False,
596,OCNT-2535616,1,CYP2C9,5.324087619781494,0.0007573622860945761,0.00026819808408617973,0.0034771536011248827,32,0.9888148819589003,0.023964831605553627,0.001615449320524931,0.6021965762043348,False,
596,OCNT-2535616,2,CYP2D6,4.485771179199219,0.0011388923740014434,0.0001682883594185114,0.004052520729601383,32,0.7262089472378628,0.026466595008969307,0.0010001976042985916,0.5973393717900639,False,
596,OCNT-2535616,3,CYP3A4,5.022896766662598,0.0005497366655617952,6.77721036481671e-05,0.002670187968760729,32,0.8287316092146895,0.014578958041965961,0.000925856118556112,0.5744477491066052,False,
597,OCNT-2535617,0,CYP1A2,5.178451061248779,0.001233937800861895,0.00027405028231441975,0.0048462999984622,32,0.8372103524456542,0.03305836394429207,0.0002851856406778097,0.48341454037543724,False,
597,OCNT-2535617,1,CYP2C9,4.982643127441406,0.0012174226576462388,0.00047197972889989614,0.005009095184504986,32,0.8459598192550315,0.032956771552562714,0.0003385661111678928,0.5932500494911622,False,
597,OCNT-2535617,2,CYP2D6,4.48788595199585,0.0010462297359481454,0.00020204945758450776,0.004025347996503115,32,0.6841580554309601,0.022905386984348297,0.0008502223063260317,0.5214713721143948,False,
597,OCNT-2535617,3,CYP3A4,4.689277648925781,0.0013110022991895676,0.000735393725335598,0.004961703903973103,32,0.8720557090280048,0.036584824323654175,7.010680565144867e-05,0.536809632068556,False,
598,OCNT-2535618,0,CYP1A2,5.577975749969482,0.0005770314019173384,0.0003397803520783782,0.002498809713870287,32,0.772229913186648,0.014259476214647293,0.0007431534468196332,0.5260768119250697,False,
598,OCNT-2535618,1,CYP2C9,5.398161888122559,0.0007636990630999207,0.00024594570277258754,0.0035069396253675222,32,0.9631190364062772,0.023537367582321167,0.0013313672970980406,0.5524406883658298,False,
598,OCNT-2535618,2,CYP2D6,4.5128374099731445,0.0011615859111770988,0.00015235852333717048,0.004639820195734501,32,0.7679690553538177,0.028546230867505074,0.0007051301654428244,0.5957642514303274,False,
598,OCNT-2535618,3,CYP3A4,5.104532718658447,0.0006267601856961846,9.172136196866632e-05,0.0030881206039339304,32,0.7436972583809668,0.014916072599589825,0.0010633821366354823,0.5108405078389533,False,
599,OCNT-2535619,0,CYP1A2,5.516755104064941,0.0007377934525720775,0.00035775985452346504,0.0030239245388656855,32,0.7645214654458848,0.01805013045668602,0.0005021835677325726,0.5218902703345121,False,
599,OCNT-2535619,1,CYP2C9,5.325462341308594,0.0007345980848185718,0.00025689261383377016,0.003358213696628809,32,0.980242115950406,0.02304300107061863,0.0016302629373967648,0.5962666667688206,False,
599,OCNT-2535619,2,CYP2D6,4.5453901290893555,0.0011444747215136886,0.0001677985128480941,0.004181649535894394,32,0.7169241626362907,0.02625628001987934,0.0008920241380110383,0.5956059736160462,False,
599,OCNT-2535619,3,CYP3A4,5.029219627380371,0.0005179757135920227,6.421845318982378e-05,0.002504648407921195,32,0.826949829622352,0.013707142323255539,0.0009593755821697414,0.576803150783896,False,
600,OCNT-2535620,0,CYP1A2,5.577186584472656,0.0005880382377654314,0.0003575533046387136,0.0026080606039613485,32,0.7922563496068799,0.014908318407833576,0.0006118742167018354,0.5263571336170739,False,
600,OCNT-2535620,1,CYP2C9,5.39309549331665,0.0007256704848259687,0.0002573911042418331,0.003343916730955243,32,0.9984634914978474,0.023186095058918,0.0015907703200355172,0.602138749550809,False,
600,OCNT-2535620,2,CYP2D6,4.568314552307129,0.0011038539232686162,0.00015942488971631974,0.0039401575922966,32,0.7146182274161758,0.025242920964956284,0.0010065698297694325,0.5945297275191317,False,
600,OCNT-2535620,3,CYP3A4,5.101752281188965,0.0005218365113250911,6.452634261222556e-05,0.002526100492104888,32,0.8264403707835627,0.013800800777971745,0.0009365127189084888,0.5765581986590526,False,
601,OCNT-2535621,0,CYP1A2,5.529993057250977,0.000608016736805439,0.0003575409355107695,0.002633278490975499,32,0.7721169477775265,0.01502296794205904,0.0007369726081378758,0.5258015245122979,False,
601,OCNT-2535621,1,CYP2C9,5.337807655334473,0.000801442947704345,0.0002589555806480348,0.0036849528551101685,32,0.9630029706794366,0.024697650223970413,0.0013439194299280643,0.5520547063619852,False,
601,OCNT-2535621,2,CYP2D6,4.466009616851807,0.0010620295070111752,0.0001599117967998609,0.003923045936971903,32,0.7360566680464008,0.025015080347657204,0.0010079623898491263,0.5730178093493176,False,
601,OCNT-2535621,3,CYP3A4,5.032620429992676,0.0006595623563043773,9.304243576480076e-05,0.0032639126293361187,32,0.7456378519999382,0.015737667679786682,0.0010469375411048532,0.5092364198178999,False,
602,OCNT-2535623,0,CYP1A2,3.187413454055786,0.008027632720768452,0.0033440112601965666,0.03621355816721916,2,1.0003528304131422,0.016060950234532356,0.00037038326263427734,0.5655969790289358,True,persistent
602,OCNT-2535623,1,CYP2C9,3.310317277908325,0.0052831219509243965,0.0027586340438574553,0.023780062794685364,32,0.9854964212535406,0.16660824418067932,0.0007340348092839122,0.5705849579613871,False,
602,OCNT-2535623,2,CYP2D6,4.77059268951416,0.002373906085267663,0.0018405808368697762,0.011377368122339249,32,0.9055031227842834,0.06878682971000671,0.0004144500708207488,0.6113959318592197,False,
602,OCNT-2535623,3,CYP3A4,2.7772278785705566,0.005072579253464937,0.0031051060650497675,0.019705070182681084,4,0.998222992992144,0.02025430090725422,0.0005847603897564113,0.5479740949223371,False,
603,OCNT-2535624,0,CYP1A2,4.645200729370117,0.0027747643180191517,0.00015158570022322237,0.011705069802701473,32,0.8326794141174216,0.07393591850996017,0.0007391382241621614,0.6155907118890951,False,
603,OCNT-2535624,1,CYP2C9,4.798661231994629,0.002029967959970236,0.0009165174560621381,0.0072211213409900665,32,0.8756814291770764,0.05688364803791046,0.00036343661486171186,0.5220762013985414,False,
603,OCNT-2535624,2,CYP2D6,4.7446393966674805,0.0007115528569556773,7.928400009404868e-05,0.00239905109629035,32,0.6030983880568127,0.01373255718499422,0.0003013077948708087,0.3794188733514664,False,
603,OCNT-2535624,3,CYP3A4,4.633496284484863,0.0023991595953702927,0.0011385298566892743,0.00936242938041687,32,0.9115432305928195,0.06998229771852493,0.0004855864099226892,0.5015803958875658,False,
604,OCNT-2535625,0,CYP1A2,4.687074184417725,0.003142321016639471,0.002382351318374276,0.011944226920604706,32,0.9646337018452484,0.09699834883213043,0.000679733173456043,0.5268070704387928,False,
604,OCNT-2535625,1,CYP2C9,4.543896675109863,0.002188751008361578,0.0021511511877179146,0.009691543877124786,8,0.9932562213457683,0.017392003908753395,0.0003395559324417263,0.5716560088501591,False,
604,OCNT-2535625,2,CYP2D6,4.652679443359375,0.0010742895537987351,8.041274850256741e-05,0.004508063662797213,32,0.774299617154185,0.026618551462888718,0.0007807973888702691,0.6174797693798676,False,
604,OCNT-2535625,3,CYP3A4,4.252930641174316,0.002329133450984955,0.0017850250005722046,0.009044643491506577,32,0.8978755182699237,0.06692098826169968,0.00032014737371355295,0.4856606408887192,False,
605,OCNT-2535626,0,CYP1A2,4.363457679748535,0.0026793594006448984,7.595340866828337e-05,0.010880780406296253,32,0.8443435465613867,0.07239386439323425,0.000660169287584722,0.5435220909282784,False,
605,OCNT-2535626,1,CYP2C9,4.1829986572265625,0.002662305487319827,0.001431083888746798,0.01091952994465828,32,0.9002502803612463,0.0766960084438324,0.00020174185920041054,0.5536174215243158,False,
605,OCNT-2535626,2,CYP2D6,4.677737712860107,0.0011428274447098374,9.023487655213103e-05,0.004596473183482885,32,0.7934188871517216,0.029015962034463882,0.0005482606939040124,0.5422492411851316,False,
605,OCNT-2535626,3,CYP3A4,3.8758902549743652,0.003116741543635726,0.001369430567137897,0.01183182280510664,32,0.8888209706167559,0.08864749222993851,0.0001692699734121561,0.4788455555877966,False,
606,OCNT-2535627,0,CYP1A2,5.3589186668396,0.00034168330603279173,0.00033899329719133675,0.0013304341118782759,32,0.6506691211323075,0.007114537060260773,0.0012415205128490925,0.44778395285456357,False,
606,OCNT-2535627,1,CYP2C9,4.9602460861206055,0.0006839335546828806,0.0004424588696565479,0.0032611843198537827,32,0.8662250497574583,0.01895836926996708,0.0009638016927056015,0.5560705668200914,False,
606,OCNT-2535627,2,CYP2D6,4.290030002593994,0.001474651857279241,0.00018513426766730845,0.006581009365618229,32,0.817334693765637,0.03856935352087021,0.0004307293565943837,0.6182585691011044,False,
606,OCNT-2535627,3,CYP3A4,4.452887058258057,0.0020292869303375483,0.001047263271175325,0.009710205718874931,32,0.9900439077774456,0.06429097801446915,0.00020705749921035022,0.5953629786651007,False,
607,OCNT-2535630,0,CYP1A2,4.693885803222656,0.0012867972254753113,0.0001037214751704596,0.00466922577470541,32,0.5356461162314657,0.02205674536526203,0.0004957435885444283,0.4756469378537713,False,
607,OCNT-2535630,1,CYP2C9,4.395386695861816,0.0017000370426103473,0.0033593098632991314,0.006204052362591028,32,0.8362836439818992,0.04549508914351463,0.0008073160424828529,0.44089918023877595,False,
607,OCNT-2535630,2,CYP2D6,4.523365020751953,0.0013212013291195035,0.00021920341532677412,0.004890569020062685,32,0.7781153830813201,0.03289775550365448,0.0007431416888721287,0.6778570123582387,False,
607,OCNT-2535630,3,CYP3A4,4.070255756378174,0.0009407527977600694,0.0010424611391499639,0.004154241643846035,32,0.7610994080635598,0.02291244827210903,0.00047678296687081456,0.5328980710798009,False,
608,OCNT-2535632,0,CYP1A2,5.2534589767456055,0.0007260561687871814,0.0004037861945107579,0.0032779453322291374,32,0.8110232185121322,0.018843408674001694,0.0005247340304777026,0.5233317872049201,False,
608,OCNT-2535632,1,CYP2C9,5.16822624206543,0.0005600058939307928,0.00024307100102305412,0.0025492196436971426,4,0.995919363942074,0.0022309226915240288,0.0033010479528456926,0.6183280064929402,False,
608,OCNT-2535632,2,CYP2D6,4.288241863250732,0.001041004667058587,0.00027888076147064567,0.0037690419703722,32,0.7136494169957852,0.023773424327373505,0.0009383613360114396,0.6492826089969013,False,
608,OCNT-2535632,3,CYP3A4,4.884644508361816,0.0003782035200856626,7.15816204319708e-05,0.001903505064547062,32,0.8668072877470764,0.010490823537111282,0.0018573132110759616,0.5712660916239105,False,
609,OCNT-2535634,0,CYP1A2,4.809816360473633,0.0016186890425160527,0.0007729947101324797,0.007580348290503025,32,0.9144125799705375,0.04736508056521416,0.00062359101139009,0.5323609408644286,False,
609,OCNT-2535634,1,CYP2C9,4.54257869720459,0.0015604817308485508,0.0005725522059947252,0.006794879212975502,32,0.8879738560896235,0.04434162750840187,0.0006135304574854672,0.5971979099298567,False,
609,OCNT-2535634,2,CYP2D6,4.032508850097656,0.0013545301044359803,0.00027857747045345604,0.005356617271900177,32,0.714028973438921,0.0309497881680727,0.0010335923871025443,0.6213940526450873,False,
609,OCNT-2535634,3,CYP3A4,3.440274953842163,0.002525507239624858,0.0004712869704235345,0.013766910880804062,32,0.9222608218644004,0.07453393936157227,0.0004662772116716951,0.5284321890781838,False,
610,OCNT-2535635,0,CYP1A2,4.638309001922607,0.0025274751242250204,0.0011126500321552157,0.010821881704032421,32,0.9163474922326741,0.07411374896764755,0.00039466493763029575,0.5547029146469906,False,
610,OCNT-2535635,1,CYP2C9,4.6651153564453125,0.001467001042328775,0.00039582178578712046,0.007237243466079235,32,0.8105893405148792,0.03805259242653847,0.0003666380944196135,0.5368924093956713,False,
610,OCNT-2535635,2,CYP2D6,4.413777828216553,0.0008639815496280789,0.0001609399332664907,0.003427674528211355,32,0.6879070206051269,0.01901906728744507,0.0007296664989553392,0.5187380931184301,False,
610,OCNT-2535635,3,CYP3A4,4.31160306930542,0.0017021654639393091,0.0006600338965654373,0.00769679294899106,32,0.8570733473784173,0.04668445512652397,0.00028822908643633127,0.4829570088108722,False,
611,OCNT-2535638,0,CYP1A2,3.5428807735443115,0.005851513706147671,0.003671693615615368,0.022286124527454376,32,0.8735133722777335,0.1635642945766449,0.0002481504052411765,0.570964800710183,False,
611,OCNT-2535638,1,CYP2C9,3.5812764167785645,0.0036235302686691284,0.0018573671113699675,0.01536298356950283,32,0.895424897872374,0.10382746160030365,0.0002374405157752335,0.5194511628024667,False,
611,OCNT-2535638,2,CYP2D6,4.648126602172852,0.0010384012712165713,0.0002932948700617999,0.004388792440295219,32,0.8446045083555326,0.028065498918294907,0.0009019104181788862,0.6410535729220149,False,
611,OCNT-2535638,3,CYP3A4,3.068547010421753,0.004045046865940094,0.001385645940899849,0.01728004962205887,32,0.9220921082576568,0.11935728043317795,0.0001935353793669492,0.6054132103588943,False,
612,OCNT-2535639,0,CYP1A2,4.302692413330078,0.004407400730997324,0.0038991787005215883,0.01730324514210224,32,0.9585697832923252,0.13519394397735596,0.0004995239432901144,0.5244642352114404,False,
612,OCNT-2535639,1,CYP2C9,4.223306179046631,0.003092583967372775,0.0018060470465570688,0.012118179351091385,32,0.9455028761396957,0.0935698077082634,0.00020155491074547172,0.571744103816688,False,
612,OCNT-2535639,2,CYP2D6,4.35002326965332,0.0014656225685030222,0.00023283342306967825,0.006120003759860992,32,0.8443205332002117,0.03959883749485016,0.0008339593186974525,0.651653355362152,False,
612,OCNT-2535639,3,CYP3A4,3.6351518630981445,0.003082016948610544,0.0027969232760369778,0.013072999194264412,32,0.8995076411727065,0.08871381729841232,0.00013954169116914272,0.5892689305050993,False,
613,OCNT-2535640,0,CYP1A2,3.7892961502075195,0.005085062701255083,0.0027557292487472296,0.01891740784049034,32,0.85651889892076,0.1393747478723526,0.0003162207140121609,0.5029360451601942,False,
613,OCNT-2535640,1,CYP2C9,3.8115837574005127,0.003466131864115596,0.00280204601585865,0.01285158097743988,32,0.8848528333128473,0.09814481437206268,0.0001993170299101621,0.48123753408711295,False,
613,OCNT-2535640,2,CYP2D6,4.745284080505371,0.0010971063748002052,0.00042894258513115346,0.00408571120351553,32,0.8178551953734713,0.028713034465909004,0.0011651795357465744,0.655425017540583,False,
613,OCNT-2535640,3,CYP3A4,3.465017557144165,0.0032492175232619047,0.0020795869641005993,0.011483171954751015,32,0.8739940610477702,0.09087377786636353,0.00015408794570248574,0.47441188316360183,False,
614,OCNT-2535642,0,CYP1A2,4.459739685058594,0.0030200432520359755,0.00015999517927411944,0.012461667880415916,32,0.8018925282230384,0.07749626040458679,0.0003366669116076082,0.5230658360395841,False,
614,OCNT-2535642,1,CYP2C9,4.430703163146973,0.0023409619461745024,0.0010886166710406542,0.008989181369543076,32,0.833103835945986,0.062408726662397385,0.00034602844971232116,0.5038220808538889,False,
614,OCNT-2535642,2,CYP2D6,4.684870719909668,0.0009570952388457954,0.00014697897131554782,0.003813073504716158,32,0.7445585714118036,0.02280386909842491,0.000778235262259841,0.5349896508156438,False,
614,OCNT-2535642,3,CYP3A4,4.017239093780518,0.0033639289904385805,0.0010196705115959048,0.013669253326952457,32,0.8825152951475652,0.0949992835521698,0.00024129585654009134,0.5022773103314246,False,
615,OCNT-2535643,0,CYP1A2,4.500210285186768,0.0029029245488345623,0.0001497719786129892,0.011962556280195713,32,0.791588539905474,0.07353375107049942,0.0003840535064227879,0.5238575596006146,False,
615,OCNT-2535643,1,CYP2C9,4.409134387969971,0.00259262602776289,0.0013750180369243026,0.010499654337763786,32,0.8743366061425065,0.07253877073526382,0.0002982128644362092,0.5071959366863514,False,
615,OCNT-2535643,2,CYP2D6,4.767897129058838,0.000846272159833461,0.00012750813039019704,0.003346055746078491,32,0.7508674865127231,0.020334264263510704,0.0008818795904517174,0.535761472443472,False,
615,OCNT-2535643,3,CYP3A4,4.09415864944458,0.0029207849875092506,0.0010786845814436674,0.011506877839565277,32,0.8513938050623637,0.07957589626312256,0.00019344055908732116,0.49018579126244516,False,
616,OCNT-2535644,0,CYP1A2,5.012661933898926,0.0012667500413954258,0.0002871747128665447,0.0057362038642168045,32,0.7439102955154432,0.03015538677573204,0.0008309013792313635,0.5042638697253994,False,
616,OCNT-2535644,1,CYP2C9,4.7970075607299805,0.002127678133547306,0.0002819449291564524,0.009885469451546669,32,0.8719718736874699,0.05936909466981888,0.0009618952171877027,0.5734995811303872,False,
616,OCNT-2535644,2,CYP2D6,4.433480262756348,0.0017475011991336942,0.0005343561642803252,0.0078065050765872,32,0.7189065378732338,0.04020151123404503,0.0007041756180115044,0.5081069880599087,False,
616,OCNT-2535644,3,CYP3A4,4.3691792488098145,0.00234398664906621,0.0008447646978311241,0.010681767016649246,32,0.630043999661506,0.047258272767066956,0.000597014557570219,0.40462994943684993,False,
617,OCNT-2535645,0,CYP1A2,5.101510524749756,0.001234708004631102,0.0002883480628952384,0.005319125484675169,32,0.7180996145235076,0.028372816741466522,0.0008986619650386274,0.5250526135901703,False,
617,OCNT-2535645,1,CYP2C9,4.866904258728027,0.002218415029346943,0.0002617161371745169,0.009675152599811554,32,0.8452352847098293,0.06000291556119919,0.0011758686741814017,0.5491093881352073,False,
617,OCNT-2535645,2,CYP2D6,4.325536727905273,0.0018929927609860897,0.0005474755889736116,0.007939291186630726,32,0.6943750554181434,0.04206252470612526,0.0007254373049363494,0.5046753878894481,False,
617,OCNT-2535645,3,CYP3A4,4.37592077255249,0.002804720774292946,0.0011249054223299026,0.011817893013358116,32,0.6445968544707527,0.05785346031188965,0.0005193325341679156,0.4371904837782444,False,
618,OCNT-2535646,0,CYP1A2,4.55549430847168,0.003470340510830283,0.002688191132619977,0.014438878744840622,32,0.9207582270710164,0.1022513210773468,0.0001979145163204521,0.5774350190690631,False,
618,OCNT-2535646,1,CYP2C9,4.490698337554932,0.002368602203205228,0.0006121219485066831,0.010060443542897701,32,0.9497513688828134,0.07198696583509445,0.00022836888092570007,0.5511674497050675,False,
618,OCNT-2535646,2,CYP2D6,4.494110107421875,0.0012244016397744417,0.000539997941814363,0.0047204094007611275,32,0.7193136802486283,0.028183553367853165,0.0015079876175150275,0.5883693348797056,False,
618,OCNT-2535646,3,CYP3A4,4.050448894500732,0.002886196132749319,0.0008121616556309164,0.013738486915826797,32,0.9895426535522371,0.09139277040958405,0.00018011259089689702,0.6145299354290058,False,
619,OCNT-2535648,0,CYP1A2,5.178957939147949,0.0011326965177431703,0.0011047552106902003,0.00433049350976944,32,0.801144370368422,0.029038766399025917,0.000866719288751483,0.47973967352928576,False,
619,OCNT-2535648,1,CYP2C9,5.021587371826172,0.0009737098007462919,0.00011806097609223798,0.0044694761745631695,32,0.9883676236033668,0.030796580016613007,0.0007236329256556928,0.5872215711217837,False,
619,OCNT-2535648,2,CYP2D6,4.59773063659668,0.0009462546440772712,0.00011116146197309718,0.003614707849919796,32,0.709824503953444,0.0214938186109066,0.0010825638892129064,0.570049117914311,False,
619,OCNT-2535648,3,CYP3A4,4.742181777954102,0.0011680113384500146,0.0006027836352586746,0.0053345682099461555,32,0.9551550160422215,0.03570052608847618,0.0006077081779949367,0.5703571529973909,False,
620,OCNT-2535649,0,CYP1A2,5.3679022789001465,0.0007580381934531033,9.174775914289057e-05,0.0030395854264497757,32,0.6952664240142168,0.016865454614162445,0.0007364307530224323,0.491191315608926,False,
620,OCNT-2535649,1,CYP2C9,5.098898887634277,0.0007503500673919916,0.0003789856855291873,0.003200568724423647,32,0.8354028898238394,0.020059294998645782,0.0005548957851715386,0.5758909770006799,False,
620,OCNT-2535649,2,CYP2D6,4.678088188171387,0.00072655756957829,0.00010562459647189826,0.0028931275010108948,32,0.6772613023987037,0.015746435150504112,0.0037870316300541162,0.6173193817568918,False,
620,OCNT-2535649,3,CYP3A4,4.849556922912598,0.0009441779111512005,0.00030488130869343877,0.0036575489211827517,32,0.8428904566561439,0.025467103347182274,0.0002465501020196825,0.5137905900398775,False,
621,OCNT-2535650,0,CYP1A2,5.589763164520264,0.0006448824424296618,0.0006029846845194697,0.002396106719970703,32,0.9464895008845483,0.019532285630702972,0.0014282700140029192,0.47675383437542906,False,
621,OCNT-2535650,1,CYP2C9,5.433069705963135,0.0003810183552559465,2.545230381656438e-05,0.0013049817644059658,32,0.631693946306307,0.007702185772359371,0.0008380051585845649,0.39540803821745596,False,
621,OCNT-2535650,2,CYP2D6,4.738430023193359,0.0008553359075449407,9.458753629587591e-05,0.0027077856939285994,32,0.5662987035285334,0.015500200912356377,0.0002860589593183249,0.4035786392388887,False,
621,OCNT-2535650,3,CYP3A4,5.25006103515625,0.002098908880725503,0.00113315274938941,0.0071732779033482075,32,0.9270413288316094,0.06226510554552078,0.00029482715763151646,0.47967973239512646,False,
622,OCNT-2535651,0,CYP1A2,5.287507057189941,0.0006090007373131812,0.0004936862969771028,0.002565757604315877,32,0.8025327208309866,0.015640033408999443,0.0007063818629831076,0.4847520301351813,False,
622,OCNT-2535651,1,CYP2C9,4.967869758605957,0.0014982534339651465,0.0009973157430067658,0.007203821092844009,32,0.9694329167887437,0.04647890850901604,0.00026084890123456717,0.5892406162309785,False,
622,OCNT-2535651,2,CYP2D6,4.42410945892334,0.0011129510821774602,0.0001502657396486029,0.004509608261287212,32,0.6584053248609565,0.023448944091796875,0.0011329804547131062,0.5713086086857342,False,
622,OCNT-2535651,3,CYP3A4,4.619665145874023,0.002300082938745618,0.001568889943882823,0.009962314739823341,32,0.9879980703900605,0.07271959632635117,0.00011073188215959817,0.5757640963628385,False,
623,OCNT-2535652,0,CYP1A2,4.818155288696289,0.0011781530920416117,0.0005541543359868228,0.005848429631441832,32,0.7829253707981303,0.029517240822315216,0.0004486242833081633,0.5045514866821249,False,
623,OCNT-2535652,1,CYP2C9,4.535528659820557,0.0017802107613533735,0.0010447375243529677,0.008913434110581875,32,0.965329021955581,0.054991960525512695,0.00031418510479852557,0.5685583082953534,False,
623,OCNT-2535652,2,CYP2D6,4.079823017120361,0.0012231870787218213,0.0002759491035249084,0.004929034970700741,32,0.7805829667731933,0.030553817749023438,0.0007691817008890212,0.6119073017171077,False,
623,OCNT-2535652,3,CYP3A4,3.4835243225097656,0.002731858752667904,0.0006556909647770226,0.01678180880844593,2,1.0006232737985876,0.0054671429097652435,0.0005121294525451958,0.6675799567776686,False,
624,OCNT-2535653,0,CYP1A2,5.3491902351379395,0.0010083826491609216,0.0004441361816134304,0.004140326753258705,32,0.7902228403974212,0.025499356910586357,0.0006512457621283829,0.49016620785015463,False,
624,OCNT-2535653,1,CYP2C9,5.186286926269531,0.001100553898140788,0.0003408193588256836,0.004632653668522835,2,1.0008370310536716,0.0022029702086001635,0.00031721501727588475,0.6062056256677798,False,
624,OCNT-2535653,2,CYP2D6,4.614063262939453,0.0008738627075217664,0.0001717487903079018,0.0035709221847355366,32,0.7143024426862385,0.01997470110654831,0.0010889859404414892,0.5750311123296518,False,
624,OCNT-2535653,3,CYP3A4,4.972514629364014,0.001099753542803228,0.0007156454375945032,0.004343801643699408,32,0.9653332832108505,0.03397242724895477,0.00033867088495753706,0.5257744137247651,False,
625,OCNT-2535654,0,CYP1A2,4.511625289916992,0.003196375211700797,0.0031742684077471495,0.011947132647037506,32,0.8972795783590787,0.09177763760089874,0.0003696400090120733,0.5247420885127647,False,
625,OCNT-2535654,1,CYP2C9,4.528605937957764,0.0020162337459623814,0.00015838143008295447,0.008398597128689289,32,0.939121979761568,0.060591962188482285,0.0008836478809826076,0.6258596900485764,False,
625,OCNT-2535654,2,CYP2D6,4.618088722229004,0.0009741676622070372,0.0006626582471653819,0.0032718833535909653,32,0.5332494300452378,0.016623349860310555,0.005653273779898882,0.5753837865838263,True,curved
625,OCNT-2535654,3,CYP3A4,4.167041778564453,0.002410506596788764,0.0003365559387020767,0.010732253082096577,2,1.0016234815314795,0.004828860051929951,0.00038399570621550083,0.6318030011829232,False,
626,OCNT-2535655,0,CYP1A2,3.9261066913604736,0.004859723150730133,0.0032984050922095776,0.02002534829080105,32,0.8581037318997566,0.13344496488571167,0.0004161587276030332,0.5346723051856292,False,
626,OCNT-2535655,1,CYP2C9,3.8273322582244873,0.002758729038760066,0.0015705242985859513,0.010956579819321632,32,0.8905678587715781,0.07861901819705963,0.0002925576700363308,0.6566509438571936,False,
626,OCNT-2535655,2,CYP2D6,4.6662211418151855,0.0006448800559155643,0.00032549668685533106,0.002767852507531643,32,0.82537677979096,0.017032872885465622,0.0012927154311910272,0.5812419800174379,False,
626,OCNT-2535655,3,CYP3A4,3.5622315406799316,0.0026572328060865402,0.0009503171313554049,0.010067791678011417,32,0.8986727277036872,0.07641573250293732,0.00024138977460097522,0.5063883568257341,False,
627,OCNT-2535657,0,CYP1A2,5.482303142547607,0.0009313086629845202,0.00045392883475869894,0.003377270884811878,32,0.9152856567745922,0.027277523651719093,0.00021391746122390032,0.6647167165402363,False,
627,OCNT-2535657,1,CYP2C9,5.240386962890625,0.0013149327132850885,0.00038141090772114694,0.0052717868238687515,32,0.9218624476497084,0.03879028186202049,0.0003839342971332371,0.6065070013654168,False,
627,OCNT-2535657,2,CYP2D6,4.777811050415039,0.0010496551403775811,0.00016375230916310102,0.0030908561311662197,32,0.6380421972939277,0.02143138088285923,0.00034268968738615513,0.4550468478229771,False,
627,OCNT-2535657,3,CYP3A4,5.163443565368652,0.0015394677175208926,0.0007901412318460643,0.006374127231538296,32,0.9712333992532074,0.047846149653196335,0.0002053262578556314,0.5982757044181646,False,
628,OCNT-2535658,0,CYP1A2,5.2111663818359375,0.0010738669661805034,0.0001836040464695543,0.003951302729547024,32,0.7078134547563885,0.024323346093297005,0.00046977761667221785,0.4441577149805277,False,
628,OCNT-2535658,1,CYP2C9,5.1337785720825195,0.00037601706571877003,6.403539009625092e-05,0.0016184370033442974,32,0.7140013312084362,0.008591482415795326,0.0016718163387849927,0.5736291752776197,False,
628,OCNT-2535658,2,CYP2D6,4.485868453979492,0.0010899376356974244,0.00023100707039702684,0.0038721621967852116,32,0.6690306770539044,0.023334668949246407,0.0008257925510406494,0.5464160299350419,False,
628,OCNT-2535658,3,CYP3A4,4.846000671386719,0.0007372378022409976,0.00013248328468762338,0.0028571421280503273,9,0.9884346383057172,0.0065584913827478886,0.000410616397857666,0.4688403268366969,False,
629,OCNT-2535659,0,CYP1A2,5.5329976081848145,0.0012913731625303626,0.0009964338969439268,0.003778519108891487,32,0.7570967328196481,0.031286463141441345,0.00139825907535851,0.5576668872856283,False,
629,OCNT-2535659,1,CYP2C9,5.293680191040039,0.001765150111168623,2.0374007362988777e-05,0.0062561677768826485,32,0.6961623407890581,0.03932281583547592,0.000984002253971994,0.5016334677116319,False,
629,OCNT-2535659,2,CYP2D6,4.6908721923828125,0.0013109509600326419,9.791333286557347e-05,0.004718052223324776,32,0.5045762574394721,0.02116735279560089,0.0016724268207326531,0.4553440120438086,False,
629,OCNT-2535659,3,CYP3A4,5.084786415100098,0.003095067571848631,0.0007674942025914788,0.013050497509539127,32,0.6949707686367473,0.06883163005113602,0.000598548911511898,0.5853298207439313,False,
630,OCNT-2535660,0,CYP1A2,5.613747596740723,0.0006952001131139696,0.0005363013478927314,0.002543338108807802,32,0.8934713322539064,0.019876809790730476,0.0007284689927473664,0.47690471986848204,False,
630,OCNT-2535660,1,CYP2C9,5.444596767425537,0.0003515330026857555,2.2422544134315103e-05,0.0011762094218283892,32,0.6232496788978169,0.007011170033365488,0.0007830415852367878,0.4203523742002494,False,
630,OCNT-2535660,2,CYP2D6,4.790160179138184,0.0007000521873123944,0.00011682465265039355,0.0023032454773783684,32,0.5932837586230406,0.013290736824274063,0.00018282370001543313,0.3996675542781693,False,
630,OCNT-2535660,3,CYP3A4,5.274280548095703,0.001844611600972712,0.0010047004325315356,0.006319367326796055,32,0.9289826952100635,0.05483588948845863,0.00030225334921851754,0.48141719249848636,False,
631,OCNT-2535661,0,CYP1A2,5.667534828186035,0.0005720913759432733,0.0005359521019272506,0.002127396408468485,32,0.9473579769291164,0.017343513667583466,0.0014797367621213198,0.4760227523410595,False,
631,OCNT-2535661,1,CYP2C9,5.506841659545898,0.00033096206607297063,2.298730942129623e-05,0.0011401493102312088,32,0.6414259264591039,0.006793410051614046,0.000902425148524344,0.41841759393070305,False,
631,OCNT-2535661,2,CYP2D6,4.779557228088379,0.0009625502862036228,0.00010938524064840749,0.003145163878798485,32,0.7498155704322391,0.023095766082406044,0.00013638717064168304,0.4330970240818145,False,
631,OCNT-2535661,3,CYP3A4,5.351484775543213,0.0018426256719976664,0.0010073415469378233,0.006334339268505573,32,0.9319116290374794,0.0549495555460453,0.0003272918111179024,0.4793593856072183,False,
632,OCNT-2535662,0,CYP1A2,5.533443450927734,0.001315518282353878,0.0008775629685260355,0.004148552659898996,32,0.8554652863353627,0.0360124409198761,0.0011653159745037556,0.5578720015657608,False,
632,OCNT-2535662,1,CYP2C9,5.328200340270996,0.0012212274596095085,2.28374483413063e-05,0.004310360178351402,32,0.6033031367613971,0.023576844483613968,0.0010137567296624184,0.45802827502790244,False,
632,OCNT-2535662,2,CYP2D6,4.67645788192749,0.0009894652757793665,6.817407120252028e-05,0.0033598102163523436,32,0.464957265485783,0.014722038991749287,0.0020642688032239676,0.45799232288139985,True,recurrence
632,OCNT-2535662,3,CYP3A4,5.128859519958496,0.0026344279758632183,0.0008527234313078225,0.01081434078514576,32,0.7279144871117125,0.061364658176898956,0.000513979874085635,0.5726370830003663,False,
633,OCNT-2535663,0,CYP1A2,5.607027053833008,0.0008451788453385234,0.0006891315570101142,0.002687823725864291,32,0.7526983484924774,0.020357511937618256,0.001820844248868525,0.43347778360390665,False,
633,OCNT-2535663,1,CYP2C9,5.374319553375244,0.00158343103248626,2.7219817638979293e-05,0.0053914571180939674,32,0.8442910134819135,0.0427803210914135,0.0008159848512150347,0.48893326586971975,False,
633,OCNT-2535663,2,CYP2D6,4.702291488647461,0.001024895696900785,9.562378545524552e-05,0.0031341356225311756,32,0.5101792190041383,0.016732338815927505,0.0011590601643547416,0.4693566322948354,False,
633,OCNT-2535663,3,CYP3A4,5.1719160079956055,0.0028774661477655172,0.0009085496421903372,0.011060399934649467,32,0.7367007925512326,0.06783484667539597,0.0002765700628515333,0.5521838101423193,False,
634,OCNT-2535664,0,CYP1A2,5.629571914672852,0.0005612308741547167,0.0005073371576145291,0.0020147073082625866,32,0.8849808498253084,0.015893997624516487,0.001406966708600521,0.4641272532966535,False,
634,OCNT-2535664,1,CYP2C9,5.440927505493164,0.0005128399934619665,2.14817700907588e-05,0.0023095207288861275,32,0.7483115012300062,0.012280689552426338,0.0004063176456838846,0.5170105680331152,False,
634,OCNT-2535664,2,CYP2D6,4.579591274261475,0.000768410915043205,0.00017744665092322975,0.0023986969608813524,32,0.6899727413839928,0.016966063529253006,0.0003702757821884006,0.5022523487907938,False,
634,OCNT-2535664,3,CYP3A4,5.297075271606445,0.0018420909764245152,0.0009639928466640413,0.007120153866708279,32,0.9276350394807841,0.05468151718378067,0.00027418587706051767,0.5494724238126014,False,
635,OCNT-2535665,0,CYP1A2,5.533463001251221,0.0013156835921108723,0.0008778265328146517,0.00414697639644146,32,0.8550558123854805,0.03599972650408745,0.0011651660315692425,0.5579790022191697,False,
635,OCNT-2535665,1,CYP2C9,5.328822612762451,0.0012198119657114148,2.1495161490747705e-05,0.004313216544687748,32,0.6026358997137733,0.023523472249507904,0.0010131760500371456,0.4564250042745344,False,
635,OCNT-2535665,2,CYP2D6,4.67645263671875,0.0009900982258841395,6.811335333622992e-05,0.003363301046192646,32,0.46499124885326004,0.014732533134520054,0.0020661570597440004,0.45748962229821755,True,recurrence
635,OCNT-2535665,3,CYP3A4,5.128996849060059,0.002634483389556408,0.000852414348628372,0.010818982496857643,32,0.7282174687537338,0.06139149144291878,0.0005140124121680856,0.5728343901001678,False,
636,OCNT-2535666,0,CYP1A2,4.993824005126953,0.0033315285108983517,0.002499970141798258,0.012438459321856499,32,0.9311142389482358,0.09926537424325943,0.0006438023992814124,0.5031518387032174,False,
636,OCNT-2535666,1,CYP2C9,5.025317192077637,0.001766354776918888,0.001270282780751586,0.007400814443826675,3,0.9995909016079508,0.0052969264797866344,0.0004406526277307421,0.5187670562545947,False,
636,OCNT-2535666,2,CYP2D6,4.663256645202637,0.0008268469828180969,0.00012802734272554517,0.003365514799952507,32,0.7473235966195941,0.019773751497268677,0.0011137363035231829,0.6159545950702991,False,
636,OCNT-2535666,3,CYP3A4,4.766582489013672,0.0015966877108439803,0.001100459136068821,0.0066340621560812,32,0.9566621962807234,0.04888001084327698,0.0004252610669936985,0.5457388086952066,False,
637,OCNT-2535667,0,CYP1A2,4.813227653503418,0.0033738736528903246,0.0022984968964010477,0.013191415928304195,32,0.939258439005798,0.10140635818243027,0.000528479169588536,0.5456580903067411,False,
637,OCNT-2535667,1,CYP2C9,4.763006687164307,0.0020415298640727997,0.0019024127395823598,0.00921405665576458,32,0.9685334132811373,0.063273586332798,0.0004388789238873869,0.5289717909897143,False,
637,OCNT-2535667,2,CYP2D6,4.618484020233154,0.0008236290886998177,0.00010988604481099173,0.003415240440517664,32,0.7335997416595558,0.019335085526108742,0.0011578048579394817,0.5851412789389563,False,
637,OCNT-2535667,3,CYP3A4,4.37467098236084,0.0028207756113260984,0.001291091088205576,0.012254126369953156,32,0.9624949958192559,0.08687974512577057,0.0002388132270425558,0.5300691953884791,False,
638,OCNT-2535668,0,CYP1A2,4.947022914886475,0.0029797616880387068,0.0022009231615811586,0.011127025820314884,32,0.93363756110024,0.0890248566865921,0.0006299967062659562,0.5047827814029348,False,
638,OCNT-2535668,1,CYP2C9,4.886115074157715,0.0018814662471413612,0.0012498918222263455,0.009166128002107143,2,0.9999300262166428,0.003762689186260104,0.00027956021949648857,0.5450047875061362,False,
638,OCNT-2535668,2,CYP2D6,4.63233757019043,0.0007987438002601266,6.256157939787954e-05,0.0033784606494009495,32,0.724019987759589,0.018506038933992386,0.001200733706355095,0.5868132325666953,False,
638,OCNT-2535668,3,CYP3A4,4.505345821380615,0.0028341789729893208,0.0015073275426402688,0.012532422319054604,2,1.0002519603698163,0.005669806152582169,0.00020985350420232862,0.5623587757993165,False,
639,OCNT-2535670,0,CYP1A2,5.265350341796875,0.0007948020938783884,0.0003884763573296368,0.002820946741849184,32,0.5685512646171659,0.01446052547544241,0.0006591397686861455,0.4646208705527519,False,
639,OCNT-2535670,1,CYP2C9,4.974027633666992,0.001189061556942761,0.0010104186367243528,0.005654767155647278,32,0.9504958314438228,0.03616664186120033,0.0003698811342474073,0.5756154496739032,False,
639,OCNT-2535670,2,CYP2D6,4.602748870849609,0.0007677314570173621,0.00015133756096474826,0.0030529277864843607,32,0.6259577077511853,0.015378357842564583,0.0026502436958253384,0.5856860577544926,False,
639,OCNT-2535670,3,CYP3A4,4.692214488983154,0.0012736666249111295,0.0011432881001383066,0.005475698970258236,32,0.8678807724514216,0.0353727824985981,0.00011926618753932416,0.56493235732919,False,
640,OCNT-2535671,0,CYP1A2,5.093595504760742,0.001634377520531416,0.0009669073624536395,0.005890407133847475,32,0.7635937562091015,0.039936259388923645,0.0004921447252854705,0.49820126433962353,False,
640,OCNT-2535671,1,CYP2C9,4.672640800476074,0.002957382705062628,0.0008237590081989765,0.013395266607403755,32,0.9384570304399037,0.08881235122680664,0.00037080139736644924,0.6179620605463272,False,
640,OCNT-2535671,2,CYP2D6,4.5952887535095215,0.0008725087973289192,5.409795630839653e-05,0.003592671826481819,32,0.6838514973899771,0.019093545153737068,0.0014330943813547492,0.585113652529305,False,
640,OCNT-2535671,3,CYP3A4,4.342586040496826,0.0027990429662168026,0.000844560272525996,0.012300287373363972,32,0.9484381009308044,0.08495131134986877,0.00029919182998128235,0.5963800983812758,False,
641,OCNT-2535672,0,CYP1A2,5.670483589172363,0.0005722181522287428,0.0005359860952012241,0.0021287528797984123,32,0.9474485752417151,0.017349015921354294,0.0014683179324492812,0.47676250675784393,False,
641,OCNT-2535672,1,CYP2C9,5.510053634643555,0.00033014384098351,2.2384459953173064e-05,0.001135817845351994,32,0.6399647617824628,0.006761178374290466,0.0008880405803211033,0.40978038952915585,False,
641,OCNT-2535672,2,CYP2D6,4.813511848449707,0.0006283132825046778,8.06266107247211e-05,0.0020189734641462564,32,0.5478190779055552,0.011014639399945736,0.00025412620743736625,0.39009659610320124,False,
641,OCNT-2535672,3,CYP3A4,5.354052543640137,0.001837239251472056,0.0010026904055848718,0.006320067681372166,32,0.9314864329765824,0.054763928055763245,0.00032731168903410435,0.4768724282627736,False,
642,OCNT-2535673,0,CYP1A2,5.111176490783691,0.001049959333613515,0.00031694158678874373,0.004621145781129599,32,0.7184748163375404,0.024140048772096634,0.0003209484275430441,0.4748291846911724,False,
642,OCNT-2535673,1,CYP2C9,4.9451141357421875,0.0009836828103289008,0.000297799299005419,0.0044867112301290035,32,0.9084234314777783,0.02859550714492798,0.0007635662332177162,0.5718362137537323,False,
642,OCNT-2535673,2,CYP2D6,4.253260612487793,0.0012194383889436722,0.00023943433188833296,0.004876849707216024,32,0.7545630699842589,0.029444823041558266,0.0012094387784600258,0.5728577487895498,False,
642,OCNT-2535673,3,CYP3A4,4.496420860290527,0.0008605443872511387,0.0004374517884571105,0.0037992247380316257,32,0.7510883333653636,0.020683275535702705,0.0004595292266458273,0.5063297266741604,False,
643,OCNT-2535675,0,CYP1A2,5.0277838706970215,0.0016398491570726037,0.0008992579532787204,0.006043946836143732,32,0.7537076371292376,0.039551179856061935,0.0006929970113560557,0.4965148409658887,False,
643,OCNT-2535675,1,CYP2C9,4.664109230041504,0.0028620227240025997,0.0012671416625380516,0.011651156470179558,32,0.826912493663008,0.07573281973600388,0.0007307186024263501,0.4780664721165004,False,
643,OCNT-2535675,2,CYP2D6,4.5767974853515625,0.001270516193471849,0.0001928106212290004,0.004864399321377277,32,0.6016238123161564,0.024460121989250183,0.002016867743805051,0.5485976925631396,False,
643,OCNT-2535675,3,CYP3A4,4.334719657897949,0.002827043179422617,0.0009836264653131366,0.01346550602465868,32,0.65605697341979,0.05935065448284149,0.0006231620209291577,0.4432617432426408,False,
644,OCNT-2535677,0,CYP1A2,4.871175765991211,0.0020421596709638834,0.000601542298682034,0.00833880715072155,32,0.8688855160964085,0.05678117275238037,0.00048394728219136596,0.6092969474795523,False,
644,OCNT-2535677,1,CYP2C9,4.661553859710693,0.0017188235651701689,0.0010563858086243272,0.007392454892396927,32,0.833478686001814,0.04584355652332306,0.00020920416864100844,0.5878202208451735,False,
644,OCNT-2535677,2,CYP2D6,4.657312870025635,0.0009986860677599907,0.00026218060520477593,0.004126070998609066,32,0.7118784743358954,0.022750407457351685,0.0009269560687243938,0.5655853541602538,False,
644,OCNT-2535677,3,CYP3A4,4.311100006103516,0.0023473904002457857,0.0012019294081255794,0.009571447968482971,32,0.9147920777328066,0.06871626526117325,0.00012856721878051758,0.5138218720201472,False,
645,OCNT-2535679,0,CYP1A2,5.246959209442139,0.0017643432365730405,0.0011843215906992555,0.0059648239985108376,32,0.8823085451208063,0.04981452599167824,0.0004590316384565085,0.5838364204126024,False,
645,OCNT-2535679,1,CYP2C9,5.194843292236328,0.00041616163798607886,2.0834850147366524e-05,0.0015531496610492468,32,0.5705491641528279,0.007598284166306257,0.0006397917168214917,0.3935064600182104,False,
645,OCNT-2535679,2,CYP2D6,4.8285112380981445,0.0008523681899532676,0.0001078318600775674,0.002954095369204879,32,0.6225965081157346,0.016982005909085274,0.00010511911386856809,0.3764272820430962,False,
645,OCNT-2535679,3,CYP3A4,5.018353462219238,0.0018333724001422524,0.0009872723603621125,0.006464465521275997,32,0.9066276595562582,0.05319024622440338,0.00034058454912155867,0.440794287298661,False,
646,OCNT-2535681,0,CYP1A2,4.914270877838135,0.0020790211856365204,0.001135435188189149,0.007843216881155968,32,0.8708305482912877,0.05793548375368118,0.0005261798505671322,0.5923369045259836,False,
646,OCNT-2535681,1,CYP2C9,5.0848307609558105,0.0006896890117786825,0.00026693014660850167,0.0027146292850375175,32,0.8662839917050831,0.019119206815958023,0.0006574401631951332,0.5260671764289162,False,
646,OCNT-2535681,2,CYP2D6,4.689061164855957,0.0007053185254335403,5.880169555894099e-05,0.0022209016606211662,32,0.5606643304934325,0.012654481455683708,0.00045404559932649136,0.5212351132869657,False,
646,OCNT-2535681,3,CYP3A4,4.939505577087402,0.0007475203019566834,0.00040967995300889015,0.0035772728733718395,32,0.9280952497881947,0.022200938314199448,0.0006703463732264936,0.5537324773858663,False,
647,OCNT-2535683,0,CYP1A2,4.731147289276123,0.0028655927162617445,0.002728069666773081,0.010848871432244778,32,0.907603717492995,0.08322661370038986,0.0006185300298966467,0.5016900547054459,False,
647,OCNT-2535683,1,CYP2C9,4.5528693199157715,0.0027166407089680433,0.0025310085620731115,0.01245093997567892,32,0.962762709366943,0.0836956799030304,0.0001878313923953101,0.5371686880879323,False,
647,OCNT-2535683,2,CYP2D6,4.449143409729004,0.000963680213317275,0.00011532304051797837,0.004007359035313129,32,0.7665248830947168,0.023638160899281502,0.0013022160856053233,0.5574976385580106,False,
647,OCNT-2535683,3,CYP3A4,4.133018493652344,0.0028585076797753572,0.001883387565612793,0.012858666479587555,32,0.9658859033960547,0.08835206180810928,0.0001885665114969015,0.5525567410780232,False,
648,OCNT-2535685,0,CYP1A2,4.668697357177734,0.0031168365385383368,0.0032644253224134445,0.011833173222839832,32,0.930007382432255,0.09275808930397034,0.0004842976632062346,0.5177755846356401,False,
648,OCNT-2535685,1,CYP2C9,4.484199523925781,0.0029727085493505,0.0013608474982902408,0.013726837933063507,2,1.0026057140199465,0.005960929207503796,0.0003041895979549736,0.6188009279303738,False,
648,OCNT-2535685,2,CYP2D6,4.435877323150635,0.0014233877882361412,0.00018991688557434827,0.0060884770937263966,32,0.8010083411719082,0.036484912037849426,0.00065349176293239,0.5633829228829913,False,
648,OCNT-2535685,3,CYP3A4,4.059621334075928,0.0032270625233650208,0.0026093865744769573,0.014128641225397587,32,0.9510362496871676,0.09821001440286636,0.00017766338714864105,0.5895979643408363,False,
649,OCNT-2535686,0,CYP1A2,4.4355645179748535,0.0039160181768238544,0.0018665145616978407,0.01635303534567356,2,1.0005559743107493,0.007836410775780678,0.0006289500161074102,0.5295017735088263,False,
649,OCNT-2535686,1,CYP2C9,4.2776408195495605,0.0032502885442227125,0.0012052435195073485,0.016263151541352272,32,0.987734107595537,0.1027337834239006,0.0003736118378583342,0.6249722020514663,False,
649,OCNT-2535686,2,CYP2D6,4.4217376708984375,0.0011036967625841498,0.00030517278355546296,0.00408535823225975,32,0.7449195919633942,0.026309529319405556,0.0012792466441169381,0.6282161026928288,False,
649,OCNT-2535686,3,CYP3A4,3.769291877746582,0.0036531707737594843,0.0015781704569235444,0.01622471585869789,32,0.9941595765096729,0.11621902883052826,0.0003644544049166143,0.6197775117256139,False,
650,OCNT-2535687,0,CYP1A2,4.648197174072266,0.0016146525740623474,0.0006908337236382067,0.0073001994751393795,32,0.7991843658856175,0.04129321873188019,0.0007238180260173976,0.5130167044118188,False,
650,OCNT-2535687,1,CYP2C9,4.313747882843018,0.0022687239106744528,0.0002930603513959795,0.011523207649588585,32,0.8899156646577482,0.0646074190735817,0.0009769788011908531,0.6045898915225892,False,
650,OCNT-2535687,2,CYP2D6,4.015957355499268,0.001834440161474049,0.0005670137470588088,0.007715405896306038,32,0.7515213300710999,0.04411610960960388,0.0009731677710078657,0.5025875579329002,False,
650,OCNT-2535687,3,CYP3A4,3.5648696422576904,0.002823145827278495,0.0004706847539637238,0.014457343146204948,32,0.6840134780655929,0.061794452369213104,0.0003576567687559873,0.4789875926864071,False,
651,OCNT-2535688,0,CYP1A2,5.259754180908203,0.0008240614552050829,0.0005038594827055931,0.0034775491803884506,32,0.8231522200134529,0.021706759929656982,0.00040608644485473633,0.4776479314708849,False,
651,OCNT-2535688,1,CYP2C9,4.863813877105713,0.0016655082581564784,0.0010213226778432727,0.007432080805301666,32,0.9526913798941709,0.050775196403265,0.00030236985185183585,0.5502914428145561,False,
651,OCNT-2535688,2,CYP2D6,4.517247676849365,0.0012836637906730175,0.0003004794998560101,0.005358952563256025,32,0.7506725577956015,0.030835798010230064,0.0004604729765560478,0.6318986291516071,False,
651,OCNT-2535688,3,CYP3A4,4.5945892333984375,0.0018287095008417964,0.0009080148884095252,0.008409930393099785,32,0.9642849406358992,0.05642901360988617,0.00026397453621029854,0.5755181314115101,False,
652,OCNT-2535689,0,CYP1A2,5.738351821899414,0.0005558662815019488,0.00026028024149127305,0.001851519220508635,32,0.7081801788296911,0.012597138062119484,0.001025402219966054,0.5978737140995953,False,
652,OCNT-2535689,1,CYP2C9,5.561653137207031,0.0004025599919259548,0.00014353009464684874,0.001643442315980792,32,0.9241286543043968,0.011904846876859665,0.00033013569191098213,0.5551635970475337,False,
652,OCNT-2535689,2,CYP2D6,4.900442123413086,0.0006918123690411448,2.862587098206859e-05,0.002460871124640107,32,0.6701822043543733,0.014836705289781094,0.00031467550434172153,0.4720225933554184,False,
652,OCNT-2535689,3,CYP3A4,5.553696155548096,0.0004815302381757647,0.00044971052557229996,0.0018968640360981226,32,0.9092117598454437,0.014010305516421795,0.0007328445208258927,0.6213697403345484,False,
653,OCNT-2535690,0,CYP1A2,5.130215644836426,0.000906696543097496,0.00018371395708527416,0.003412018995732069,32,0.7557051795346771,0.02192649058997631,0.00039442110573872924,0.4457998083636595,False,
653,OCNT-2535690,1,CYP2C9,5.092399597167969,0.0003598164184950292,0.00022891223488841206,0.001468206406570971,32,0.7576363881027601,0.008723762817680836,0.0016638410743325949,0.6637831415285305,False,
653,OCNT-2535690,2,CYP2D6,4.396406173706055,0.0010575223714113235,0.000228444769163616,0.003857105039060116,32,0.6380783313219717,0.021593231707811356,0.0009124658536165953,0.5542365375755633,False,
653,OCNT-2535690,3,CYP3A4,4.822195529937744,0.0006484232726506889,0.00016885437071323395,0.002545587718486786,5,0.996078886588662,0.0032294534612447023,0.0010541180381551385,0.5008452151887061,False,
654,OCNT-2535691,0,CYP1A2,5.1097822189331055,0.001171182026155293,0.0012644536327570677,0.004409054759889841,32,0.8487087607624023,0.0318080298602581,0.0006430139765143394,0.48300703346605545,False,
654,OCNT-2535691,1,CYP2C9,4.917806625366211,0.0012984462082386017,0.0008644388290122151,0.0061647044494748116,2,1.0033017073137118,0.002605486661195755,0.00048223769408650696,0.5563901735436919,False,
654,OCNT-2535691,2,CYP2D6,4.4809722900390625,0.0008570020436309278,0.00018500231090001762,0.0029922225512564182,32,0.6640815312600308,0.018212027847766876,0.0010980141814798117,0.5867293949273535,False,
654,OCNT-2535691,3,CYP3A4,4.533629417419434,0.002372708870097995,0.0008529690094292164,0.010032610967755318,2,1.0004641513480754,0.0047476403415203094,0.00017400401702616364,0.598045005779838,False,
655,OCNT-2535692,0,CYP1A2,4.9812397956848145,0.0016514258459210396,0.002143854508176446,0.006103082560002804,32,0.8187398433051298,0.043267082422971725,0.00044103103573434055,0.4768365573857458,False,
655,OCNT-2535692,1,CYP2C9,4.738656520843506,0.0018273246241733432,0.0005223209736868739,0.00792660377919674,2,1.0005887931568573,0.0036568210925906897,0.0007385133067145944,0.6185137746266602,False,
655,OCNT-2535692,2,CYP2D6,4.577549934387207,0.0010176588548347354,9.42012484301813e-05,0.004185868427157402,32,0.6882750351536171,0.0224139541387558,0.001141366665251553,0.5502916770093074,False,
655,OCNT-2535692,3,CYP3A4,4.272985935211182,0.003177038626745343,0.001618458074517548,0.013779852539300919,32,0.9866280929764983,0.10030609369277954,0.00023090025933925062,0.621491287044973,False,
656,OCNT-2535693,0,CYP1A2,5.277829647064209,0.001177136437036097,0.0007224187138490379,0.0042572421953082085,32,0.7406132489220308,0.027897927910089493,0.0005557789700105786,0.49376391036040157,False,
656,OCNT-2535693,1,CYP2C9,5.0299248695373535,0.0013895381707698107,0.0008933258941397071,0.00633992999792099,2,1.0001045649531075,0.0027793869376182556,0.0003429506905376911,0.6036488776476002,False,
656,OCNT-2535693,2,CYP2D6,4.528351783752441,0.000994019559584558,0.00018862022261600941,0.004052257165312767,32,0.6890053179784292,0.021916532889008522,0.0009725401178002357,0.5722919815002688,False,
656,OCNT-2535693,3,CYP3A4,4.590034008026123,0.0025999294593930244,0.0008758394396863878,0.01048755832016468,32,0.9800551776089864,0.08153869211673737,0.0001626908779144287,0.5976821503334362,False,
657,OCNT-2535694,0,CYP1A2,4.131939888000488,0.004219463095068932,0.004172992426902056,0.0162366833537817,32,0.8770969745475883,0.11842838674783707,0.0005180700100027025,0.4972839700780406,False,
657,OCNT-2535694,1,CYP2C9,4.061890602111816,0.0036769139114767313,0.0023462506942451,0.017888275906443596,2,1.0017151463243505,0.007366460748016834,0.0002882877888623625,0.5833652885841966,False,
657,OCNT-2535694,2,CYP2D6,4.330954551696777,0.0008739768527448177,4.926658220938407e-05,0.0036972654052078724,32,0.746338733068181,0.020873287692666054,0.0013704110169783235,0.5967584673322819,False,
657,OCNT-2535694,3,CYP3A4,3.456511974334717,0.004773879423737526,0.0032356351148337126,0.021009592339396477,32,0.9746439434684905,0.14889095723628998,0.00016177422367036343,0.5985899717730666,False,
658,OCNT-2535695,0,CYP1A2,5.2031145095825195,0.0010688857873901725,0.001066656201146543,0.004059839528053999,32,0.774836654469327,0.026503028348088264,0.0005924205179326236,0.48553729003743745,False,
658,OCNT-2535695,1,CYP2C9,4.955986976623535,0.0014251363463699818,0.0008836721535772085,0.00675645936280489,2,1.0022686894289923,0.0028567591216415167,0.00039262842619791627,0.5644309194655384,False,
658,OCNT-2535695,2,CYP2D6,4.511884689331055,0.000867942871991545,0.00013811112148687243,0.0032250606454908848,32,0.651872744119604,0.018105434253811836,0.001211779541336,0.5743421466094132,False,
658,OCNT-2535695,3,CYP3A4,4.543886184692383,0.0025361226871609688,0.0008845520205795765,0.010767862200737,32,0.9945071046858295,0.08071046322584152,0.00015148971579037607,0.6017268570584065,False,
659,OCNT-2535696,0,CYP1A2,4.874761581420898,0.0033227354288101196,0.0036364628467708826,0.011988217011094093,32,0.9103986043538298,0.09680072963237762,0.0006739723030477762,0.5173665720032785,False,
659,OCNT-2535696,1,CYP2C9,4.723841190338135,0.0027187911327928305,0.0013967225095257163,0.012603262439370155,2,1.0037038152346813,0.005457742139697075,0.0003294321650173515,0.6458554964822172,False,
659,OCNT-2535696,2,CYP2D6,4.621206283569336,0.0008753020665608346,8.641847671242431e-05,0.0035150456242263317,32,0.6657680923894084,0.01864815503358841,0.0012704160762950778,0.5619857151242365,False,
659,OCNT-2535696,3,CYP3A4,4.3517656326293945,0.0036297880578786135,0.0023157766554504633,0.015487229451537132,32,0.9844423947216007,0.1143464669585228,0.00017656070122029632,0.5945858864562312,False,
660,OCNT-2535700,0,CYP1A2,5.027340888977051,0.0029963916167616844,0.0022209687158465385,0.011202044785022736,32,0.9323255340280887,0.08939589560031891,0.0006199903436936438,0.5022152762298154,False,
660,OCNT-2535700,1,CYP2C9,5.016426086425781,0.0017002305248752236,0.0011647925712168217,0.00798016507178545,3,0.9991320594437563,0.005096294451504946,0.0003325614088680595,0.5401218637751265,False,
660,OCNT-2535700,2,CYP2D6,4.6436076164245605,0.0007571399910375476,8.356334728887305e-05,0.0031350464560091496,32,0.7293700216615784,0.01767176017165184,0.0011491143377497792,0.5347931587137276,False,
660,OCNT-2535700,3,CYP3A4,4.757359981536865,0.0017907036235556006,0.0010880124755203724,0.00816796999424696,32,0.9691413720304898,0.05553454905748367,0.0002856417268048972,0.5550801651848468,False,
661,OCNT-2535701,0,CYP1A2,4.909910678863525,0.003203827887773514,0.0022880006581544876,0.011835979297757149,32,0.9025911310600341,0.09253618121147156,0.0006623800727538764,0.5063268499065195,False,
661,OCNT-2535701,1,CYP2C9,4.844804763793945,0.0019721200224012136,0.0018446273170411587,0.009090236388146877,13,0.9888000065144318,0.025350548326969147,0.00038108680746518075,0.5258975205639771,False,
661,OCNT-2535701,2,CYP2D6,4.732651233673096,0.0008097359095700085,0.00010450940317241475,0.003345340024679899,32,0.7388601871710879,0.01914524845778942,0.001092363498173654,0.6022501340437836,False,
661,OCNT-2535701,3,CYP3A4,4.4653496742248535,0.002800034824758768,0.0016456443117931485,0.012134762480854988,32,0.9497222788829656,0.08509647846221924,0.00023207609774544835,0.5442769901235429,False,
662,OCNT-2535702,0,CYP1A2,5.164607048034668,0.0009982256451621652,0.0006611987482756376,0.004349025897681713,32,0.9131986482587097,0.029170798137784004,0.00018837416428141296,0.5107568062427685,False,
662,OCNT-2535702,1,CYP2C9,5.062125205993652,0.0006425071624107659,0.00016786025662440807,0.002937167650088668,32,0.8687459283933225,0.01786189340054989,0.0011477064108476043,0.5739865885840879,False,
662,OCNT-2535702,2,CYP2D6,4.4125285148620605,0.0009371656342409551,0.00019041025370825082,0.0034183405805379152,32,0.6444531340524394,0.01932690478861332,0.0009802390122786164,0.6046091493143715,False,
662,OCNT-2535702,3,CYP3A4,4.7178850173950195,0.001487761503085494,0.00024751134333200753,0.006285268813371658,2,1.0020111410341357,0.002981527242809534,0.0002735826128628105,0.5924739139866102,False,
663,OCNT-2535703,0,CYP1A2,4.481149196624756,0.003941703122109175,0.003050020430237055,0.015184858813881874,32,0.9040277520713684,0.11402937769889832,0.00039662918425165117,0.5424224443571591,False,
663,OCNT-2535703,1,CYP2C9,4.232522964477539,0.003683751216158271,0.003527401713654399,0.016297759488224983,32,0.9558356645150798,0.11267425119876862,0.00016428485105279833,0.6225940656685587,False,
663,OCNT-2535703,2,CYP2D6,4.532137870788574,0.0010521230287849903,0.0001207988170790486,0.004538507200777531,32,0.7792396294957407,0.026235640048980713,0.00118659483268857,0.6299959064592899,False,
663,OCNT-2535703,3,CYP3A4,3.7795329093933105,0.003608729923143983,0.00273441756144166,0.015448637306690216,32,0.9297950534145041,0.10737243294715881,0.00016143376706168056,0.5663614917868162,False,
664,OCNT-2535705,0,CYP1A2,5.084870338439941,0.0014653149992227554,0.0020298028830438852,0.005423849448561668,32,0.83033629046694,0.038934800773859024,0.0004379939055070281,0.4753591452799442,False,
664,OCNT-2535705,1,CYP2C9,4.878459930419922,0.001532787922769785,0.000132932371343486,0.006652062758803368,2,1.0020878609418498,0.003071996383368969,0.0011240604799240828,0.6245439004062808,False,
664,OCNT-2535705,2,CYP2D6,4.541028022766113,0.0010822396725416183,3.3942411391763017e-05,0.0044558350928127766,32,0.6871892303418486,0.023798730224370956,0.0011399866780266166,0.5483103115722372,False,
664,OCNT-2535705,3,CYP3A4,4.489575386047363,0.002135799964889884,0.00028164428658783436,0.010035083629190922,2,1.0014306895909384,0.004277731291949749,0.00037098833126947284,0.5818468950997207,False,
665,OCNT-2535706,0,CYP1A2,4.362940311431885,0.0043344139121472836,0.0019145364640280604,0.017827233299613,6,0.9962269645485011,0.025908419862389565,0.0005194382392801344,0.5621290668645947,False,
665,OCNT-2535706,1,CYP2C9,4.383533000946045,0.0029141169507056475,0.0017083048587664962,0.012256649322807789,32,0.9374119570326468,0.08741559833288193,0.0004205920558888465,0.5741245474536469,False,
665,OCNT-2535706,2,CYP2D6,4.477858066558838,0.0013965140096843243,0.00022456665465142578,0.00560782803222537,32,0.794487525474503,0.035504668951034546,0.0007438479224219918,0.5786858245780373,False,
665,OCNT-2535706,3,CYP3A4,3.9466888904571533,0.002991280984133482,0.001580541953444481,0.01302536390721798,32,0.9539132056623658,0.09130982309579849,0.00028903919155709445,0.6215789469241173,False,
666,OCNT-2535708,0,CYP1A2,5.106564521789551,0.0010373416589573026,0.000567315611988306,0.004545979201793671,32,0.7799883106242186,0.02589190937578678,0.0006303759873844683,0.49453409716173974,False,
666,OCNT-2535708,1,CYP2C9,4.770345687866211,0.0018274890026077628,0.00021234774612821639,0.009107884019613266,32,0.883672975708157,0.051677167415618896,0.000582739245146513,0.6123009071690229,False,
666,OCNT-2535708,2,CYP2D6,4.58347225189209,0.0009227304253727198,0.00020298415620345622,0.003345151199027896,32,0.6995688482383234,0.020656654611229897,0.001322337193414569,0.574442870339748,False,
666,OCNT-2535708,3,CYP3A4,4.445113182067871,0.0020288859959691763,0.0006011330988258123,0.008836762979626656,32,0.9391539020887019,0.06097425892949104,0.0004246307071298361,0.6567222585096364,False,
667,OCNT-2535712,0,CYP1A2,5.09942626953125,0.0011523928260430694,0.001100249239243567,0.005033033899962902,32,0.7826311453430216,0.02886100299656391,0.0006765316938981414,0.46388576483041405,False,
667,OCNT-2535712,1,CYP2C9,4.883304595947266,0.001364814699627459,0.00031356664840132,0.00785087700933218,2,1.0048817210139112,0.0027429747860878706,0.0004922025254927576,0.6682593254392839,False,
667,OCNT-2535712,2,CYP2D6,4.569241046905518,0.0010975011391565204,0.00033698364859446883,0.0040239691734313965,32,0.7505647624369183,0.026360101997852325,0.001086029107682407,0.5872424750417595,False,
667,OCNT-2535712,3,CYP3A4,4.5014801025390625,0.001655792584642768,0.0007658040849491954,0.007882303558290005,2,1.0023626902409477,0.0033194294665008783,0.00032592631760053337,0.6189625855513178,False,
668,OCNT-2535713,0,CYP1A2,4.797640323638916,0.0014798943884670734,0.0011701076291501522,0.006882197223603725,32,0.7783789785616005,0.03686164692044258,0.0004078962665516883,0.496659141553604,False,
668,OCNT-2535713,1,CYP2C9,4.56810998916626,0.001806798274628818,0.00043754081707447767,0.009329310618340969,4,0.9988357941670121,0.007218819111585617,0.00030266065732575953,0.5830355644544687,False,
668,OCNT-2535713,2,CYP2D6,4.131112098693848,0.001050411956384778,0.00021598694729618728,0.004171848297119141,32,0.8005834808718902,0.026910414919257164,0.0011196181876584888,0.5450241178244218,False,
668,OCNT-2535713,3,CYP3A4,3.559274196624756,0.0026972645428031683,0.0007928208797238767,0.01665661297738552,2,1.0013700865948598,0.005401940084993839,0.0005949148908257484,0.6758941105365218,False,
669,OCNT-2535715,0,CYP1A2,4.374831676483154,0.0026908661238849163,0.0015703418757766485,0.011269408278167248,32,0.8459754865528224,0.07284528762102127,0.0005656336434185505,0.5384404101246463,False,
669,OCNT-2535715,1,CYP2C9,4.322256088256836,0.0022999965585768223,0.0010686138411983848,0.010422183200716972,32,0.9620530713075502,0.0708073079586029,0.0002230821264674887,0.5683083120130303,False,
669,OCNT-2535715,2,CYP2D6,4.509422779083252,0.0007408267701976001,0.00020298287563491613,0.0031210705637931824,32,0.6882033070760472,0.01631508208811283,0.0032603254076093435,0.612136564455865,False,
669,OCNT-2535715,3,CYP3A4,3.9560065269470215,0.0023647909983992577,0.0011840820079669356,0.009955423884093761,32,0.9120078204104066,0.06901494413614273,0.00015733367763459682,0.4757557167560071,False,
670,OCNT-2535717,0,CYP1A2,4.524624347686768,0.002410267014056444,0.0006798621034249663,0.009651931002736092,32,0.7977710950649787,0.061531178653240204,0.0007935554604046047,0.5473721317581288,False,
670,OCNT-2535717,1,CYP2C9,4.370830059051514,0.0018504686886444688,0.001637171022593975,0.007991954684257507,32,0.8157454263041076,0.04830462485551834,0.0005282091442495584,0.569627011700094,False,
670,OCNT-2535717,2,CYP2D6,4.533242225646973,0.0011484092101454735,0.00034358177799731493,0.004781391471624374,32,0.8041656282259806,0.02955261617898941,0.0013866316294297576,0.6015608807283567,False,
670,OCNT-2535717,3,CYP3A4,3.9422078132629395,0.0015505676856264472,0.0010646129958331585,0.0063463244587183,32,0.7330155758809307,0.03637112304568291,0.00014542539429385215,0.4981725752427447,False,
671,OCNT-2535720,0,CYP1A2,4.288193225860596,0.004711902234703302,0.0019701628480106592,0.0188699122518301,32,0.9882786488068833,0.14901383221149445,0.0005314855952747166,0.6021111009598961,False,
671,OCNT-2535720,1,CYP2C9,4.160245418548584,0.004016009159386158,0.0026446336414664984,0.0176748875528574,32,0.9482286518028863,0.1218593418598175,0.00028193448088131845,0.6142180547333512,False,
671,OCNT-2535720,2,CYP2D6,4.65167760848999,0.0010625174036249518,0.00013105946709401906,0.004502412863075733,32,0.7275861994302995,0.02473856881260872,0.0007123450632207096,0.5451908893829792,False,
671,OCNT-2535720,3,CYP3A4,3.79848313331604,0.004446621984243393,0.0030007779132574797,0.019121870398521423,32,0.9368296066516146,0.13330356776714325,0.00018846266902983189,0.6004321200109697,False,
672,OCNT-2535724,0,CYP1A2,4.572625160217285,0.0024359843228012323,0.0015367629239335656,0.010125134140253067,32,0.8436114260142079,0.06576104462146759,0.0004568154108710587,0.5349046616943516,False,
672,OCNT-2535724,1,CYP2C9,4.254184246063232,0.0031749431509524584,0.001341828377917409,0.014416619203984737,32,0.9538796426019586,0.09691274166107178,0.0001483776286477223,0.5911868479418994,False,
672,OCNT-2535724,2,CYP2D6,4.420031547546387,0.0014471114845946431,0.0003314825880806893,0.006001782603561878,32,0.8018591808790492,0.03713240474462509,0.0008522895514033735,0.5759279349569585,False,
672,OCNT-2535724,3,CYP3A4,3.7207720279693604,0.0033107460476458073,0.002408464439213276,0.013825313188135624,32,0.8967164272560257,0.09500189870595932,0.00014481128891929984,0.5517887856638428,False,
673,OCNT-2535725,0,CYP1A2,5.3889970779418945,0.0010050712153315544,0.0004142208199482411,0.005210559815168381,32,0.9895586906573796,0.03182677924633026,0.001541448407806456,0.6529235233975359,False,
673,OCNT-2535725,1,CYP2C9,4.9160284996032715,0.0008647867944091558,0.0011015735799446702,0.0036600797902792692,32,0.8934958877473775,0.024726156145334244,0.00277650891803205,0.5755683560291552,False,
673,OCNT-2535725,2,CYP2D6,4.242070198059082,0.0008336998871527612,0.00016017240704968572,0.003321693744510412,32,0.6892091412481052,0.018387215211987495,0.0011778202606365085,0.5418102780067666,False,
673,OCNT-2535725,3,CYP3A4,4.503405570983887,0.0016789673827588558,0.000604647328145802,0.007285689003765583,32,0.9457616621915227,0.05081319808959961,0.000585306785069406,0.5076817384786356,False,
674,OCNT-2535726,0,CYP1A2,5.125059127807617,0.0013952917652204633,0.0003764249850064516,0.005837635137140751,32,0.8070134682359783,0.03603287413716316,0.0005047195008955896,0.5177765003760165,False,
674,OCNT-2535726,1,CYP2C9,4.857309341430664,0.001789189176633954,0.0014661105815321207,0.007852260023355484,32,0.9178299588826604,0.052549779415130615,0.00023755250731483102,0.5201015589397755,False,
674,OCNT-2535726,2,CYP2D6,4.695143699645996,0.000824912975076586,0.00018940864538308233,0.0033776015043258667,32,0.7558616989630186,0.019952885806560516,0.0011301826452836394,0.5643508695373776,False,
674,OCNT-2535726,3,CYP3A4,4.460413455963135,0.002343440894037485,0.001288851723074913,0.009637594223022461,32,0.9029794745522036,0.06771481782197952,0.00031530135311186314,0.4983139140458146,False,
675,OCNT-2535728,0,CYP1A2,5.334251880645752,0.0009270524024032056,0.0001736828126013279,0.005078034475445747,8,0.9835861176480283,0.0072947656735777855,0.0017772028222680092,0.6307013897643866,False,
675,OCNT-2535728,1,CYP2C9,4.905972957611084,0.0009641848737373948,0.001212903531268239,0.004068905487656593,32,0.8959187641048534,0.027642888948321342,0.0015567378140985966,0.6833990755559423,False,
675,OCNT-2535728,2,CYP2D6,4.357195854187012,0.0008551375358365476,0.00016840062744449824,0.003386453725397587,32,0.7116589256980292,0.019474348053336143,0.0010436854790896177,0.5498008212590499,False,
675,OCNT-2535728,3,CYP3A4,4.529836177825928,0.0016637102235108614,0.0010076479520648718,0.006942783948034048,32,0.9032778026746577,0.048089649528265,0.0005066900630481541,0.4725985279876703,False,
676,OCNT-2535729,0,CYP1A2,5.312836647033691,0.000540330889634788,0.00037636046181432903,0.0021849004551768303,32,0.7568292306328911,0.013086264953017235,0.0009451950900256634,0.46292320898170325,False,
676,OCNT-2535729,1,CYP2C9,5.144528388977051,0.001066786702722311,0.0009951464598998427,0.004792497493326664,7,0.992034151514269,0.0074080913327634335,0.0008762162760831416,0.5501743462561354,False,
676,OCNT-2535729,2,CYP2D6,4.44193696975708,0.0010404586791992188,0.00020599167328327894,0.003960634581744671,32,0.7316678195146092,0.02436087839305401,0.0004751330125145614,0.5379411867384635,False,
676,OCNT-2535729,3,CYP3A4,4.826076984405518,0.0015944377519190311,0.0006360441911965609,0.006820903159677982,19,0.9763768389270097,0.029578855261206627,0.0005680783069692552,0.5055691105909398,False,
677,OCNT-2535730,0,CYP1A2,5.497340202331543,0.0004051758733112365,0.00033502597943879664,0.001686109695583582,32,0.6747921716360034,0.008749320171773434,0.0008555605309084058,0.4608176959176524,False,
677,OCNT-2535730,1,CYP2C9,5.2166595458984375,0.001131972880102694,0.0009928824147209525,0.005249320063740015,32,0.9993763767930683,0.036200862377882004,0.0006373452488332987,0.5358545290326204,False,
677,OCNT-2535730,2,CYP2D6,4.4882426261901855,0.0008177049458026886,0.00013320017023943365,0.0032196862157434225,32,0.6545358528831241,0.017127159982919693,0.0012156746815890074,0.5418228161119647,False,
677,OCNT-2535730,3,CYP3A4,4.904050827026367,0.0017086779698729515,0.000632673385553062,0.007413647137582302,26,0.9664055297912849,0.042933423072099686,0.0004092436865903437,0.5216944138649929,False,
678,OCNT-2535731,0,CYP1A2,4.8626604080200195,0.0016614976339042187,0.0005050582112744451,0.006696701981127262,32,0.8565715944430753,0.045542407780885696,0.0006975206197239459,0.5028337681657584,False,
678,OCNT-2535731,1,CYP2C9,4.691667556762695,0.0017865299014374614,0.0015113905537873507,0.007385502569377422,32,0.8974550276665118,0.05130685493350029,0.0005353057058528066,0.48931288733066336,False,
678,OCNT-2535731,2,CYP2D6,4.395524501800537,0.0010305022587999701,0.0002032109332503751,0.004007040522992611,32,0.7503806273122651,0.024744845926761627,0.0011560971615836024,0.5562176164591227,False,
678,OCNT-2535731,3,CYP3A4,4.193605899810791,0.0025661697145551443,0.0009616934694349766,0.010508427396416664,32,0.9148483872427916,0.07512529194355011,0.0004724851169157773,0.4401142511601389,False,
679,OCNT-2535732,0,CYP1A2,5.073846817016602,0.0010079480707645416,0.00022053981956560165,0.0040449220687150955,32,0.8329083747717075,0.026865174993872643,0.000497513625305146,0.5250868803739556,False,
679,OCNT-2535732,1,CYP2C9,4.698343753814697,0.0024586168583482504,0.0010434131836518645,0.010444644838571548,32,0.8827763689638346,0.06945336610078812,0.00039070213097147644,0.5912095861777464,False,
679,OCNT-2535732,2,CYP2D6,4.463689804077148,0.0010650440817698836,0.00027155393036082387,0.004277406260371208,32,0.7179728008887439,0.024469755589962006,0.0006482357275672257,0.532616642164604,False,
679,OCNT-2535732,3,CYP3A4,4.380775451660156,0.002558879554271698,0.0008000254165381193,0.010886682197451591,32,0.9063266196793183,0.07421407103538513,0.00027776305796578526,0.5694979092184711,False,
680,OCNT-2535733,0,CYP1A2,5.320407867431641,0.0010127645218744874,0.00038495782064273953,0.004461232107132673,32,0.8653393959906673,0.028044598177075386,0.0004457072645891458,0.5181727306352678,False,
680,OCNT-2535733,1,CYP2C9,5.053018569946289,0.001522557926364243,0.0012780026299878955,0.006673629395663738,32,0.9216367617727722,0.04490414634346962,0.00023700071324128658,0.5212304698978236,False,
680,OCNT-2535733,2,CYP2D6,4.587807655334473,0.0008835801272653043,0.00015779609384480864,0.003517886158078909,32,0.6997996069473537,0.01978675276041031,0.00110235542524606,0.5585654769421509,False,
680,OCNT-2535733,3,CYP3A4,4.68104887008667,0.0022367783822119236,0.0013006431981921196,0.009064131416380405,32,0.9244812102391474,0.0661718025803566,0.00019515102030709386,0.4987181219970468,False,
681,OCNT-2535734,0,CYP1A2,4.857966899871826,0.0018001996213570237,0.001038640271872282,0.007686163764446974,32,0.8511405779380483,0.04903140664100647,0.0011569270864129066,0.4935925916923287,False,
681,OCNT-2535734,1,CYP2C9,4.586458683013916,0.00270477426238358,0.0011365007376298308,0.009959575720131397,32,0.7685311853254122,0.06651875376701355,0.0005429098382592201,0.41375474001987844,False,
681,OCNT-2535734,2,CYP2D6,4.450634956359863,0.0015932511305436492,0.0001491452130721882,0.005860673729330301,32,0.5866332222232958,0.02990911714732647,0.001437682076357305,0.4946377285905494,False,
681,OCNT-2535734,3,CYP3A4,3.961398124694824,0.004588956944644451,0.002667807973921299,0.02090756595134735,32,0.7562180176120584,0.11104830354452133,0.000560048851184547,0.47357963905839257,False,
682,OCNT-2535736,0,CYP1A2,4.978973865509033,0.0015299433143809438,0.0005048088496550918,0.006502434611320496,32,0.9175963697064562,0.04492414742708206,0.0003134183934889734,0.5215885458179365,False,
682,OCNT-2535736,1,CYP2C9,4.702153205871582,0.002345569431781769,0.0014804939273744822,0.010170085355639458,32,0.9665349718684837,0.07254670560359955,0.0001426691305823624,0.5194411589134087,False,
682,OCNT-2535736,2,CYP2D6,4.487130165100098,0.001060888753272593,0.00021811621263623238,0.004308525938540697,32,0.6999493989941199,0.0237624142318964,0.00071210932219401,0.5269703305195597,False,
682,OCNT-2535736,3,CYP3A4,4.245462417602539,0.0031571208965033293,0.001117549603804946,0.012938949279487133,32,0.9276617771569402,0.09371998906135559,0.00011049165914300829,0.5439601681177025,False,
683,OCNT-2535737,0,CYP1A2,4.839697360992432,0.0016489180270582438,0.0008393013849854469,0.006472323089838028,32,0.8030330642999663,0.04237259924411774,0.0004407664237078279,0.45613207976495107,False,
683,OCNT-2535737,1,CYP2C9,4.688940048217773,0.0015254162717610598,0.0009958385489881039,0.007129858247935772,32,0.8947511964959972,0.04367606341838837,0.00030987552599981427,0.5283495028067073,False,
683,OCNT-2535737,2,CYP2D6,4.372561454772949,0.0013436985900625587,0.00028922437923029065,0.005547383800148964,32,0.7872342392829703,0.03385002911090851,0.0007413083803839982,0.53641390615207,False,
683,OCNT-2535737,3,CYP3A4,4.201687335968018,0.001882038195617497,0.0006856738473288715,0.008343985304236412,32,0.8989072079513883,0.05413717404007912,0.0003113755665253848,0.49067979665457906,False,
684,OCNT-2535738,0,CYP1A2,4.3093485832214355,0.002969479188323021,0.00098973058629781,0.011624416336417198,32,0.9098022054177995,0.08645273000001907,0.0005346202524378896,0.5454691035111594,False,
684,OCNT-2535738,1,CYP2C9,4.286336898803711,0.0019340793369337916,0.0011842843377962708,0.008260510861873627,32,0.8119305916077415,0.050251081585884094,0.0007117968634702265,0.5216336351214365,False,
684,OCNT-2535738,2,CYP2D6,4.171281814575195,0.0015194141305983067,0.00041103491093963385,0.006265687756240368,32,0.8156332920538357,0.03965737298130989,0.000876238860655576,0.5480489839920444,False,
684,OCNT-2535738,3,CYP3A4,3.6346330642700195,0.002342917723581195,0.0007626036531291902,0.009964672848582268,32,0.8532570208546272,0.06397182494401932,0.00042781414231285453,0.4616739333124391,False,
685,OCNT-2535739,0,CYP1A2,5.17817497253418,0.0007418906898237765,0.0002274218131788075,0.002656614873558283,32,0.6985652669062252,0.01658451370894909,0.0007393387495540082,0.41970898575975146,False,
685,OCNT-2535739,1,CYP2C9,4.971014976501465,0.0010720695136114955,0.0010841412004083395,0.004488911479711533,32,0.9246470953295295,0.03172144666314125,0.0005226144567131996,0.4974805889824382,False,
685,OCNT-2535739,2,CYP2D6,4.552266597747803,0.0009300295496359468,0.0002198279689764604,0.003625007811933756,32,0.6983214088169337,0.02078292891383171,0.0007497261976823211,0.5023948311820823,False,
685,OCNT-2535739,3,CYP3A4,4.5544657707214355,0.002363626379519701,0.0011868905276060104,0.009004560299217701,16,0.9851702333206395,0.037257347255945206,0.00021142489276826382,0.47549661763971535,False,
686,OCNT-2535740,0,CYP1A2,4.888540267944336,0.001607373938895762,0.0005303455400280654,0.007117268163710833,32,0.8899326893109806,0.045774832367897034,0.0005306755192577839,0.5183286909160721,False,
686,OCNT-2535740,1,CYP2C9,4.717649459838867,0.0016257497482001781,0.0010246413294225931,0.007390409242361784,32,0.8542052181233197,0.04443943873047829,0.0005432981415651739,0.5437666877002696,False,
686,OCNT-2535740,2,CYP2D6,4.307402610778809,0.0012702766107395291,0.00033116978011094034,0.005137399770319462,32,0.7799487208618419,0.03170426934957504,0.0009232976008206606,0.5333281468892873,False,
686,OCNT-2535740,3,CYP3A4,4.209492206573486,0.0019572796300053596,0.000708464824128896,0.00872454047203064,32,0.8904785579263593,0.05577358230948448,0.00035457266494631767,0.49360157594876847,False,
687,OCNT-2535741,0,CYP1A2,4.927224159240723,0.0013776314444839954,0.0011835654731839895,0.005413887556642294,32,0.741643427510864,0.03269499912858009,0.0005506286397576332,0.4529714582378508,False,
687,OCNT-2535741,1,CYP2C9,4.693076133728027,0.0018493320094421506,0.0009991995757445693,0.009047500789165497,7,0.9967544603520221,0.012903379276394844,0.00034161590156145394,0.5604412238818639,False,
687,OCNT-2535741,2,CYP2D6,4.356550693511963,0.0011552730575203896,0.00026609282940626144,0.004653991665691137,32,0.7686177639269162,0.028415074571967125,0.0010341143934056163,0.5305018602318454,False,
687,OCNT-2535741,3,CYP3A4,4.2032036781311035,0.0021965201012790203,0.0007291281362995505,0.0102271419018507,15,0.9836190791137368,0.03240823373198509,0.00018448811897542328,0.5310043268452254,False,
688,OCNT-2535744,0,CYP1A2,5.400092124938965,0.0009970850078389049,0.000396155723137781,0.005082631483674049,32,0.9666923484478868,0.030844291672110558,0.0013543430250138044,0.6368636661106086,False,
688,OCNT-2535744,1,CYP2C9,4.944408416748047,0.0009295196505263448,0.0010580670787021518,0.00382762448862195,32,0.8566280643803289,0.0254803579300642,0.0019304860616102815,0.5353258357004612,False,
688,OCNT-2535744,2,CYP2D6,4.236450672149658,0.0007991493912413716,0.00015400485426653177,0.003166730049997568,32,0.6756466161009154,0.017278378829360008,0.001265667611733079,0.5551399369221419,False,
688,OCNT-2535744,3,CYP3A4,4.534961700439453,0.0017509254394099116,0.0005798015627078712,0.007700931280851364,32,0.9111683171443677,0.051052700728178024,0.0007645316072739661,0.49283619832632514,False,
689,OCNT-2535745,0,CYP1A2,5.39970064163208,0.0007979562506079674,0.0001379485911456868,0.00365309976041317,32,0.8370305637060241,0.021373508498072624,0.00045359585783444345,0.5116734652820984,False,
689,OCNT-2535745,1,CYP2C9,5.168205738067627,0.0011975435772910714,0.0005624783225357533,0.005735722370445728,32,0.9828983676952393,0.03766635060310364,0.0003117449232377112,0.5339855082089462,False,
689,OCNT-2535745,2,CYP2D6,4.500551223754883,0.0007696652319282293,0.00010244893928756937,0.00298886327072978,32,0.6960736463750294,0.01714402064681053,0.001389000448398292,0.5238152944806919,False,
689,OCNT-2535745,3,CYP3A4,4.900232315063477,0.0014744044747203588,0.0009141529444605112,0.006371865980327129,32,0.8746305277417837,0.041266173124313354,0.00022764639288652688,0.5019077367668447,False,
690,OCNT-2535746,0,CYP1A2,5.1135334968566895,0.002310219220817089,0.0021236587781459093,0.011253304779529572,32,0.9723615169473385,0.07188409566879272,0.0007011176785454154,0.5831866532013996,False,
690,OCNT-2535746,1,CYP2C9,4.8849639892578125,0.0013309885980561376,0.0009544519707560539,0.0055642821826040745,2,1.0024679987330305,0.0026685670018196106,0.0013015459990128875,0.65058349477526,False,
690,OCNT-2535746,2,CYP2D6,4.391645431518555,0.0008901169057935476,0.0001335787819698453,0.0035999994724988937,32,0.7238365846753764,0.020617805421352386,0.0010062383953481913,0.627640412415131,False,
690,OCNT-2535746,3,CYP3A4,4.642970085144043,0.0012233495945110917,0.0007908805855549872,0.004683594219386578,32,0.9576719265652937,0.037490468472242355,0.000748661404941231,0.5496283906813868,False,
691,OCNT-2535747,0,CYP1A2,5.2061381340026855,0.0006464117323048413,0.00038923663669265807,0.002566878916695714,32,0.7604660772217894,0.015730617567896843,0.0007333195535466075,0.4733146846935836,False,
691,OCNT-2535747,1,CYP2C9,4.894552230834961,0.0018458801787346601,0.001058087800629437,0.008358863182365894,32,0.9668803364287892,0.057112157344818115,0.00023401054204441607,0.5309536144727547,False,
691,OCNT-2535747,2,CYP2D6,4.4074883460998535,0.0008749356493353844,0.00011837360943900421,0.003626993391662836,32,0.6909113064450516,0.01934431493282318,0.0009739633533172309,0.5022245652859387,False,
691,OCNT-2535747,3,CYP3A4,4.5131120681762695,0.0025373396929353476,0.0008165495237335563,0.010774502530694008,32,0.9392717899052939,0.07626435160636902,0.00027716250042431056,0.5645526198496658,False,
692,OCNT-2535748,0,CYP1A2,5.351031303405762,0.0008543877629563212,0.0004898874904029071,0.0033341164235025644,32,0.6430212504464319,0.01758066937327385,0.000418282812461257,0.4786105678395592,False,
692,OCNT-2535748,1,CYP2C9,5.155202865600586,0.0008537719841115177,0.00025450412067584693,0.0037608689162880182,32,0.9554853486391983,0.026104837656021118,0.0010756542906165123,0.5939955698216517,False,
692,OCNT-2535748,2,CYP2D6,4.526121139526367,0.001050791353918612,0.00015935194096527994,0.004253041930496693,32,0.7246866603860678,0.024368055164813995,0.0010551250306889415,0.5727983999447284,False,
692,OCNT-2535748,3,CYP3A4,4.802924156188965,0.0009334480855613947,0.0007483423105441034,0.003992469981312752,32,0.8281778735558716,0.024738218635320663,0.0005937742535024881,0.5768662750247954,False,
693,OCNT-2535749,0,CYP1A2,5.348836421966553,0.0007690811762586236,0.0005185088375583291,0.0030777938663959503,32,0.6619958829028852,0.016292326152324677,0.0005960473790764809,0.4677725239999312,False,
693,OCNT-2535749,1,CYP2C9,5.1442060470581055,0.0008952896459959447,0.0002670530811883509,0.003913200460374355,32,0.9532839419873503,0.027311192825436592,0.0009870447684079409,0.6160154132530233,False,
693,OCNT-2535749,2,CYP2D6,4.461485385894775,0.0010346288327127695,0.0001618364331079647,0.0041039809584617615,32,0.7315916968181858,0.024221861734986305,0.0012209054548293352,0.5750425090796907,False,
693,OCNT-2535749,3,CYP3A4,4.785306930541992,0.000993979861959815,0.0007923499797470868,0.004258082713931799,32,0.8305318317863934,0.026417287066578865,0.0005717232124879956,0.5755924508801287,False,
694,OCNT-2535750,0,CYP1A2,5.081791877746582,0.0010932957520708442,0.00036376918433234096,0.0047067031264305115,32,0.7232521233783241,0.025303542613983154,0.0004953109892085195,0.46851035662301044,False,
694,OCNT-2535750,1,CYP2C9,5.0512261390686035,0.0007766819326207042,0.00016903957293834537,0.003714108606800437,32,0.8483730666967952,0.0210855845361948,0.0007329303189180791,0.5571357742980378,False,
694,OCNT-2535750,2,CYP2D6,4.40726900100708,0.0008215149282477796,6.742976984241977e-05,0.0032710470259189606,32,0.683703514384373,0.01797374337911606,0.0009127358789555728,0.5065668246425847,False,
694,OCNT-2535750,3,CYP3A4,4.692943096160889,0.0011288238456472754,0.0008731315028853714,0.005092881619930267,32,0.8349292091739526,0.030159883201122284,0.0004141592653468251,0.5102734550023317,False,
695,OCNT-2535751,0,CYP1A2,5.071286678314209,0.001168224960565567,0.00036164422635920346,0.0049545117653906345,32,0.7098006540910592,0.026534846052527428,0.00043353167711757123,0.47650267584288153,False,
695,OCNT-2535751,1,CYP2C9,5.042387962341309,0.0007418664172291756,0.00017322020721621811,0.003532262984663248,32,0.8612889239035199,0.020447038114070892,0.0009340481483377516,0.5586634115110024,False,
695,OCNT-2535751,2,CYP2D6,4.459739685058594,0.0009392972569912672,8.199745207093656e-05,0.003885460551828146,32,0.6749148758039121,0.020286478102207184,0.0007609950844198465,0.5096050109457164,False,
695,OCNT-2535751,3,CYP3A4,4.692022800445557,0.000984522863291204,0.0007757392595522106,0.004372469149529934,32,0.8413395609431609,0.026506446301937103,0.000406847771955654,0.5851039217551992,False,
696,OCNT-2535753,0,CYP1A2,4.717381000518799,0.0018236880423501134,0.0004964577383361757,0.007189813535660505,32,0.7951833790659438,0.04640557989478111,0.0007228860631585121,0.5249350434961837,False,
696,OCNT-2535753,1,CYP2C9,4.435305595397949,0.0023404238745570183,0.0011332929134368896,0.009926818311214447,3,0.9990139742732778,0.007014378439635038,0.00019427320512477309,0.5700768902710349,False,
696,OCNT-2535753,2,CYP2D6,4.797188758850098,0.0006364303408190608,0.00024958286667242646,0.0022782355081290007,32,0.7023380126422949,0.01430387981235981,0.002137195086106658,0.6215161536215703,False,
696,OCNT-2535753,3,CYP3A4,4.173788070678711,0.0023484581615775824,0.0012327609583735466,0.00912410207092762,8,0.9918628676754039,0.018634866923093796,0.00026077753864228725,0.4794326543027903,False,
697,OCNT-2535754,0,CYP1A2,4.729714870452881,0.0029256013222038746,0.002347057918086648,0.011602145619690418,32,0.9245788772054159,0.08655866980552673,0.0004479957278817892,0.5301205658260757,False,
697,OCNT-2535754,1,CYP2C9,4.494449138641357,0.0030483726877719164,0.001838148571550846,0.01409298274666071,32,0.9831445092991298,0.09590402245521545,0.00024473396479152143,0.5385608800277748,False,
697,OCNT-2535754,2,CYP2D6,4.4523138999938965,0.0009696473716758192,0.00011739418550860137,0.004025319125503302,32,0.7720328354029372,0.023955434560775757,0.0012800612021237612,0.5529331327043411,False,
697,OCNT-2535754,3,CYP3A4,4.096078872680664,0.0030020414851605892,0.002348184585571289,0.013141337782144547,32,0.9371522421170766,0.09002813696861267,0.0001264675083803013,0.5462275831667316,False,
698,OCNT-2535755,0,CYP1A2,3.954610824584961,0.004128993954509497,0.002818001201376319,0.01898907497525215,2,1.0008484889942793,0.008265014737844467,0.0006198675255291164,0.5683982456971814,False,
698,OCNT-2535755,1,CYP2C9,3.827054262161255,0.0020539143588393927,0.0002777125046122819,0.009800350293517113,32,0.9295210820131415,0.06109331175684929,0.000599722086917609,0.6351561150642597,False,
698,OCNT-2535755,2,CYP2D6,3.916459560394287,0.0014965491136536002,0.0003286769497208297,0.005914957262575626,32,0.826487043575205,0.03958037495613098,0.0007927878177724779,0.6370768825376983,False,
698,OCNT-2535755,3,CYP3A4,2.824793815612793,0.0025680186226963997,0.0003007441118825227,0.013837793841958046,32,0.9240999646956536,0.07593968510627747,0.0005885335267521441,0.6851480179362068,False,
699,OCNT-2535757,0,CYP1A2,5.337026596069336,0.0010095114121213555,0.00016355929255951196,0.004433443769812584,32,0.7947010161636736,0.025672566145658493,0.000379157776478678,0.5306287207007901,False,
699,OCNT-2535757,1,CYP2C9,5.139250755310059,0.0009317225776612759,0.0005036740330979228,0.003793066367506981,32,0.9304735582229873,0.027742480859160423,0.0007383723859675229,0.5532784066048928,False,
699,OCNT-2535757,2,CYP2D6,4.536283016204834,0.0009333845810033381,0.00016032000712584704,0.0035922157112509012,32,0.7227095533448071,0.02158634178340435,0.0012951565440744162,0.6120178565598774,False,
699,OCNT-2535757,3,CYP3A4,4.8643999099731445,0.0008900187094695866,0.0007659154362045228,0.0035903695970773697,32,0.825961581846964,0.023524144664406776,0.0002942518622148782,0.499301334892675,False,
700,OCNT-2535759,0,CYP1A2,4.6389617919921875,0.0027893607039004564,0.00015008443733677268,0.011740278452634811,32,0.8052410600011719,0.07187570631504059,0.00033757180790416896,0.5169712034485143,False,
700,OCNT-2535759,1,CYP2C9,4.641153812408447,0.0020162586588412523,0.000675322487950325,0.007970986887812614,32,0.8369398076863487,0.05399985611438751,0.00033823648118413985,0.5180289795250537,False,
700,OCNT-2535759,2,CYP2D6,4.591979026794434,0.00088346260599792,8.595423423685133e-05,0.003712538629770279,32,0.7625758899566863,0.02155887708067894,0.0007520543877035379,0.565376155545315,False,
700,OCNT-2535759,3,CYP3A4,4.329950332641602,0.0025094400625675917,0.0008465066784992814,0.010664026252925396,32,0.8721571544767268,0.07003631442785263,0.0002521556452848017,0.529271204053429,False,
701,OCNT-2535760,0,CYP1A2,5.0600266456604,0.0017136166570708156,0.0003527434600982815,0.0064421650022268295,32,0.774243869451026,0.042456477880477905,0.00044147897278890014,0.5949581224477932,False,
701,OCNT-2535760,1,CYP2C9,5.157156944274902,0.0005517688114196062,0.00015417099348269403,0.0019342937739565969,32,0.7568170509159827,0.013363059610128403,0.0009483685716986656,0.5934667869394523,False,
701,OCNT-2535760,2,CYP2D6,4.818114757537842,0.000671345042064786,7.748603820800781e-05,0.0024109547957777977,32,0.5968271857292191,0.012821854092180729,0.00029673270182684064,0.4560961648873351,False,
701,OCNT-2535760,3,CYP3A4,5.006801605224609,0.0006140792393125594,0.00023234910622704774,0.002696335781365633,32,0.8675632795124278,0.017048360779881477,0.00042065526940859854,0.5209926290972583,False,
702,OCNT-2535761,0,CYP1A2,4.78883171081543,0.002550342818722129,0.002681380370631814,0.00892336294054985,32,0.8348548042581272,0.06813357770442963,0.0005783538217656314,0.495742114771042,False,
702,OCNT-2535761,1,CYP2C9,4.518923759460449,0.002692227018997073,0.0033517840784043074,0.011772030033171177,32,0.9561581005840669,0.08237453550100327,0.0003263218968641013,0.5952258230471612,False,
702,OCNT-2535761,2,CYP2D6,4.559349060058594,0.001208142377436161,0.00018268365238327533,0.004753447603434324,32,0.7833219064308988,0.030283911153674126,0.0008079571998678148,0.5914037379724755,False,
702,OCNT-2535761,3,CYP3A4,4.086125373840332,0.0032547544687986374,0.001514735515229404,0.013822914101183414,32,0.9699571688531373,0.10102342814207077,0.00016414938727393746,0.5944720729131284,False,
703,OCNT-2535762,0,CYP1A2,5.002829074859619,0.0014412978198379278,0.0013764358591288328,0.005762781947851181,32,0.8385591721015385,0.03867590054869652,0.00033950444776564837,0.49620033034539773,False,
703,OCNT-2535762,1,CYP2C9,4.795029163360596,0.0017222270835191011,0.000483380543300882,0.007827811874449253,2,1.0018046014652875,0.003450690070167184,0.0005008018342778087,0.6047975735124794,False,
703,OCNT-2535762,2,CYP2D6,4.443783760070801,0.0016246644081547856,0.00021097459830343723,0.006914370693266392,32,0.7187757269299176,0.03736884891986847,0.0006327755399979651,0.517605865159441,False,
703,OCNT-2535762,3,CYP3A4,4.345545291900635,0.0025958679616451263,0.0015952691901475191,0.011588465422391891,2,1.000870110931691,0.005196273326873779,0.0002819751389324665,0.5844646806179689,False,
704,OCNT-2535763,0,CYP1A2,5.569594383239746,0.00045570172369480133,0.0003703729889821261,0.0018976804567500949,32,0.7128934304199765,0.010395964607596397,0.0006537085282616317,0.4680433267471656,False,
704,OCNT-2535763,1,CYP2C9,5.311038970947266,0.0009022996528074145,0.0007495578029192984,0.004252647515386343,32,0.9547312194858288,0.02756682224571705,0.0006314850179478526,0.6108174287061463,False,
704,OCNT-2535763,2,CYP2D6,4.52496337890625,0.0008876575739122927,0.00014621380250900984,0.0034862819593399763,32,0.6459551300078261,0.018348589539527893,0.0012011256767436862,0.5542349484347329,False,
704,OCNT-2535763,3,CYP3A4,5.056371212005615,0.0010080693755298853,0.0003470991796348244,0.004587060771882534,32,0.8498207120659046,0.027413975447416306,0.00015831715427339077,0.5861578884486092,False,
705,OCNT-2535764,0,CYP1A2,5.495693206787109,0.000421962613472715,0.0003550805849954486,0.001746620167978108,32,0.6858917944669498,0.009261681698262691,0.0007329772925004363,0.4668007872526275,False,
705,OCNT-2535764,1,CYP2C9,5.230309009552002,0.0008861880050972104,0.0007603788399137557,0.004221674054861069,32,0.9617684891585095,0.027274154126644135,0.0006760467076674104,0.6072837013707941,False,
705,OCNT-2535764,2,CYP2D6,4.503307819366455,0.0009192563011310995,0.00013833417324349284,0.00365447043441236,32,0.6473382541376711,0.01904243975877762,0.0011951281921938062,0.565673777510288,False,
705,OCNT-2535764,3,CYP3A4,4.931115627288818,0.0013026822125539184,0.0008232019608840346,0.005511552095413208,32,0.8716373861126925,0.036335207521915436,8.458711818093434e-05,0.5794983690314359,False,
706,OCNT-2535765,0,CYP1A2,5.226393699645996,0.0010948812123388052,0.0012966417707502842,0.0045265136286616325,32,0.7814276656923543,0.0273785050958395,0.0003515003190841526,0.49432419564291774,False,
706,OCNT-2535765,1,CYP2C9,4.942473888397217,0.0016745171742513776,0.0006396946264430881,0.00819840095937252,2,1.0019100354528319,0.003355451161041856,0.0007226999732665718,0.6187057930965412,False,
706,OCNT-2535765,2,CYP2D6,4.337031841278076,0.0011024675332009792,0.00019394716946408153,0.004293377976864576,32,0.7429916627809883,0.026212211698293686,0.0013423950877040625,0.6007942196088414,False,
706,OCNT-2535765,3,CYP3A4,4.519834041595459,0.0017332874704152346,0.0002834994229488075,0.008008181117475033,32,0.9887764196285385,0.0548429973423481,0.0002218782901763916,0.6028494351794353,False,
707,OCNT-2535766,0,CYP1A2,5.425275802612305,0.0005097283865325153,0.0003087735385634005,0.0020990250632166862,32,0.7583736326788386,0.012370308861136436,0.0008110503549687564,0.5516097248358022,False,
707,OCNT-2535766,1,CYP2C9,5.2443952560424805,0.0005984423914924264,0.00021666807879228145,0.0023312747944146395,32,0.9010528382201461,0.017255591228604317,0.002614448545500636,0.6130482644355646,False,
707,OCNT-2535766,2,CYP2D6,4.556224822998047,0.0014729429967701435,0.00015120285388547927,0.004680192098021507,32,0.6864217363817113,0.032354142516851425,0.0006880507571622729,0.5315169330557821,False,
707,OCNT-2535766,3,CYP3A4,4.984042167663574,0.00042117811972275376,5.4160387662705034e-05,0.0018458467675372958,32,0.7081291586658376,0.00954417884349823,0.0018263161182403564,0.5607489363071689,False,
708,OCNT-2535767,0,CYP1A2,5.019445419311523,0.0021064237225800753,0.0007555742631666362,0.007585627026855946,32,0.8254237553245046,0.05563841387629509,0.00042435707291588187,0.6139229794949401,False,
708,OCNT-2535767,1,CYP2C9,5.177671909332275,0.0005506518064066768,4.4757212890544906e-05,0.0020115680526942015,32,0.7712172655927253,0.013589756563305855,0.0008579537970945239,0.558738327057537,False,
708,OCNT-2535767,2,CYP2D6,4.770511627197266,0.0006973555427975953,8.129722118610516e-05,0.002514965832233429,32,0.6020789542539311,0.01343581173568964,0.00028776671388186514,0.44651541711741227,False,
708,OCNT-2535767,3,CYP3A4,5.0149054527282715,0.0006411635549739003,0.00024150639364961535,0.0027730250731110573,32,0.865728506741111,0.01776263117790222,0.0004132091999053955,0.517465335417696,False,
709,OCNT-2535768,0,CYP1A2,5.073564529418945,0.001823306200094521,0.0005815296317450702,0.006734008900821209,32,0.8310932378420512,0.048491064459085464,0.00040657955105416477,0.6309295947490946,False,
709,OCNT-2535768,1,CYP2C9,5.18845796585083,0.0006784950965084136,5.4854324844200164e-05,0.002979592652991414,32,0.8633057785222895,0.01874423585832119,0.0005776818725280464,0.6264941001663705,False,
709,OCNT-2535768,2,CYP2D6,4.78285026550293,0.0006785684381611645,7.291755173355341e-05,0.0024372939951717854,32,0.5842540289768673,0.012686789967119694,0.0003180819912813604,0.4372286033961986,False,
709,OCNT-2535768,3,CYP3A4,5.019644737243652,0.0007429751567542553,0.00024475110694766045,0.0031653661280870438,32,0.8623222024896529,0.020502163097262383,0.00023668100766371936,0.5072981721445047,False,
710,OCNT-2535769,0,CYP1A2,5.248744010925293,0.0008719032630324364,0.0004942980594933033,0.003477185731753707,32,0.8589523590275923,0.023965822532773018,0.00045152686652727425,0.519931021225037,False,
710,OCNT-2535769,1,CYP2C9,5.168101787567139,0.00043239083606749773,0.00016792668611742556,0.0019545333925634623,32,0.9610444503554632,0.013297805562615395,0.004268393386155367,0.6237848895056495,True,curved
710,OCNT-2535769,2,CYP2D6,4.448204517364502,0.0011983251897618175,0.0004223293799441308,0.004170350730419159,32,0.694115226300398,0.02661704644560814,0.0006634394521825016,0.5961365047381828,False,
710,OCNT-2535769,3,CYP3A4,4.908424377441406,0.0006529942620545626,6.830097117926925e-05,0.003247177693992853,2,1.0010667354507563,0.0013074016897007823,0.0015834551304578781,0.5718259110436915,False,
711,OCNT-2535770,0,CYP1A2,4.247478485107422,0.002786812139675021,0.0014189431676641107,0.011341039091348648,32,0.8940968230413655,0.07973404228687286,0.0003289020387455821,0.5150465567689361,False,
711,OCNT-2535770,1,CYP2C9,4.432931423187256,0.001621218747459352,0.0015857686521485448,0.006356497295200825,32,0.7938686203231119,0.04118536412715912,0.0002967218460980803,0.4881169008236783,False,
711,OCNT-2535770,2,CYP2D6,4.442050457000732,0.0008167912601493299,0.00019511372374836355,0.0030028619803488255,32,0.6039585652733114,0.015786051750183105,0.004438291769474745,0.5745695616989452,True,curved
711,OCNT-2535770,3,CYP3A4,4.071777820587158,0.0014414875768125057,0.0012488490901887417,0.005955472122877836,32,0.7916878658678923,0.03651891648769379,0.00017568288603797555,0.5045521448078686,False,
712,OCNT-2535771,0,CYP1A2,4.997213363647461,0.002612540265545249,0.0015826357994228601,0.01044089999049902,32,0.9490079108101351,0.07933858782052994,0.0007466962561011314,0.5275200414723273,False,
712,OCNT-2535771,1,CYP2C9,4.94252347946167,0.0013024471700191498,0.0001234396331710741,0.005718575324863195,32,0.8306791033849631,0.03462156653404236,0.0006892274832352996,0.5274117229253692,False,
712,OCNT-2535771,2,CYP2D6,4.564196586608887,0.0008429522276856005,0.00021667579130735248,0.0035513564944267273,32,0.7584829142289856,0.020459918305277824,0.001258254051208496,0.564354427273061,False,
712,OCNT-2535771,3,CYP3A4,4.671380519866943,0.0016473209252581,0.0006620349595323205,0.007174301892518997,32,0.8571852646735775,0.04518616944551468,0.00046379456762224436,0.5595746293848223,False,
713,OCNT-2535772,0,CYP1A2,4.856130123138428,0.0016732575604692101,0.0004955663462169468,0.007301276549696922,32,0.8686897722664825,0.04651361331343651,0.00040954170981422067,0.49469313688412103,False,
713,OCNT-2535772,1,CYP2C9,4.7333855628967285,0.001766747678630054,0.0008099683909676969,0.008631431497633457,32,0.8814068648017408,0.04983143508434296,0.00021525585907511413,0.5419650169174353,False,
713,OCNT-2535772,2,CYP2D6,4.392275333404541,0.0010682776337489486,0.00017520425899419934,0.004452361725270748,32,0.6875364933184759,0.02350357547402382,0.0007379849557764828,0.579484906894454,False,
713,OCNT-2535772,3,CYP3A4,4.322083950042725,0.002272682497277856,0.0009307379368692636,0.010328753851354122,32,0.9121313746042852,0.06633581221103668,0.00012640970817301422,0.5063576332016204,False,
714,OCNT-2535773,0,CYP1A2,5.1016154289245605,0.0012355834478512406,0.0005250989925116301,0.005096541251987219,32,0.8143865906073117,0.03220002353191376,0.0007416181615553796,0.5150592807020701,False,
714,OCNT-2535773,1,CYP2C9,4.827727317810059,0.0010918715270236135,0.0007556406781077385,0.004387170076370239,32,0.8076228622799703,0.02821851149201393,0.0003191548748873174,0.5912279433496164,False,
714,OCNT-2535773,2,CYP2D6,4.465512275695801,0.0010537198977544904,0.00022519724734593183,0.004480598494410515,32,0.7440796169920502,0.025089886039495468,0.0010342290624976158,0.5817180207398379,False,
714,OCNT-2535773,3,CYP3A4,4.422491073608398,0.001573943649418652,0.0008923910208977759,0.0072371019050478935,32,0.8554948271029242,0.04308829456567764,0.00015719821385573596,0.5651923987035345,False,
715,OCNT-2535774,0,CYP1A2,3.8075520992279053,0.006487475708127022,0.004580446984618902,0.023954542353749275,32,0.9026188685301654,0.1873832643032074,0.0004889468546025455,0.5750503339568741,False,
715,OCNT-2535774,1,CYP2C9,3.8761487007141113,0.004610373172909021,0.003308083862066269,0.017341291531920433,32,0.9195971327486757,0.1356702446937561,0.00016913449508138,0.5861273074697078,False,
715,OCNT-2535774,2,CYP2D6,4.857517242431641,0.0007933597080409527,0.0001333716936642304,0.0033347210846841335,32,0.802680689196951,0.020378321409225464,0.0010220047552138567,0.5760771793173759,False,
715,OCNT-2535774,3,CYP3A4,3.5749001502990723,0.004342332016676664,0.003692483529448509,0.01733468845486641,32,0.8994895901355275,0.12498852610588074,0.0001217208118760027,0.5826968202034901,False,
716,OCNT-2535775,0,CYP1A2,4.631558895111084,0.000940653495490551,0.00011844358232337981,0.004025113768875599,32,0.6653796047805982,0.020028745755553246,0.0004110119480174035,0.4817825631754049,False,
716,OCNT-2535775,1,CYP2C9,4.351423263549805,0.0016244648722931743,0.003252072026953101,0.00578662334010005,32,0.8503175428805165,0.04420222342014313,0.0006123239290900528,0.5361224896486736,False,
716,OCNT-2535775,2,CYP2D6,4.101108551025391,0.0020248140208423138,0.00028654871857725084,0.007997270673513412,32,0.7881547481703953,0.05106798931956291,0.000585051195230335,0.5667721543070475,False,
716,OCNT-2535775,3,CYP3A4,4.032631874084473,0.0010805827332660556,0.0009655256872065365,0.005160766188055277,32,0.7452655539028881,0.025770513340830803,0.0005023154080845416,0.5190586810721015,False,
717,OCNT-2535776,0,CYP1A2,4.3073506355285645,0.0011983673321083188,0.00014270145038608462,0.0050345719791948795,32,0.6599984249470331,0.025309668853878975,0.0003667482815217227,0.4825636508017107,False,
717,OCNT-2535776,1,CYP2C9,4.051815032958984,0.0020244966726750135,0.0038958555087447166,0.007556960918009281,32,0.847172464619598,0.05488340184092522,0.0005370206781663001,0.4699343468548426,False,
717,OCNT-2535776,2,CYP2D6,4.009654521942139,0.0024349051527678967,0.0003819973790086806,0.009779362007975578,32,0.7980752544578357,0.06218385696411133,0.0005296459421515465,0.5558252067679106,False,
717,OCNT-2535776,3,CYP3A4,3.637840747833252,0.0012473867973312736,0.0011423532851040363,0.005375625565648079,32,0.7416511713050352,0.029604265466332436,0.0003628802951425314,0.5038459780470042,False,
718,OCNT-2535777,0,CYP1A2,4.717777252197266,0.0010832231491804123,0.00012389477342367172,0.00424269400537014,32,0.5834049148203909,0.02022283338010311,0.0004969112924300134,0.4792797586470946,False,
718,OCNT-2535777,1,CYP2C9,4.410362243652344,0.0017691162647679448,0.003593740751966834,0.006429454777389765,32,0.8361890176245637,0.04733836650848389,0.0008620782173238695,0.45434809949109006,False,
718,OCNT-2535777,2,CYP2D6,4.389909267425537,0.0017467790748924017,0.0002508148900233209,0.006228933576494455,32,0.779708157366188,0.04358354210853577,0.0005035960348322988,0.5997209889467864,False,
718,OCNT-2535777,3,CYP3A4,4.106652736663818,0.0009126069489866495,0.0009860562859103084,0.0036999154835939407,32,0.7398781494404814,0.021607210859656334,0.0005874787457287312,0.5505411394251107,False,
719,OCNT-2535778,0,CYP1A2,4.3073859214782715,0.0011984201846644282,0.00014269433449953794,0.005034766159951687,32,0.6599908830789654,0.025310495868325233,0.00036677176831290126,0.48256495993754345,False,
719,OCNT-2535778,1,CYP2C9,4.05216646194458,0.0020247134380042553,0.00389541476033628,0.0075599430128932,32,0.8471967607898861,0.05489085242152214,0.0005367100238800049,0.4699328812524744,False,
719,OCNT-2535778,2,CYP2D6,4.009654998779297,0.002434829482808709,0.00038197985850274563,0.009778868407011032,32,0.7980678315434688,0.062181346118450165,0.0005296071176417172,0.5558307560851719,False,
719,OCNT-2535778,3,CYP3A4,3.6387577056884766,0.0012467136839404702,0.001141382846981287,0.005363020580261946,32,0.7415752770045196,0.02958526276051998,0.00036307628033682704,0.503214302552778,False,
720,OCNT-2535779,0,CYP1A2,4.947333335876465,0.0010153577895835042,0.00011505546717671677,0.0040105306543409824,32,0.5876622398415814,0.019094185903668404,0.00047128129517659545,0.47542902312330093,False,
720,OCNT-2535779,1,CYP2C9,4.635101318359375,0.0016439897008240223,0.0033280912321060896,0.00588787067681551,32,0.8417794470787139,0.04428432509303093,0.0007008964312262833,0.4575249335371975,False,
720,OCNT-2535779,2,CYP2D6,4.412561893463135,0.0014269906096160412,0.0002278164029121399,0.005235618911683559,32,0.7951210400682418,0.036308422684669495,0.000603892607614398,0.6536581370813238,False,
720,OCNT-2535779,3,CYP3A4,4.370626926422119,0.0008569170022383332,0.0009135926375165582,0.0034592465963214636,32,0.7524257511614635,0.02063276618719101,0.00046294747153297067,0.5669217153658508,False,
721,OCNT-2535780,0,CYP1A2,4.664823532104492,0.001004836754873395,0.00011329872359056026,0.004150644410401583,32,0.6421550018068005,0.02064855583012104,0.00042352170567028224,0.47571815242731563,False,
721,OCNT-2535780,1,CYP2C9,4.403517246246338,0.001489551505073905,0.002934547606855631,0.005259222816675901,32,0.8494788283313813,0.04049123078584671,0.0005753663717769086,0.538357564419003,False,
721,OCNT-2535780,2,CYP2D6,4.20876407623291,0.0017567264148965478,0.00025755795650184155,0.006964955013245344,32,0.8022580990038238,0.04509939253330231,0.00060871965251863,0.5723132811606068,False,
721,OCNT-2535780,3,CYP3A4,4.1030192375183105,0.0009987151715904474,0.0008142892038449645,0.004851059522479773,32,0.7493207325508696,0.023947695270180702,0.00046747562009841204,0.5162221825967592,False,
722,OCNT-2535785,0,CYP1A2,4.952459335327148,0.001946446136571467,0.0003362282004673034,0.008664749562740326,32,0.9427477359141857,0.05872054770588875,0.0001706354523776099,0.5994493788047921,False,
722,OCNT-2535785,1,CYP2C9,4.8490681648254395,0.0013015535660088062,0.0004896456957794726,0.00536156864836812,32,0.9320414675729872,0.038819558918476105,0.00030377416987903416,0.5251714977444898,False,
722,OCNT-2535785,2,CYP2D6,4.2585554122924805,0.0013905749656260014,0.0004102000966668129,0.005648810416460037,32,0.738479695774076,0.03286140039563179,0.0012707511195912957,0.5633641717259632,False,
722,OCNT-2535785,3,CYP3A4,4.376228332519531,0.0020803201477974653,0.0006862154696136713,0.00952034629881382,32,0.9218582696483358,0.06136862561106682,0.0001822971971705556,0.5970438010444794,False,
723,OCNT-2535786,0,CYP1A2,5.325896263122559,0.0006693715113215148,0.0003436339902691543,0.0028318390250205994,32,0.7497649455976221,0.01606012135744095,0.0005008072475902736,0.5136130883779779,False,
723,OCNT-2535786,1,CYP2C9,5.0909552574157715,0.0009973429841920733,0.0002472531923558563,0.005140237044543028,2,1.0004574542525548,0.0019956184551119804,0.000514066603500396,0.5920013398260671,False,
723,OCNT-2535786,2,CYP2D6,4.400088310241699,0.0011197938583791256,8.510220504831523e-05,0.004591590259224176,32,0.6564196378466083,0.02352195978164673,0.001343530253507197,0.552760915299842,False,
723,OCNT-2535786,3,CYP3A4,4.6353325843811035,0.00246665021404624,0.0013941628858447075,0.009818816557526588,2,1.0009661915218588,0.004938086960464716,7.64790820539929e-05,0.6141567760205182,False,
724,OCNT-2535787,0,CYP1A2,4.65836763381958,0.0028174479957669973,0.001522652106359601,0.012512536719441414,32,0.9460631447449368,0.08529578149318695,0.0005417836364358664,0.535624624387383,False,
724,OCNT-2535787,1,CYP2C9,4.649335861206055,0.0015306154964491725,0.00029239157447591424,0.0072113871574401855,32,0.7987610014409486,0.039123326539993286,0.0007848044042475522,0.610162115888948,False,
724,OCNT-2535787,2,CYP2D6,4.325651168823242,0.0012658968335017562,0.00045582931488752365,0.005365080665796995,32,0.8475791588468132,0.03433459997177124,0.0009037842974066734,0.6186432915831397,False,
724,OCNT-2535787,3,CYP3A4,4.136808395385742,0.0013706851750612259,0.0001597132213646546,0.006013811100274324,32,0.7287162771348589,0.031963132321834564,0.0004858500906266272,0.5162302906924642,False,
725,OCNT-2535788,0,CYP1A2,4.03436803817749,0.004983161110430956,0.003155018202960491,0.01838119700551033,32,0.9350146361977458,0.14909881353378296,0.0005063640419393778,0.5376556720602192,False,
725,OCNT-2535788,1,CYP2C9,4.244726657867432,0.0019749647472053766,0.0014629900688305497,0.00795714557170868,32,0.9359134654816502,0.05914897471666336,0.00039706085226498544,0.5369269521651387,False,
725,OCNT-2535788,2,CYP2D6,4.660027027130127,0.0014726644149050117,0.00026222257292829454,0.00607073912397027,32,0.8575385218969467,0.04041200131177902,0.000433782726759091,0.5960035831315129,False,
725,OCNT-2535788,3,CYP3A4,3.821716547012329,0.0017588986083865166,0.0012240959331393242,0.006918816827237606,32,0.9038358882920589,0.05087247118353844,0.00028657191433012486,0.47983388923705783,False,
726,OCNT-2535793,0,CYP1A2,4.2427496910095215,0.004083072766661644,0.002800382673740387,0.015630867332220078,32,0.9233781488435023,0.12064734101295471,0.0005569331697188318,0.5139225876838563,False,
726,OCNT-2535793,1,CYP2C9,4.314064979553223,0.001841194462031126,0.0013928791740909219,0.0077081904746592045,32,0.9410083984684919,0.055442843586206436,0.0004920923383906484,0.5458024632612339,False,
726,OCNT-2535793,2,CYP2D6,4.695356845855713,0.0012724015396088362,0.00023478451475966722,0.004410168156027794,32,0.806869803143765,0.03285345435142517,0.0006908286595717072,0.5786968668085332,False,
726,OCNT-2535793,3,CYP3A4,3.9152956008911133,0.0015147111844271421,0.0009478171705268323,0.005883249454200268,32,0.9164856523984142,0.044423047453165054,0.00036573680699802935,0.5132542526973122,False,
727,OCNT-2535795,0,CYP1A2,5.075232028961182,0.0014006338315084577,0.00015420127601828426,0.005641313269734383,32,0.8715322487794915,0.03906260058283806,0.00023960345424711704,0.5740882334915282,False,
727,OCNT-2535795,1,CYP2C9,4.918329238891602,0.0011863119434565306,0.0007490792195312679,0.004999593365937471,32,0.8480394626563901,0.03219353035092354,0.00015578577585984021,0.5279595255854561,False,
727,OCNT-2535795,2,CYP2D6,4.404757022857666,0.001098896493203938,0.00023361436615232378,0.004601876717060804,32,0.6920674662109325,0.0243365578353405,0.0009811167838051915,0.5538535109978564,False,
727,OCNT-2535795,3,CYP3A4,4.519351959228516,0.0017535955412313342,0.0007688229670748115,0.007538484409451485,32,0.8815736816656465,0.04946983978152275,8.479663665639237e-05,0.5888202644834054,False,
728,OCNT-2535797,0,CYP1A2,5.569598197937012,0.0004556532367132604,0.00037032924592494965,0.001897518988698721,32,0.7128676059809224,0.01039448194205761,0.0006538439774885774,0.4680415047822827,False,
728,OCNT-2535797,1,CYP2C9,5.310975074768066,0.0009024798637256026,0.000749894417822361,0.004253196530044079,32,0.9546708603429391,0.027570584788918495,0.0006313405465334654,0.6108196431035777,False,
728,OCNT-2535797,2,CYP2D6,4.524964332580566,0.0008876828942447901,0.00014625067706219852,0.0034863497130572796,32,0.6459422129784933,0.01834874600172043,0.0012010994832962751,0.5542449433357151,False,
728,OCNT-2535797,3,CYP3A4,5.056339263916016,0.0010080834617838264,0.0003474638797342777,0.004586818162351847,32,0.8496753417129146,0.027409669011831284,0.0001588969462318346,0.5861806582929261,False,
729,OCNT-2535799,0,CYP1A2,5.325186729431152,0.0008060454856604338,0.00031934259459376335,0.003062608651816845,32,0.6773541959748004,0.017471522092819214,0.0004250885976944119,0.5007370645466787,False,
729,OCNT-2535799,1,CYP2C9,5.097129821777344,0.0009327303268946707,0.0002248347591375932,0.004710959270596504,6,0.9951386005896847,0.005569235421717167,0.0005343827069737017,0.5918100115485215,False,
729,OCNT-2535799,2,CYP2D6,4.510652542114258,0.0010546041885390878,7.911275315564126e-05,0.004304151516407728,32,0.6562348601740904,0.02214638702571392,0.0012508784420788288,0.550474419921636,False,
729,OCNT-2535799,3,CYP3A4,4.639499664306641,0.002523255767300725,0.0010318730492144823,0.009984219446778297,2,1.0010990746794006,0.005052078049629927,5.2813327783951536e-05,0.6206741681702765,False,
730,OCNT-2535801,0,CYP1A2,5.24521017074585,0.0015305283013731241,0.00046973975258879364,0.006890054326504469,32,0.9404529119349014,0.046060774475336075,0.00018806169100571424,0.617761535590378,False,
730,OCNT-2535801,1,CYP2C9,5.111293315887451,0.0012183524668216705,0.0001961679372470826,0.004737737122923136,32,0.8443791553772184,0.032920315861701965,0.0004008150426670909,0.560761576077267,False,
730,OCNT-2535801,2,CYP2D6,4.533634185791016,0.0013591020833700895,0.0002141732256859541,0.005562213249504566,32,0.8050706195588372,0.035013798624277115,0.0002597498241811991,0.5741186412670872,False,
730,OCNT-2535801,3,CYP3A4,4.854279518127441,0.0014653631951659918,0.0005934675573371351,0.005722470581531525,32,0.8728824630115354,0.040931154042482376,0.00021115758863743395,0.5165075022580599,False,
731,OCNT-2535802,0,CYP1A2,5.356199264526367,0.0005622486351057887,0.00011072480992879719,0.002177214715629816,32,0.682595337186386,0.012281443923711777,0.0006007768679410219,0.4255437154493818,False,
731,OCNT-2535802,1,CYP2C9,5.129368782043457,0.001013323781080544,0.0009514063713140786,0.003999486565589905,32,0.9419130806234399,0.030543114989995956,0.0004208891768939793,0.5002538227972263,False,
731,OCNT-2535802,2,CYP2D6,4.49007511138916,0.0008083836291916668,0.00011447595170466229,0.003132202196866274,32,0.6343386086443332,0.01640944927930832,0.0012218428310006857,0.5119129834758199,False,
731,OCNT-2535802,3,CYP3A4,4.772543907165527,0.0020693715196102858,0.0007099979557096958,0.007836148142814636,32,0.9690130238221557,0.06416824460029602,0.0002440747048240155,0.4774158683843117,False,
732,OCNT-2535804,0,CYP1A2,5.192197799682617,0.0011173549573868513,0.0002843851107172668,0.005063425749540329,32,0.9364494624824871,0.03348338603973389,0.0003419879649300128,0.5569262257233616,False,
732,OCNT-2535804,1,CYP2C9,4.965429782867432,0.0012516846181824803,0.0005274576833471656,0.005696360487490892,32,0.8955506397792802,0.035870589315891266,0.00035413558362051845,0.6100199082233608,False,
732,OCNT-2535804,2,CYP2D6,4.51519250869751,0.0012423201696947217,0.0003761438129004091,0.004861069843173027,32,0.7233637965681149,0.028757013380527496,0.000573744357097894,0.5647521565099279,False,
732,OCNT-2535804,3,CYP3A4,4.633642196655273,0.001692423946224153,0.0014054831117391586,0.006653057411313057,32,0.8926535309645693,0.04834422841668129,8.038138184929267e-05,0.5461009982728917,False,
733,OCNT-2535805,0,CYP1A2,5.1672492027282715,0.001282248180359602,0.00027873890940099955,0.004989951383322477,32,0.8349318984059853,0.034259144216775894,0.00028125173412263393,0.4841153562163235,False,
733,OCNT-2535805,1,CYP2C9,4.970738410949707,0.0012986771762371063,0.0005121249705553055,0.00549322459846735,32,0.8442827819422347,0.03508669510483742,0.00032473693136125803,0.5929034374618278,False,
733,OCNT-2535805,2,CYP2D6,4.472033500671387,0.001186427311040461,0.00020627801131922752,0.0048919059336185455,32,0.7411082867455036,0.02813691273331642,0.0004916588659398258,0.5680377944219899,False,
733,OCNT-2535805,3,CYP3A4,4.616714954376221,0.0017998440889641643,0.0014661116292700171,0.0066250525414943695,32,0.8809789102806957,0.05074027180671692,4.5883836719440296e-05,0.5179794683458891,False,
734,OCNT-2535808,0,CYP1A2,5.0992889404296875,0.0012127297231927514,0.0002670784597285092,0.0046928334049880505,32,0.8372086853398459,0.032490119338035583,0.0002988089108839631,0.47856205453261896,False,
734,OCNT-2535808,1,CYP2C9,4.894744873046875,0.0012125977082177997,0.0004903959343209863,0.005015256814658642,32,0.8454686286993975,0.03280709683895111,0.0003427628253120929,0.5917447764777302,False,
734,OCNT-2535808,2,CYP2D6,4.4652934074401855,0.001069940160959959,0.00019841147877741605,0.004196740686893463,32,0.6825307594157187,0.02336876466870308,0.0008420790545642376,0.536272036346527,False,
734,OCNT-2535808,3,CYP3A4,4.547721862792969,0.0016812290996313095,0.0013974403264001012,0.0061139557510614395,32,0.8853440375728766,0.04763120040297508,5.565990068134852e-05,0.5365637088809769,False,
735,OCNT-2535809,0,CYP1A2,5.130337715148926,0.0012766070431098342,0.0002787865523714572,0.005007052794098854,32,0.8341374738394429,0.03407597169280052,0.0003525732026901096,0.4494296354764758,False,
735,OCNT-2535809,1,CYP2C9,4.92649507522583,0.0013442721683532,0.0005123193841427565,0.005806371103972197,32,0.8374435958246949,0.03602433577179909,0.0003277189680375159,0.5059328638550323,False,
735,OCNT-2535809,2,CYP2D6,4.416415214538574,0.0008929158211685717,0.00018485098553355783,0.0035858135670423508,32,0.6782243439528067,0.019379328936338425,0.0010969322174787521,0.5307610668163613,False,
735,OCNT-2535809,3,CYP3A4,4.557014465332031,0.0019091243157163262,0.0015149725368246436,0.007233109325170517,32,0.8765068572717468,0.05354781821370125,0.00011551470379345119,0.4570780756095235,False,
736,OCNT-2535810,0,CYP1A2,4.673561096191406,0.0034226058050990105,0.002558609005063772,0.013284560292959213,32,0.9199620331409663,0.1007576510310173,0.0005903776618652046,0.5049464410206108,False,
736,OCNT-2535810,1,CYP2C9,4.671191692352295,0.0020902298856526613,0.0011303795035928488,0.009515956044197083,4,0.9990827135937971,0.008353290148079395,0.0003956104628741741,0.5533249993211461,False,
736,OCNT-2535810,2,CYP2D6,4.382114887237549,0.0011672843247652054,0.00023122949642129242,0.004721851088106632,32,0.8235047776977276,0.030760718509554863,0.0011043115518987179,0.6335991988454006,False,
736,OCNT-2535810,3,CYP3A4,4.164914608001709,0.0022042174823582172,0.001248859683983028,0.010300520807504654,32,0.9614623771084294,0.06781701743602753,0.0003107641823589802,0.5383324896723392,False,
737,OCNT-2535811,0,CYP1A2,5.051096439361572,0.002778907772153616,0.002215089276432991,0.012780952267348766,32,0.9204755554796215,0.08185362815856934,0.0007152159814722836,0.5711604653674687,False,
737,OCNT-2535811,1,CYP2C9,4.8980278968811035,0.0013569076545536518,0.0011046442668884993,0.0058105140924453735,2,0.9999409823997271,0.002713675145059824,0.0018156026490032673,0.6245758138917005,False,
737,OCNT-2535811,2,CYP2D6,4.5680108070373535,0.0007489154231734574,0.0001275270915357396,0.00300968368537724,32,0.759231255390628,0.018195442855358124,0.0009928508661687374,0.6535008065947218,False,
737,OCNT-2535811,3,CYP3A4,4.641219615936279,0.001229375135153532,0.0007934216991998255,0.004717616364359856,32,0.9458807185155205,0.037211254239082336,0.0008418099605478346,0.5262093153592436,False,
738,OCNT-2535812,0,CYP1A2,5.1749348640441895,0.0012488873908296227,0.0008163737365975976,0.0046738325618207455,32,0.9665394597201254,0.03862747550010681,0.0005591873195953667,0.491244081815079,False,
738,OCNT-2535812,1,CYP2C9,5.010114669799805,0.001079658162780106,0.0001868932886281982,0.005333449691534042,32,0.971278963870204,0.03355708718299866,0.00045680819312110543,0.6449428614620095,False,
738,OCNT-2535812,2,CYP2D6,4.496842384338379,0.0014596246182918549,0.0002562488371040672,0.005928821861743927,32,0.7873187417718703,0.036774326115846634,0.00032634445233270526,0.6007524138474003,False,
738,OCNT-2535812,3,CYP3A4,4.60129451751709,0.0022710447665303946,0.0005915720830671489,0.009310845285654068,2,1.0004820585660337,0.004544299095869064,0.0001768993679434061,0.5635449005643318,False,
739,OCNT-2535813,0,CYP1A2,3.240154266357422,0.006698289420455694,0.0018821262056007981,0.028284654021263123,2,0.9995590058800091,0.01339069101959467,0.0006071202806197107,0.5210712218727296,False,
739,OCNT-2535813,1,CYP2C9,3.4562935829162598,0.003858552547171712,0.0013894832227379084,0.018487418070435524,2,1.0015630234851742,0.0077291871421039104,0.0005345588433556259,0.6183573380300493,False,
739,OCNT-2535813,2,CYP2D6,4.772319316864014,0.0019433402922004461,0.0007270523929037154,0.008398366160690784,32,0.8903144869324315,0.05536617338657379,0.00047445567906834185,0.6828458955611882,False,
739,OCNT-2535813,3,CYP3A4,2.8960089683532715,0.003766409121453762,0.0019149698782712221,0.014198417775332928,2,1.0008581537552392,0.007539302576333284,0.0004627812886610627,0.541670767086788,False,
740,OCNT-2535814,0,CYP1A2,4.933387756347656,0.0011839199578389525,0.0006507914513349533,0.005231757182627916,32,0.8318119045567262,0.03151382505893707,0.0006157169118523598,0.48815984753948183,False,
740,OCNT-2535814,1,CYP2C9,4.76305627822876,0.0014662878820672631,0.0003790592309087515,0.00678966473788023,2,1.0043253956296159,0.0029452804010361433,0.0005496794474311173,0.6067823107384149,False,
740,OCNT-2535814,2,CYP2D6,4.2844557762146,0.001707798452116549,0.0003754927311092615,0.006239207927137613,32,0.7968332353806562,0.04354683309793472,0.0006451922818087041,0.6010272734317736,False,
740,OCNT-2535814,3,CYP3A4,4.3204169273376465,0.0013229255564510822,0.0011254552518948913,0.005070738028734922,32,0.8387961809363713,0.03550954535603523,0.00041888427222147584,0.525185963164565,False,
741,OCNT-2535815,0,CYP1A2,4.836456298828125,0.0014313627034425735,0.0007634551147930324,0.0062856292352080345,32,0.8219462340895547,0.037648364901542664,0.0004740845179185271,0.48574542320965486,False,
741,OCNT-2535815,1,CYP2C9,4.639553070068359,0.0019297897815704346,0.00045535372919403017,0.008641045540571213,2,1.0017539577069705,0.0038663691375404596,0.00037735249497927725,0.599407048500503,False,
741,OCNT-2535815,2,CYP2D6,4.142692565917969,0.0015582742635160685,0.0004025610978715122,0.006389842368662357,32,0.8290835858530122,0.04134233295917511,0.0009635298629291356,0.6276853145969179,False,
741,OCNT-2535815,3,CYP3A4,4.081175327301025,0.001775096752680838,0.0014865316916257143,0.007115451153367758,32,0.8293881023536251,0.047112077474594116,0.0002651377290021628,0.5275901901379925,False,
742,OCNT-2535816,0,CYP1A2,5.232748031616211,0.0014573513763025403,0.00023558278917334974,0.00650920532643795,32,0.9298443779385787,0.043363817036151886,0.0002642707258928567,0.5462942458589812,False,
742,OCNT-2535816,1,CYP2C9,5.062591552734375,0.0012994562275707722,0.00043278379598632455,0.00607684999704361,32,0.9004898700036623,0.03744499757885933,0.00028768813353963196,0.5214377443208584,False,
742,OCNT-2535816,2,CYP2D6,4.553234577178955,0.0008190046064555645,0.00011115479719592258,0.0032171905040740967,32,0.6874492833683958,0.018016992136836052,0.001147738890722394,0.5573199086503551,False,
742,OCNT-2535816,3,CYP3A4,4.827268123626709,0.0013510964345186949,0.0007443290669471025,0.005914031527936459,32,0.8699270344160431,0.03761164844036102,0.00019025802612304688,0.5081600566205186,False,
743,OCNT-2535817,0,CYP1A2,4.942172050476074,0.0015898059355095029,0.00032217553234659135,0.006872579921036959,32,0.9467897757426275,0.04816708713769913,0.00032518396619707346,0.5334819364315074,False,
743,OCNT-2535817,1,CYP2C9,4.7213850021362305,0.0019500722410157323,0.0012797836679965258,0.008542882278561592,32,0.9119217389989411,0.0569063164293766,0.00015008088666945696,0.5074773956485181,False,
743,OCNT-2535817,2,CYP2D6,4.484859466552734,0.0011849713046103716,0.0003673166502267122,0.004758184775710106,32,0.7332391785883909,0.027803990989923477,0.0006041689193807542,0.5274462288672055,False,
743,OCNT-2535817,3,CYP3A4,4.228168487548828,0.0034155051689594984,0.00119510677177459,0.01390724815428257,18,0.9801094720210688,0.06025641784071922,0.00031103056971915066,0.5261043223509181,False,
744,OCNT-2535819,0,CYP1A2,4.274877548217773,0.005227537825703621,0.003989276941865683,0.018382327631115913,32,0.8543299686660656,0.14291362464427948,0.000616483623161912,0.5440791478822553,False,
744,OCNT-2535819,1,CYP2C9,4.408578395843506,0.0023932810872793198,0.002453380264341831,0.00914551131427288,32,0.8923298536447106,0.06833936274051666,0.0005678200395777822,0.5403782151182118,False,
744,OCNT-2535819,2,CYP2D6,4.682284832000732,0.0010655359365046024,0.00031330707133747637,0.004362632520496845,32,0.8672228891047957,0.02957010641694069,0.0010549814905971289,0.6173351850153419,False,
744,OCNT-2535819,3,CYP3A4,4.039797306060791,0.0017023882828652859,0.0014578575501218438,0.005823642481118441,32,0.8128220473918234,0.04427989944815636,0.0002581558364909142,0.48361670667173906,False,
745,OCNT-2535820,0,CYP1A2,4.207303524017334,0.005301229655742645,0.00402745371684432,0.018450286239385605,32,0.8522714869182325,0.14457905292510986,0.0006201998912729323,0.5462239412579182,False,
745,OCNT-2535820,1,CYP2C9,4.319241046905518,0.0024395063519477844,0.0023789273109287024,0.009409066289663315,32,0.9062362637864441,0.07074490189552307,0.000562455621547997,0.5453290398696712,False,
745,OCNT-2535820,2,CYP2D6,4.700944423675537,0.0010153485927730799,0.0002899768005590886,0.004200262948870659,32,0.8528153025361712,0.027709227055311203,0.0011462876573204994,0.6202025292730446,False,
745,OCNT-2535820,3,CYP3A4,3.8765039443969727,0.0020935554057359695,0.0015375581569969654,0.00851746927946806,32,0.8820144970374857,0.05908976122736931,0.000284082954749465,0.5340131655190825,False,
746,OCNT-2535821,0,CYP1A2,4.21180534362793,0.005290831904858351,0.004008327145129442,0.018386028707027435,32,0.8510762189916247,0.1440931111574173,0.0006227619596756995,0.5458505160827056,False,
746,OCNT-2535821,1,CYP2C9,4.344013690948486,0.002316255122423172,0.0023802330251783133,0.008827704936265945,32,0.8905427242890436,0.06600745767354965,0.0006080703460611403,0.5336404987239572,False,
746,OCNT-2535821,2,CYP2D6,4.700473308563232,0.0010146397398784757,0.000289272255031392,0.0041968487203121185,32,0.8526960695781315,0.02768601104617119,0.0011518136598169804,0.6210250970181626,False,
746,OCNT-2535821,3,CYP3A4,3.9309229850769043,0.0017435400513932109,0.0016238429816439748,0.006616048514842987,32,0.8163397604742857,0.04554653540253639,0.00026003338280133903,0.5083545873787101,False,
747,OCNT-2535823,0,CYP1A2,4.13889217376709,0.005044328980147839,0.003845479339361191,0.01766008511185646,32,0.8498806242844585,0.13718675076961517,0.0006240633665584028,0.5440099871122845,False,
747,OCNT-2535823,1,CYP2C9,4.115043640136719,0.0027358192019164562,0.002788826357573271,0.011862756684422493,32,0.9168107024137662,0.08026359975337982,0.00037760805571451783,0.5765009607448282,False,
747,OCNT-2535823,2,CYP2D6,4.683015823364258,0.001111820456571877,0.0002914622600656003,0.004714257083833218,32,0.8404764902671468,0.029902955517172813,0.0010351060191169381,0.6183074758504814,False,
747,OCNT-2535823,3,CYP3A4,3.650859832763672,0.002505755750462413,0.0017025046981871128,0.010141357779502869,32,0.84437765896312,0.06770600378513336,0.00017632679373491555,0.5180942087265485,False,
748,OCNT-2535824,0,CYP1A2,4.189719200134277,0.005316819064319134,0.004043541848659515,0.018923692405223846,32,0.8545876640375212,0.14539828896522522,0.000550919387023896,0.5492794927496218,False,
748,OCNT-2535824,1,CYP2C9,4.31593132019043,0.002352094976231456,0.002334761666134,0.009105013683438301,32,0.8848241627558653,0.06659837812185287,0.0006284497212618589,0.5385303670109918,False,
748,OCNT-2535824,2,CYP2D6,4.612138271331787,0.0010717690456658602,0.0002991080691572279,0.004195246379822493,32,0.8654130453647759,0.02968101017177105,0.0012028731871396303,0.6435134941596425,False,
748,OCNT-2535824,3,CYP3A4,3.8763620853424072,0.001716870116069913,0.0014804474776610732,0.006425128318369389,32,0.8040698492511545,0.044175729155540466,0.0002623182372190058,0.5060961275669269,False,
749,OCNT-2535825,0,CYP1A2,4.205342769622803,0.005408241879194975,0.004072173032909632,0.019058864563703537,32,0.8514679870774621,0.1473585069179535,0.0005544297746382654,0.5513748395826045,False,
749,OCNT-2535825,1,CYP2C9,4.343654155731201,0.00227440451271832,0.002241259440779686,0.008794615045189857,32,0.8809404033864566,0.06411595642566681,0.0006485725753009319,0.5379812466294748,False,
749,OCNT-2535825,2,CYP2D6,4.655805587768555,0.0010042039211839437,0.0002863744448404759,0.003931276500225067,32,0.8593808425955212,0.027616070583462715,0.0012678088387474418,0.6425173652764342,False,
749,OCNT-2535825,3,CYP3A4,3.920459032058716,0.0016571175074204803,0.001421210472472012,0.006193364504724741,32,0.8019079179099307,0.04252363741397858,0.00027010656776838005,0.5052774687387717,False,
