test_index,molecule_id,cyp_index,cyp_target,predicted_pic50,late_motion,final_step,late_amplitude,best_recurrence_lag,recurrence_ratio,recurrence_distance,curvature,spectral_concentration,selected_for_visualisation,selection_reason
0,OCNT-0010024,0,CYP1A2,4.733729839324951,0.0001945165713550523,2.011775904975366e-05,0.001494822558015585,32,0.9352133848152135,0.005821563303470612,0.0001425991504220292,0.6416831981116423,False,
0,OCNT-0010024,1,CYP2C9,4.365898609161377,2.317055987077765e-05,8.940696716308594e-08,0.00012674983008764684,32,0.4474539549203262,0.00033191146212629974,0.3943517208099365,0.31283828293912097,False,
0,OCNT-0010024,2,CYP2D6,4.065085411071777,0.00022062253265175968,0.00011636676936177537,0.002127069979906082,2,1.002158708624979,0.00044221762800589204,0.0002697196032386273,0.7083038374364479,False,
0,OCNT-0010024,3,CYP3A4,3.6630373001098633,0.00023822268121875823,9.215839963871986e-05,0.0018988384399563074,32,0.9284393696360728,0.007077907212078571,4.461542994249612e-05,0.6025642227244878,False,
1,OCNT-0491471,0,CYP1A2,4.7579426765441895,9.565910295350477e-05,4.0633181924931705e-05,0.0004987537977285683,32,0.8487447253666713,0.0025983566883951426,3.406044243092765e-06,0.5506685406877253,False,
1,OCNT-0491471,1,CYP2C9,4.5939106941223145,1.2747676009894349e-05,6.557311280630529e-07,7.32324697310105e-05,32,0.7873135531949892,0.0003214173193555325,0.09150683879852295,0.36335768861614925,False,
1,OCNT-0491471,2,CYP2D6,4.757962226867676,0.00035559519892558455,2.839990884240251e-06,0.0024098472204059362,32,0.7685801671467516,0.008745955303311348,0.00013397904695011675,0.5023676161606108,False,
1,OCNT-0491471,3,CYP3A4,4.079599857330322,3.7344176234910265e-05,5.960464477539063e-08,0.00021388455934356898,32,0.478487010187773,0.0005719516193494201,0.432212233543396,0.36485372172126496,False,
2,OCNT-0493952,0,CYP1A2,5.095365047454834,0.0003272080502938479,1.1142522453155834e-05,0.001389485434629023,32,0.6743589458260071,0.00706119742244482,0.0022228017915040255,0.6523498792556085,False,
2,OCNT-0493952,1,CYP2C9,4.923676490783691,7.1265449150814675e-06,0.0,4.710926441475749e-05,32,0.44135646446143684,0.00010079232743009925,0.5463372468948364,0.32444160566530955,False,
2,OCNT-0493952,2,CYP2D6,4.783133029937744,4.351506140665151e-05,6.522965122712776e-06,0.0003066809440497309,32,0.8994641458137532,0.0012527754297479987,0.00012746678839903325,0.6827883371258828,False,
2,OCNT-0493952,3,CYP3A4,4.543191432952881,1.2167062777734827e-05,0.0,8.446692663710564e-05,32,0.5695144004288161,0.0002219204034190625,0.4323394298553467,0.3853341523598981,False,
3,OCNT-0495173,0,CYP1A2,4.488910675048828,0.00044788402738049626,0.0,0.0019588021095842123,32,0.4195853951105127,0.006013753358274698,0.49262791872024536,0.3767825339446409,False,
3,OCNT-0495173,1,CYP2C9,4.328587055206299,0.00012561044422909617,2.589226824056823e-06,0.0007596564246341586,32,0.9057322926846374,0.0036409117747098207,4.6567482058890164e-05,0.6022811369084238,False,
3,OCNT-0495173,2,CYP2D6,4.43661642074585,0.0002190804952988401,6.391439092112705e-05,0.0021397843956947327,32,0.8540884907522212,0.0059879254549741745,0.0002144846075680107,0.546756804334131,False,
3,OCNT-0495173,3,CYP3A4,3.823951244354248,2.2206206267583184e-05,1.3978528556890524e-07,0.00016134220641106367,32,0.5867082501358591,0.0004171018081251532,0.3336445391178131,0.42093332703392194,False,
4,OCNT-0495806,0,CYP1A2,5.027181148529053,0.0003431534278206527,2.9802322387695312e-08,0.0019072622526437044,32,0.8031756004001359,0.008819855749607086,0.22018857300281525,0.5951350811161826,False,
4,OCNT-0495806,1,CYP2C9,4.9054083824157715,0.00022917812748346478,1.7681803001323715e-05,0.0015290831215679646,32,0.7517628827682891,0.005513444077223539,0.00014745195221621543,0.5034598515262881,False,
4,OCNT-0495806,2,CYP2D6,4.59521484375,0.00010810310777742416,5.460956890601665e-05,0.0008502093842253089,32,0.9831120402733469,0.0034011935349553823,0.00019867808441631496,0.5341061139940149,False,
4,OCNT-0495806,3,CYP3A4,4.66465425491333,1.6801284800749272e-05,0.0,0.00010188472515437752,32,0.40126953016807254,0.00021586740331258625,0.5911924242973328,0.3031353577549146,False,
5,OCNT-0496981,0,CYP1A2,4.9337639808654785,0.0007698526023887098,3.228066270821728e-05,0.004389866255223751,32,0.8611106516685331,0.02121398039162159,6.612051492993487e-06,0.6718264861747503,False,
5,OCNT-0496981,1,CYP2C9,4.684258937835693,0.00011054368951590732,4.492674270295538e-05,0.0007134821498766541,15,0.9801265913993785,0.0016253491630777717,0.0002564548631198704,0.484053488748852,False,
5,OCNT-0496981,2,CYP2D6,4.514142990112305,0.00018314854241907597,0.0001612513733562082,0.0014197116252034903,32,0.9362329146236383,0.005487329792231321,0.0002308691036887467,0.7363229689712576,False,
5,OCNT-0496981,3,CYP3A4,4.292953968048096,2.5759773052413948e-05,6.664001972467304e-08,0.00016921735368669033,32,0.581830554468291,0.00047979652299545705,0.36389678716659546,0.39556024965075326,False,
6,OCNT-0497785,0,CYP1A2,4.208422660827637,0.002612276701256633,4.454782174434513e-05,0.016813306137919426,2,1.0029418871860671,0.005239943508058786,2.569321395640145e-06,0.7501743669466376,True,persistent
6,OCNT-0497785,1,CYP2C9,3.9120047092437744,0.00018851671484299004,1.7014281183946878e-05,0.001171238487586379,32,0.9637832005684162,0.005814364179968834,1.7210390069521964e-05,0.615512734780965,False,
6,OCNT-0497785,2,CYP2D6,4.243542194366455,0.00029545617871917784,0.00015496644482482225,0.0028958111070096493,32,0.9740253205859227,0.009209329262375832,2.526288699300494e-05,0.6197317168731074,False,
6,OCNT-0497785,3,CYP3A4,3.244149923324585,0.00010704956366680562,2.1088702851557173e-05,0.0009055281989276409,32,0.8183433910795576,0.0028035675641149282,7.574440678581595e-05,0.5168629820338185,False,
7,OCNT-1498525,0,CYP1A2,4.38606595993042,0.0007215276127681136,0.00010821030446095392,0.004907065071165562,21,0.9502249592246808,0.01439808402210474,1.0979446415149141e-05,0.7120554266653045,False,
7,OCNT-1498525,1,CYP2C9,4.133733749389648,3.6212448321748525e-05,9.884312390795458e-08,0.0002441833494231105,32,0.6436400932593138,0.0007460550405085087,0.28837549686431885,0.46700007274890687,False,
7,OCNT-1498525,2,CYP2D6,4.21435022354126,0.0001341878523817286,5.3020401537651196e-05,0.0010290846694260836,32,0.7785819970576511,0.003343489021062851,0.00020766258239746094,0.5339693957407117,False,
7,OCNT-1498525,3,CYP3A4,3.487888813018799,0.00027831713669002056,5.022222831030376e-05,0.002037512604147196,32,0.907882067423969,0.008086022920906544,6.945656787138432e-05,0.5511317619404332,False,
8,OCNT-2148029,0,CYP1A2,3.983832359313965,0.00100697111338377,9.924571349984035e-05,0.006245805416256189,32,0.9214788899054128,0.029693178832530975,1.3474262232193723e-05,0.6621774935858389,False,
8,OCNT-2148029,1,CYP2C9,3.6568431854248047,0.0002843762922566384,3.136620216537267e-05,0.0021893801167607307,32,0.9582002595305628,0.008719968609511852,1.0343212125007994e-05,0.5867245932066391,False,
8,OCNT-2148029,2,CYP2D6,3.55747127532959,0.00023239344591274858,0.00010728130291681737,0.0020576519891619682,32,0.8639700249843941,0.006425267551094294,0.00020152736396994442,0.5743355690940602,False,
8,OCNT-2148029,3,CYP3A4,2.8132219314575195,0.0003399902780074626,6.104753992985934e-05,0.002450813539326191,32,0.9252031657495026,0.010066218674182892,5.4655654821544886e-05,0.5613177609601696,False,
9,OCNT-2308485,0,CYP1A2,5.034209728240967,0.0004005912342108786,1.1506899681990035e-05,0.0019675390794873238,32,0.6754815500712843,0.008659159764647484,0.0030271108262240887,0.4531341209318689,False,
9,OCNT-2308485,1,CYP2C9,4.83113431930542,0.00023057272483129054,4.8322719521820545e-05,0.0018377011874690652,32,0.9508072320494915,0.007015671115368605,0.00033531044027768075,0.6126136656134511,False,
9,OCNT-2308485,2,CYP2D6,4.576764106750488,5.448846786748618e-05,6.304248017841019e-06,0.0004030512645840645,32,0.7210250816846968,0.0012574323918670416,0.00016021232295315713,0.47274315811854495,False,
9,OCNT-2308485,3,CYP3A4,4.33131217956543,8.37022889754735e-06,1.0745380052412656e-07,5.529568443307653e-05,32,0.573642090753826,0.00015383206482511014,0.4777505397796631,0.37339405267218,False,
10,OCNT-2311186,0,CYP1A2,4.942093372344971,0.000135661059175618,9.380017218063585e-06,0.0010994748445227742,32,0.9187202245337875,0.003988599870353937,0.00022527665714733303,0.5549431135802888,False,
10,OCNT-2311186,1,CYP2C9,4.682991981506348,0.0001687084004515782,4.988222281099297e-05,0.0008446195861324668,32,0.6323856826175679,0.0034142432268708944,0.0009098427835851908,0.5746081215061055,False,
10,OCNT-2311186,2,CYP2D6,4.126393795013428,0.00018570882093627006,0.00017338259203825146,0.0014979098923504353,32,0.9498967142010676,0.0056452383287250996,0.00021922543237451464,0.7479245731745512,False,
10,OCNT-2311186,3,CYP3A4,4.112149238586426,8.218647417379543e-05,1.2527528269856703e-05,0.0005634164554066956,32,0.8711184627798976,0.002291291719302535,7.099183858372271e-05,0.5624398607679773,False,
11,OCNT-2312792,0,CYP1A2,4.5878190994262695,0.0009327713632956147,0.00024689509882591665,0.005721207708120346,2,1.00259919130618,0.0018704116810113192,8.254792192019522e-06,0.5907746281215385,False,
11,OCNT-2312792,1,CYP2C9,4.392827987670898,0.00014322262722998857,5.960464477539063e-08,0.0007649406907148659,32,0.5739821123539076,0.0026308149099349976,0.36407697200775146,0.3999711645084775,False,
11,OCNT-2312792,2,CYP2D6,4.146538257598877,0.00013824153575114906,9.48671149672009e-05,0.0013886691303923726,32,0.9015787599760441,0.00398862874135375,0.00018381576228421181,0.6098249539042815,False,
11,OCNT-2312792,3,CYP3A4,3.8990938663482666,7.473995356122032e-05,2.0003786630695686e-05,0.0005363633972592652,32,0.7653943257083197,0.0018308220896869898,0.00014267365622799844,0.49656414470434146,False,
12,OCNT-2314689,0,CYP1A2,4.7198166847229,0.00015084288315847516,1.3502466572390404e-05,0.0009849927155300975,26,0.8143344409050255,0.0031939621549099684,0.0001531726447865367,0.652617092230508,False,
12,OCNT-2314689,1,CYP2C9,4.4738264083862305,0.00011609005741775036,8.500511285092216e-06,0.0009009573259390891,32,0.9646354549063808,0.0035838154144585133,0.00011963555152760819,0.6950979336391969,False,
12,OCNT-2314689,2,CYP2D6,4.510958194732666,4.888446710538119e-05,1.3627843600261258e-06,0.00034621069789864123,32,0.7814256056406507,0.00122263643424958,0.00035506486892700195,0.5165514400391598,False,
12,OCNT-2314689,3,CYP3A4,3.9644951820373535,7.262654980877414e-05,1.1539121260284446e-05,0.00047403728240169585,32,0.8889881554428631,0.002066337037831545,5.9774880355689675e-05,0.5346748666495966,False,
13,OCNT-2461740,0,CYP1A2,5.037107944488525,0.0003831602225545794,0.0004400475590955466,0.002194467233493924,2,1.0029256030072105,0.000768582453019917,0.0029703043401241302,0.8182032155870429,False,
13,OCNT-2461740,1,CYP2C9,4.74685525894165,1.0851505066966638e-05,5.960464477539063e-08,6.86080165905878e-05,32,0.4234718482784204,0.0001471853320254013,0.4554976224899292,0.3115174363361769,False,
13,OCNT-2461740,2,CYP2D6,4.680717945098877,5.5744916608091444e-05,8.01975966169266e-06,0.00038355967262759805,32,0.8648241863515785,0.0015429824125021696,0.00013866840163245797,0.6346696511249212,False,
13,OCNT-2461740,3,CYP3A4,4.319260120391846,1.4881482456985395e-05,6.664001972467304e-08,0.00010252623178530484,32,0.569348934641103,0.0002713103895075619,0.409547358751297,0.39149871688388893,False,
14,OCNT-2469049,0,CYP1A2,4.865769386291504,0.00020387892436701804,1.5364621503977105e-05,0.0009098211885429919,32,0.6652946063219928,0.004340678453445435,0.0019529236014932394,0.6115356449274971,False,
14,OCNT-2469049,1,CYP2C9,4.591012954711914,0.00018022052245214581,3.3503270969958976e-05,0.0010949451243504882,32,0.7308852838477116,0.004215290769934654,0.0002740486233960837,0.5599526139634681,False,
14,OCNT-2469049,2,CYP2D6,4.257591724395752,0.00022925680968910456,0.00040729690226726234,0.0019188150763511658,32,0.9156756478876371,0.006717889104038477,7.748964708298445e-05,0.6436479273204159,False,
14,OCNT-2469049,3,CYP3A4,4.13373327255249,7.782688771840185e-05,1.2617969332495704e-05,0.0005215020501054823,32,0.6350919395362457,0.0015818745596334338,0.00015939230797812343,0.45072482311598133,False,
15,OCNT-2534775,0,CYP1A2,5.1917595863342285,0.0001033696171361953,1.9251931462349603e-06,0.0006929863593541086,32,0.936232632989059,0.003097195876762271,0.00033260430791415274,0.6850575070676663,False,
15,OCNT-2534775,1,CYP2C9,4.970864295959473,0.00015259692736435682,3.243692117393948e-05,0.000922895735129714,32,0.7045336087054884,0.003440534695982933,0.00027765650884248316,0.4609137418783133,False,
15,OCNT-2534775,2,CYP2D6,4.50323486328125,0.00015394781075883657,0.0001539397781016305,0.0012651241850107908,32,0.9501686986586028,0.004681148566305637,0.00032377196475863457,0.7712690865799965,False,
15,OCNT-2534775,3,CYP3A4,4.486688137054443,2.0122632122365758e-05,6.664001972467304e-08,0.0001376309955958277,32,0.5941665385986499,0.0003827883629128337,0.386749804019928,0.4037058414746497,False,
16,OCNT-2534776,0,CYP1A2,4.114648342132568,0.0006069064838811755,1.826294646889437e-05,0.0034116560127586126,32,0.7731045865730556,0.015014717355370522,1.8497308701626025e-05,0.5693255096893235,False,
16,OCNT-2534776,1,CYP2C9,3.877152442932129,7.719756104052067e-05,3.955650026910007e-05,0.00046838162234053016,32,0.9104892871383662,0.0022494930308312178,0.0008279329049400985,0.7204728460381173,False,
16,OCNT-2534776,2,CYP2D6,4.141329288482666,0.00018063060997519642,0.00014027018914930522,0.0014386168913915753,32,0.9182953324104189,0.0053082057274878025,0.00022804737091064453,0.7015018419456533,False,
16,OCNT-2534776,3,CYP3A4,3.3243303298950195,7.658041431568563e-05,1.0048654075944796e-05,0.0005303343059495091,32,0.8213589276491345,0.002013063058257103,6.179240881465375e-05,0.5206248435795071,False,
17,OCNT-2534778,0,CYP1A2,4.887598514556885,0.0008068390307016671,7.854141585994512e-06,0.005919451359659433,2,1.0052297286258702,0.0016221372643485665,0.00031152457813732326,0.7843122939190765,False,
17,OCNT-2534778,1,CYP2C9,4.726865291595459,0.00011228898802073672,8.398440513701644e-06,0.0008839729707688093,32,0.9583020772112466,0.003443723311647773,8.984722808236256e-05,0.6933957145391807,False,
17,OCNT-2534778,2,CYP2D6,4.46819543838501,4.6354925871128216e-05,1.0273158750351286e-06,0.00033684237860143185,32,0.730722146913755,0.0010841561015695333,0.0008687395020388067,0.48213497682396633,False,
17,OCNT-2534778,3,CYP3A4,4.192643165588379,7.902608922449872e-05,9.75106559053529e-06,0.0005211407551541924,32,0.7627309283086439,0.0019290646305307746,0.00013798430154565722,0.4499581131023286,False,
18,OCNT-2534781,0,CYP1A2,4.988064289093018,0.0007132170721888542,0.00035818631295114756,0.0034922959748655558,32,0.9203506874538774,0.021005408838391304,1.6549320207559504e-05,0.5612388988699992,False,
18,OCNT-2534781,1,CYP2C9,4.676774501800537,8.894902566680685e-05,1.2266878002265003e-05,0.0004713498638011515,32,0.8961230850144745,0.0025509835686534643,5.498167229234241e-05,0.4005442537623678,False,
18,OCNT-2534781,2,CYP2D6,4.4316325187683105,4.062937296112068e-05,8.266479198937304e-06,0.0002927703899331391,32,0.8795116864091834,0.0011437697103247046,0.00014629328506998718,0.6193317219727031,False,
18,OCNT-2534781,3,CYP3A4,4.216607093811035,1.1524210094648879e-05,5.960464477539063e-08,8.092909411061555e-05,32,0.5576624389277037,0.0002058302634395659,0.43982943892478943,0.3335399859090056,False,
19,OCNT-2534782,0,CYP1A2,4.780242919921875,0.00014880056551191956,5.951076673227362e-05,0.0007336091948673129,32,0.80837048722728,0.003849410219117999,2.5295848899986595e-06,0.542110349049314,False,
19,OCNT-2534782,1,CYP2C9,4.562551975250244,2.383019273111131e-05,1.7593470147403423e-06,0.00013197169755585492,32,0.827914192757375,0.0006316042854450643,0.00028193043544888496,0.3932550076121754,False,
19,OCNT-2534782,2,CYP2D6,4.608964443206787,5.5813365179346874e-05,1.89121510629775e-06,0.00035623530857264996,32,0.8323526100625646,0.0014868711587041616,0.00020799809135496616,0.5546067945851676,False,
19,OCNT-2534782,3,CYP3A4,4.093329906463623,1.6412672266596928e-05,5.960464477539063e-08,0.00011474087659735233,32,0.5613976523194205,0.0002950287889689207,0.40195032954216003,0.36926712026212205,False,
20,OCNT-2534783,0,CYP1A2,4.854281902313232,0.0009310060413554311,2.285082246089587e-06,0.005280287005007267,32,0.8904118179925445,0.026527605950832367,0.0005993915256112814,0.6727584558921369,False,
20,OCNT-2534783,1,CYP2C9,4.535702228546143,9.560836588207167e-06,1.2287812012345967e-07,5.654941196553409e-05,32,0.3827488405663825,0.00011722325143637136,0.6372087001800537,0.3461948602524649,False,
20,OCNT-2534783,2,CYP2D6,4.396123886108398,5.229656380834058e-05,7.962213203427382e-06,0.00038697937270626426,32,0.9037515234065743,0.0015127083752304316,0.00012746047286782414,0.6701486792352562,False,
20,OCNT-2534783,3,CYP3A4,4.071165084838867,1.5356552466982976e-05,7.300048565639372e-08,0.00010749557986855507,32,0.5607657719122674,0.0002757451729848981,0.40182849764823914,0.38528762869456545,False,
21,OCNT-2534784,0,CYP1A2,4.985107898712158,0.0007116250926628709,0.0003630304418038577,0.0034814043901860714,32,0.9192519936165252,0.020933503285050392,1.619214344827924e-05,0.5608915479439696,False,
21,OCNT-2534784,1,CYP2C9,4.6675333976745605,3.116402149316855e-05,9.48247907217592e-06,0.00017793173901736736,32,0.8566065887409424,0.0008545239106751978,0.00026661157608032227,0.3387819876361476,False,
21,OCNT-2534784,2,CYP2D6,4.422421932220459,9.579157631378621e-05,0.0001132002507802099,0.0006932546384632587,32,0.8713955862974524,0.0026713942643254995,0.0001094269027817063,0.6279897068254785,False,
21,OCNT-2534784,3,CYP3A4,4.163190841674805,1.3192282494856045e-05,8.503133130943752e-08,0.00010331225348636508,32,0.5806964968723208,0.0002453286142554134,0.394320011138916,0.35672199117855097,False,
22,OCNT-2534785,0,CYP1A2,4.996702671051025,0.0007146406569518149,0.00033318091300316155,0.0035203166771680117,32,0.9250838568456086,0.021155577152967453,1.5230340977723245e-05,0.5626909505134375,False,
22,OCNT-2534785,1,CYP2C9,4.691624641418457,1.6193991541513242e-05,2.3888378564151935e-07,9.774202044354752e-05,32,0.5828131415785395,0.00030220477492548525,0.25083252787590027,0.28153890331988063,False,
22,OCNT-2534785,2,CYP2D6,4.502313137054443,7.371856190729886e-05,5.815386884933105e-06,0.0005159785505384207,32,0.7938653380501719,0.0018729775911197066,0.00011998189438600093,0.5595924071839872,False,
22,OCNT-2534785,3,CYP3A4,4.216676712036133,1.165334560937481e-05,2.9802322387695312e-08,8.578329288866371e-05,32,0.5570260720249071,0.0002078972029266879,0.43987998366355896,0.3487183773317645,False,
23,OCNT-2534787,0,CYP1A2,4.9237165451049805,0.0008895804057829082,7.055865717120469e-05,0.004920633044093847,2,1.0015158104017676,0.0017818777123466134,7.419875146297272e-06,0.5826578254112174,False,
23,OCNT-2534787,1,CYP2C9,4.608911991119385,1.109848562919069e-05,1.1920928955078125e-07,6.436450348701328e-05,32,0.39969251068799105,0.00014207931235432625,0.606765866279602,0.34059646300387286,False,
23,OCNT-2534787,2,CYP2D6,4.490236282348633,4.72184328828007e-05,6.983495495660463e-06,0.00034466921351850033,32,0.8999467340663095,0.0013600983656942844,0.0001377833541482687,0.6711504112269395,False,
23,OCNT-2534787,3,CYP3A4,4.093082427978516,0.0001710568758426234,5.960464477539063e-08,0.0006979681202210486,32,0.369472746754513,0.002022545551881194,0.4174981415271759,0.40307644006301846,False,
24,OCNT-2534798,0,CYP1A2,5.149749755859375,0.0003296740469522774,1.9994737158413045e-05,0.0020197650883346796,26,0.9385565616024906,0.008045105263590813,6.916848178661894e-06,0.7151444463121073,False,
24,OCNT-2534798,1,CYP2C9,5.0012617111206055,8.334635640494525e-05,3.324993667774834e-05,0.0005334113375283778,13,0.9870118058987887,0.0010695582022890449,0.00021052901865914464,0.4947142439525177,False,
24,OCNT-2534798,2,CYP2D6,4.8440260887146,0.00013533530000131577,0.00012188545952085406,0.0010327303316444159,32,0.950221346775523,0.004115455783903599,0.0003028710780199617,0.7775337030005729,False,
24,OCNT-2534798,3,CYP3A4,4.616844654083252,8.730777335586026e-05,0.0,0.0004205528530292213,32,0.4735224304740895,0.0013231015764176846,0.38695403933525085,0.3855132992681177,False,
25,OCNT-2534799,0,CYP1A2,5.095193386077881,0.00034958196920342743,2.0923565898556262e-05,0.0021268012933433056,27,0.9360399584585462,0.008835265412926674,5.143609996594023e-06,0.7170037668787084,False,
25,OCNT-2534799,1,CYP2C9,4.8978047370910645,7.561531674582511e-05,3.348462996655144e-05,0.0005035752546973526,12,0.9794910681713321,0.0008888918673619628,0.0003179519553668797,0.487880945948434,False,
25,OCNT-2534799,2,CYP2D6,4.671926021575928,0.00013330447836779058,0.000121798635518644,0.0010447663953527808,32,0.9443860447401983,0.004028810653835535,0.0003263851103838533,0.7664974306859677,False,
25,OCNT-2534799,3,CYP3A4,4.4878153800964355,3.6668465327238664e-05,7.884953134862371e-08,0.000233831990044564,32,0.5113563258620961,0.0006001844885759056,0.3868579566478729,0.38839222196361245,False,
26,OCNT-2534800,0,CYP1A2,5.107894420623779,0.0003308088344056159,0.00037961636553518474,0.0018678170163184404,32,0.9993278174404964,0.01057908684015274,0.0013654200593009591,0.819823946226691,False,
26,OCNT-2534800,1,CYP2C9,4.880816459655762,8.94130516826408e-06,5.960464477539063e-08,5.772137228632346e-05,32,0.4161049655454635,0.00011918984091607854,0.5316320061683655,0.30198648920518745,False,
26,OCNT-2534800,2,CYP2D6,4.671201229095459,4.992622780264355e-05,6.530313839903101e-06,0.00039839354576542974,32,0.8561400147094644,0.0013680768897756934,0.00017306930385529995,0.58081670602661,False,
26,OCNT-2534800,3,CYP3A4,4.442580699920654,1.2873503692389932e-05,8.940696716308594e-08,8.969238842837512e-05,32,0.5688727657859779,0.00023453038011211902,0.4247680902481079,0.3895954785862097,False,
27,OCNT-2534803,0,CYP1A2,4.720160484313965,0.0005393386818468571,5.459221938508563e-05,0.0027109289076179266,32,0.6886970602702303,0.011886331252753735,3.706776624312624e-05,0.5381128494638727,False,
27,OCNT-2534803,1,CYP2C9,4.524899005889893,6.241301161935553e-05,1.6533404050278477e-05,0.00037928236997686327,2,1.0003194425431436,0.0001248859043698758,9.480705921305344e-05,0.5790784983892818,False,
27,OCNT-2534803,2,CYP2D6,4.645926475524902,0.00013280674465931952,5.0856859161285684e-05,0.0011933138594031334,32,0.9217770798828929,0.003917677793651819,0.00013657953240908682,0.6001273068667055,False,
27,OCNT-2534803,3,CYP3A4,4.147035121917725,1.1039162018278148e-05,5.960464477539063e-08,7.41709372960031e-05,32,0.5628566073712601,0.00019901100313290954,0.45482876896858215,0.3735306841898046,False,
28,OCNT-2534805,0,CYP1A2,5.021052837371826,0.0004842291527893394,9.646427315601613e-06,0.0023005055263638496,32,0.7397302228106569,0.011462602764368057,0.0017898353980854154,0.6361147609143094,False,
28,OCNT-2534805,1,CYP2C9,4.812041282653809,0.00014762429054826498,3.461882079136558e-05,0.0008090648916549981,32,0.9575491092916044,0.00452374666929245,1.698461528576445e-05,0.5464244179682625,False,
28,OCNT-2534805,2,CYP2D6,4.542277812957764,0.00011904795246664435,5.140524808666669e-05,0.001074210973456502,32,0.9596620236981961,0.0036561726592481136,0.00013933262380305678,0.6353480330652685,False,
28,OCNT-2534805,3,CYP3A4,4.367542266845703,1.0644561371009331e-05,8.429369557916289e-08,7.15345231583342e-05,32,0.5688575963608566,0.00019394970149733126,0.4474950134754181,0.38045547879792313,False,
29,OCNT-2534806,0,CYP1A2,5.083032131195068,0.0003158459148835391,1.0480888704478275e-05,0.0013442682102322578,32,0.6767656896259264,0.00684033427387476,0.002206595614552498,0.6547959653361026,False,
29,OCNT-2534806,1,CYP2C9,4.895653247833252,9.527608926873654e-05,1.9664294086396694e-05,0.0004952453309670091,32,0.9082853146369153,0.002769502578303218,2.7432586648501456e-05,0.4031710489966139,False,
29,OCNT-2534806,2,CYP2D6,4.615673542022705,4.277535845176317e-05,6.37673929304583e-06,0.00029573464416898787,32,0.8767782831628185,0.0012004247400909662,0.00011920251563424245,0.6274618386953049,False,
29,OCNT-2534806,3,CYP3A4,4.462543964385986,1.1612057278398424e-05,0.0,7.878462929511443e-05,32,0.5697480819867619,0.0002118926349794492,0.43227776885032654,0.4105684346532432,False,
30,OCNT-2534808,0,CYP1A2,4.7340617179870605,0.0008843597606755793,1.6038275134633295e-05,0.006100604776293039,2,1.0041817751106608,0.0017761359922587872,4.237032408127561e-05,0.7435521461591474,False,
30,OCNT-2534808,1,CYP2C9,4.431730270385742,7.589197775814682e-05,4.534153777058236e-05,0.0004687642795033753,32,0.9731763436219816,0.0023637122940272093,0.00011634374823188409,0.49840305198318785,False,
30,OCNT-2534808,2,CYP2D6,4.391600131988525,0.00017000801744870842,4.92595172545407e-05,0.001435023033991456,32,0.9811801883912264,0.005338185932487249,0.000147265920531936,0.7293991118941688,False,
30,OCNT-2534808,3,CYP3A4,3.8729114532470703,6.3362589571625e-05,2.9116808946128003e-06,0.0005559725686907768,32,0.6468310000820757,0.0013117233756929636,0.00018818947137333453,0.44375926629548335,False,
31,OCNT-2534809,0,CYP1A2,4.96457576751709,0.0007185323047451675,5.372690026206328e-08,0.004332008305937052,32,0.9196117469933968,0.021144958212971687,0.20484797656536102,0.6470225223934158,False,
31,OCNT-2534809,1,CYP2C9,4.811966896057129,8.116193203022704e-05,2.177467104047537e-05,0.0004525305994320661,32,0.9633602010667405,0.00250232988037169,5.075877197668888e-06,0.6362912257234546,False,
31,OCNT-2534809,2,CYP2D6,4.55812406539917,0.00013072088768240064,0.00013107486302033067,0.0012079653097316623,32,0.9647442431217883,0.004035899881273508,0.00017762725474312901,0.6180133725058918,False,
31,OCNT-2534809,3,CYP3A4,4.372241973876953,1.0526435289648362e-05,5.960464477539063e-08,7.139013905543834e-05,32,0.591746489271284,0.00019951675494667143,0.43218299746513367,0.3957141668541543,False,
32,OCNT-2534810,0,CYP1A2,4.999141693115234,0.0006070546805858612,5.960464477539063e-08,0.0037397537380456924,32,0.9424523917561571,0.01830814592540264,0.23530438542366028,0.6522974485843247,False,
32,OCNT-2534810,1,CYP2C9,4.862978935241699,3.2643816666677594e-05,8.586289368395228e-06,0.00015231934958137572,32,0.8498447647869535,0.0008880216046236455,2.3039452571538277e-05,0.3951854895503865,False,
32,OCNT-2534810,2,CYP2D6,4.601312637329102,9.926166239893064e-05,0.00013612759357783943,0.0006241687806323171,32,0.8919094310922417,0.002833322621881962,0.0001734436518745497,0.537598905358849,False,
32,OCNT-2534810,3,CYP3A4,4.42129373550415,1.1820090549008455e-05,1.2644053981603065e-07,8.259229070972651e-05,32,0.591006890678884,0.00022373328101821244,0.41761407256126404,0.40688105050265155,False,
33,OCNT-2534811,0,CYP1A2,5.035816669464111,0.0002760003262665123,0.0002473443455528468,0.0012037965934723616,32,0.9344501238843417,0.008253372274339199,0.0014185552718117833,0.8184579955828819,False,
33,OCNT-2534811,1,CYP2C9,4.743849754333496,0.00022322070435620844,4.8369693104177713e-05,0.0019423388876020908,32,0.9433014117181483,0.006738362833857536,0.0004795301938429475,0.5014909511471404,False,
33,OCNT-2534811,2,CYP2D6,4.42500638961792,0.0001254549715667963,8.256734872702509e-05,0.001077786204405129,32,0.9627635240968816,0.0038653791416436434,0.000152336826431565,0.6864619967910498,False,
33,OCNT-2534811,3,CYP3A4,4.138980388641357,4.907264519715682e-05,1.908803369587986e-06,0.00043009177898056805,32,0.6215947865362967,0.0009763045236468315,0.00017462084360886365,0.389454390611117,False,
34,OCNT-2534813,0,CYP1A2,4.248990535736084,0.0008300397894345224,3.8743019104003906e-07,0.004799760412424803,32,0.8137316651652204,0.021614009514451027,0.18228918313980103,0.559635888865776,False,
34,OCNT-2534813,1,CYP2C9,4.053476810455322,3.4807108022505417e-06,0.0,2.4201635824283585e-05,32,0.5513520666443161,6.158753967611119e-05,0.5616049766540527,0.302027698617228,False,
34,OCNT-2534813,2,CYP2D6,4.545797824859619,6.83370089973323e-05,1.6205997326323995e-06,0.0004554656916297972,32,0.7914882887813904,0.001731067430227995,0.0003938851004932076,0.5290627336509353,False,
34,OCNT-2534813,3,CYP3A4,3.6160974502563477,2.2942998839425854e-05,8.429369557916289e-08,0.00016027723904699087,32,0.5911540325138899,0.0004342002503108233,0.33375245332717896,0.39997212728306963,False,
35,OCNT-2534822,0,CYP1A2,4.686093807220459,0.00026321609038859606,2.0125622540945187e-05,0.0011704184580594301,32,0.6648291831691149,0.005600012373179197,0.0019780579023063183,0.6117098309617935,False,
35,OCNT-2534822,1,CYP2C9,4.341401100158691,0.00023547316959593445,4.37316921306774e-05,0.0014327627141028643,32,0.730352945181463,0.005503546446561813,0.000279419356957078,0.5607301730079675,False,
35,OCNT-2534822,2,CYP2D6,3.9851455688476562,0.000301535299513489,0.000520350004080683,0.0026630584616214037,32,0.912704752319688,0.008807098492980003,6.799174298066646e-05,0.5814858647900291,False,
35,OCNT-2534822,3,CYP3A4,3.827108860015869,7.55149667384103e-05,1.6389625670854002e-05,0.000559210660867393,32,0.718337909427068,0.0017360782949253917,0.0001354809064650908,0.4643671555153317,False,
36,OCNT-2534823,0,CYP1A2,5.16626501083374,0.0002590132935438305,0.00029255871777422726,0.0014433645410463214,32,0.9933122718376485,0.008233312517404556,0.0014203276950865984,0.8323605054695995,True,spectral
36,OCNT-2534823,1,CYP2C9,4.9735236167907715,8.94957483978942e-05,2.0051826140843332e-05,0.00046443348401226103,32,0.9090540631453954,0.002603698056191206,3.430563447182067e-05,0.3958089940657665,False,
36,OCNT-2534823,2,CYP2D6,4.581316947937012,6.82310201227665e-05,1.4925757568562403e-05,0.0004962264210917056,21,0.963192085783066,0.0013803134206682444,0.0005147755146026611,0.6351320545065261,False,
36,OCNT-2534823,3,CYP3A4,4.477978229522705,3.172781362081878e-05,4.214684778958144e-08,0.00017726895748637617,32,0.4772192116198107,0.0004846686206292361,0.45500171184539795,0.3841970963582959,False,
37,OCNT-2534824,0,CYP1A2,5.003483295440674,0.0007158717489801347,0.00033252089633606374,0.003528898349031806,32,0.9256700524845755,0.021205449476838112,1.4879035006742924e-05,0.5627537462212315,False,
37,OCNT-2534824,1,CYP2C9,4.706659317016602,7.658692993572913e-06,9.42432194506182e-08,4.498479393078014e-05,32,0.370009389076653,9.079962910618633e-05,0.66709965467453,0.31975463679264815,False,
37,OCNT-2534824,2,CYP2D6,4.516481399536133,4.4385971705196425e-05,5.665342541760765e-06,0.0003594487498048693,32,0.8590793824738475,0.0012204692466184497,0.0001768009242368862,0.5776418056107965,False,
37,OCNT-2534824,3,CYP3A4,4.2718892097473145,1.1457409527793061e-05,0.0,8.001823152881116e-05,32,0.5603929424746512,0.00020564017177093774,0.4401501715183258,0.33484237825471014,False,
38,OCNT-2534827,0,CYP1A2,5.101703643798828,0.0003570732951629907,2.0990864868508652e-05,0.0021802764385938644,27,0.9368085547331171,0.00903200451284647,5.054203029430937e-06,0.7169740142768652,False,
38,OCNT-2534827,1,CYP2C9,4.922386646270752,8.435147174168378e-05,3.486330388113856e-05,0.0005542919388972223,14,0.9735296043155801,0.0011497974628582597,0.0002957690740004182,0.48298428829410617,False,
38,OCNT-2534827,2,CYP2D6,4.707043170928955,0.00015860996791161597,0.00012988616072107106,0.0013045556843280792,32,0.9254932803791129,0.004697654861956835,0.000309059105347842,0.7563051494057624,False,
38,OCNT-2534827,3,CYP3A4,4.4971232414245605,3.905553603544831e-05,4.214684778958144e-08,0.00024662536452524364,32,0.5100184464529436,0.0006375726079568267,0.37917569279670715,0.38779623123771106,False,
39,OCNT-2534828,0,CYP1A2,4.88637113571167,0.0012478467542678118,0.0006341426633298397,0.006449834909290075,32,0.8862464781446496,0.03538907691836357,2.002535438805353e-05,0.5331548079947482,False,
39,OCNT-2534828,1,CYP2C9,4.548980236053467,0.00026488266303204,8.598367458034772e-07,0.0021035606041550636,32,0.9956525872159544,0.008439714089035988,0.007880722172558308,0.6182236668417456,False,
39,OCNT-2534828,2,CYP2D6,4.493209362030029,0.00012986056390218437,9.174596198135987e-05,0.0012715539196506143,32,0.9256464794830623,0.003846855368465185,0.00021859913249500096,0.6372709116356459,False,
39,OCNT-2534828,3,CYP3A4,3.9971070289611816,5.743248402723111e-05,1.9190249076928012e-05,0.00042569427751004696,32,0.8917987644469834,0.0016392683610320091,8.140097634168342e-06,0.5507011035450748,False,
40,OCNT-2534829,0,CYP1A2,4.251672744750977,0.0004919543280266225,9.562635386828333e-05,0.003643017029389739,9,0.9893478936715342,0.004380514845252037,7.050507065287093e-06,0.7146506925006119,False,
40,OCNT-2534829,1,CYP2C9,3.9801039695739746,2.077604403893929e-05,9.42432194506182e-08,0.00014304071373771876,32,0.6649126394112042,0.0004422689089551568,0.33368247747421265,0.46550562269028595,False,
40,OCNT-2534829,2,CYP2D6,4.13176965713501,0.000107270447188057,2.304417284904048e-05,0.0007014995208010077,32,0.9088024511079033,0.0031198954675346613,1.5580293620587327e-05,0.6127505802100869,False,
40,OCNT-2534829,3,CYP3A4,3.313631772994995,0.0002074863441521302,3.720552922459319e-05,0.00151226413436234,32,0.8888514112367142,0.005901869386434555,6.113675772212446e-05,0.5334402677491019,False,
41,OCNT-2534831,0,CYP1A2,4.215225696563721,0.0007850377587601542,1.4901161193847656e-08,0.004007615149021149,32,0.6412098010902606,0.01610817015171051,0.23523879051208496,0.5012724321037555,False,
41,OCNT-2534831,1,CYP2C9,4.039209842681885,5.968607001705095e-05,1.6564623365411535e-05,0.0003656804619822651,2,1.0008511859109792,0.0001194937649415806,3.066930003114976e-05,0.6205902280866727,False,
41,OCNT-2534831,2,CYP2D6,4.530176639556885,0.000131307213450782,5.07121003465727e-05,0.0011292649433016777,32,0.9079118381622895,0.0038151824846863747,0.00014273957640398294,0.5950953737559272,False,
41,OCNT-2534831,3,CYP3A4,3.5910844802856445,2.769699494820088e-05,1.1920928955078125e-07,0.0001899587077787146,32,0.5611685420258741,0.0004975454066880047,0.34139925241470337,0.38781839661193773,False,
42,OCNT-2534832,0,CYP1A2,4.559451580047607,1.85765529749915e-05,0.0,8.109363989206031e-05,32,0.2535699135279304,0.00015081570018082857,0.7200394868850708,0.2340005764419592,True,recurrence
42,OCNT-2534832,1,CYP2C9,4.443666458129883,0.00023126849555410445,0.0,0.0013629334280267358,32,0.6610004476252337,0.004892006050795317,0.288274347782135,0.4557715882775891,False,
42,OCNT-2534832,2,CYP2D6,4.600559711456299,3.3350661396980286e-05,1.5508666137975524e-06,0.0002146002952940762,32,0.7775274178070912,0.0008300425251945853,0.000682996993418783,0.3431777960865517,False,
42,OCNT-2534832,3,CYP3A4,4.195275783538818,4.687666296376847e-05,0.0,0.0002339163183933124,32,0.44738902706602923,0.0006712505128234625,0.5079730749130249,0.2943656782769875,False,
43,OCNT-2534833,0,CYP1A2,5.094563961029053,0.00032997445669025183,0.0004059392958879471,0.001838643103837967,32,0.9883000973618119,0.010435957461595535,0.0013777695130556822,0.8208474066956948,False,
43,OCNT-2534833,1,CYP2C9,4.861008167266846,1.1151752005389426e-05,8.940696716308594e-08,7.321510929614305e-05,32,0.5066227419056303,0.00018095351697411388,0.4098318815231323,0.2782270812286197,False,
43,OCNT-2534833,2,CYP2D6,4.592930316925049,5.036853690398857e-05,6.476590442616725e-06,0.0003668510471470654,32,0.8224307315517659,0.0013258514227345586,0.0002430031745461747,0.612665225899858,False,
43,OCNT-2534833,3,CYP3A4,4.383044719696045,1.287031682295492e-05,7.300048565639372e-08,8.962495485320687e-05,32,0.568968290755598,0.00023451173910871148,0.4247971475124359,0.3886961999393101,False,
44,OCNT-2534834,0,CYP1A2,5.0533366203308105,0.00038514050538651645,0.0004396061412990093,0.0021791469771414995,32,1.0004667943463503,0.012330569326877594,0.0013874601572751999,0.8196728714170932,False,
44,OCNT-2534834,1,CYP2C9,4.792137622833252,1.031302508636145e-05,5.960464477539063e-08,6.644887616857886e-05,32,0.43569659384249665,0.0001439266197849065,0.4560665786266327,0.3133573840849213,False,
44,OCNT-2534834,2,CYP2D6,4.685295104980469,5.572950976784341e-05,8.055066246015485e-06,0.00038348979433067143,32,0.8649383738399562,0.0015427597099915147,0.00012547952064778656,0.6364443301001768,False,
44,OCNT-2534834,3,CYP3A4,4.327180862426758,4.6011806261958554e-05,6.664001972467304e-08,0.0002583097666501999,32,0.4740793203759294,0.0006981755723245442,0.40211421251296997,0.3733209133510441,False,
45,OCNT-2534835,0,CYP1A2,5.094030380249023,0.00033078130218200386,0.0003811617207247764,0.0018661729991436005,32,0.9986209984425445,0.010570724494755268,0.0014044457348063588,0.8206289863490791,False,
45,OCNT-2534835,1,CYP2C9,4.860337734222412,1.13095347842318e-05,8.940696716308594e-08,7.401013135677204e-05,32,0.5174626898873689,0.0001874379813671112,0.39475518465042114,0.27812767502736657,False,
45,OCNT-2534835,2,CYP2D6,4.590342998504639,5.146574039827101e-05,6.5280864873784594e-06,0.00035746488720178604,32,0.8005630553796534,0.0013187064323574305,0.00023533088096883148,0.6060833269271706,False,
45,OCNT-2534835,3,CYP3A4,4.38139009475708,1.2871386388724204e-05,2.9802322387695312e-08,8.963359869085252e-05,32,0.5689135993833048,0.0002345086686545983,0.42490336298942566,0.3891691457241402,False,
46,OCNT-2534836,0,CYP1A2,5.104651927947998,0.0002905813162215054,9.68158110481454e-06,0.0012367293238639832,32,0.6767647024777167,0.006293182261288166,0.0022073599975556135,0.6547668813501626,False,
46,OCNT-2534836,1,CYP2C9,4.917788028717041,8.766973041929305e-05,1.8112628822564147e-05,0.0004560799279715866,32,0.9081289367303605,0.0025479840114712715,2.997797491843812e-05,0.4030002710309027,False,
46,OCNT-2534836,2,CYP2D6,4.675386905670166,3.939252201234922e-05,5.901255008211592e-06,0.00027241051429882646,32,0.8761801963491787,0.0011047587031498551,0.00013938410847913474,0.6267307598106938,False,
46,OCNT-2534836,3,CYP3A4,4.451826572418213,6.431306974263862e-05,2.9802322387695312e-08,0.00030328973662108183,32,0.4669022286789791,0.000961042707785964,0.42463138699531555,0.37823765749425087,False,
47,OCNT-2534837,0,CYP1A2,5.098677158355713,0.0002936742966994643,9.310066161560826e-06,0.001255078474059701,32,0.6769166220923531,0.006361593026667833,0.0021501530427485704,0.6544846206202017,False,
47,OCNT-2534837,1,CYP2C9,4.897810459136963,8.774137677391991e-05,1.8051427105092444e-05,0.00045730738202109933,32,0.9074356507819156,0.0025481192860752344,3.817451579379849e-05,0.4002870977974189,False,
47,OCNT-2534837,2,CYP2D6,4.677277088165283,3.9390950405504555e-05,5.932477506576106e-06,0.00027243324439041317,32,0.8762047114732708,0.0011047455482184887,0.0001405116345267743,0.628885673835324,False,
47,OCNT-2534837,3,CYP3A4,4.486522197723389,1.0686058885767125e-05,5.960464477539063e-08,7.233757787616923e-05,32,0.5696230212596204,0.0001949670840986073,0.4549682140350342,0.41672220041632424,False,
48,OCNT-2534838,0,CYP1A2,5.104665279388428,0.0002905837900470942,9.646381840866525e-06,0.0012367342133074999,32,0.6767684557102087,0.0062932707369327545,0.0022078324109315872,0.6547810958702911,False,
48,OCNT-2534838,1,CYP2C9,4.917850017547607,8.766925020609051e-05,1.8110349628841504e-05,0.0004560679954010993,32,0.9081391384694563,0.0025479986798018217,2.972284892166499e-05,0.403358933436873,False,
48,OCNT-2534838,2,CYP2D6,4.675619125366211,3.9403010305250064e-05,5.875008355360478e-06,0.0002725006197579205,32,0.8760858591143781,0.0011049337917938828,0.00011834637552965432,0.6286669025951551,False,
48,OCNT-2534838,3,CYP3A4,4.452487945556641,6.622158252866939e-05,2.9802322387695312e-08,0.0003110225370619446,32,0.46907938066931887,0.0009941718308255076,0.43238282203674316,0.37942993238639705,False,
49,OCNT-2534839,0,CYP1A2,5.094295501708984,0.0003026889462489635,1.0022003152698744e-05,0.0012882633600383997,32,0.6767656382165945,0.0065553998574614525,0.002208969322964549,0.6547913633138625,False,
49,OCNT-2534839,1,CYP2C9,4.907207012176514,9.131411934504285e-05,1.8858325347537175e-05,0.0004748416831716895,32,0.9082139043257212,0.002654138719663024,2.8427803044905886e-05,0.4032461274273914,False,
49,OCNT-2534839,2,CYP2D6,4.646838665008545,4.1020073695108294e-05,6.122999366198201e-06,0.00028365064645186067,32,0.876412081049216,0.0011506960727274418,0.00012068495561834425,0.6257081292900055,False,
49,OCNT-2534839,3,CYP3A4,4.457647800445557,3.600515628932044e-05,2.9802322387695312e-08,0.00019885794608853757,32,0.47831430703540995,0.0005512500647455454,0.44026947021484375,0.3833200077024407,False,
50,OCNT-2534840,0,CYP1A2,4.662539482116699,0.0006105599459260702,1.648389661568217e-05,0.0032013198360800743,32,0.7955260607114885,0.015543177723884583,0.0012338997330516577,0.6542187250367648,False,
50,OCNT-2534840,1,CYP2C9,4.405137062072754,0.00023508878075517714,3.748448216356337e-05,0.0016603287076577544,2,1.0003065639118012,0.00047034170711413026,1.434439946024213e-05,0.6529602324266612,False,
50,OCNT-2534840,2,CYP2D6,4.260967254638672,0.0002475923683959991,0.00011108118633273989,0.002097261603921652,32,0.967870007942385,0.007668701000511646,0.0001034926317515783,0.6671982018087105,False,
50,OCNT-2534840,3,CYP3A4,3.8965039253234863,6.775188376195729e-05,1.086396696337033e-05,0.0004414072900544852,32,0.8812804295606431,0.0019109511049464345,5.79284896957688e-05,0.5157010391462847,False,
51,OCNT-2534843,0,CYP1A2,4.476507663726807,0.00020044120901729912,1.8025559256784618e-05,0.0007727548945695162,32,0.6919117003691341,0.00443822517991066,0.002680134028196335,0.7193886390576743,False,
51,OCNT-2534843,1,CYP2C9,4.221043109893799,7.2063785410136916e-06,0.0,4.656285454984754e-05,32,0.3772398984251783,8.711378904990852e-05,0.6670699715614319,0.3067316742882243,False,
51,OCNT-2534843,2,CYP2D6,4.754266262054443,8.674601122038439e-05,6.589009899471421e-06,0.0006525515345856547,32,0.7560251202757852,0.002098871162161231,0.00014508944877889007,0.5820018391423998,False,
51,OCNT-2534843,3,CYP3A4,3.8203446865081787,1.233999319083523e-05,2.9802322387695312e-08,8.787002298049629e-05,32,0.5659223805264492,0.00022365240147337317,0.43210646510124207,0.3813651188023876,False,
52,OCNT-2534844,0,CYP1A2,4.566065788269043,0.0008086290908977389,2.3476304704672657e-06,0.004748599603772163,32,0.8614510997532258,0.02229129709303379,0.0007481534266844392,0.6412124175770992,False,
52,OCNT-2534844,1,CYP2C9,4.270084381103516,9.701131602923851e-06,0.0,6.384810694726184e-05,32,0.42469015230509727,0.00013197510270401835,0.5310134887695312,0.33018591889278304,False,
52,OCNT-2534844,2,CYP2D6,4.212360382080078,9.594918083166704e-05,7.849645044188946e-06,0.0007068513659760356,32,0.8372561241560503,0.002570957178249955,8.504815195919946e-05,0.62958531227996,False,
52,OCNT-2534844,3,CYP3A4,3.6618881225585938,2.936197051894851e-05,1.0323827126512697e-07,0.0002060429978882894,32,0.5828780028373046,0.0005478488164953887,0.30351582169532776,0.39459978015208336,False,
53,OCNT-2534845,0,CYP1A2,5.037140369415283,0.0003446015471126884,5.6071363360388204e-05,0.0015220909845083952,32,0.6840675955947078,0.007543602958321571,7.59010981710162e-06,0.41822281836571995,False,
53,OCNT-2534845,1,CYP2C9,4.84194803237915,1.0223467143077869e-05,8.940696716308594e-08,5.8436664403416216e-05,32,0.582692201174091,0.00019081476784776896,0.3793909251689911,0.2734581258161287,False,
53,OCNT-2534845,2,CYP2D6,4.685541152954102,6.876893166918308e-05,2.1007995201216545e-06,0.0005008013104088604,32,0.7481222393224785,0.001646561548113823,0.0003594543959479779,0.4753967108842172,False,
53,OCNT-2534845,3,CYP3A4,4.330397129058838,1.2780788892996497e-05,5.960464477539063e-08,9.733132174005732e-05,32,0.561527179572521,0.00022983601957093924,0.4324288070201874,0.36961046525815744,False,
54,OCNT-2534847,0,CYP1A2,4.9576544761657715,0.0008905684226192534,0.00038890421274118125,0.005034695379436016,9,0.9958975568605845,0.007982323877513409,3.7722516026406083e-06,0.5633859816190151,False,
54,OCNT-2534847,1,CYP2C9,4.793696880340576,5.1931974667240866e-06,2.9802322387695312e-08,3.492231189738959e-05,32,0.5071062946313384,8.443437400273979e-05,0.5239099860191345,0.31013413790903716,False,
54,OCNT-2534847,2,CYP2D6,4.626424312591553,0.00011693568376358598,8.390064613195136e-05,0.0011858658399432898,32,0.9373452913683153,0.0035077915526926517,0.00012287723075132817,0.592366202138019,False,
54,OCNT-2534847,3,CYP3A4,4.3445048332214355,5.369598511606455e-05,1.7728731108945794e-05,0.0004019603948108852,32,0.8867282152138328,0.0015239235945045948,8.841355338518042e-06,0.5369294299608418,False,
55,OCNT-2534850,0,CYP1A2,4.558359146118164,0.0004890352720394731,1.726994196360465e-05,0.002289158059284091,32,0.7873929546577678,0.012322265654802322,0.0038350792601704597,0.6495227858863213,False,
55,OCNT-2534850,1,CYP2C9,4.3432698249816895,0.0001326322671957314,6.664001972467304e-08,0.0007301106816157699,32,0.5935491908538201,0.0025193507317453623,0.34901317954063416,0.4326978781529559,False,
55,OCNT-2534850,2,CYP2D6,4.390417098999023,5.405047340900637e-05,5.290730769047514e-06,0.0003820403362624347,32,0.7181747384538757,0.0012423957232385874,0.0001366937649436295,0.4744297516978162,False,
55,OCNT-2534850,3,CYP3A4,3.957458734512329,1.1824146895378362e-05,0.0,7.886422099545598e-05,32,0.4892300257653739,0.00018526783969718963,0.4701974093914032,0.39717567186866487,False,
56,OCNT-2534851,0,CYP1A2,4.872517108917236,0.0005244985222816467,1.7679793018032797e-05,0.00243720063008368,32,0.7046163685763452,0.011826473288238049,0.0018660854548215866,0.5958726827228084,False,
56,OCNT-2534851,1,CYP2C9,4.568720817565918,9.321032848674804e-05,3.085689604631625e-05,0.0005618894938379526,32,0.6925574230606338,0.0020659337751567364,0.00030716214678250253,0.43715013460055435,False,
56,OCNT-2534851,2,CYP2D6,4.2731733322143555,0.00024854743969626725,0.00039767558337189257,0.002398743759840727,32,0.8962643020284762,0.007128741126507521,0.00013748760102316737,0.5692755764072674,False,
56,OCNT-2534851,3,CYP3A4,4.089143753051758,6.732176552759483e-05,1.8428649127599783e-05,0.0004806662327609956,32,0.8350144077838818,0.0017991358181461692,3.58124561898876e-05,0.5952765346041475,False,
57,OCNT-2534852,0,CYP1A2,4.437290191650391,0.0014271666295826435,1.8814597524396959e-06,0.008410163223743439,32,0.8972100887459369,0.04097527265548706,0.0001363009214401245,0.6912697033167036,False,
57,OCNT-2534852,1,CYP2C9,4.214443683624268,9.415281965630129e-05,2.4347262296942063e-05,0.0005635916022583842,12,0.9959504829367214,0.00112537806853652,5.242408951744437e-05,0.5543948975984669,False,
57,OCNT-2534852,2,CYP2D6,4.030876636505127,0.00034221302485093474,0.0010833971900865436,0.0022402466274797916,32,0.7473565772608722,0.008184404112398624,0.0005160403088666499,0.6482626084292202,False,
57,OCNT-2534852,3,CYP3A4,3.625751495361328,0.00010124500840902328,4.420724872034043e-05,0.0007391977123916149,32,0.9086273031351193,0.002944098087027669,2.5909506803145632e-05,0.581368390965117,False,
58,OCNT-2534853,0,CYP1A2,4.789931774139404,0.001324103563092649,0.0003670557925943285,0.007191724609583616,32,0.9619643890074362,0.04076000303030014,4.545305728242965e-06,0.5489646697812822,False,
58,OCNT-2534853,1,CYP2C9,4.580385684967041,7.092180021572858e-05,1.8882365111494437e-05,0.0004280281427782029,2,0.9997968579639828,0.00014183478197082877,6.71500529279001e-05,0.5675076212747706,False,
58,OCNT-2534853,2,CYP2D6,4.438408374786377,0.00011665164493024349,9.566470544086769e-05,0.0009392056381329894,32,0.8970757530009845,0.0033489386551082134,0.000281664018984884,0.6961230366937634,False,
58,OCNT-2534853,3,CYP3A4,4.097569465637207,6.291361933108419e-05,2.070901246042922e-05,0.00046729770838283,32,0.887651790072798,0.0017873364267870784,1.1749340046662837e-05,0.5491740758347927,False,
59,OCNT-2534855,0,CYP1A2,4.8333420753479,0.00043972712592221797,1.0119413673237432e-05,0.0026536101941019297,32,0.9218795509720932,0.01297230925410986,2.37081985687837e-05,0.6884239583130491,False,
59,OCNT-2534855,1,CYP2C9,4.5269083976745605,0.00021090479276608676,7.685354648856446e-05,0.0013707790058106184,30,0.9195037200277224,0.005818108096718788,0.00027330039301887155,0.4467919020655131,False,
59,OCNT-2534855,2,CYP2D6,4.1549177169799805,0.00028049913817085326,0.0004481901414692402,0.0023902268148958683,32,0.8934994704663307,0.008020312525331974,0.00014193807146511972,0.6224244386765814,False,
59,OCNT-2534855,3,CYP3A4,3.9856696128845215,7.121597445802763e-05,1.5123234334168956e-05,0.0005108827026560903,32,0.7675487320099992,0.0017494210042059422,4.9169317207997665e-05,0.5446033264926927,False,
60,OCNT-2534856,0,CYP1A2,4.751924991607666,0.0004310843360144645,8.230406820075586e-06,0.002400205470621586,32,0.8266819080316099,0.01140409242361784,0.0007629574974998832,0.6708391236242929,False,
60,OCNT-2534856,1,CYP2C9,4.502715587615967,9.713075996842235e-05,3.688821379910223e-05,0.000630275288131088,23,0.9641856260825521,0.002154219662770629,0.00021893507800996304,0.4332761941948068,False,
60,OCNT-2534856,2,CYP2D6,4.444131374359131,0.00016843868070282042,0.00013703980948776007,0.0013076351024210453,32,0.9397203727093204,0.005065429024398327,0.0002703824720811099,0.7546125930856428,False,
60,OCNT-2534856,3,CYP3A4,4.043104648590088,2.6022426027338952e-05,4.214684778958144e-08,0.00019006655202247202,32,0.5812079127545862,0.00048416806384921074,0.34130674600601196,0.36737478037716986,False,
61,OCNT-2534857,0,CYP1A2,4.724966049194336,0.0002129289205186069,2.8052647394360974e-05,0.0007562984246760607,32,0.6825523854909734,0.0046509429812431335,0.002880224259570241,0.7379684050098474,False,
61,OCNT-2534857,1,CYP2C9,4.502222537994385,2.186210622312501e-05,1.256369046132022e-06,0.00012969346425961703,32,0.7811112734329466,0.0005467055598273873,0.0005233021220192313,0.30901085000636835,False,
61,OCNT-2534857,2,CYP2D6,4.525309085845947,5.3355943236965686e-05,7.355515663221013e-06,0.00042493751971051097,32,0.8848059788376302,0.0015109921805560589,6.609342381125316e-05,0.5505054361369204,False,
61,OCNT-2534857,3,CYP3A4,4.0698699951171875,1.4116694728727452e-05,0.0,9.716028580442071e-05,32,0.5702022784984969,0.0002577623527031392,0.4095288813114166,0.39253940014027455,False,
62,OCNT-2534858,0,CYP1A2,5.09789514541626,0.00029055666527710855,9.62328977038851e-06,0.0012365347938612103,32,0.6767500507042277,0.00629251217469573,0.0022090773563832045,0.654937148100448,False,
62,OCNT-2534858,1,CYP2C9,4.9138102531433105,9.089196100831032e-05,1.8110202290699817e-05,0.0004685100575443357,32,0.9007343555579591,0.002620112616568804,2.678325654414948e-05,0.4024155366736728,False,
62,OCNT-2534858,2,CYP2D6,4.611220836639404,4.6165492676664144e-05,5.942798907199176e-06,0.0003162277862429619,32,0.7903168773393136,0.0011677846778184175,0.00017287785885855556,0.6644122938175225,False,
62,OCNT-2534858,3,CYP3A4,4.463033199310303,1.0663471584848594e-05,1.2287812012345967e-07,7.149625162128359e-05,32,0.5700467392750099,0.00019470008555799723,0.4550025463104248,0.4514633840384101,False,
63,OCNT-2534860,0,CYP1A2,4.40069055557251,0.0007831615512259305,4.362249796940887e-07,0.004745894111692905,32,0.9047203788189551,0.02267364040017128,0.045748304575681686,0.6961263773919457,False,
63,OCNT-2534860,1,CYP2C9,4.227362632751465,5.572848749579862e-06,1.7881393432617188e-07,3.2779724278952926e-05,32,0.7110616675172146,0.00012703199172392488,0.3493186831474304,0.2988001364659356,False,
63,OCNT-2534860,2,CYP2D6,4.627120494842529,4.962264574714936e-05,3.107559314230457e-05,0.00039543287130072713,32,0.8750568751733907,0.0013898044126108289,0.0002516770036891103,0.5540619036116394,False,
63,OCNT-2534860,3,CYP3A4,3.6702370643615723,0.00011673897097352892,3.7922141927992925e-05,0.0009376580128446221,32,0.8461709160537805,0.00316126667894423,3.701448440551758e-05,0.526903730228209,False,
64,OCNT-2534861,0,CYP1A2,4.738049030303955,0.0002205165510531515,2.194307126046624e-05,0.0007655349909327924,32,0.6052751754028566,0.0042713358998298645,0.0026917620562016964,0.6796506892146558,False,
64,OCNT-2534861,1,CYP2C9,4.518811225891113,2.3329777832259424e-05,1.252251763617096e-06,0.00013096994371153414,32,0.7840310969422886,0.0005855715717189014,0.0006158220930956304,0.3174777280174176,False,
64,OCNT-2534861,2,CYP2D6,4.515021800994873,4.385336069390178e-05,6.143906375655206e-06,0.00035820959601551294,32,0.8698526310313915,0.0012209491105750203,0.00019179510127287358,0.5885117289565669,False,
64,OCNT-2534861,3,CYP3A4,4.0155205726623535,1.1832951713586226e-05,9.42432194506182e-08,8.394435280933976e-05,32,0.565931641797449,0.0002144736354239285,0.4398535490036011,0.38718713340846045,False,
65,OCNT-2534862,0,CYP1A2,4.768918514251709,0.0002142656740033999,2.1433817892102525e-05,0.0007473797886632383,32,0.6048243196427907,0.004147172439843416,0.0026800334453582764,0.6782313510187792,False,
65,OCNT-2534862,1,CYP2C9,4.533960819244385,9.871379006654024e-06,1.7377590211253846e-07,6.155981100164354e-05,32,0.4790987561718479,0.00015149300452321768,0.37238609790802,0.30608465418992725,False,
65,OCNT-2534862,2,CYP2D6,4.6842827796936035,5.797444828203879e-05,5.7042452681344e-06,0.0004835341824218631,32,0.8391890919580434,0.0015571173280477524,0.00014452997129410505,0.6391630812141638,False,
65,OCNT-2534862,3,CYP3A4,4.061844348907471,1.2705162589554675e-05,5.372690026206328e-08,0.00010108579590450972,32,0.5816803736958688,0.0002366771368542686,0.4023277163505554,0.3875312260789951,False,
66,OCNT-2534863,0,CYP1A2,4.375180721282959,0.0005933649954386055,1.115100829451876e-07,0.0035767885856330395,32,0.8498883591143569,0.016137680038809776,0.1292698085308075,0.6631138896593585,False,
66,OCNT-2534863,1,CYP2C9,4.203744888305664,7.765351620037109e-05,2.2695305688102962e-06,0.0004547348362393677,32,0.9232321553519078,0.002294446574524045,0.00019106268882751465,0.6357745690698842,False,
66,OCNT-2534863,2,CYP2D6,4.365340709686279,0.0004183553101029247,0.0008844716940075159,0.0033021632116287947,32,0.9013029400490892,0.012066364288330078,8.73248718562536e-05,0.6234136499511191,False,
66,OCNT-2534863,3,CYP3A4,3.717158794403076,7.582575199194252e-05,3.6244058719603345e-05,0.0005624379264190793,32,0.9241032714314283,0.0022425621282309294,1.870456981123425e-05,0.5676202778713085,False,
67,OCNT-2534864,0,CYP1A2,4.3983235359191895,0.0005903484998270869,6.664001972467304e-08,0.0034941111225634813,32,0.8308234938893977,0.0156954787671566,0.18976466357707977,0.6568041053906237,False,
67,OCNT-2534864,1,CYP2C9,4.242825508117676,5.8893820096272975e-06,2.107342425006209e-07,3.751776966964826e-05,32,0.6598735335784988,0.00012457107368391007,0.3644556403160095,0.3002671251484701,False,
67,OCNT-2534864,2,CYP2D6,4.675539493560791,4.51794512628112e-05,8.397858437092509e-06,0.0003368085599504411,32,0.8572921862450404,0.0012396980309858918,0.0001564802514621988,0.6199567355307267,False,
67,OCNT-2534864,3,CYP3A4,3.7677650451660156,3.604725861805491e-05,3.277442601756775e-06,0.00027223536744713783,32,0.7866884827934059,0.0009077065624296665,0.00010617077350616455,0.49412432496321057,False,
68,OCNT-2534866,0,CYP1A2,4.974522590637207,0.0007142061367630959,0.00035198652767576277,0.0034956391900777817,32,0.9214502186197914,0.021059667691588402,1.8503629689803347e-05,0.562620966479844,False,
68,OCNT-2534866,1,CYP2C9,4.6285176277160645,9.581756603438407e-05,0.00014484750863630325,0.0005299515323713422,32,0.969478743485743,0.0029728892259299755,0.00029247187194414437,0.42390313199495533,False,
68,OCNT-2534866,2,CYP2D6,4.351492404937744,4.088014247827232e-05,6.807303179812152e-06,0.0002969727502204478,32,0.8740913375137903,0.0011437350185588002,0.00012260449875611812,0.6240318230324997,False,
68,OCNT-2534866,3,CYP3A4,4.16321325302124,1.2582520866999403e-05,0.0,8.965319284470752e-05,32,0.5300558839689835,0.00021359167294576764,0.44748225808143616,0.35438466634902166,False,
69,OCNT-2534867,0,CYP1A2,5.05204439163208,0.0003828577173408121,2.1207865756878164e-06,0.002085126005113125,32,0.8526497127030183,0.010446465574204922,0.0009731401805765927,0.6463313309593117,False,
69,OCNT-2534867,1,CYP2C9,4.746354579925537,0.00018687549163587391,4.720565630123019e-05,0.001133895362727344,32,0.7476237894079596,0.004471041262149811,0.0002627878566272557,0.459719324968275,False,
69,OCNT-2534867,2,CYP2D6,4.419763088226318,0.00016600859817117453,0.0001583234843565151,0.0013468456454575062,32,0.9553976618322367,0.005075640976428986,0.00026769484975375235,0.7590912417633858,False,
69,OCNT-2534867,3,CYP3A4,4.31741189956665,2.4079319700831547e-05,6.664001972467304e-08,0.00015472549421247095,32,0.5731517710655699,0.0004418187600094825,0.3789845407009125,0.38758626637213067,False,
70,OCNT-2534868,0,CYP1A2,5.048758029937744,0.0005983411683700979,3.5762786865234375e-07,0.0036793274339288473,32,0.9493495795419777,0.018177421763539314,0.17457720637321472,0.6729731723372974,False,
70,OCNT-2534868,1,CYP2C9,4.869231700897217,7.931763684609905e-05,0.000124253288959153,0.00043545544031076133,17,0.9976250603668851,0.0013453670544549823,0.00012882595183327794,0.5562565124444706,False,
70,OCNT-2534868,2,CYP2D6,4.637220859527588,3.740571628441103e-05,3.356864908710122e-06,0.0002720149059314281,32,0.7722774575473259,0.000924650055821985,0.00025851346435956657,0.5073684166730805,False,
70,OCNT-2534868,3,CYP3A4,4.446134567260742,3.2206451578531414e-05,2.9802322387695312e-08,0.00018458905105944723,32,0.48332467102209103,0.0004982721875421703,0.42465081810951233,0.36459263059669467,False,
71,OCNT-2534869,0,CYP1A2,5.1295857429504395,8.838703797664493e-05,3.8313271943479776e-05,0.00035917415516451,32,0.672126471429336,0.0019012476550415158,0.0028739909175783396,0.6818925352424293,False,
71,OCNT-2534869,1,CYP2C9,4.886538028717041,1.0815079804160632e-05,1.4901161193847656e-07,6.433519592974335e-05,32,0.5129441727575198,0.00017768517136573792,0.3948182761669159,0.2744091755502568,False,
71,OCNT-2534869,2,CYP2D6,4.808653354644775,6.2811843235977e-05,1.916175733640557e-06,0.00046604571980424225,32,0.757053917077038,0.001521904719993472,0.0004843748756684363,0.4684482321684109,False,
71,OCNT-2534869,3,CYP3A4,4.4260735511779785,1.2117439837311395e-05,8.429369557916289e-08,9.12911636987701e-05,32,0.5626263003685824,0.00021834293147549033,0.43976765871047974,0.3689674705211415,False,
72,OCNT-2534870,0,CYP1A2,4.4080119132995605,0.0008778863120824099,1.8611544305713323e-07,0.00490402290597558,32,0.7867668653994146,0.022102391347289085,0.1065763533115387,0.6515030583267076,False,
72,OCNT-2534870,1,CYP2C9,4.216053485870361,9.372743079438806e-05,2.8994534204684896e-06,0.000549867982044816,32,0.9247196102287841,0.0027737868949770927,8.788298146100715e-05,0.6349692289914018,False,
72,OCNT-2534870,2,CYP2D6,4.213467597961426,0.0005322531214915216,0.001018971554003656,0.004229757934808731,32,0.910733160393829,0.01551198959350586,7.456541061401367e-05,0.5901657518724791,False,
72,OCNT-2534870,3,CYP3A4,3.7026190757751465,9.215148020302877e-05,4.414111390360631e-05,0.0006818874971941113,32,0.9252519160924261,0.00272872275672853,1.6227364540100098e-05,0.575117223998173,False,
73,OCNT-2534871,0,CYP1A2,5.132874011993408,0.00032612212817184627,1.9874149074894376e-05,0.001984565518796444,27,0.9360105682399735,0.008242104202508926,4.753018856717972e-06,0.7148919583706941,False,
73,OCNT-2534871,1,CYP2C9,4.9515700340271,7.898084732005373e-05,3.224774991394952e-05,0.0005097074317745864,13,0.9839009956128488,0.001010349253192544,0.0002517108805477619,0.4884993350023688,False,
73,OCNT-2534871,2,CYP2D6,4.817994117736816,0.00013125728582963347,0.0001177347730845213,0.0010124542750418186,32,0.9488670140254983,0.0039857663214206696,0.0003043706528842449,0.7533374385137739,False,
73,OCNT-2534871,3,CYP3A4,4.589622497558594,3.367788303876296e-05,6.664001972467304e-08,0.00021390726033132523,32,0.5071881983479982,0.0005467550945468247,0.40193167328834534,0.3874806878459023,False,
74,OCNT-2534872,0,CYP1A2,5.012579441070557,0.0003081261529587209,1.5373492487924523e-06,0.0016474381554871798,32,0.8360769520955063,0.008244017139077187,0.0006489496445283294,0.6925121958483695,False,
74,OCNT-2534872,1,CYP2C9,4.6576080322265625,0.0002373665920458734,6.091961404308677e-05,0.001286044018343091,32,0.5973323894902709,0.004537367261946201,0.00031744621810503304,0.46886219422205755,False,
74,OCNT-2534872,2,CYP2D6,4.11812162399292,0.00039811842725612223,0.00011940345575567335,0.004076377488672733,2,1.0008415752077897,0.0007969269645400345,0.00037586508551612496,0.7498521446134722,False,
74,OCNT-2534872,3,CYP3A4,4.137545585632324,6.397972902050242e-05,1.2316312677285168e-05,0.0004582589608617127,32,0.7596596401945898,0.0015555332647636533,7.004178041825071e-05,0.49137792126399554,False,
75,OCNT-2534873,0,CYP1A2,5.127938270568848,8.762105426285416e-05,2.0645504719141172e-06,0.0005961547140032053,32,0.9254465024266565,0.0025951312854886055,0.00042435977957211435,0.6717514745517373,False,
75,OCNT-2534873,1,CYP2C9,4.772669792175293,0.0003541572077665478,0.00010043768998002633,0.0021231453865766525,32,0.7455352095809148,0.008449411951005459,0.0002947738685179502,0.46418851565928343,False,
75,OCNT-2534873,2,CYP2D6,4.278222560882568,0.00047433830332010984,7.476044265786186e-05,0.004971187561750412,2,1.0016501168624445,0.0009502620669081807,0.00019629840971902013,0.7010717900179729,False,
75,OCNT-2534873,3,CYP3A4,4.286004066467285,6.799446418881416e-05,1.3422274605545681e-05,0.000490809790790081,32,0.7692916528558285,0.0016740885330364108,6.526483048219234e-05,0.49527644359867384,False,
76,OCNT-2534874,0,CYP1A2,5.130161285400391,9.596489690011367e-05,1.8706745095187216e-06,0.0006443087477236986,32,0.9194418609858418,0.002823786810040474,0.00044741277815774083,0.6701893554200673,False,
76,OCNT-2534874,1,CYP2C9,4.789947986602783,0.00036887769238092005,0.00010486673272680491,0.0022134766913950443,32,0.7464845085810914,0.008811806328594685,0.00029482037643902004,0.46428133329250443,False,
76,OCNT-2534874,2,CYP2D6,4.2360382080078125,0.0004949691938236356,7.800863386364654e-05,0.005187441594898701,2,1.001651897172106,0.0009915936971083283,0.00019607579451985657,0.7010634813815806,False,
76,OCNT-2534874,3,CYP3A4,4.292369842529297,7.092177111189812e-05,1.3994738765177317e-05,0.0005114111118018627,32,0.7694008424731011,0.001746398862451315,6.797322566853836e-05,0.4972499810205978,False,
77,OCNT-2534875,0,CYP1A2,4.7756853103637695,0.00018818688113242388,1.9266044546384364e-05,0.0007131671882234514,32,0.701578171591536,0.004225114360451698,0.0027903683949261904,0.7291042506811971,False,
77,OCNT-2534875,1,CYP2C9,4.573509693145752,1.5050100955704693e-05,5.962101568002254e-08,8.663748303661123e-05,32,0.5052078755949758,0.00024347141152247787,0.4631028175354004,0.27184012578712563,False,
77,OCNT-2534875,2,CYP2D6,4.616697788238525,4.513136445893906e-05,6.357541678880807e-06,0.0003521883045323193,32,0.8726215795078847,0.0012605225201696157,0.0001429757394362241,0.6409033130183093,False,
77,OCNT-2534875,3,CYP3A4,4.127309322357178,1.2402610082062893e-05,5.960464477539063e-08,8.813638123683631e-05,32,0.5662451338642184,0.00022491456184070557,0.43219807744026184,0.3832522815241196,False,
78,OCNT-2534877,0,CYP1A2,3.7493062019348145,0.0007679882692173123,5.960464477539063e-08,0.004203710239380598,32,0.65995790037031,0.016219088807702065,0.303301066160202,0.5117445585664597,False,
78,OCNT-2534877,1,CYP2C9,3.5533649921417236,7.642194395884871e-05,2.05722380997031e-06,0.0004489612765610218,32,0.9273954064815485,0.002268244279548526,0.0002514747029636055,0.6083137596614314,False,
78,OCNT-2534877,2,CYP2D6,4.337625980377197,0.00016445420624222606,7.286088657565415e-05,0.0016219192184507847,32,0.9765522318471135,0.005139452405273914,3.138364991173148e-05,0.6106318860155295,False,
78,OCNT-2534877,3,CYP3A4,3.033090353012085,5.825235348311253e-05,7.552419447165448e-06,0.00042262207716703415,32,0.772607861506425,0.0014404464745894074,3.7144531233934686e-05,0.5260906591856479,False,
79,OCNT-2534878,0,CYP1A2,4.3146233558654785,0.0007373254629783332,0.00010918468615273014,0.004973392002284527,22,0.9481410941532992,0.01538015715777874,1.0727481821959373e-05,0.7110558310657953,False,
79,OCNT-2534878,1,CYP2C9,3.9558746814727783,3.6354511394165456e-05,9.01027519262243e-08,0.00024924695026129484,32,0.6418488765236554,0.0007468966650776565,0.2883199453353882,0.45022264077659924,False,
79,OCNT-2534878,2,CYP2D6,4.182024955749512,0.00013418917660601437,5.300293560139835e-05,0.0010290858335793018,32,0.7785749649303201,0.003343491815030575,0.00020843834499828517,0.5339967836426358,False,
79,OCNT-2534878,3,CYP3A4,3.294571876525879,0.0002783115196507424,5.018794399802573e-05,0.0020370741840451956,32,0.9078895149647405,0.008085926063358784,6.962635234231129e-05,0.5514168458588694,False,
80,OCNT-2534879,0,CYP1A2,5.199117660522461,0.00010335045226383954,1.932790382852545e-06,0.0006921602180227637,32,0.9362396749782863,0.003096644999459386,0.0003838679112959653,0.6867925674852098,False,
80,OCNT-2534879,1,CYP2C9,4.988382816314697,0.0001591957698110491,4.199624163447879e-05,0.0009547543013468385,32,0.7203694260798669,0.003669983008876443,0.00029801373602822423,0.463726975233157,False,
80,OCNT-2534879,2,CYP2D6,4.554493427276611,0.0001625430304557085,0.00014560074487235397,0.0013116179034113884,32,0.9289298609921656,0.0048320116475224495,0.00022676135995425284,0.7377558666362196,False,
80,OCNT-2534879,3,CYP3A4,4.538445472717285,2.0209592548781075e-05,8.940696716308594e-08,0.00013547194248531014,32,0.5928138003745259,0.0003835665120277554,0.38700583577156067,0.39719669965549,False,
81,OCNT-2534881,0,CYP1A2,4.723020076751709,0.001031154184602201,4.82565192214679e-05,0.006022241432219744,2,1.0003546207762022,0.002063059713691473,2.7368466817279113e-06,0.6368364285194361,False,
81,OCNT-2534881,1,CYP2C9,4.531213760375977,4.659630576497875e-06,0.0,2.7913192752748728e-05,32,0.35727213328388757,5.33865240868181e-05,0.7049360275268555,0.27647103409544993,False,
81,OCNT-2534881,2,CYP2D6,4.827164173126221,4.604935384122655e-05,1.426781295776891e-06,0.0002942746796179563,32,0.8153595769189242,0.0012017579283565283,0.0003560510522220284,0.45964633442501024,False,
81,OCNT-2534881,3,CYP3A4,4.1624836921691895,1.331183284491999e-05,5.960464477539063e-08,9.375157969770953e-05,32,0.5606892526309462,0.00023902107204776257,0.4321320652961731,0.3628119593405019,False,
82,OCNT-2534882,0,CYP1A2,4.690091133117676,0.0001565188867971301,1.4463868865277618e-05,0.0005989428609609604,32,0.693019833995829,0.0034712839405983686,0.0027120911981910467,0.7234673347902982,False,
82,OCNT-2534882,1,CYP2C9,4.467366695404053,8.040355169214308e-05,1.3009663234697655e-05,0.00042340485379099846,32,0.9096514196185751,0.002340745646506548,3.8798560126451775e-05,0.40345723951869883,False,
82,OCNT-2534882,2,CYP2D6,4.648606777191162,7.854945579310879e-05,6.046126600267598e-06,0.0005871827015653253,32,0.7240498578795754,0.0018201908096671104,0.00018126223585568368,0.5887727625926048,False,
82,OCNT-2534882,3,CYP3A4,4.028702735900879,9.658277122071013e-06,4.214684778958144e-08,6.73616596031934e-05,32,0.5662069216285742,0.00017517585365567356,0.4701915681362152,0.4056663050320983,False,
83,OCNT-2534883,0,CYP1A2,4.917854309082031,0.00040792953222990036,3.2009413644118467e-06,0.0023445950355380774,32,0.931615580097024,0.012161370366811752,0.0006102115730755031,0.7313290685490178,False,
83,OCNT-2534883,1,CYP2C9,4.667148113250732,1.2724379303108435e-05,1.3075715799004684e-07,8.416455966653302e-05,32,0.45304053489619267,0.00018461408035364002,0.4247934818267822,0.30634710611593313,False,
83,OCNT-2534883,2,CYP2D6,4.362148761749268,7.381728937616572e-05,1.0433366696815938e-05,0.0005298941396176815,32,0.8528669704204357,0.0020148754119873047,0.00014907302102074027,0.6238630488939204,False,
83,OCNT-2534883,3,CYP3A4,4.109313488006592,1.9277638784842566e-05,5.960464477539063e-08,0.00013372415560297668,32,0.5690997599152295,0.00035125089925713837,0.37909072637557983,0.38749029021386583,False,
84,OCNT-2534884,0,CYP1A2,4.883464813232422,0.0005312733119353652,4.399616227601655e-05,0.0035780640318989754,2,1.0014371270256874,0.0010640936670824885,1.9059939404542092e-06,0.6945346898436987,False,
84,OCNT-2534884,1,CYP2C9,4.740009307861328,7.4339568527648225e-06,5.960464477539063e-08,3.6425724829314277e-05,32,0.6630229759813533,0.00015793646161910146,0.3942793905735016,0.262905366918509,False,
84,OCNT-2534884,2,CYP2D6,4.5400543212890625,6.14402670180425e-05,4.6193599700927734e-07,0.0003907601931132376,32,0.6855377475483557,0.0013480472844094038,0.11422238498926163,0.411247512614739,False,
84,OCNT-2534884,3,CYP3A4,4.250889778137207,2.0480067178141326e-05,0.0,0.00014538029790855944,32,0.5479575757080717,0.00035928600118495524,0.40191635489463806,0.3565916227283461,False,
85,OCNT-2534888,0,CYP1A2,4.945534706115723,0.00029610106139443815,1.73502503457712e-05,0.0018892617663368583,22,0.9490496164817888,0.006182529963552952,7.546761025878368e-06,0.6736939369243276,False,
85,OCNT-2534888,1,CYP2C9,4.777220726013184,8.374089520657435e-05,3.4874370612669736e-05,0.00054358592024073,12,0.9853555095935036,0.0009902928723022342,0.00025212991749867797,0.48596647245276203,False,
85,OCNT-2534888,2,CYP2D6,4.787669658660889,0.00014546488819178194,0.00012568045349325985,0.0011628493666648865,32,0.9360818378632592,0.004357644822448492,0.00023990824411157519,0.716296609652617,False,
85,OCNT-2534888,3,CYP3A4,4.34742546081543,6.280793604673818e-05,5.960464477539063e-08,0.00033674112637527287,32,0.4824101020861925,0.000969728222116828,0.3943932056427002,0.38539769031144083,False,
86,OCNT-2534890,0,CYP1A2,5.049190044403076,0.0001495021570008248,2.5156055016850587e-06,0.0008225198835134506,32,0.7969961492407939,0.0038131396286189556,0.0008355216705240309,0.655038216061624,False,
86,OCNT-2534890,1,CYP2C9,4.7617669105529785,0.00016447472444269806,3.534894858603366e-05,0.0009168835822492838,32,0.601624877365336,0.0031666592694818974,0.0002685451181605458,0.45708701401699037,False,
86,OCNT-2534890,2,CYP2D6,4.56537389755249,0.00029868027195334435,0.00021975176059640944,0.00258250767365098,32,0.9721790086461879,0.009292173199355602,0.0001360223104711622,0.7387079348852564,False,
86,OCNT-2534890,3,CYP3A4,4.334043502807617,5.238088488113135e-05,8.940696716308594e-08,0.0003290062304586172,32,0.5064528842414519,0.000849072472192347,0.35655495524406433,0.3822631461390976,False,
87,OCNT-2534891,0,CYP1A2,4.822591304779053,8.671470277477056e-05,2.5281873604399152e-05,0.000551080156583339,32,0.9663652540479702,0.0026818476617336273,0.009226595051586628,0.6950516476589238,False,
87,OCNT-2534891,1,CYP2C9,4.473956108093262,0.00014923753042239696,4.6205143007682636e-05,0.0007908674888312817,32,0.6092323248916295,0.002909645438194275,0.0006063029868528247,0.4629722212825889,False,
87,OCNT-2534891,2,CYP2D6,4.365469932556152,0.0002757107431534678,0.0002173071407014504,0.0024733515456318855,32,0.9955207964637359,0.008783543482422829,0.00010272453801007941,0.70876832905356,False,
87,OCNT-2534891,3,CYP3A4,3.9586122035980225,5.043833516538143e-05,1.3328003944934608e-07,0.00035618801484815776,32,0.5157352362555169,0.0008325754897668958,0.3337095379829407,0.386210154921073,False,
88,OCNT-2534892,0,CYP1A2,4.76021671295166,0.0005383375100791454,1.9464032448013313e-05,0.0032605077140033245,32,0.9161683844969337,0.01578294299542904,5.502140993485227e-06,0.6773258145170232,False,
88,OCNT-2534892,1,CYP2C9,4.543284893035889,3.628609192674048e-05,2.169164872611873e-05,0.0002385155821684748,32,0.8475153124520304,0.0009843677980825305,0.00038911131559871137,0.4537170677580129,False,
88,OCNT-2534892,2,CYP2D6,4.548847675323486,0.0002510152698960155,0.00017022083920892328,0.0021856932435184717,32,0.9432815217266659,0.007577199954539537,0.0001802476035663858,0.6841557496943663,False,
88,OCNT-2534892,3,CYP3A4,4.046450138092041,4.0733364585321397e-05,2.9802322387695312e-08,0.00026325194630771875,32,0.5068699896078005,0.0006608508410863578,0.3796248435974121,0.38283192724830317,False,
89,OCNT-2534895,0,CYP1A2,4.521149158477783,0.0004414310387801379,1.944259747688193e-05,0.0024307947605848312,32,0.7959621116067885,0.01124385092407465,8.154095667123329e-06,0.5888764159119684,False,
89,OCNT-2534895,1,CYP2C9,4.301095008850098,0.00017130980268120766,3.08927264995873e-05,0.0010098796337842941,32,0.7263157032470471,0.003981832414865494,0.00038945674896240234,0.5434043361719034,False,
89,OCNT-2534895,2,CYP2D6,4.218097686767578,0.00021157541777938604,0.0001355957647319883,0.0018581411568447948,32,0.9859115101394582,0.006675343960523605,0.00016453003627248108,0.6250895571008992,False,
89,OCNT-2534895,3,CYP3A4,3.8587231636047363,2.9708236979786307e-05,9.453727045638516e-08,0.00022510225244332105,32,0.5406481469808185,0.0005141475121490657,0.3413107693195343,0.3898539563460044,False,
90,OCNT-2534896,0,CYP1A2,4.903772830963135,0.0004151840985286981,2.2402586182579398e-05,0.0023649223148822784,32,0.8741645481824122,0.011614334769546986,6.368214599206112e-06,0.7013800628967173,False,
90,OCNT-2534896,1,CYP2C9,4.712954998016357,9.341815166408196e-05,3.690463927341625e-05,0.0005977670662105083,14,0.9849640244462179,0.0012883271556347609,0.0002196399582317099,0.49044252212334916,False,
90,OCNT-2534896,2,CYP2D6,4.75626277923584,0.00015055775293149054,0.00013532498269341886,0.0011601555161178112,32,0.9484307109704693,0.004569698590785265,0.0003008454223163426,0.7659603254705786,False,
90,OCNT-2534896,3,CYP3A4,4.344283103942871,1.9644812709884718e-05,1.115100829451876e-07,0.00013691386266145855,32,0.5912855154008996,0.00037189139402471483,0.38663774728775024,0.39673459739485584,False,
91,OCNT-2534899,0,CYP1A2,3.469964027404785,0.0008128065383061767,5.105979653308168e-05,0.00547525892034173,32,0.9237104297977086,0.024025827646255493,1.1335268027323764e-05,0.6501156235457455,False,
91,OCNT-2534899,1,CYP2C9,3.152860641479492,8.081478154053912e-05,3.897227725246921e-05,0.0004722612793557346,32,0.7799408340089558,0.002017233520746231,0.0020943174604326487,0.5672917272865943,False,
91,OCNT-2534899,2,CYP2D6,3.8503365516662598,0.00027529074577614665,0.00010297860717400908,0.002890682313591242,2,1.001163346895847,0.0005512420320883393,5.119045454193838e-05,0.6325669539155571,False,
91,OCNT-2534899,3,CYP3A4,2.3847978115081787,0.00024950323859229684,4.5513170334743336e-05,0.001849564490839839,32,0.8895364581226747,0.0071024359203875065,4.88211699121166e-05,0.5550575682801384,False,
92,OCNT-2534900,0,CYP1A2,4.851802349090576,0.00024072820087894797,6.70386668844003e-07,0.0009466655319556594,32,0.4362839927810571,0.0033609671518206596,0.06919890642166138,0.44856193163049785,False,
92,OCNT-2534900,1,CYP2C9,4.619404315948486,8.543103831470944e-06,3.51364207062943e-07,4.0803530282573774e-05,32,0.6101176447442666,0.00016698878607712686,0.3039364218711853,0.4018056315780346,False,
92,OCNT-2534900,2,CYP2D6,4.453123569488525,4.210005863569677e-05,1.531126031295571e-06,0.0002505463780835271,32,0.6689610823031238,0.000901439692825079,0.0005842040991410613,0.5110547953303918,False,
92,OCNT-2534900,3,CYP3A4,4.15604305267334,4.727408304461278e-05,3.0719530030864917e-08,0.00032085078419186175,32,0.5484891628815118,0.0008299138280563056,0.3717704117298126,0.3972302861707523,False,
93,OCNT-2534905,0,CYP1A2,5.05401086807251,0.000733327935449779,0.0006039401050657034,0.004379794001579285,2,1.0031982158367752,0.001471366616897285,2.4528214908059454e-06,0.624602853498508,False,
93,OCNT-2534905,1,CYP2C9,4.809789657592773,7.403517429338535e-06,5.960464477539063e-08,4.8446858272654936e-05,32,0.43480369288729215,0.0001031495921779424,0.5161778330802917,0.3195026989678833,False,
93,OCNT-2534905,2,CYP2D6,4.54282808303833,0.00015633257862646133,9.437301196157932e-05,0.0015175025910139084,32,0.9238711905921424,0.0046220929361879826,7.534839824074879e-05,0.5903267024191724,False,
93,OCNT-2534905,3,CYP3A4,4.256864070892334,7.54260181565769e-05,1.8635277228895575e-05,0.000548846204765141,32,0.7510855636108534,0.0018130849348381162,0.00010137666686205193,0.4879901027136275,False,
94,OCNT-2534908,0,CYP1A2,4.74713659286499,0.0007523095700889826,6.828570064953965e-08,0.00477210246026516,32,0.9655864340283223,0.02324574626982212,0.2275446355342865,0.636834759302781,False,
94,OCNT-2534908,1,CYP2C9,4.618307113647461,1.896730736916652e-06,0.0,1.3029231922701001e-05,32,0.431121091438216,2.6305018764105625e-05,0.7428903579711914,0.2828079576482219,False,
94,OCNT-2534908,2,CYP2D6,4.784852504730225,4.803201591130346e-05,1.1569291018531658e-06,0.00032172497594729066,32,0.8002380017276667,0.001230241497978568,0.0004474114393815398,0.5471894265565763,False,
94,OCNT-2534908,3,CYP3A4,4.273932456970215,1.615137080079876e-05,8.429369557916289e-08,0.00011234835255891085,32,0.5896234629416509,0.0003049319493584335,0.3791479766368866,0.39655311661750303,False,
95,OCNT-2534910,0,CYP1A2,4.847207546234131,0.0003255557094234973,0.00028360329451970756,0.0015480699948966503,32,0.932896572779295,0.009719012305140495,0.0011792115401476622,0.7790495359667893,False,
95,OCNT-2534910,1,CYP2C9,4.545959949493408,1.2740217243845109e-05,4.214684778958144e-08,7.924812234705314e-05,32,0.41007589923721394,0.00016731381765566766,0.5006386041641235,0.2535273660787886,False,
95,OCNT-2534910,2,CYP2D6,4.288518905639648,0.00011134488886455074,5.826804044772871e-05,0.0009486677590757608,2,1.001279924940157,0.00022299482952803373,0.00032100940006785095,0.7261432326182323,False,
95,OCNT-2534910,3,CYP3A4,3.9684205055236816,0.0001358633307972923,4.938286292599514e-05,0.0010801133466884494,32,0.90579462237926,0.0039383466355502605,4.092039307579398e-05,0.5728210476776426,False,
96,OCNT-2534912,0,CYP1A2,4.727003574371338,0.0007150627789087594,8.503133130943752e-08,0.004533152095973492,32,0.964931475738674,0.02207987941801548,0.23509031534194946,0.6366194811658346,False,
96,OCNT-2534912,1,CYP2C9,4.600002765655518,1.8023928305410664e-06,0.0,1.2326143405516632e-05,32,0.43091637636817726,2.4991672034957446e-05,0.7503098249435425,0.2822127012788019,False,
96,OCNT-2534912,2,CYP2D6,4.803356170654297,4.5656863221665844e-05,1.1457433402028983e-06,0.00030822466942481697,32,0.7999312167448418,0.0011689711827784777,0.0005096598761156201,0.544910056543046,False,
96,OCNT-2534912,3,CYP3A4,4.266879558563232,1.5343543054768816e-05,8.429369557916289e-08,0.0001067213888745755,32,0.5895803974211444,0.00028966873651370406,0.3866567611694336,0.39656986243071,False,
97,OCNT-2534913,0,CYP1A2,4.414130210876465,0.0013091776054352522,3.9123846363509074e-05,0.008170112036168575,32,0.9821517136527314,0.04114626720547676,4.7760477173142135e-06,0.696692815536339,False,
97,OCNT-2534913,1,CYP2C9,4.173995494842529,8.975605305749923e-05,3.496512726997025e-05,0.0005849761073477566,22,0.968962338169272,0.0019135583424940705,0.00020519575627986342,0.4328730248065709,False,
97,OCNT-2534913,2,CYP2D6,4.392241954803467,0.00016594756743870676,0.0001302185410168022,0.0013035140000283718,32,0.9109502684398315,0.004837730899453163,0.00020061252871528268,0.6846044496013752,False,
97,OCNT-2534913,3,CYP3A4,3.6632471084594727,4.009867552667856e-05,1.2287812012345967e-07,0.0002917734964285046,32,0.5558278672930523,0.0007133926264941692,0.29605168104171753,0.38552667607751134,False,
98,OCNT-2534915,0,CYP1A2,4.4562907218933105,0.0013181637041270733,4.0581682696938515e-05,0.008387524634599686,2,1.00048115236179,0.002637615893036127,4.5764627429889515e-06,0.7004608071932585,False,
98,OCNT-2534915,1,CYP2C9,4.21267557144165,9.309143933933228e-05,3.621226278482936e-05,0.0006067894864827394,22,0.9689248286192178,0.0019845825154334307,0.0002048268506769091,0.43308213296281056,False,
98,OCNT-2534915,2,CYP2D6,4.368641376495361,0.00017209221550729126,0.00013503340596798807,0.001351697719655931,32,0.9109592203736098,0.005016899202018976,0.00020054027845617384,0.6849588571396157,False,
98,OCNT-2534915,3,CYP3A4,3.657069683074951,5.257878001430072e-05,1.0133885552932043e-07,0.0004097351338714361,32,0.5283561126814491,0.0008891393081285059,0.2884620130062103,0.36879494713744154,False,
99,OCNT-2534916,0,CYP1A2,4.2691779136657715,0.0011136161629110575,3.419287531869486e-05,0.0070833005011081696,2,1.0003698630115012,0.0022280761040747166,5.169799806026276e-06,0.6991074973770757,False,
99,OCNT-2534916,1,CYP2C9,4.03679895401001,0.0001680576242506504,3.054158150916919e-05,0.001038800342939794,32,0.7616207091967333,0.004096121061593294,0.00020476317149586976,0.5301289266375475,False,
99,OCNT-2534916,2,CYP2D6,4.198868751525879,0.0001476119359722361,0.00011391468433430418,0.001154568511992693,32,0.9015492159602945,0.004258830100297928,0.000212455794098787,0.6076547861346517,False,
99,OCNT-2534916,3,CYP3A4,3.5757226943969727,3.50845766661223e-05,6.664001972467304e-08,0.00026262039318680763,32,0.5565417983304064,0.0006250111619010568,0.3109428882598877,0.3621315391749659,False,
100,OCNT-2534919,0,CYP1A2,4.442783832550049,0.0013222851557657123,4.086712215212174e-05,0.00840546004474163,2,1.000451303670561,0.0026457838248461485,4.3010168155888095e-06,0.7003543770871946,False,
100,OCNT-2534919,1,CYP2C9,4.1766204833984375,9.338738163933158e-05,3.6177723814034835e-05,0.0006082712789066136,22,0.9663779416574246,0.0019856577273458242,0.0002098038385156542,0.43186973853069965,False,
100,OCNT-2534919,2,CYP2D6,4.36529016494751,0.0001720930013107136,0.0001349998638033867,0.0013517047045752406,32,0.9109546382661328,0.00501689687371254,0.00020051543833687901,0.684963410491715,False,
100,OCNT-2534919,3,CYP3A4,3.6502909660339355,4.15841604990419e-05,9.884312390795458e-08,0.0003026500344276428,32,0.5558320633139405,0.0007398197776637971,0.2884244918823242,0.3850403585571107,False,
101,OCNT-2534921,0,CYP1A2,4.271721839904785,0.0010488044936209917,3.2203999580815434e-05,0.006667979061603546,32,1.0002373228795531,0.033570028841495514,5.415894975158153e-06,0.6989974407523487,False,
101,OCNT-2534921,1,CYP2C9,4.047289848327637,0.0001609142345841974,2.8740874768118374e-05,0.0010009187972173095,32,0.7651400414079986,0.003940146416425705,0.00020694732666015625,0.5326369746595556,False,
101,OCNT-2534921,2,CYP2D6,4.253098487854004,0.0001383594353683293,0.0001071915467036888,0.0010762647725641727,32,0.9042463670156276,0.004003841895610094,0.00020892286556772888,0.6476896412544048,False,
101,OCNT-2534921,3,CYP3A4,3.6059463024139404,3.306812504888512e-05,1.0323827126512697e-07,0.0002471565967425704,32,0.5560961948917423,0.0005886278231628239,0.32620978355407715,0.3588163457727436,False,
102,OCNT-2534922,0,CYP1A2,4.269278526306152,0.0010498602641746402,3.2212756195804104e-05,0.006669470574706793,32,0.9994521262225463,0.03357744216918945,5.686824806616642e-06,0.6987202447811452,False,
102,OCNT-2534922,1,CYP2C9,4.0435566902160645,0.00015795702347531915,2.8735161322401837e-05,0.0009758758824318647,32,0.7613457796959224,0.0038485608529299498,0.000205669435672462,0.5299431391517115,False,
102,OCNT-2534922,2,CYP2D6,4.2539472579956055,0.00013897127064410597,0.00010718607518356293,0.0010870408732444048,32,0.9014534845986779,0.0040091248229146,0.0002130089415004477,0.6072621798415258,False,
102,OCNT-2534922,3,CYP3A4,3.602543354034424,3.301234755781479e-05,1.2287812012345967e-07,0.0002469468745402992,32,0.5565613831622493,0.0005881268298253417,0.3188569247722626,0.3606805746629742,False,
103,OCNT-2534924,0,CYP1A2,4.83741569519043,0.0002690394758246839,0.0,0.0011573671363294125,32,0.4257533067244774,0.0036655585281550884,0.5229600667953491,0.37929935222914324,False,
103,OCNT-2534924,1,CYP2C9,4.702628135681152,9.224597306456417e-05,1.8143013221560977e-05,0.0004564582195598632,32,0.8957658679011434,0.0026444720569998026,5.611867436527973e-06,0.5557036652637313,False,
103,OCNT-2534924,2,CYP2D6,4.6004109382629395,8.111130591714755e-05,6.112348637543619e-05,0.0004928270354866982,32,0.9071962250491064,0.0023549741599708796,0.0003411760844755918,0.5387965594010098,False,
103,OCNT-2534924,3,CYP3A4,4.227345943450928,1.3010294424020685e-05,1.365714012990793e-07,9.253474127035588e-05,32,0.5770488704674851,0.00024042707809712738,0.41704532504081726,0.39958961785419683,False,
104,OCNT-2534925,0,CYP1A2,4.804929256439209,0.0004208977334201336,6.143906006172983e-08,0.001993190497159958,32,0.6079152280799841,0.008188039064407349,0.24283911287784576,0.4725257832200928,False,
104,OCNT-2534925,1,CYP2C9,4.640834331512451,0.00015527284995187074,3.943346018786542e-05,0.0008396418998017907,32,0.9590495746780744,0.004765566438436508,2.362511395403999e-06,0.6342749399371483,False,
104,OCNT-2534925,2,CYP2D6,4.46583890914917,0.00012367444287519902,4.5466174924513325e-05,0.0011929785832762718,32,0.9612997204280933,0.003804730251431465,0.00017976851086132228,0.6056769935801302,False,
104,OCNT-2534925,3,CYP3A4,4.151440620422363,1.1515149708429817e-05,5.960464477539063e-08,7.995632768142968e-05,32,0.5784232251819867,0.0002133252564817667,0.4323948323726654,0.38109361394075764,False,
105,OCNT-2534927,0,CYP1A2,4.8111042976379395,0.00030168291414156556,2.230201516795205e-06,0.0014853973407298326,32,0.7438384481980669,0.007181145250797272,0.0008867527358233929,0.6367300514045227,False,
105,OCNT-2534927,1,CYP2C9,4.607236385345459,0.0001400984328938648,5.960464477539063e-08,0.0008478511590510607,32,0.6963125696659367,0.0031218964140862226,0.318559467792511,0.4585355492457963,False,
105,OCNT-2534927,2,CYP2D6,4.543582916259766,3.8138583477120847e-05,4.4779167183151e-06,0.00029603636357933283,32,0.8163086467377683,0.0009965125937014818,0.00023226079065352678,0.4807175169109578,False,
105,OCNT-2534927,3,CYP3A4,4.276791572570801,1.1977982467215043e-05,6.828570064953965e-08,8.013230399228632e-05,32,0.4638662295852866,0.00017794624727685004,0.4929395020008087,0.42070851374265744,False,
106,OCNT-2534928,0,CYP1A2,4.959849834442139,0.0003409867058508098,3.6430824366107117e-06,0.001759258913807571,32,0.8177445397562405,0.008923142217099667,0.000757624686229974,0.6851404417571165,False,
106,OCNT-2534928,1,CYP2C9,4.679926872253418,1.0172416295972653e-05,5.960464477539063e-08,6.51077862130478e-05,32,0.4355895105436271,0.00014193131937645376,0.45550206303596497,0.3193703385008404,False,
106,OCNT-2534928,2,CYP2D6,4.68194580078125,5.5595108278794214e-05,7.915532478364184e-06,0.000378958648070693,32,0.8638903450933787,0.0015371749177575111,0.00012138756574131548,0.6296538428357361,False,
106,OCNT-2534928,3,CYP3A4,4.252042293548584,1.4845469195279293e-05,0.0,0.00010233738430542871,32,0.5696357338499096,0.00027079059509560466,0.4094255566596985,0.39809580609309975,False,
107,OCNT-2534930,0,CYP1A2,5.101068019866943,0.00031227219733409584,1.019357023324119e-05,0.0013289425987750292,32,0.6740851432369049,0.006736153271049261,0.0021954020485281944,0.6514255695106217,False,
107,OCNT-2534930,1,CYP2C9,4.927546977996826,9.078495168068912e-06,8.940696716308594e-08,6.040691732778214e-05,32,0.5442095058955361,0.00015827345487195998,0.41740667819976807,0.2919792240137892,False,
107,OCNT-2534930,2,CYP2D6,4.755621910095215,4.625225847121328e-05,6.080623279558495e-06,0.000306682544760406,32,0.811075302026853,0.0012007096083834767,0.00019105139654129744,0.6303284408542337,False,
107,OCNT-2534930,3,CYP3A4,4.521874904632568,1.1716118024196476e-05,0.0,8.169098873622715e-05,32,0.5695173524568169,0.00021370328613556921,0.4398328959941864,0.3854234731425167,False,
108,OCNT-2534933,0,CYP1A2,5.116918087005615,0.0002999466087203473,1.0254121662001126e-05,0.0012737060897052288,32,0.6743614517488087,0.006472933571785688,0.0022213358897715807,0.6523461499337522,False,
108,OCNT-2534933,1,CYP2C9,4.9445481300354,6.6020525082421955e-06,2.9802322387695312e-08,4.36338123108726e-05,32,0.43935827746925665,9.29619200178422e-05,0.5615116953849792,0.32506326631605537,False,
108,OCNT-2534933,2,CYP2D6,4.8327956199646,3.991432095062919e-05,6.003596354275942e-06,0.00028090470004826784,32,0.8989521530553984,0.0011484817368909717,0.00012537385919131339,0.6844618759735734,False,
108,OCNT-2534933,3,CYP3A4,4.526244640350342,6.885104812681675e-05,6.664001972467304e-08,0.0003252243623137474,32,0.46939382209727504,0.0010343344183638692,0.4248170852661133,0.37408589508169887,False,
109,OCNT-2534934,0,CYP1A2,4.989979267120361,0.00031939087784849107,0.00037253039772622287,0.0016939877532422543,32,0.9210668201526365,0.00941406562924385,0.004321280401200056,0.8089313919648229,False,
109,OCNT-2534934,1,CYP2C9,4.738487720489502,3.2523304980713874e-05,7.395075499516679e-06,0.00018624843505676836,32,0.885194147527073,0.0009215453173965216,0.00021008333715144545,0.3377291571958738,False,
109,OCNT-2534934,2,CYP2D6,4.573079586029053,0.0001883993681985885,8.461364632239565e-05,0.0012403498403728008,2,1.0009907635490536,0.00037719207466579974,7.51131447032094e-05,0.6875573969291662,False,
109,OCNT-2534934,3,CYP3A4,4.261865615844727,1.1756527783290949e-05,4.214684778958144e-08,8.195382542908192e-05,32,0.5688023168938245,0.0002141705044778064,0.43974483013153076,0.38960671006269365,False,
110,OCNT-2534935,0,CYP1A2,4.898759841918945,0.0005782528314739466,2.9802322387695312e-08,0.003387465374544263,32,0.7211789288598097,0.013344991020858288,0.29600855708122253,0.43718313212747406,False,
110,OCNT-2534935,1,CYP2C9,4.750375270843506,0.00044838213943876326,1.3939946256869007e-05,0.003417703090235591,32,0.8831521996378242,0.01267195213586092,0.00022952845029067248,0.6105812654769631,False,
110,OCNT-2534935,2,CYP2D6,4.506079196929932,0.00012041716399835423,7.94682782725431e-05,0.0008840489317663014,32,0.9032781519309775,0.003480935236439109,0.00017849785217549652,0.46956276125071666,False,
110,OCNT-2534935,3,CYP3A4,4.359013080596924,3.6858662497252226e-05,0.0,0.00019973269081674516,32,0.4524862544607353,0.0005338420160114765,0.5159158110618591,0.3278214410277683,False,
111,OCNT-2534937,0,CYP1A2,4.9409308433532715,0.001090572215616703,1.3471342299453681e-06,0.007158737163990736,2,1.0018246206339791,0.002185144228860736,0.0001450953132007271,0.7536844662314688,False,
111,OCNT-2534937,1,CYP2C9,4.756588459014893,0.00011509956675581634,3.0348617656272836e-05,0.0007017375319264829,2,1.0002622294111068,0.00023027950373943895,7.4374856922077015e-06,0.6445695654425901,False,
111,OCNT-2534937,2,CYP2D6,4.6062331199646,0.0002107197797158733,9.319305536337197e-05,0.001842366997152567,32,0.9577399320405934,0.00645837839692831,0.00013429422688204795,0.6099347753713236,False,
111,OCNT-2534937,3,CYP3A4,4.2908148765563965,3.2615109375910833e-05,2.9802322387695312e-08,0.00018518485012464225,32,0.48295671022784276,0.0005042084958404303,0.41706383228302,0.37451589680531167,False,
112,OCNT-2534938,0,CYP1A2,4.2928690910339355,0.0010504972888156772,3.246903361286968e-05,0.006675259210169315,32,1.0000180745201268,0.033616840839385986,5.474596491694683e-06,0.6988086042699881,False,
112,OCNT-2534938,1,CYP2C9,4.045710563659668,0.00015820971748325974,2.8730675694532692e-05,0.0009785378351807594,32,0.7611953793349542,0.0038539557717740536,0.00020743410277646035,0.5299715629711903,False,
112,OCNT-2534938,2,CYP2D6,4.256724834442139,0.00013889200636185706,0.00010718219709815457,0.0010856306180357933,32,0.9018450100222413,0.004008578602224588,0.00021222143550403416,0.6077774378348679,False,
112,OCNT-2534938,3,CYP3A4,3.6003146171569824,3.302324694232084e-05,1.115100829451876e-07,0.00024753069737926126,32,0.5565059919922974,0.0005882623954676092,0.31876325607299805,0.3603935157032896,False,
113,OCNT-2534939,0,CYP1A2,4.269557952880859,0.0010788094950839877,3.315277717774734e-05,0.006862172856926918,2,1.00035827178495,0.0021584120113402605,5.4285383157548495e-06,0.6989274341379517,False,
113,OCNT-2534939,1,CYP2C9,4.041086673736572,0.00016296135436277837,2.9578084649983793e-05,0.0010072891600430012,32,0.7616105722678815,0.003971862606704235,0.00020545811275951564,0.5300999612220467,False,
113,OCNT-2534939,2,CYP2D6,4.2266740798950195,0.00014309425023384392,0.00011042126425309107,0.0011184635804966092,32,0.9018613619219148,0.004129926208406687,0.00021209409169387072,0.6079342816035429,False,
113,OCNT-2534939,3,CYP3A4,3.5899133682250977,3.402120273676701e-05,9.42432194506182e-08,0.0002546902687754482,32,0.5565273190416913,0.0006060574087314308,0.3112531006336212,0.3620378141920005,False,
114,OCNT-2534942,0,CYP1A2,4.268970966339111,0.0011605992913246155,3.538915188983083e-05,0.0073713380843400955,2,1.0003157713396986,0.0023219515569508076,5.452018740470521e-06,0.7002667235552997,False,
114,OCNT-2534942,1,CYP2C9,4.032138824462891,0.00017347841640003026,3.1550189305562526e-05,0.0010723064187914133,32,0.7616200904377018,0.004228232428431511,0.00020506707369349897,0.5301299980093047,False,
114,OCNT-2534942,2,CYP2D6,4.169250965118408,0.00015241843357216567,0.00011753397120628506,0.0011926396982744336,32,0.9013448487568017,0.004396498668938875,0.00021303784160409123,0.6073550101828395,False,
114,OCNT-2534942,3,CYP3A4,3.560551881790161,3.621598079917021e-05,1.0323827126512697e-07,0.00027109275106340647,32,0.556545475256078,0.0006451649824157357,0.31113401055336,0.36220016912666286,False,
115,OCNT-2534943,0,CYP1A2,4.269314765930176,0.0010920637287199497,3.324951103422791e-05,0.0069275107234716415,32,0.9993197945968619,0.03492258861660957,5.7522997849446256e-06,0.6998790035125693,False,
115,OCNT-2534943,1,CYP2C9,4.039555549621582,0.00016274327936116606,2.962036342069041e-05,0.001005446771159768,32,0.7613455133360584,0.003965167328715324,0.00020555383525788784,0.5299189625727292,False,
115,OCNT-2534943,2,CYP2D6,4.227624416351318,0.00014322518836706877,0.00011045695282518864,0.0011207577772438526,32,0.9012459073360835,0.004130884073674679,0.00021350970200728625,0.6068379470991597,False,
115,OCNT-2534943,3,CYP3A4,3.5891780853271484,3.401231879252009e-05,1.0745380052412656e-07,0.00025443430058658123,32,0.5565842096143943,0.0006059611332602799,0.31124523282051086,0.3606024501643679,False,
116,OCNT-2534947,0,CYP1A2,4.768820285797119,0.00034867654903791845,6.582810385680204e-08,0.0017255624989047647,32,0.6823733894711407,0.007613901514559984,0.23527446389198303,0.5386271914804435,False,
116,OCNT-2534947,1,CYP2C9,4.615171909332275,0.00017748978279996663,1.5814344806130975e-05,0.0011388030834496021,32,0.6976163903898457,0.003962456248700619,0.00015209299453999847,0.4633392652568744,False,
116,OCNT-2534947,2,CYP2D6,4.638179302215576,0.00011038071534130722,4.841962072532624e-05,0.0008811464649625123,32,0.9499399439101314,0.003355665598064661,0.00013426307123154402,0.5161550819956566,False,
116,OCNT-2534947,3,CYP3A4,4.3809428215026855,1.2949493793712463e-05,0.0,7.944593380670995e-05,32,0.3823089250002474,0.00015854496450629085,0.6367422342300415,0.2605089942442239,False,
117,OCNT-2534948,0,CYP1A2,4.515867233276367,0.0008484282880090177,6.838723720647977e-08,0.005059726070612669,32,0.9013430983949585,0.02447148784995079,0.18985912203788757,0.6532570234085828,False,
117,OCNT-2534948,1,CYP2C9,4.325807571411133,0.00017584185115993023,1.4107868992141448e-05,0.001163119450211525,32,0.7371569304268446,0.0041481731459498405,0.00014511246990878135,0.49311255229866985,False,
117,OCNT-2534948,2,CYP2D6,4.410123348236084,0.00010335978731745854,4.334413824835792e-05,0.0008883384871296585,32,0.9359041936218798,0.00309581495821476,0.0001530927256681025,0.5801600958138435,False,
117,OCNT-2534948,3,CYP3A4,3.9745664596557617,1.542555219202768e-05,4.214684778958144e-08,0.00011439908121246845,32,0.481191953675472,0.00023767883249092847,0.42479208111763,0.3575745738763466,False,
118,OCNT-2534949,0,CYP1A2,4.851847171783447,0.00035192479845136404,8.73895623954013e-06,0.0017755607841536403,32,0.6898036829223657,0.007768509443849325,0.00021403847495093942,0.5704921309358042,False,
118,OCNT-2534949,1,CYP2C9,4.688644886016846,0.00019321998115628958,2.345393477298785e-05,0.0014083494897931814,32,0.9734582322333288,0.006019242107868195,1.0424942956888117e-05,0.6351895768552442,False,
118,OCNT-2534949,2,CYP2D6,4.514514923095703,0.00014623459719587117,6.202937220223248e-05,0.0012003718875348568,32,0.9021131678653377,0.004221733659505844,0.0001633700157981366,0.6132526050506195,False,
118,OCNT-2534949,3,CYP3A4,4.212269306182861,5.956004679319449e-05,1.1341467143211048e-05,0.0003868515486828983,32,0.9430993703229519,0.001797775155864656,6.333851342787966e-05,0.5752512618487045,False,
119,OCNT-2534950,0,CYP1A2,5.027707576751709,0.00036438513780012727,2.9802322387695312e-08,0.0017422523815184832,32,0.6852423785437831,0.007990367710590363,0.20510081946849823,0.5575288466745193,False,
119,OCNT-2534950,1,CYP2C9,4.877609729766846,8.885619172360748e-05,2.2108975826995447e-05,0.0005133252707310021,32,0.9701291095408974,0.0027587737422436476,5.187410351936705e-06,0.6034828751774433,False,
119,OCNT-2534950,2,CYP2D6,4.780731678009033,0.0001672846992732957,6.491108797490597e-05,0.0013337316922843456,32,0.8619930921105314,0.004614620003849268,0.00017358182230964303,0.5963072973223684,False,
119,OCNT-2534950,3,CYP3A4,4.468883037567139,1.2306068128964398e-06,0.0,5.726492418034468e-06,32,0.3450433621424919,1.3698020666197408e-05,0.8184210658073425,0.25922541325375353,True,curved
120,OCNT-2534951,0,CYP1A2,5.059319972991943,0.0002752448199316859,2.9802322387695312e-08,0.0013654150534421206,32,0.7319402186297488,0.006447042338550091,0.22005723416805267,0.5849783262524486,False,
120,OCNT-2534951,1,CYP2C9,4.927433490753174,7.383713818853721e-05,1.8508184439269826e-05,0.0004259970737621188,32,0.9673221085660757,0.0022858870215713978,8.535204869986046e-06,0.6025995126060928,False,
120,OCNT-2534951,2,CYP2D6,4.831995487213135,0.00014230891247279942,5.456370490719564e-05,0.0011537441750988364,32,0.8543674979376038,0.003890964901074767,0.00018153090786654502,0.5934021338223778,False,
120,OCNT-2534951,3,CYP3A4,4.514315128326416,1.3832770946464734e-06,0.0,7.240626473503653e-06,32,0.3512087145707351,1.565859383845236e-05,0.8108940124511719,0.2416493700062068,False,
121,OCNT-2534952,0,CYP1A2,4.7777323722839355,0.0004083851526957005,5.132092337589711e-05,0.0020170495845377445,32,0.7673490571143249,0.010028212331235409,4.124912265979219e-06,0.5538704222334623,False,
121,OCNT-2534952,1,CYP2C9,4.571055889129639,8.86934794834815e-05,2.091642454615794e-05,0.0004910405841656029,32,0.9298734794014389,0.002639456419274211,1.3052514077571686e-05,0.5627550992283958,False,
121,OCNT-2534952,2,CYP2D6,4.526390075683594,0.0001623702992219478,6.209241837495938e-05,0.0014760758494958282,32,0.8957079837555577,0.00465425057336688,0.00014202026068232954,0.5811501679813005,False,
121,OCNT-2534952,3,CYP3A4,4.0567545890808105,1.2602338756551035e-05,2.9802322387695312e-08,8.527474710717797e-05,32,0.5629659933355684,0.00022721017012372613,0.43219804763793945,0.3587262190629187,False,
122,OCNT-2534953,0,CYP1A2,4.672702789306641,0.0004481664509512484,4.416055526235141e-05,0.0019698631949722767,32,0.6829419397418787,0.009794511832296848,0.0016795988194644451,0.6878697080460241,False,
122,OCNT-2534953,1,CYP2C9,4.274857521057129,5.60479675186798e-05,1.800322388589848e-05,0.0003663916722871363,32,0.7866768035661627,0.0014111840864643455,0.00027727268752641976,0.42976037231664477,False,
122,OCNT-2534953,2,CYP2D6,4.2855143547058105,0.0002071987692033872,0.00016816229617688805,0.0017923740670084953,32,0.9693580539126135,0.006427503656595945,0.00014275312423706055,0.7418029028654087,False,
122,OCNT-2534953,3,CYP3A4,3.74324893951416,0.000266769144218415,0.0001606695877853781,0.002056279918178916,19,0.9932029425811901,0.005034350790083408,3.6563837056746706e-05,0.6105578430969486,False,
123,OCNT-2534954,0,CYP1A2,4.862157821655273,0.0001879873889265582,1.8786198779707775e-05,0.0006529218517243862,32,0.6054784606268897,0.003642507828772068,0.002689816290512681,0.6796541586390641,False,
123,OCNT-2534954,1,CYP2C9,4.673726558685303,1.0037550964625552e-05,1.519626238177807e-07,6.267775461310521e-05,32,0.6271094152642737,0.00020162924192845821,0.31898993253707886,0.2768120276423386,False,
123,OCNT-2534954,2,CYP2D6,4.684104919433594,4.8530968342674896e-05,5.08974471813417e-06,0.000339884078130126,32,0.726907027334209,0.001129112672060728,0.00022867682855576277,0.5705480434903644,False,
123,OCNT-2534954,3,CYP3A4,4.214398384094238,1.0107964953931514e-05,8.429369557916289e-08,7.234660733956844e-05,32,0.5651198791790902,0.00018297162023372948,0.4625207185745239,0.37812181251161847,False,
124,OCNT-2534955,0,CYP1A2,4.942733287811279,0.00022508122492581606,4.15669237554539e-05,0.0010714827803894877,32,0.720564588466814,0.005190168507397175,6.966518412809819e-06,0.48419624130102445,False,
124,OCNT-2534955,1,CYP2C9,4.707550525665283,8.493902714690194e-05,4.534561594482511e-05,0.0004422035999596119,32,0.983469349786112,0.0026734324637800455,3.50037298630923e-05,0.5431255352599667,False,
124,OCNT-2534955,2,CYP2D6,4.500255107879639,0.00017292248958256096,0.00014013289182912558,0.0014280410250648856,32,0.9173896648910694,0.005076687317341566,0.00018395167717244476,0.6250779266148287,False,
124,OCNT-2534955,3,CYP3A4,4.26041316986084,1.1119567716377787e-05,8.940696716308594e-08,7.673376239836216e-05,32,0.5617006572957592,0.0002000475360546261,0.4473600387573242,0.40344212452667977,False,
125,OCNT-2534956,0,CYP1A2,4.801201343536377,0.00104260235093534,9.127359953708947e-05,0.006172566208988428,2,1.001451668316984,0.002088251756504178,1.5605579619659693e-06,0.6331592659188832,False,
125,OCNT-2534956,1,CYP2C9,4.572105884552002,0.00012469796638470143,2.7618656531558372e-05,0.0007386406068690121,2,1.00018854497794,0.0002494629588909447,2.889831921493169e-05,0.5547592312117282,False,
125,OCNT-2534956,2,CYP2D6,4.684195518493652,0.00029275441193021834,0.00021424669830594212,0.002288226969540119,32,0.9291761863664291,0.008704951032996178,0.00011866787826875225,0.5988393050101448,False,
125,OCNT-2534956,3,CYP3A4,4.1601033210754395,1.1502535926410928e-05,1.0745380052412656e-07,7.818393351044506e-05,32,0.5620224029789853,0.0002070496993837878,0.4397999942302704,0.35644700387746975,False,
126,OCNT-2534958,0,CYP1A2,4.647779941558838,0.0001344496413366869,3.323199416627176e-05,0.0005308283725753427,32,0.591656412488127,0.0025457250885665417,9.091514584724791e-06,0.45063422064059455,False,
126,OCNT-2534958,1,CYP2C9,4.459149360656738,1.287913528358331e-05,2.995096224367444e-07,7.17493167030625e-05,32,0.6773748627894873,0.0002793848398141563,0.22789259254932404,0.31531997874024487,False,
126,OCNT-2534958,2,CYP2D6,4.8378586769104,6.272734026424587e-05,1.0280721198796527e-06,0.0004453650035429746,32,0.7252015722382034,0.0014559109695255756,0.0007274539093486965,0.4884187399373515,False,
126,OCNT-2534958,3,CYP3A4,4.039479732513428,9.509141818853095e-06,2.9802322387695312e-08,7.217063830466941e-05,32,0.5521527049155379,0.0001681926369201392,0.4776340425014496,0.36335920918840253,False,
127,OCNT-2534959,0,CYP1A2,4.673859119415283,0.0001264804304810241,4.8876532673602924e-05,0.0005898532690480351,32,0.7611550138710205,0.0030809224117547274,3.407850499570486e-06,0.5231905860121884,False,
127,OCNT-2534959,1,CYP2C9,4.473053455352783,1.843897371145431e-05,1.282885250475374e-06,0.00010212993947789073,32,0.8269748017421081,0.0004882187640760094,0.0003565509105101228,0.39192335797450906,False,
127,OCNT-2534959,2,CYP2D6,4.705931663513184,7.448277028743178e-05,1.388289319947944e-06,0.0005811683950014412,32,0.7126939326082229,0.0016988974530249834,0.0007108020945452154,0.49199985833887994,False,
127,OCNT-2534959,3,CYP3A4,4.0370001792907715,1.2687698472291231e-05,0.0,8.872929902281612e-05,32,0.5611214537157734,0.00022799843281973153,0.43971529603004456,0.3693637420442051,False,
128,OCNT-2534960,0,CYP1A2,4.3902106285095215,0.0007084731478244066,0.00042021702392958105,0.004472207743674517,2,1.0025502875059773,0.0014205799670889974,1.0721159924287349e-05,0.6581414753948318,False,
128,OCNT-2534960,1,CYP2C9,4.031158924102783,3.515516800689511e-05,1.2731557319511921e-07,0.00022716159583069384,32,0.5840555938257521,0.0006572292186319828,0.30354782938957214,0.43376937725160336,False,
128,OCNT-2534960,2,CYP2D6,3.8004560470581055,0.00011675962014123797,3.205503526260145e-05,0.0008163609309121966,32,0.94031262816249,0.0035135983489453793,3.237525743315928e-05,0.5791706879109613,False,
128,OCNT-2534960,3,CYP3A4,3.246960163116455,0.00023203900491353124,3.641182411229238e-05,0.0017025066772475839,32,0.8855131425292976,0.006575438193976879,6.400681013474241e-05,0.5348844331103975,False,
129,OCNT-2534962,0,CYP1A2,4.320736408233643,0.0006104958592914045,6.342109554680064e-05,0.004036964848637581,32,0.9498846099013017,0.018557123839855194,1.7918420780915767e-05,0.6718228018709655,False,
129,OCNT-2534962,1,CYP2C9,3.9774162769317627,2.4404502255492844e-05,6.664001972467304e-08,0.000172033702256158,32,0.6686451546543717,0.0005223884363658726,0.3112160265445709,0.42513734453714214,False,
129,OCNT-2534962,2,CYP2D6,3.8916282653808594,0.00011795736645581201,3.108988676103763e-05,0.0008587405318394303,32,0.9322272074386988,0.003519116435199976,4.365407949080691e-05,0.6119059866865415,False,
129,OCNT-2534962,3,CYP3A4,3.199561357498169,0.00023725283972453326,3.838655902654864e-05,0.0017370351124554873,32,0.8685681917576319,0.006594526581466198,8.935774530982599e-05,0.4974343334535004,False,
130,OCNT-2534963,0,CYP1A2,4.363763332366943,0.0004196818044874817,3.8396621675929055e-05,0.0028081065975129604,32,0.9369472237636018,0.012583330273628235,2.5043433197424747e-05,0.6693510252540972,False,
130,OCNT-2534963,1,CYP2C9,4.072142601013184,2.697827403608244e-05,9.431681746718823e-08,0.00017647641652729362,32,0.5896376124826328,0.0005092256469652057,0.3337545692920685,0.43407374313430613,False,
130,OCNT-2534963,2,CYP2D6,4.10895299911499,0.00011796774197136983,2.381841477472335e-05,0.000924089050386101,32,0.818614614663265,0.0030905057210475206,0.00010540991206653416,0.5469535497777892,False,
130,OCNT-2534963,3,CYP3A4,3.409144401550293,0.0001731177617330104,2.886058427975513e-05,0.0012643461814150214,32,0.8875444085548952,0.0049170744605362415,6.27849149168469e-05,0.5353010771424648,False,
131,OCNT-2534964,0,CYP1A2,4.393280029296875,0.0004442229983396828,9.159937326330692e-05,0.003239886835217476,11,0.9838920247090851,0.0048078503459692,6.915493486303603e-06,0.7116276634687548,False,
131,OCNT-2534964,1,CYP2C9,4.132719993591309,2.5287723474320956e-05,6.62036086396256e-07,0.0001739723957143724,32,0.701782598132373,0.000568112067412585,0.0840432420372963,0.5073285571817457,False,
131,OCNT-2534964,2,CYP2D6,4.2322587966918945,0.0001901176292449236,2.0278328520362265e-05,0.001488841138780117,32,0.8225059655180196,0.005004195496439934,3.9250560803338885e-05,0.5459632751321712,False,
131,OCNT-2534964,3,CYP3A4,3.417123794555664,0.00018595135770738125,3.1799470889382064e-05,0.0013597994111478329,32,0.8691060873315531,0.005171844735741615,8.894277561921626e-05,0.49560089349556746,False,
132,OCNT-2534965,0,CYP1A2,4.657470703125,0.0005584321334026754,0.0003345143632031977,0.0028893575072288513,32,0.9202047355451257,0.016444195061922073,5.1892617193516344e-05,0.6952835634612321,False,
132,OCNT-2534965,1,CYP2C9,4.241026878356934,1.869498737505637e-05,5.960464477539063e-08,0.00010956982441712171,32,0.39802558819104444,0.00023824203526601195,0.5839022397994995,0.257546225169813,False,
132,OCNT-2534965,2,CYP2D6,3.985929012298584,0.00013291076174937189,5.5188989790622145e-05,0.001128222793340683,2,1.0023293446561767,0.00026646076003089547,0.00012393927318044007,0.7550728912162259,False,
132,OCNT-2534965,3,CYP3A4,3.6111860275268555,0.0001469968119636178,5.313233123160899e-05,0.0011668992228806019,32,0.9052911999021626,0.004258687142282724,4.334657569415867e-05,0.5810346073291165,False,
133,OCNT-2534966,0,CYP1A2,4.798973560333252,0.00027849143953062594,2.4971612219815142e-05,0.0010099480859935284,32,0.6499164731385563,0.00579208554700017,0.0027915514074265957,0.715172899866301,False,
133,OCNT-2534966,1,CYP2C9,4.570136070251465,8.93041487870505e-06,5.960464477539063e-08,5.5267333664232865e-05,32,0.39785105769517576,0.00011382251250324771,0.5993260145187378,0.3463798049641744,False,
133,OCNT-2534966,2,CYP2D6,4.677958011627197,5.5011398217175156e-05,8.217068170779385e-06,0.0004091259033884853,32,0.9103538860107134,0.001602846197783947,8.803921809885651e-05,0.6592020283712657,False,
133,OCNT-2534966,3,CYP3A4,4.165688991546631,1.584152960276697e-05,6.664001972467304e-08,0.00010911707067862153,32,0.5698736333857788,0.0002890678006224334,0.3944835662841797,0.3935215867731553,False,
134,OCNT-2534967,0,CYP1A2,4.806777477264404,0.00027959237922914326,2.596618651296012e-05,0.0010118907084688544,32,0.6508738893774998,0.0058235484175384045,0.0027994997799396515,0.7165240234604182,False,
134,OCNT-2534967,1,CYP2C9,4.582486629486084,8.765648999542464e-06,0.0,5.747006071032956e-05,32,0.38839982584984967,0.00010907073738053441,0.6444295048713684,0.30647760121423695,False,
134,OCNT-2534967,2,CYP2D6,4.717743396759033,5.715051884180866e-05,8.457980584353209e-06,0.00042753503657877445,32,0.9038012332150627,0.001653175917454064,6.471484084613621e-05,0.649134284417775,False,
134,OCNT-2534967,3,CYP3A4,4.203246593475342,1.573979898239486e-05,2.9802322387695312e-08,0.00010805980127770454,32,0.569833421391314,0.00028719237889163196,0.4019760489463806,0.39307816887540414,False,
135,OCNT-2534968,0,CYP1A2,4.798675060272217,0.00027955553377978504,2.5904253561748192e-05,0.0010116474004462361,32,0.6508406809302464,0.005822483915835619,0.00279991514980793,0.716529188248944,False,
135,OCNT-2534968,1,CYP2C9,4.569546222686768,8.78348419064423e-06,2.9802322387695312e-08,5.4547490435652435e-05,32,0.4047432975841183,0.00011389132123440504,0.576487123966217,0.3463533777673159,False,
135,OCNT-2534968,2,CYP2D6,4.676940441131592,5.573746966547333e-05,8.461655852443073e-06,0.00039014776120893657,32,0.9050710178709442,0.001614573411643505,8.719301695236936e-05,0.6942589529372929,False,
135,OCNT-2534968,3,CYP3A4,4.164474010467529,1.5747742509120144e-05,1.0745380052412656e-07,0.00010831474355654791,32,0.5697446564726351,0.00028729246696457267,0.3944343030452728,0.39288556247436746,False,
136,OCNT-2534969,0,CYP1A2,4.808231353759766,0.00036691315472126007,4.4277669076109305e-05,0.0018358039669692516,32,0.7776550086121433,0.009130868129432201,4.462672222871333e-06,0.5582928549121472,False,
136,OCNT-2534969,1,CYP2C9,4.619653224945068,7.162016117945313e-05,1.9143692043144256e-05,0.0004204440047033131,26,0.9913535771898543,0.001846281229518354,3.205646135029383e-05,0.5786579787024133,False,
136,OCNT-2534969,2,CYP2D6,4.689147472381592,0.00014980731066316366,5.6907851103460416e-05,0.0013595419004559517,32,0.8921190304575186,0.004276955965906382,0.0001432520803064108,0.5788056266319158,False,
136,OCNT-2534969,3,CYP3A4,4.1726460456848145,1.1504196663736366e-05,2.9802322387695312e-08,7.779781299177557e-05,32,0.5628849032182722,0.00020739735919050872,0.44731464982032776,0.3617484817297707,False,
137,OCNT-2534972,0,CYP1A2,5.170862197875977,0.0004204557044431567,8.429369557916289e-08,0.0018692906014621258,32,0.6374392339055803,0.008576682768762112,0.2200900763273239,0.5598436700090441,False,
137,OCNT-2534972,1,CYP2C9,5.024693012237549,9.859227429842576e-05,2.7705598768079653e-05,0.0005613871617242694,32,0.984269728484841,0.0031056394800543785,5.407315256888978e-06,0.6047880052618055,False,
137,OCNT-2534972,2,CYP2D6,4.7691826820373535,0.0002105377643601969,0.0002005581627599895,0.0016484529478475451,32,0.9220740159130792,0.006212499924004078,7.991086022229865e-05,0.6186685344097211,False,
137,OCNT-2534972,3,CYP3A4,4.596863269805908,1.714573045319412e-05,3.341217734487145e-06,8.03716029622592e-05,32,0.8531741445610805,0.0004683784209191799,0.0001065830365405418,0.5150672598778283,False,
138,OCNT-2534974,0,CYP1A2,4.831160068511963,0.0001441144268028438,4.223347787046805e-05,0.0006147489766590297,32,0.6748642734850643,0.0031124616507440805,4.066662313562119e-06,0.4892788698319389,False,
138,OCNT-2534974,1,CYP2C9,4.600679874420166,0.00023057826911099255,2.3568189135403372e-05,0.0018349011661484838,2,1.0026534808025056,0.00046240026131272316,0.00019799669098574668,0.6565056926349537,False,
138,OCNT-2534974,2,CYP2D6,4.683712005615234,5.114276791573502e-05,1.2915103297927999e-06,0.0003458262071944773,32,0.7286625892916384,0.0011927394662052393,0.0005454999045468867,0.5137941607362954,False,
138,OCNT-2534974,3,CYP3A4,4.175937652587891,8.892251207726076e-05,2.7939677238464355e-07,0.0006700054509565234,32,0.7137709154939692,0.002031278098002076,0.15962111949920654,0.4115804907908305,False,
139,OCNT-2534975,0,CYP1A2,4.288825988769531,0.0007611378678120673,3.917070716852322e-05,0.004434123169630766,32,0.8070676343679436,0.019657529890537262,1.2541358955786563e-05,0.6220073174276093,False,
139,OCNT-2534975,1,CYP2C9,4.040400505065918,0.00015802776033524424,3.459170329733752e-05,0.000929510104469955,32,0.9280624665057858,0.004693405237048864,4.80765629617963e-06,0.569165424848512,False,
139,OCNT-2534975,2,CYP2D6,4.102562427520752,0.00015968261868692935,5.336227695806883e-05,0.0015066489577293396,32,0.9167613667554562,0.004684800747781992,8.490952313877642e-05,0.5818936736956497,False,
139,OCNT-2534975,3,CYP3A4,3.384805679321289,0.00016764624160714447,2.975089410028886e-05,0.001218278892338276,32,0.8873707900219094,0.004760744050145149,6.189355190144852e-05,0.5376406808894786,False,
140,OCNT-2534976,0,CYP1A2,4.839684009552002,0.0001447001995984465,5.601413067779504e-05,0.0006447990308515728,32,0.718470837237822,0.0033270418643951416,3.04615855384327e-06,0.5021005406286643,False,
140,OCNT-2534976,1,CYP2C9,4.664637088775635,1.4961165106797125e-05,7.45207046293217e-07,8.557697583455592e-05,32,0.781057186130612,0.0003741867549251765,0.053694888949394226,0.35932192344486424,False,
140,OCNT-2534976,2,CYP2D6,4.716604709625244,0.00019817847351077944,2.091341775667388e-05,0.0013354256516322494,32,0.7551616673000145,0.004789258819073439,0.00010258049587719142,0.5226782122538038,False,
140,OCNT-2534976,3,CYP3A4,4.147775173187256,4.291657387511805e-05,1.0745380052412656e-07,0.00024476880207657814,32,0.4785350687633725,0.0006573398713953793,0.41730785369873047,0.36532737568521845,False,
141,OCNT-2534977,0,CYP1A2,4.337856292724609,0.0007317677373066545,1.9110284483758733e-05,0.005132497288286686,2,1.0050126451053605,0.001470891758799553,0.0001142557812272571,0.7855981170689166,False,
141,OCNT-2534977,1,CYP2C9,3.8864567279815674,6.801165000069886e-05,4.335348421591334e-05,0.0004336045531090349,19,0.9626361836096958,0.0012441219296306372,0.00042724609375,0.4833554020697359,False,
141,OCNT-2534977,2,CYP2D6,3.720796585083008,0.0001775385462678969,5.146580588188954e-05,0.0017469509039074183,12,0.9959039135176468,0.00212185550481081,0.00021196088346187025,0.6984812699140902,False,
141,OCNT-2534977,3,CYP3A4,3.1060338020324707,0.00019393739057704806,6.139167817309499e-05,0.0016584200784564018,32,0.8808493712384476,0.005466829985380173,3.407082840567455e-05,0.5613905403079057,False,
142,OCNT-2534978,0,CYP1A2,4.773691654205322,0.00043099524918943644,7.451471901731566e-05,0.0017282994231209159,32,0.549054395074359,0.007572650443762541,1.514364339527674e-05,0.3905997195803368,False,
142,OCNT-2534978,1,CYP2C9,4.513364315032959,6.224801472853869e-05,6.256659980863333e-05,0.00033857417292892933,4,0.9993776334066773,0.0002488770696800202,0.00012227034312672913,0.46197296822372746,False,
142,OCNT-2534978,2,CYP2D6,4.473134517669678,4.751868254970759e-05,1.5149432783800876e-06,0.0003017232520505786,32,0.8325480820045423,0.0012662372319027781,0.00040515759610570967,0.5619672902828935,False,
142,OCNT-2534978,3,CYP3A4,4.061249732971191,1.3643564670928754e-05,9.42432194506182e-08,9.349538595415652e-05,32,0.562590967164168,0.00024580390891060233,0.42482471466064453,0.35891776948135456,False,
143,OCNT-2534979,0,CYP1A2,4.790651321411133,0.00043106568045914173,7.446808012900874e-05,0.0017313596326857805,32,0.5491871479197796,0.007575719151645899,1.4468124390987214e-05,0.3899510044101971,False,
143,OCNT-2534979,1,CYP2C9,4.5626091957092285,2.6818721380550414e-05,1.0614564416755456e-05,0.00014800354256294668,32,0.9768962041620602,0.0008386840345337987,0.00017401034710928798,0.44855686886902935,False,
143,OCNT-2534979,2,CYP2D6,4.636509418487549,0.00019269184849690646,0.00023783247161190957,0.0011846291599795222,32,0.9618307608582726,0.005931090097874403,4.518573769018985e-05,0.5576463119057511,False,
143,OCNT-2534979,3,CYP3A4,4.121701717376709,1.472931126045296e-05,1.3668567078184424e-07,0.00011093548528151587,32,0.5796246099666611,0.0002733845612965524,0.36441075801849365,0.4227545014256465,False,
144,OCNT-2534980,0,CYP1A2,4.822299480438232,0.0007780977175571024,1.4121458661975339e-05,0.0053676399402320385,2,1.004179614306416,0.0015627198154106736,4.3239557271590456e-05,0.7436786149371566,False,
144,OCNT-2534980,1,CYP2C9,4.554514408111572,6.398687401087955e-05,3.991706034867093e-05,0.00040197191992774606,20,0.9812757512150051,0.0012559716124087572,0.0001477725600125268,0.49886606551121504,False,
144,OCNT-2534980,2,CYP2D6,4.4348883628845215,0.00015000731218606234,4.3378320697229356e-05,0.0012638987973332405,32,0.9798744827902652,0.004703940358012915,0.00015561508189421147,0.6663302477274852,False,
144,OCNT-2534980,3,CYP3A4,4.038924217224121,4.3610853026621044e-05,2.5604970232961932e-06,0.0003881432639900595,32,0.7328780162474149,0.0010230004554614425,0.00013828277587890625,0.46656140114667244,False,
145,OCNT-2534981,0,CYP1A2,4.794704914093018,1.919210444611963e-05,0.0,8.744763908907771e-05,32,0.2698557509370571,0.0001658175460761413,0.712422251701355,0.23565889192311157,True,recurrence
145,OCNT-2534981,1,CYP2C9,4.692383289337158,0.00025070965057238936,2.9802322387695312e-08,0.0014934513019397855,32,0.6706575104185932,0.005380704533308744,0.28056058287620544,0.45821951069168615,False,
145,OCNT-2534981,2,CYP2D6,4.5855889320373535,0.00010201227269135416,4.5653723645955324e-05,0.0005921726115047932,32,0.6954510892867264,0.0022704480215907097,0.00031782189034856856,0.4803446241197532,False,
145,OCNT-2534981,3,CYP3A4,4.429773807525635,2.0637868146877736e-05,0.0,0.00012433755910024047,32,0.38419793755193293,0.0002538517874199897,0.6062279343605042,0.27711788160347706,False,
146,OCNT-2534982,0,CYP1A2,4.659393787384033,0.000117327923362609,6.556510925292969e-07,0.0005912875640206039,32,0.6364290569523854,0.0023896724451333284,0.1142234206199646,0.45270627018089943,False,
146,OCNT-2534982,1,CYP2C9,4.487378120422363,0.0003113171551376581,1.0772704627015628e-05,0.0019397784490138292,32,0.6804119963078823,0.006778583396226168,0.00015567197988275439,0.47096220322982196,False,
146,OCNT-2534982,2,CYP2D6,4.46000862121582,0.00013733124069403857,0.00011388219718355685,0.0009839865379035473,32,0.8983539578998442,0.00394819350913167,0.0002206198259955272,0.49902392196536444,False,
146,OCNT-2534982,3,CYP3A4,4.305811405181885,2.2620375602855347e-05,0.0,0.00013132262392900884,32,0.3848783061722805,0.000278718100162223,0.5915307998657227,0.28825510096313867,False,
147,OCNT-2534983,0,CYP1A2,4.913625240325928,0.00012543646153062582,0.0,0.0006345791625790298,32,0.6310941710172018,0.002533392980694771,0.3943708539009094,0.4567206487452236,False,
147,OCNT-2534983,1,CYP2C9,4.800111293792725,0.00020476289500948042,1.2530485946626868e-05,0.0013466188684105873,32,0.7247940225520433,0.004749381449073553,0.00014663193724118173,0.48098179848357253,False,
147,OCNT-2534983,2,CYP2D6,4.734594345092773,0.00015300487575586885,0.00013287308684084564,0.0010733527597039938,32,0.930553675918552,0.004556433763355017,0.00015403555880766362,0.5228858173682256,False,
147,OCNT-2534983,3,CYP3A4,4.5747551918029785,3.7164147215662524e-05,0.0,0.00018559298769105226,32,0.452517206294604,0.00053830211982131,0.5230265855789185,0.3010698927405385,False,
148,OCNT-2534984,0,CYP1A2,4.549760818481445,0.00016679706459399313,0.0,0.0008391957962885499,32,0.6286902659617769,0.003355839289724827,0.37177297472953796,0.4607104234449969,False,
148,OCNT-2534984,1,CYP2C9,4.420817852020264,0.00026137163513340056,1.676486135693267e-05,0.001682015135884285,32,0.6978661943704874,0.005837101023644209,0.00014861921954434365,0.4623297031586691,False,
148,OCNT-2534984,2,CYP2D6,4.5039381980896,0.0002031302428804338,0.00017714574642013758,0.001428210292942822,32,0.9339308311409441,0.0060710059478878975,0.00013352750102058053,0.5809042091693908,False,
148,OCNT-2534984,3,CYP3A4,4.178461074829102,1.8203976651420817e-05,0.0,0.00010737148113548756,32,0.37306120844414425,0.00021743770048487931,0.6214229464530945,0.2673455934804306,False,
149,OCNT-2534985,0,CYP1A2,4.660374641418457,0.00022420950699597597,4.9425412726122886e-05,0.0011339420452713966,32,0.5743035458961954,0.004120641853660345,0.0002339662896702066,0.4265104541834438,False,
149,OCNT-2534985,1,CYP2C9,4.438429355621338,0.00029806792736053467,1.750490127960802e-06,0.002309185918420553,32,0.9665928900910841,0.009219840168952942,0.00041083403630182147,0.6383811340080303,False,
149,OCNT-2534985,2,CYP2D6,4.5489583015441895,5.761803549830802e-05,1.417726252839202e-06,0.000398524891352281,32,0.7244511919160389,0.0013359583681449294,0.0003018203133251518,0.43365924525202415,False,
149,OCNT-2534985,3,CYP3A4,3.8861231803894043,1.2135309589211829e-05,9.064022776783531e-08,8.029072341741994e-05,32,0.5645790258382033,0.0002194235858041793,0.4399554431438446,0.3922394998238963,False,
150,OCNT-2534986,0,CYP1A2,4.909648418426514,0.0010337245184928179,0.0006611481076106429,0.005173773504793644,32,0.9337793944205293,0.030888959765434265,3.653042313089827e-06,0.4747236135776121,False,
150,OCNT-2534986,1,CYP2C9,4.658341884613037,7.260514394147322e-06,3.285866512214852e-07,4.821393667953089e-05,32,0.5646739384828499,0.00013137503992766142,0.32681065797805786,0.3135522316129399,False,
150,OCNT-2534986,2,CYP2D6,4.53255033493042,0.00014925356663297862,0.00010200987890129909,0.0014746581437066197,32,0.9232148708899696,0.004409675020724535,8.146509935613722e-05,0.5915495785883904,False,
150,OCNT-2534986,3,CYP3A4,4.1738481521606445,6.27625995548442e-05,2.03388790396275e-05,0.0004692840448115021,32,0.8854835935592875,0.0017786914249882102,1.009982679534005e-05,0.5384300130243745,False,
151,OCNT-2534987,0,CYP1A2,4.995497226715088,0.0005424663540907204,0.0004012027056887746,0.002228041645139456,32,0.7358779807122248,0.012774284929037094,0.0019467355450615287,0.4962132540051996,False,
151,OCNT-2534987,1,CYP2C9,4.764658451080322,9.622424840927124e-06,3.335331371090433e-07,6.302132533164695e-05,32,0.5220190495709214,0.00016090589633677155,0.31147071719169617,0.2998376335015656,False,
151,OCNT-2534987,2,CYP2D6,4.717922687530518,4.617818558472209e-05,6.910991032782476e-06,0.00032034923788160086,32,0.8897778466808671,0.0013151111779734492,0.00015400079428218305,0.6928180675460267,False,
151,OCNT-2534987,3,CYP3A4,4.345081329345703,1.2757633157889359e-05,0.0,8.813045133138075e-05,32,0.5693237122583445,0.0002326053217984736,0.42466312646865845,0.3839214606499548,False,
152,OCNT-2534988,0,CYP1A2,5.0273566246032715,0.0004357052966952324,0.000313684344291687,0.0017905873246490955,32,0.7409263829417237,0.010330654680728912,0.0007910213898867369,0.4835448270957302,False,
152,OCNT-2534988,1,CYP2C9,4.569833278656006,1.0604459021124057e-05,2.460102166423894e-07,6.0306349041638896e-05,32,0.415382430245763,0.00014108991308603436,0.3724016845226288,0.2739239217028233,False,
152,OCNT-2534988,2,CYP2D6,4.827732563018799,3.587859828257933e-05,5.360691375244642e-06,0.0002494404325261712,32,0.8897650605760083,0.0010218374663963914,0.0001516884076409042,0.6884429833624419,False,
152,OCNT-2534988,3,CYP3A4,4.200840950012207,9.93242247204762e-06,7.300048565639372e-08,6.847215263405815e-05,32,0.5687398521020816,0.0001809488603612408,0.46247801184654236,0.3886862472811764,False,
153,OCNT-2534989,0,CYP1A2,5.003597736358643,0.000499467714689672,0.000370241206837818,0.0020507622975856066,32,0.7370844490840437,0.01178103219717741,0.0015882691368460655,0.4959563336479613,False,
153,OCNT-2534989,1,CYP2C9,4.75653600692749,1.5921550584607758e-05,2.3888378564151935e-07,9.268922440242022e-05,32,0.5280858905655733,0.0002692232665140182,0.3191501200199127,0.27381068430107447,False,
153,OCNT-2534989,2,CYP2D6,4.6302924156188965,4.108610301045701e-05,5.963090188743081e-06,0.00030844545108266175,32,0.8961454392891612,0.0011784987291321158,0.00015477475244551897,0.6418734405435459,False,
153,OCNT-2534989,3,CYP3A4,4.309902667999268,1.1720309885276947e-05,2.9802322387695312e-08,8.075313235167414e-05,32,0.5695080557376729,0.00021377619123086333,0.4398193657398224,0.39329347854395325,False,
154,OCNT-2534991,0,CYP1A2,4.591898441314697,0.00042839947855100036,0.00031581547227688134,0.0017705266363918781,32,0.7338471745425419,0.01006038673222065,0.0015476711560040712,0.5104139828142464,False,
154,OCNT-2534991,1,CYP2C9,4.325931072235107,0.00015488601638935506,2.556103027018253e-07,0.0009100447641685605,32,0.6588084964408527,0.003265497973188758,0.29626569151878357,0.4323241289851148,False,
154,OCNT-2534991,2,CYP2D6,4.3558735847473145,3.862049197778106e-05,5.095434516988462e-06,0.0002866575086954981,32,0.8433647556322782,0.0010425470536574721,0.00017782729992177337,0.5316864458862873,False,
154,OCNT-2534991,3,CYP3A4,3.935873031616211,1.3181256690586451e-05,8.940696716308594e-08,8.699054887983948e-05,32,0.47065779679679903,0.00019867416995111853,0.4627479612827301,0.3797213841399254,False,
155,OCNT-2534992,0,CYP1A2,4.861517429351807,0.00020622927695512772,1.6428326489403844e-05,0.0009124038042500615,32,0.6667212226745425,0.004400131292641163,0.002026166068390012,0.6130065310409725,False,
155,OCNT-2534992,1,CYP2C9,4.614950656890869,0.0001849505351856351,3.4604065149324015e-05,0.0011205070186406374,32,0.7306987533022181,0.004324813839048147,0.00027527185739018023,0.5605925957721198,False,
155,OCNT-2534992,2,CYP2D6,4.1837263107299805,0.00023827831319067627,0.0004209386825095862,0.0020100469700992107,32,0.9121013155107963,0.006954978685826063,8.626552880741656e-05,0.6335675268990364,False,
155,OCNT-2534992,3,CYP3A4,4.099974155426025,0.00010365937487222254,1.3002185369259678e-05,0.0006333127385005355,32,0.5854301889117732,0.0019421178149059415,0.00016492830764036626,0.4440181704547279,False,
156,OCNT-2534993,0,CYP1A2,4.870428562164307,0.0002059370162896812,1.637504101381637e-05,0.0009105547796934843,32,0.6657710369606719,0.004387633875012398,0.002018857980147004,0.6125762815430789,False,
156,OCNT-2534993,1,CYP2C9,4.62897253036499,0.00018578104209154844,3.4627544664544985e-05,0.0011288244277238846,32,0.7323297398524726,0.004353929776698351,0.00026947938022203743,0.5598551157303266,False,
156,OCNT-2534993,2,CYP2D6,4.227531433105469,0.00023689493536949158,0.00042084750020876527,0.0019826674833893776,32,0.9156757609425176,0.006941699422895908,7.737315172562376e-05,0.6435015237980801,False,
156,OCNT-2534993,3,CYP3A4,4.141590118408203,0.00010366034257458523,1.3042772479820997e-05,0.0006332126213237643,32,0.5854301634902126,0.0019421358592808247,0.0001645964221097529,0.44415551675734566,False,
157,OCNT-2534995,0,CYP1A2,4.809020042419434,9.542619955027476e-05,4.0978193283081055e-07,0.0005147961201146245,32,0.3595142052614448,0.0010979414219036698,0.20542411506175995,0.270917218313641,False,
157,OCNT-2534995,1,CYP2C9,4.624514102935791,0.00043281068792566657,5.351759000404854e-07,0.003045672085136175,32,0.8158014224190021,0.011299063451588154,0.05341462418437004,0.5238831614452972,False,
157,OCNT-2534995,2,CYP2D6,4.567711353302002,4.486132456804626e-05,1.7714215800879174e-06,0.00030491227516904473,32,0.7894252320882597,0.0011335217859596014,0.0004848160606343299,0.3357561720574057,False,
157,OCNT-2534995,3,CYP3A4,4.198798656463623,4.670699854614213e-05,1.7091736026486615e-07,0.00023049931041896343,32,0.4958946377372405,0.000741334690246731,0.32662174105644226,0.3196210510450118,False,
158,OCNT-2534996,0,CYP1A2,4.624352931976318,0.0003832323127426207,2.9170385460020043e-05,0.002400580793619156,19,0.9368029371249101,0.006821427959948778,7.876166637288406e-05,0.6384219028942908,False,
158,OCNT-2534996,1,CYP2C9,4.4025397300720215,0.0003913264663424343,3.5472778108669445e-05,0.0029180184938013554,32,0.8215983490071748,0.010288684628903866,0.0002935700467787683,0.5411658089772944,False,
158,OCNT-2534996,2,CYP2D6,4.40179967880249,0.00014823241508565843,0.00013076397590339184,0.001152738812379539,32,0.9445658812447376,0.00448079127818346,0.00026185810565948486,0.5640650900004003,False,
158,OCNT-2534996,3,CYP3A4,3.97676682472229,4.144302511122078e-05,5.1619135632563484e-08,0.00026655825786292553,32,0.4986021009708474,0.0006613940931856632,0.38682031631469727,0.39125075733679676,False,
159,OCNT-2534997,0,CYP1A2,4.488992214202881,0.00010252288484480232,0.0,0.0005458295927383006,32,0.3375919895963897,0.0011076569790020585,0.5837549567222595,0.27703790688385244,False,
159,OCNT-2534997,1,CYP2C9,4.359199047088623,0.0004714354290626943,5.170509780327848e-07,0.0032666458282619715,32,0.8035397639840318,0.012122404761612415,0.03859328478574753,0.518978178681171,False,
159,OCNT-2534997,2,CYP2D6,4.521427631378174,0.00014713944983668625,9.42432194506182e-08,0.0009688509162515402,32,0.6863618687082124,0.0032319286838173866,0.205086812376976,0.38582346709520576,False,
159,OCNT-2534997,3,CYP3A4,3.9612860679626465,4.3642437958624214e-05,0.0,0.00021942754392512143,32,0.4558388298504218,0.0006367512396536767,0.5080041885375977,0.3276197083048463,False,
160,OCNT-2534998,0,CYP1A2,4.797236919403076,9.664452954893932e-05,8.195638656616211e-08,0.0005190966185182333,32,0.3440748261602508,0.0010642044944688678,0.46326127648353577,0.26600907394702217,False,
160,OCNT-2534998,1,CYP2C9,4.637915134429932,0.00045219709863886237,6.729590040777111e-07,0.0031632124446332455,32,0.8156971524655671,0.011803649365901947,0.038412369787693024,0.5602480774018581,False,
160,OCNT-2534998,2,CYP2D6,4.52006196975708,7.277046825038269e-05,7.226678917504614e-07,0.00044641763088293374,32,0.7787483910019898,0.0018136855214834213,0.05351722985506058,0.342992698194748,False,
160,OCNT-2534998,3,CYP3A4,4.208034038543701,4.2524432501522824e-05,0.0,0.0002160513831768185,32,0.4553708179668623,0.0006198060582391918,0.5078913569450378,0.3199443727737432,False,
161,OCNT-2534999,0,CYP1A2,4.84098482131958,9.492662502452731e-05,0.0,0.0005071918712928891,32,0.3380409448751352,0.0010269589256495237,0.5837352275848389,0.26146157780519375,False,
161,OCNT-2534999,1,CYP2C9,4.7288055419921875,0.0004519190115388483,5.729201006943185e-07,0.0031834496185183525,32,0.8157337302826942,0.011796919628977776,0.053464945405721664,0.5308692678490978,False,
161,OCNT-2534999,2,CYP2D6,4.638840198516846,1.860289012256544e-05,0.0,0.00013797581777907908,32,0.42108558389543826,0.00025080383056774735,0.5836706161499023,0.28662892289505415,False,
161,OCNT-2534999,3,CYP3A4,4.391249656677246,4.063381129526533e-05,0.0,0.00020942238916177303,32,0.4540071657436272,0.0005904826102778316,0.5155230164527893,0.32120804525595925,False,
162,OCNT-2535000,0,CYP1A2,4.7984938621521,9.656820475356653e-05,7.233205110424024e-07,0.0005170449730940163,32,0.3681215178816043,0.001137680490501225,0.08403249084949493,0.27243967200441244,False,
162,OCNT-2535000,1,CYP2C9,4.60629940032959,0.000450360617833212,1.286879887629766e-05,0.0034037241712212563,32,0.8200926284755659,0.01181905996054411,0.0002328970149392262,0.5501853065202905,False,
162,OCNT-2535000,2,CYP2D6,4.477180480957031,2.734087684075348e-05,6.893297268106835e-06,0.00019313977099955082,32,0.6430857133611141,0.0005628466606140137,0.00018739158986136317,0.31933121844945767,False,
162,OCNT-2535000,3,CYP3A4,4.200197696685791,3.9394552004523575e-05,0.0,0.00020286254584789276,32,0.452647214715346,0.0005707635427825153,0.5157325267791748,0.32046121075880796,False,
163,OCNT-2535002,0,CYP1A2,4.816251754760742,0.00022095479653216898,1.7587612092029303e-05,0.0009773329365998507,32,0.6667231847392658,0.004714315291494131,0.0020257369615137577,0.6130753496113388,False,
163,OCNT-2535002,1,CYP2C9,4.559813022613525,0.00019715326197911054,3.702834146679379e-05,0.0011904623825103045,32,0.7290143135760281,0.0045995148830115795,0.00028103997465223074,0.5613229121215995,False,
163,OCNT-2535002,2,CYP2D6,4.056541442871094,0.0002599896106403321,0.00045106583274900913,0.0022017548326402903,32,0.9024801271876433,0.007508623413741589,9.686929115559906e-05,0.6168177819673539,False,
163,OCNT-2535002,3,CYP3A4,4.046864986419678,6.451653462136164e-05,1.3988738828629721e-05,0.0004796633729711175,32,0.7210879837310173,0.0014889378799125552,0.00013640974066220224,0.4648109369786754,False,
164,OCNT-2535004,0,CYP1A2,4.850863933563232,0.00020829033746849746,1.6151456293300726e-05,0.0009251425508409739,32,0.6654926559671316,0.004435915034264326,0.0019861338660120964,0.6121321499510097,False,
164,OCNT-2535004,1,CYP2C9,4.586199760437012,0.0001850556000135839,3.459954677964561e-05,0.0011209420626983047,32,0.7298663921899994,0.004322341177612543,0.0002775639295578003,0.5606068689389307,False,
164,OCNT-2535004,2,CYP2D6,4.181097984313965,0.00023867280106060207,0.0004209917678963393,0.0020191147923469543,32,0.9121143531518382,0.006966592278331518,8.627320494269952e-05,0.6316681873736674,False,
164,OCNT-2535004,3,CYP3A4,4.0943827629089355,8.048959716688842e-05,1.3120908988639712e-05,0.0005394988693296909,32,0.6351870023240348,0.0016362335300073028,0.00015873665688559413,0.4504637951895995,False,
165,OCNT-2535005,0,CYP1A2,4.618286609649658,0.0015059311408549547,2.7263831725576892e-06,0.008237560279667377,32,0.9234632958102412,0.04450180381536484,0.0005153132951818407,0.6594061542066392,False,
165,OCNT-2535005,1,CYP2C9,4.278456211090088,0.0001036549438140355,2.441315882606432e-05,0.0006224885582923889,13,0.990634979306733,0.0013350235531106591,0.00015675750910304487,0.5121163438049752,False,
165,OCNT-2535005,2,CYP2D6,4.366886615753174,0.00021029087656643242,0.000132524743094109,0.0017545295413583517,32,0.9441852861514313,0.006354015786200762,0.0001486408873461187,0.6128333229736566,False,
165,OCNT-2535005,3,CYP3A4,3.7662529945373535,1.797451295715291e-05,6.664001972467304e-08,0.00012149995018262416,32,0.5699797090824664,0.0003280258388258517,0.38665473461151123,0.36985076240610915,False,
166,OCNT-2535006,0,CYP1A2,4.953545093536377,0.0006917499122209847,2.366424496358377e-06,0.0037199787329882383,32,0.9193037719002057,0.020349999889731407,0.0004015465674456209,0.6800991445953474,False,
166,OCNT-2535006,1,CYP2C9,4.615920543670654,0.00021755586203653365,3.4582310036057606e-05,0.0011531513882800937,32,0.6006541820053499,0.004181819036602974,0.00018123378686141223,0.48423735027885534,False,
166,OCNT-2535006,2,CYP2D6,4.554596424102783,0.00027395784854888916,0.00021664376254193485,0.0023832861334085464,32,0.9569216374835309,0.008389304392039776,0.00014015761553309858,0.721543153103591,False,
166,OCNT-2535006,3,CYP3A4,4.199615478515625,2.4768527509877458e-05,8.940696716308594e-08,0.00016628499724902213,32,0.58672200250839,0.0004652194329537451,0.37160396575927734,0.39272285022819614,False,
167,OCNT-2535007,0,CYP1A2,5.020486354827881,0.0005811193841509521,1.8799100871547125e-06,0.003124315058812499,32,0.9193523806363231,0.01709640584886074,0.000465801713289693,0.6807221352998065,False,
167,OCNT-2535007,1,CYP2C9,4.7461323738098145,0.00012419851555023342,2.8044429200235754e-05,0.0006676537450402975,32,0.5712779277728176,0.0022706426680088043,0.00036445530713535845,0.4721042586100145,False,
167,OCNT-2535007,2,CYP2D6,4.495008945465088,0.00028719831607304513,0.00017667606880422682,0.0025684081483632326,32,0.9283115387315836,0.008531801402568817,0.00012479496945161372,0.7115737564221598,False,
167,OCNT-2535007,3,CYP3A4,4.273944854736328,2.1445279344334267e-05,7.300048565639372e-08,0.00014147958427201957,32,0.5964339001227156,0.0004094929900020361,0.37902379035949707,0.3933045585998547,False,
168,OCNT-2535008,0,CYP1A2,4.846058368682861,0.00040494423592463136,2.4859049517544918e-05,0.0027550971135497093,2,1.000213553014865,0.0008100814302451909,4.331270702095935e-06,0.6960810584312734,False,
168,OCNT-2535008,1,CYP2C9,4.639352321624756,0.00012266375415492803,5.6296423281310126e-05,0.0008154846727848053,12,0.9816244213549522,0.0014450346352532506,0.0002995481190737337,0.48864281704231416,False,
168,OCNT-2535008,2,CYP2D6,4.409598350524902,0.00023359876649919897,0.00020583058358170092,0.0017530355835333467,32,0.9459147414195934,0.007071167230606079,0.00025018869200721383,0.7851926361534899,False,
168,OCNT-2535008,3,CYP3A4,4.186106204986572,2.9800763513776474e-05,1.115100829451876e-07,0.00020284895435906947,32,0.5900191029083193,0.0005628454382531345,0.34136641025543213,0.3948091962885061,False,
169,OCNT-2535010,0,CYP1A2,4.638416767120361,0.0005981515860185027,2.7345737180439755e-05,0.0030276167672127485,32,0.7995109893181876,0.015303576365113258,0.001565928221680224,0.6420256318741497,False,
169,OCNT-2535010,1,CYP2C9,4.362170696258545,7.343672768911347e-05,6.664001972467304e-08,0.0003996762679889798,32,0.5954457278073363,0.001399473287165165,0.40980562567710876,0.39806902172498404,False,
169,OCNT-2535010,2,CYP2D6,4.390183925628662,4.059552156832069e-05,5.904847057536244e-06,0.00029502398683689535,32,0.8807167917262876,0.0011443828698247671,0.00013716563989873976,0.5733879851659203,False,
169,OCNT-2535010,3,CYP3A4,3.9507694244384766,3.9125359762692824e-05,1.102912392525468e-06,0.0002776567416731268,32,0.7799493645903172,0.0009767551673576236,0.0004083780513610691,0.45705186347964066,False,
170,OCNT-2535011,0,CYP1A2,4.948345184326172,0.00012412593059707433,2.7309401957609225e-06,0.0008345642709173262,32,0.8981331726880374,0.003567699110135436,0.0002696198062039912,0.6457706532322238,False,
170,OCNT-2535011,1,CYP2C9,4.6480937004089355,0.0001846523373387754,4.780090966960415e-05,0.0011106872698292136,32,0.7251766825535216,0.004285210277885199,0.00028019241290166974,0.4613104569181775,False,
170,OCNT-2535011,2,CYP2D6,4.250393390655518,0.00017316742741968483,0.00016552531451452523,0.0013509516138583422,32,0.9486121709230387,0.005256902892142534,0.0002963425649795681,0.7940543064046756,False,
170,OCNT-2535011,3,CYP3A4,4.15748405456543,7.902982906671241e-05,1.0716411225075717e-06,0.0005985144525766373,32,0.833559312146145,0.0021083003375679255,0.00042460812255740166,0.5157566219045842,False,
171,OCNT-2535012,0,CYP1A2,5.153504848480225,0.00012307535507716238,2.293230181749095e-06,0.0008241573814302683,32,0.9365839100014796,0.0036889524199068546,0.0002750072453636676,0.6876672073932288,False,
171,OCNT-2535012,1,CYP2C9,4.912450790405273,0.00019072051509283483,4.9964302888838574e-05,0.0011467537842690945,32,0.723887733569537,0.004418159369379282,0.0002877942461054772,0.46243457316142167,False,
171,OCNT-2535012,2,CYP2D6,4.488531589508057,0.0001856354792835191,0.00017333953292109072,0.0014945146394893527,32,0.9502396883803144,0.005645046476274729,0.0002189269580412656,0.748474231437317,False,
171,OCNT-2535012,3,CYP3A4,4.426661968231201,4.762690150528215e-05,1.365714012990793e-07,0.00029822924989275634,32,0.5076906643396839,0.0007739139255136251,0.3640032112598419,0.38467413785674986,False,
172,OCNT-2535015,0,CYP1A2,4.830258369445801,0.00034097276511602104,2.0056702851434238e-05,0.0021555908024311066,23,0.9458801568081227,0.0074181631207466125,7.152557373046875e-06,0.673368392588366,False,
172,OCNT-2535015,1,CYP2C9,4.58742094039917,9.166474774247035e-05,3.902604657923803e-05,0.0006003617309033871,13,0.9808030184577459,0.0011688933009281754,0.0002942315477412194,0.481570564671597,False,
172,OCNT-2535015,2,CYP2D6,4.678483009338379,0.00017112934438046068,0.00014080185792408884,0.0013748924247920513,32,0.9119501003929463,0.004994257353246212,0.00025011689285747707,0.7114180881530947,False,
172,OCNT-2535015,3,CYP3A4,4.118575572967529,4.040746716782451e-05,2.9802322387695312e-08,0.0002605654008220881,32,0.5074428971313382,0.0006563058122992516,0.37936365604400635,0.38594917831972975,False,
173,OCNT-2535017,0,CYP1A2,4.72204065322876,0.0004472872242331505,0.0,0.0022736811079084873,32,0.45761011532822277,0.006550007499754429,0.37170135974884033,0.37068032428631553,False,
173,OCNT-2535017,1,CYP2C9,4.562254428863525,0.00027942468295805156,1.2431324876160943e-06,0.0022182934917509556,32,0.9941831228817953,0.008889895863831043,0.00035240568104200065,0.6077371715824631,False,
173,OCNT-2535017,2,CYP2D6,4.699521541595459,5.934036016697064e-05,3.9198835111164954e-07,0.00040507048834115267,32,0.5998125752005444,0.0011391709558665752,0.1445201337337494,0.3974868629721368,False,
173,OCNT-2535017,3,CYP3A4,4.08760404586792,1.1954479305131827e-05,5.1619135632563484e-08,8.384391549043357e-05,32,0.6000118608312927,0.00022972254373598844,0.409499853849411,0.437991026193866,False,
174,OCNT-2535018,0,CYP1A2,4.6902241706848145,0.0001319794391747564,5.121025242260657e-05,0.0006170372944325209,32,0.7633698264292171,0.003224216168746352,3.323862074466888e-06,0.5240709357517154,False,
174,OCNT-2535018,1,CYP2C9,4.48550271987915,1.9316354155307636e-05,1.373819145555899e-06,0.00010696383833419532,32,0.8270180345851164,0.0005114637897349894,0.0004103016690351069,0.3922110195354743,False,
174,OCNT-2535018,2,CYP2D6,4.684947490692139,7.767551869619638e-05,1.461529677726503e-06,0.0006059806328266859,32,0.7126936236099196,0.0017717111622914672,0.0004296099650673568,0.49330004960301405,False,
174,OCNT-2535018,3,CYP3A4,4.0348029136657715,1.3291768482304178e-05,5.960464477539063e-08,9.29564776015468e-05,32,0.5611471097229952,0.00023885596601758152,0.43212899565696716,0.36919054260171746,False,
175,OCNT-2535020,0,CYP1A2,5.044992923736572,0.00021817017113789916,2.22521794057684e-06,0.0006476723938249052,32,0.4295699262296102,0.002999156480655074,0.005229614675045013,0.5965766356403519,False,
175,OCNT-2535020,1,CYP2C9,4.763010025024414,0.00017409396241419017,4.5544493332272395e-05,0.001043100142851472,32,0.7195138968350495,0.004008647054433823,0.0002906841691583395,0.4625216783121344,False,
175,OCNT-2535020,2,CYP2D6,4.497574806213379,0.00016775041876826435,0.00015830050688236952,0.0013467574026435614,32,0.9534563501133743,0.005118471570312977,0.0002307955001015216,0.7544629646297046,False,
175,OCNT-2535020,3,CYP3A4,4.292975425720215,2.19755220314255e-05,4.214684778958144e-08,0.0001471949217375368,32,0.5928802850455114,0.0004171130422037095,0.3789752423763275,0.3946029154346654,False,
176,OCNT-2535021,0,CYP1A2,4.500878810882568,0.0008950505289249122,2.9776987503282726e-05,0.004495173692703247,32,0.8512790265950316,0.024382280185818672,0.004192275460809469,0.6300272387923682,False,
176,OCNT-2535021,1,CYP2C9,4.233401298522949,7.061723590595648e-05,1.6645470168441534e-05,0.00042364068212918937,12,0.9917436963540799,0.0008405293920077384,0.0001520374498795718,0.5129294637315157,False,
176,OCNT-2535021,2,CYP2D6,4.596333026885986,0.00017546887102071196,9.057930583367124e-05,0.001539656426757574,32,0.8579042779082332,0.004817410372197628,0.0001857045863289386,0.5912160556107291,False,
176,OCNT-2535021,3,CYP3A4,3.8042151927948,1.2222350051160902e-05,8.940696716308594e-08,8.236371650127694e-05,32,0.5699671115934506,0.00022310519125312567,0.43214836716651917,0.37261389024911584,False,
177,OCNT-2535023,0,CYP1A2,4.425568580627441,0.00020008439605589956,1.5792003978276625e-05,0.00072357093449682,32,0.6260197628016286,0.00400841748341918,0.0027372490148991346,0.6533595051974405,False,
177,OCNT-2535023,1,CYP2C9,4.174066543579102,1.2401070307532791e-05,1.4901161193847656e-07,7.672954961890355e-05,32,0.5658334894856638,0.0002247231750516221,0.28908485174179077,0.2844984515009723,False,
177,OCNT-2535023,2,CYP2D6,4.718588352203369,0.0001017190224956721,5.6455542107869405e-06,0.0007263924926519394,32,0.7075362084399978,0.0023032629396766424,0.0001503698731539771,0.5858098370772118,False,
177,OCNT-2535023,3,CYP3A4,3.742967128753662,1.0606885552988388e-05,2.9802322387695312e-08,7.817609730409458e-05,32,0.5627904145539904,0.0001912026054924354,0.45503538846969604,0.3723253790923615,False,
178,OCNT-2535025,0,CYP1A2,4.820409774780273,0.00042760372161865234,5.76152051507961e-05,0.002069164300337434,32,0.7033829110187428,0.009624837897717953,2.5642641048762016e-05,0.4593378208094036,False,
178,OCNT-2535025,1,CYP2C9,4.628293991088867,0.00028207190916873515,1.7963589925784618e-05,0.0023201501462608576,32,0.9497774959213253,0.008573281578719616,0.0002491140039637685,0.5857230770786455,False,
178,OCNT-2535025,2,CYP2D6,4.68779993057251,0.0001468578411731869,5.516659439308569e-05,0.0012958503793925047,32,0.9088585900004184,0.004271427169442177,0.00010744866449385881,0.5760225407221493,False,
178,OCNT-2535025,3,CYP3A4,4.107507705688477,3.751050098799169e-05,2.9802322387695312e-08,0.00020087850862182677,32,0.4775377307269139,0.0005733585567213595,0.4398450553417206,0.3921916086750229,False,
179,OCNT-2535030,0,CYP1A2,4.822371006011963,0.00031237423536367714,4.059451384819113e-05,0.0014239924494177103,32,0.506156944803353,0.005059694405645132,4.529591751634143e-05,0.38192436877093694,False,
179,OCNT-2535030,1,CYP2C9,4.652995586395264,0.0002509944315534085,7.630573009009822e-07,0.0019324354361742735,32,0.9700978961987065,0.007791963871568441,0.030664563179016113,0.6476209397493559,False,
179,OCNT-2535030,2,CYP2D6,4.642244815826416,7.398984598694369e-05,1.3404420542428852e-06,0.0005886455764994025,32,0.7772107082706915,0.0018404311267659068,0.0005111630889587104,0.44804355166564336,False,
179,OCNT-2535030,3,CYP3A4,4.108599662780762,1.0479840966581833e-05,1.1175870895385742e-07,7.497395563405007e-05,32,0.5642966962719207,0.00018942024325951934,0.4550635814666748,0.35658063608274526,False,
180,OCNT-2535033,0,CYP1A2,4.973412036895752,0.00024390872567892075,4.2175855924142525e-05,0.0010892848949879408,32,0.5022417060109776,0.003920197021216154,5.891377441002987e-05,0.367598724747288,False,
180,OCNT-2535033,1,CYP2C9,4.800259113311768,0.00023764354409649968,5.81718097691919e-07,0.001842487370595336,32,0.9698716352894736,0.0073757898062467575,0.045944634824991226,0.6126240657438128,False,
180,OCNT-2535033,2,CYP2D6,4.821438312530518,4.368971349322237e-05,1.1320960311422823e-06,0.0003236449265386909,32,0.7526816879508177,0.0010525431716814637,0.0002834458136931062,0.4328917321791136,False,
180,OCNT-2535033,3,CYP3A4,4.318703651428223,3.314265995868482e-05,0.0,0.00018151929543819278,32,0.47792556223806315,0.0005070241168141365,0.4548879563808441,0.36775254751481545,False,
181,OCNT-2535034,0,CYP1A2,4.988058090209961,0.00023487517319153994,4.0599046769784763e-05,0.0010489409323781729,32,0.502240907339762,0.0037750061601400375,5.913729182793759e-05,0.3676203490492884,False,
181,OCNT-2535034,1,CYP2C9,4.814490795135498,0.00022884570353198797,5.413860435510287e-07,0.0017744096694514155,32,0.9698578946356522,0.007102640345692635,0.05343092605471611,0.6123792776364163,False,
181,OCNT-2535034,2,CYP2D6,4.842312335968018,4.208798782201484e-05,1.0970331913995324e-06,0.00031176424818113446,32,0.7524555297405514,0.0010136596392840147,0.0005340553470887244,0.43236634576977045,False,
181,OCNT-2535034,3,CYP3A4,4.316893577575684,6.136766751296818e-05,0.0,0.0002863951667677611,32,0.4692280443026877,0.0009216039325110614,0.43986108899116516,0.3723230949091614,False,
182,OCNT-2535035,0,CYP1A2,4.844019889831543,0.00038298251456581056,1.2529112609627191e-05,0.0018486663466319442,32,0.7677041416387369,0.009408798068761826,0.0019743330776691437,0.6603616764088882,False,
182,OCNT-2535035,1,CYP2C9,4.571746349334717,6.954532000236213e-05,1.728708048176486e-05,0.00041763417539186776,23,0.9821490316420204,0.0015712148742750287,0.00013170142483431846,0.525859904211856,False,
182,OCNT-2535035,2,CYP2D6,4.6315531730651855,0.00012843904551118612,5.3616531658917665e-05,0.0011518083047121763,32,0.9428660945733651,0.003875527996569872,0.00017821337678469718,0.6024443166823599,False,
182,OCNT-2535035,3,CYP3A4,4.149142265319824,1.1119628652522806e-05,0.0,7.434833241859451e-05,32,0.5699823908205244,0.0002029981551459059,0.4474021792411804,0.37491972248021616,False,
183,OCNT-2535036,0,CYP1A2,4.213094711303711,0.0009025073959492147,1.6522377336514182e-05,0.005184009205549955,32,0.7721149312078069,0.022299109026789665,1.593837259861175e-05,0.552415661909254,False,
183,OCNT-2535036,1,CYP2C9,3.9755032062530518,0.00027414821670390666,3.793647192651406e-05,0.0024229995906352997,2,1.0010982375336837,0.0005489186150953174,0.0003502432082314044,0.6570531378534167,False,
183,OCNT-2535036,2,CYP2D6,4.33752965927124,0.00017206880147568882,0.0001348955265711993,0.0013869579415768385,32,0.921451567105517,0.0050739930011332035,0.0002529214834794402,0.6314411153080202,False,
183,OCNT-2535036,3,CYP3A4,3.425774097442627,2.6984740543412045e-05,9.884312390795458e-08,0.00020075126667506993,32,0.5884505808297658,0.0005083222640678287,0.32645338773727417,0.40480197366819276,False,
184,OCNT-2535037,0,CYP1A2,4.997434616088867,0.00023110215261112899,4.036968675791286e-05,0.0010317345149815083,32,0.497134531785695,0.003676602616906166,6.344643770717084e-05,0.36716699635273853,False,
184,OCNT-2535037,1,CYP2C9,4.845642566680908,0.00022940622875466943,1.1996129387625842e-06,0.0017800132045522332,32,0.9698573265394174,0.007120032329112291,0.0005029259482398629,0.6564739636412984,False,
184,OCNT-2535037,2,CYP2D6,4.731175899505615,3.9370559534290805e-05,1.1059031521654106e-06,0.000260834553046152,32,0.7773655321972989,0.0009796188678592443,0.0006301014800556004,0.4320010392999521,False,
184,OCNT-2535037,3,CYP3A4,4.346307754516602,3.193108204868622e-05,2.9802322387695312e-08,0.00017462085816077888,32,0.4778440598706677,0.0004884114023298025,0.4625639319419861,0.3715159011584669,False,
185,OCNT-2535039,0,CYP1A2,4.784496784210205,0.0010867691598832607,3.132789743176545e-06,0.005783479660749435,32,0.8944411143380565,0.031105918809771538,0.0008668596856296062,0.6354118607237808,False,
185,OCNT-2535039,1,CYP2C9,4.500552654266357,0.00018497154815122485,3.578420000849292e-05,0.001004799734801054,32,0.951802459253125,0.005634108558297157,2.00465765374247e-05,0.5256303561238316,False,
185,OCNT-2535039,2,CYP2D6,4.321387767791748,0.0001671166392043233,9.722110553411767e-05,0.0015630286652594805,32,0.9697246339748559,0.005186138208955526,0.00025109766284003854,0.6592645817620164,False,
185,OCNT-2535039,3,CYP3A4,3.9709312915802,1.2743344996124506e-05,5.960464477539063e-08,8.659604645799845e-05,32,0.5687396899349638,0.00023210667131934315,0.4246656894683838,0.37407452040407074,False,
186,OCNT-2535040,0,CYP1A2,4.866378307342529,0.00011638748401310295,2.556971594458446e-06,0.0008569080382585526,2,1.0026422555154095,0.00023341007181443274,0.010141468606889248,0.6957003779783044,False,
186,OCNT-2535040,1,CYP2C9,4.5341410636901855,0.0002295144076924771,5.6700253480812535e-05,0.0013738891575485468,32,0.7245750299630709,0.005321844946593046,0.00027335548656992614,0.4630507221662734,False,
186,OCNT-2535040,2,CYP2D6,4.501330852508545,0.00020567989849951118,0.00018417852697893977,0.0016877204179763794,32,0.9051945194736867,0.005958059802651405,0.00025410272064618766,0.7444248352404166,False,
186,OCNT-2535040,3,CYP3A4,4.031277656555176,3.0036235330044292e-05,2.041126805352178e-07,0.00022327712213154882,32,0.6154131879465239,0.0005917071830481291,0.2580120861530304,0.39395307276311664,False,
187,OCNT-2535041,0,CYP1A2,4.770206928253174,9.990986291086301e-05,1.905252020151238e-06,0.0006002685986459255,32,0.840883982934571,0.0026886723935604095,0.007417730987071991,0.6604724286229022,False,
187,OCNT-2535041,1,CYP2C9,4.505940914154053,0.0001714173995424062,4.342003012425266e-05,0.0010386735666543245,32,0.7417999485349932,0.004069274757057428,0.0002650934620760381,0.4604420896858526,False,
187,OCNT-2535041,2,CYP2D6,4.664626598358154,0.00013746062177233398,0.00014479778474196792,0.0011124230222776532,32,0.9203259839541736,0.00404856912791729,0.0002722270437516272,0.7289942476124153,False,
187,OCNT-2535041,3,CYP3A4,4.101200103759766,2.1573545382125303e-05,2.07013542308232e-07,0.00015960134624037892,32,0.610512526021412,0.00042166479397565126,0.3111686110496521,0.39756274450967827,False,
188,OCNT-2535042,0,CYP1A2,4.773824214935303,0.00010814084089361131,2.152431306967628e-06,0.0006993485148996115,17,0.8988006611382808,0.0016525028040632606,0.011451425030827522,0.6958864038037418,False,
188,OCNT-2535042,1,CYP2C9,4.490278720855713,0.00019860513566527516,4.9251000746153295e-05,0.0012037827400490642,32,0.7420491386063996,0.0047162300907075405,0.00026274268748238683,0.4617805675944148,False,
188,OCNT-2535042,2,CYP2D6,4.628509044647217,0.0001890074781840667,0.00016117439372465014,0.001548238331452012,32,0.8456118972928706,0.005114733707159758,0.0002589686482679099,0.70870798941014,False,
188,OCNT-2535042,3,CYP3A4,4.035616397857666,2.5265249860240147e-05,2.066109203724409e-07,0.0001863970683189109,32,0.6176077631968339,0.0004995260969735682,0.2884148359298706,0.399120910854078,False,
189,OCNT-2535044,0,CYP1A2,4.8010993003845215,0.00011302965140203014,2.303278051840607e-06,0.0007289205677807331,18,0.8966325759685173,0.001824390608817339,0.010303395800292492,0.6705159564363188,False,
189,OCNT-2535044,1,CYP2C9,4.515564918518066,0.00020778512407559901,5.1590646762633696e-05,0.0012595453299582005,32,0.7419026883649995,0.004933240357786417,0.0002628840156830847,0.461893322680616,False,
189,OCNT-2535044,2,CYP2D6,4.626735210418701,0.00016325309115927666,0.00016876868903636932,0.001319091534242034,32,0.9207159182850092,0.004810205660760403,0.0002603377215564251,0.7316240869122146,False,
189,OCNT-2535044,3,CYP3A4,4.097904682159424,2.6413745217723772e-05,1.9202417433916708e-07,0.00019475221051834524,32,0.6180807159596953,0.0005226242356002331,0.28092002868652344,0.40014200622375795,False,
190,OCNT-2535045,0,CYP1A2,4.957438945770264,0.00031858921283856034,5.488151145982556e-05,0.0013450104743242264,32,0.4771693954953616,0.004864825401455164,2.4865974410204217e-05,0.3424584153900147,False,
190,OCNT-2535045,1,CYP2C9,4.793735980987549,0.00024926691548898816,6.288572649282287e-07,0.0019316794350743294,32,0.9766326323726005,0.0077904630452394485,0.03060501627624035,0.6344187196614721,False,
190,OCNT-2535045,2,CYP2D6,4.68657922744751,6.23169617028907e-05,1.2057977301083156e-06,0.0004450308042578399,32,0.6914304965244389,0.0013790323864668608,0.00036805460695177317,0.45460433250286886,False,
190,OCNT-2535045,3,CYP3A4,4.248384475708008,1.063627041730797e-05,2.9802322387695312e-08,7.265333260875195e-05,32,0.5609283132690176,0.00019109742424916476,0.45490285754203796,0.36214381303054843,False,
191,OCNT-2535047,0,CYP1A2,4.954840183258057,0.00031977755133993924,0.0003431344812270254,0.0019123711390420794,32,0.9738077538123263,0.009965171106159687,0.0010206608567386866,0.7423487867312355,False,
191,OCNT-2535047,1,CYP2C9,4.741608619689941,0.0001158180384663865,8.762034667597618e-06,0.0008998096454888582,32,0.9631049753768558,0.0035697459243237972,0.00011901377001777291,0.6917360140714062,False,
191,OCNT-2535047,2,CYP2D6,4.415159702301025,4.729921056423336e-05,6.3151396716421004e-06,0.0003314419009257108,32,0.8196679119068233,0.0012408909387886524,0.0001482706138631329,0.6130206676014691,False,
191,OCNT-2535047,3,CYP3A4,4.191741943359375,8.100098057184368e-05,1.0055821803689469e-05,0.0005298868636600673,32,0.761613702177841,0.0019743703305721283,0.0001479942729929462,0.45065939997656446,False,
192,OCNT-2535048,0,CYP1A2,4.774275302886963,0.0001520538207842037,1.8075814296025783e-05,0.0013229957548901439,32,0.8946936916689527,0.004353617317974567,0.0002288159157615155,0.5389008858233237,False,
192,OCNT-2535048,1,CYP2C9,4.5083489418029785,0.00023366193636320531,4.953158713760786e-05,0.001434079953469336,32,0.7692440963272121,0.005752024240791798,0.0006499863811768591,0.5806741602047851,False,
192,OCNT-2535048,2,CYP2D6,3.9012603759765625,0.00017505305004306138,0.00016548397252336144,0.0013765686890110373,32,0.9519928000264397,0.005333080422133207,0.00023112604685593396,0.7753863172140946,False,
192,OCNT-2535048,3,CYP3A4,3.8858134746551514,0.00012948318908456713,2.1836058294866234e-05,0.0008774350862950087,32,0.8995245627680138,0.0037274337373673916,5.4370724683394656e-05,0.6110099010454839,False,
193,OCNT-2535049,0,CYP1A2,4.44266939163208,0.0006348980241455138,7.691525388509035e-05,0.004133854992687702,10,0.9896781309490115,0.00628354586660862,1.3609727602670318e-06,0.7006852475262958,False,
193,OCNT-2535049,1,CYP2C9,4.15342378616333,0.00017009617295116186,6.715316703775898e-05,0.0010925482492893934,17,0.9797892554113067,0.002833359409123659,0.0002064415893983096,0.46461745710298363,False,
193,OCNT-2535049,2,CYP2D6,4.361799716949463,0.0002913071366492659,0.00024258151825051755,0.0023007665295153856,32,0.938611554060088,0.008749876171350479,0.00021253526210784912,0.7294667108110613,False,
193,OCNT-2535049,3,CYP3A4,3.662058115005493,4.033422374050133e-05,1.3978528556890524e-07,0.0002929425681941211,32,0.5861528741080114,0.0007567322463728487,0.2959754168987274,0.4074673426250853,False,
194,OCNT-2535050,0,CYP1A2,4.27224063873291,0.00048422341933473945,4.579192682285793e-05,0.0023862048983573914,32,0.6187059948610302,0.009587139822542667,1.206678007292794e-05,0.44725666930521135,False,
194,OCNT-2535050,1,CYP2C9,4.070191860198975,5.401332600740716e-06,0.0,3.6086647014599293e-05,32,0.4111200370491497,7.119063229765743e-05,0.6746854782104492,0.28532998372521007,False,
194,OCNT-2535050,2,CYP2D6,4.5605244636535645,8.295416773762554e-05,2.3021209472062765e-06,0.0005017577204853296,32,0.8169986534322676,0.002169011626392603,0.00011115498637082055,0.5597518737917301,False,
194,OCNT-2535050,3,CYP3A4,3.611593723297119,2.663493978616316e-05,8.940696716308594e-08,0.00018652708968147635,32,0.5761378133188345,0.0004912370350211859,0.32632172107696533,0.3758545542920201,False,
195,OCNT-2535051,0,CYP1A2,4.638631343841553,0.0001731341180857271,2.1806545191793703e-05,0.000611143943388015,32,0.6721178071231578,0.0037239438388496637,0.0028713825158774853,0.7307081355410756,False,
195,OCNT-2535051,1,CYP2C9,4.4355340003967285,1.731152406136971e-05,9.857599252427462e-07,0.00010271280916640535,32,0.7808317389718706,0.00043280626414343715,0.0004140391538385302,0.3089537995808613,False,
195,OCNT-2535051,2,CYP2D6,4.639503002166748,4.64110889879521e-05,5.863185833732132e-06,0.00040540777263231575,32,0.8572797827952957,0.0012734675547108054,8.694917778484523e-05,0.5621151285764792,False,
195,OCNT-2535051,3,CYP3A4,4.026627540588379,1.1307997738185804e-05,0.0,7.999419904081151e-05,32,0.566713590600639,0.00020525002037175,0.4474411904811859,0.3868411019094736,False,
196,OCNT-2535052,0,CYP1A2,4.239308834075928,0.000467145349830389,3.733705307240598e-05,0.0022517384495586157,32,0.6094176986489792,0.009110167622566223,2.3921331376186572e-05,0.4368473226245745,False,
196,OCNT-2535052,1,CYP2C9,4.039615154266357,0.00022318096307571977,4.655271652609372e-07,0.0016971577424556017,32,0.9483571784004695,0.006773272063583136,0.0685160756111145,0.5962812821457907,False,
196,OCNT-2535052,2,CYP2D6,4.54276180267334,7.06949140294455e-05,1.9038529899262358e-06,0.0004533256869763136,32,0.7954881380934087,0.0017998374532908201,0.00022270689078141004,0.4979603664066239,False,
196,OCNT-2535052,3,CYP3A4,3.5301527976989746,2.102604048559442e-05,8.429369557916289e-08,0.00014393175661098212,32,0.5776337771067807,0.00038883608067408204,0.3565620481967926,0.3789387647692136,False,
197,OCNT-2535053,0,CYP1A2,4.727636814117432,0.00015615766460541636,2.1794974600197747e-05,0.000638617086224258,32,0.6917924800090018,0.0034571397118270397,0.0023390462156385183,0.6797310753147516,False,
197,OCNT-2535053,1,CYP2C9,4.457357883453369,0.00021215161541476846,4.321738379076123e-05,0.0012563049094751477,32,0.722381380556076,0.004904371220618486,0.0002681450278032571,0.5606461124009293,False,
197,OCNT-2535053,2,CYP2D6,4.068000793457031,0.00028699159156531096,0.0005233109695836902,0.002432891633361578,32,0.9113015897401856,0.008369440212845802,0.00011015705968020484,0.6680298414342842,False,
197,OCNT-2535053,3,CYP3A4,3.993443012237549,7.42166957934387e-05,1.638761386857368e-05,0.0005505578592419624,32,0.7273719170677755,0.001727693248540163,0.00013295764802023768,0.4615011960186882,False,
198,OCNT-2535054,0,CYP1A2,4.694247722625732,0.00014872766041662544,1.9316641555633396e-05,0.0006109438254497945,32,0.6832272268263545,0.003251891816034913,0.002317890990525484,0.6708662155823037,False,
198,OCNT-2535054,1,CYP2C9,4.430307865142822,0.00020668354409281164,3.9875525544630364e-05,0.0012385293375700712,32,0.7257765951877353,0.00480042677372694,0.00027282084920443594,0.5635325826246802,False,
198,OCNT-2535054,2,CYP2D6,4.13220739364624,0.00026087224250659347,0.00048358648200519383,0.002200437244027853,32,0.9228655168284594,0.007704295217990875,8.989554771687835e-05,0.666520514430521,False,
198,OCNT-2535054,3,CYP3A4,3.955235004425049,6.973258859943599e-05,1.5073187569214497e-05,0.0005363264353945851,32,0.721694738560858,0.0016106514958664775,0.00013437506277114153,0.43186985906353725,False,
199,OCNT-2535058,0,CYP1A2,4.652686595916748,0.00012994905409868807,1.669518678681925e-05,0.0005317775649018586,32,0.6795551452464224,0.002826059004291892,0.0023182283621281385,0.6723986824955728,False,
199,OCNT-2535058,1,CYP2C9,4.406640529632568,0.00017957211821340024,3.4564000088721514e-05,0.0010767248459160328,32,0.7259992743250888,0.004172047600150108,0.0002735622983891517,0.5634050080555897,False,
199,OCNT-2535058,2,CYP2D6,4.26499605178833,0.00022578550851903856,0.00041907813283614814,0.0018973811529576778,32,0.9236623955559135,0.006673882249742746,8.759579941397533e-05,0.6669815074152379,False,
199,OCNT-2535058,3,CYP3A4,3.9763708114624023,6.059809311409481e-05,1.3084381862427108e-05,0.0004651923372875899,32,0.7208818483017068,0.0013981207739561796,0.00013267452595755458,0.4333947035384632,False,
200,OCNT-2535059,0,CYP1A2,4.8704915046691895,0.00020622894226107746,1.6435433281003498e-05,0.0009124047355726361,32,0.6667210346070161,0.004400122910737991,0.0020336671732366085,0.6130304626677001,False,
200,OCNT-2535059,1,CYP2C9,4.6367926597595215,0.00018488492059987038,3.462614768068306e-05,0.0011199499713256955,32,0.7308873840987186,0.004324395675212145,0.00027577398577705026,0.5604950839139355,False,
200,OCNT-2535059,2,CYP2D6,4.178947448730469,0.00023827214317861944,0.0004209115286357701,0.002010009251534939,32,0.9121194369012019,0.0069549367763102055,8.640235319035128e-05,0.6336342941386395,False,
200,OCNT-2535059,3,CYP3A4,4.194849491119385,4.9141148338094354e-05,1.306202193518402e-05,0.0003570957633201033,32,0.8067367410787631,0.0012688651913776994,0.00010999856749549508,0.5712577037334317,False,
201,OCNT-2535061,0,CYP1A2,5.153366565704346,0.00010734473471529782,2.248644022984081e-06,0.0007266054162755609,32,0.939276770793722,0.0032267458736896515,0.00035131926415488124,0.6856844844463872,False,
201,OCNT-2535061,1,CYP2C9,4.900622367858887,0.00017777809989638627,4.57230671599973e-05,0.0010561237577348948,32,0.7040299032313025,0.004005380440503359,0.0003021860611625016,0.4683198314218726,False,
201,OCNT-2535061,2,CYP2D6,4.505208492279053,0.0002193633554270491,0.00015202185022644699,0.0018811109475791454,32,0.9515918780274654,0.006680124904960394,0.00016199548554141074,0.7469339404270765,False,
201,OCNT-2535061,3,CYP3A4,4.42990779876709,2.277238127135206e-05,2.9802322387695312e-08,0.00015131410327740014,32,0.6026844108150694,0.00043937875307165086,0.36409300565719604,0.4407561483529589,False,
202,OCNT-2535062,0,CYP1A2,4.8985490798950195,0.0004955559852533042,2.713206413318403e-05,0.003115368075668812,32,0.8813151954872037,0.013975994661450386,0.00010690725321182981,0.6101265612873549,False,
202,OCNT-2535062,1,CYP2C9,4.690298557281494,0.0003390069759916514,4.640343468054198e-05,0.0028143711388111115,32,0.955033348357713,0.010360720567405224,0.00034564960515126586,0.6325584197200933,False,
202,OCNT-2535062,2,CYP2D6,4.447923183441162,0.0002510401245672256,0.0001745010813465342,0.0021244806703180075,32,0.9398747276302498,0.007550581358373165,0.0002177484129788354,0.6736622747795273,False,
202,OCNT-2535062,3,CYP3A4,4.120506286621094,2.6797790269483812e-05,9.42432194506182e-08,0.00017864540859591216,32,0.6041293896534121,0.000518251967150718,0.34888097643852234,0.4267415564564347,False,
203,OCNT-2535064,0,CYP1A2,4.9040069580078125,0.0007691775099374354,1.5196262665995164e-06,0.005662388633936644,2,1.005783190083739,0.001547271735034883,0.00020560171105898917,0.8137431703685074,False,
203,OCNT-2535064,1,CYP2C9,4.72611665725708,3.83222095479141e-06,2.9802322387695312e-08,2.093290095217526e-05,32,0.5922593906696474,7.281892612809315e-05,0.5535841584205627,0.2892075950317971,False,
203,OCNT-2535064,2,CYP2D6,4.450043201446533,0.00011670583626255393,5.682831397280097e-05,0.000813572492916137,32,0.9523198696114783,0.0035568259190768003,0.00016030127881094813,0.5745150751759238,False,
203,OCNT-2535064,3,CYP3A4,4.248222827911377,1.8365586583968252e-05,2.9802322387695312e-08,0.00014476239448413253,32,0.5401523248438304,0.00031761970603838563,0.4096108675003052,0.37147028605956683,False,
204,OCNT-2535065,0,CYP1A2,4.935727596282959,0.0003003968158736825,0.0003322828852105886,0.0016564750112593174,32,0.9796530090801393,0.009417422115802765,0.0010569177102297544,0.8135472436087078,False,
204,OCNT-2535065,1,CYP2C9,4.688610553741455,9.991823753807694e-05,1.6264642908936366e-05,0.0005082046263851225,32,0.8710280171696372,0.002785289427265525,2.0648041754611768e-05,0.38986856277473064,False,
204,OCNT-2535065,2,CYP2D6,4.164116382598877,0.00013131955347489566,5.881152901565656e-05,0.0009173980797640979,32,0.9514019786924959,0.0039983103051781654,6.780750845791772e-05,0.5641033937060578,False,
204,OCNT-2535065,3,CYP3A4,4.1358795166015625,1.737497041176539e-05,0.0,0.0001358301378786564,32,0.5260011528571426,0.000292624463327229,0.4398913085460663,0.3697910101861974,False,
205,OCNT-2535066,0,CYP1A2,4.853613376617432,0.0003601189819164574,0.0003984568757005036,0.0019863240886479616,32,0.9803191510004728,0.011297322809696198,0.0010508308187127113,0.8053445537625787,False,
205,OCNT-2535066,1,CYP2C9,4.57989501953125,1.2088295989087783e-05,1.4901161193847656e-07,7.901762728579342e-05,32,0.5476196889829725,0.00021200848277658224,0.3644201457500458,0.27442866675084515,False,
205,OCNT-2535066,2,CYP2D6,4.1613287925720215,0.0001352953986497596,6.998033495619893e-05,0.0009844305459409952,24,0.9742833720553067,0.0031638192012906075,0.000332548312144354,0.5769465052929961,False,
205,OCNT-2535066,3,CYP3A4,3.99527645111084,2.1066958652227186e-05,2.9802322387695312e-08,0.00016617562505416572,32,0.524038653711572,0.0003534445131663233,0.4095299243927002,0.3644551162529352,False,
206,OCNT-2535067,0,CYP1A2,4.863584518432617,0.00034065183717757463,0.00037983819493092597,0.0019042573403567076,32,0.9859901858595537,0.010748455300927162,0.000995607115328312,0.804147206437536,False,
206,OCNT-2535067,1,CYP2C9,4.5709614753723145,1.1780823115259409e-05,8.940696716308594e-08,7.676202221773565e-05,32,0.5223035838198772,0.00019706845341715962,0.3947528302669525,0.27450211342953185,False,
206,OCNT-2535067,2,CYP2D6,4.2154035568237305,0.00013225589646026492,6.667820707662031e-05,0.0009638149058446288,21,0.9811611373332219,0.0027252573054283857,0.00030152860563248396,0.5756762442105778,False,
206,OCNT-2535067,3,CYP3A4,4.004328727722168,2.003276676987298e-05,2.9802322387695312e-08,0.00015793609782122076,32,0.524296013230143,0.00033626696676947176,0.42465922236442566,0.36461179649549447,False,
207,OCNT-2535069,0,CYP1A2,4.867080211639404,0.0003600899362936616,0.00039830696186982095,0.0019862905610352755,32,0.9803739769783546,0.011297043412923813,0.0010506203398108482,0.8045508473903732,False,
207,OCNT-2535069,1,CYP2C9,4.601288318634033,9.24469259189209e-06,2.9802322387695312e-08,6.172317080199718e-05,32,0.4519879382002487,0.00013385630154516548,0.49362796545028687,0.29149226478243206,False,
207,OCNT-2535069,2,CYP2D6,4.226947784423828,0.0001449868141207844,6.985967775108293e-05,0.0010489440755918622,32,0.9788960282276236,0.004541977774351835,0.00015798932872712612,0.5700672804249904,False,
207,OCNT-2535069,3,CYP3A4,4.056768417358398,2.0999950720579363e-05,6.664001972467304e-08,0.0001656600652495399,32,0.5245672558629536,0.00035267623024992645,0.40944111347198486,0.36388922248242417,False,
208,OCNT-2535070,0,CYP1A2,4.849399089813232,0.0003784473519772291,0.0004161039541941136,0.0020911882165819407,32,0.9814553796974301,0.011886048130691051,0.0010467803804203868,0.8037649945602061,False,
208,OCNT-2535070,1,CYP2C9,4.579154014587402,8.254106433014385e-06,0.0,5.099904956296086e-05,32,0.3784394317223478,0.00010007883975049481,0.6521740555763245,0.3052733940697665,False,
208,OCNT-2535070,2,CYP2D6,4.2475996017456055,0.00016314952517859638,7.234067015815526e-05,0.001146890688687563,32,0.9537497124115988,0.0049796272069215775,7.167638977989554e-05,0.5641685291508098,False,
208,OCNT-2535070,3,CYP3A4,4.054864406585693,2.2081145289121196e-05,0.0,0.00017424396355636418,32,0.5241569459891573,0.00037053527194075286,0.4095899760723114,0.3644925869231175,False,
209,OCNT-2535071,0,CYP1A2,4.967534065246582,0.0002880948013626039,0.0003186500689480454,0.0015891449293121696,32,0.9803183603505342,0.009037901647388935,0.0010515848407521844,0.8067666439013953,False,
209,OCNT-2535071,1,CYP2C9,4.734020709991455,1.690536373644136e-05,8.673448519402882e-07,0.00010061002103611827,32,0.7254915757890383,0.0003927025245502591,0.03096422366797924,0.28616478596380845,False,
209,OCNT-2535071,2,CYP2D6,4.3144330978393555,8.459232049062848e-05,5.1173610700061545e-05,0.0004690631467383355,32,0.7889340956209033,0.0021358609665185213,0.0009719236986711621,0.5956409189972758,False,
209,OCNT-2535071,3,CYP3A4,4.193461894989014,1.683451046119444e-05,9.884312390795458e-08,0.0001327526697423309,32,0.5240046325953001,0.0002824512484949082,0.43981701135635376,0.3645017429482229,False,
210,OCNT-2535072,0,CYP1A2,4.933923244476318,0.00031312592909671366,0.00034634789335541427,0.00172722979914397,32,0.9803597618675433,0.009823547676205635,0.0010507310507819057,0.8046847942118682,False,
210,OCNT-2535072,1,CYP2C9,4.694016456604004,8.179828910215292e-06,5.960464477539063e-08,5.471640542964451e-05,32,0.4543723064031327,0.00011907940643141046,0.5161365866661072,0.2832038290333121,False,
210,OCNT-2535072,2,CYP2D6,4.2583794593811035,0.00013777002459391952,6.0836933698737994e-05,0.0009792548371478915,32,0.9470521619798745,0.004175515845417976,0.00013670144835487008,0.5646922520199329,False,
210,OCNT-2535072,3,CYP3A4,4.155826568603516,1.8298644135938957e-05,6.664001972467304e-08,0.00014424038818106055,32,0.5240859305681982,0.0003070496895816177,0.42471522092819214,0.36433244075844506,False,
211,OCNT-2535073,0,CYP1A2,4.293667793273926,0.00015427569451276213,1.7649146684561856e-05,0.000612513511441648,32,0.6424338656333615,0.003171787364408374,0.0022543754894286394,0.658963778181748,False,
211,OCNT-2535073,1,CYP2C9,3.97940731048584,0.00019398776930756867,3.764967550523579e-05,0.0011649744119495153,32,0.7283494343733925,0.0045215412974357605,0.00027348281582817435,0.5631821581857375,False,
211,OCNT-2535073,2,CYP2D6,4.1881232261657715,0.00024289237626362592,0.00043823031592182815,0.0021362225525081158,32,0.9245072598272193,0.007186080329120159,7.231217750813812e-05,0.6052048613415819,False,
211,OCNT-2535073,3,CYP3A4,3.5704736709594727,5.347054320736788e-05,1.4044619092601351e-05,0.00040497255395166576,32,0.8037027130530883,0.0013754386454820633,9.922141180140898e-05,0.49063341309292285,False,
212,OCNT-2535076,0,CYP1A2,4.744063854217529,0.0008006068528629839,1.3953917004982941e-05,0.0039617521688342094,32,0.8228030771935376,0.021080000326037407,0.0031015854328870773,0.6156949920642529,False,
212,OCNT-2535076,1,CYP2C9,4.5219902992248535,5.8434277889318764e-05,1.307758611801546e-05,0.0003434355603531003,26,0.9855946635484119,0.0014976615784689784,0.00010730596841312945,0.5126213443734748,False,
212,OCNT-2535076,2,CYP2D6,4.706995487213135,0.00011897156946361065,7.110170554369688e-05,0.0010084288660436869,32,0.9159971020805813,0.0034875767305493355,0.00019359633733984083,0.5899916557337261,False,
212,OCNT-2535076,3,CYP3A4,4.145679473876953,9.520685125607997e-06,7.300048565639372e-08,6.421782018151134e-05,32,0.5703598595337093,0.00017394944734405726,0.462483674287796,0.36916122022662057,False,
213,OCNT-2535077,0,CYP1A2,4.541788578033447,0.00019379319564905018,1.586164034961257e-05,0.0012611838756129146,32,0.7851858722806966,0.004869488999247551,0.00045551586663350463,0.6345307307545398,False,
213,OCNT-2535077,1,CYP2C9,4.141939163208008,1.7005650079227053e-05,8.940696716308594e-08,0.00010576218483038247,32,0.4133375765143942,0.00022506264213006943,0.44761237502098083,0.25262843847530664,False,
213,OCNT-2535077,2,CYP2D6,3.979912757873535,0.00015734287444502115,8.17985346657224e-05,0.0013324402971193194,2,1.0021274728966418,0.00031537527684122324,0.00024760852102190256,0.7329096764745564,False,
213,OCNT-2535077,3,CYP3A4,3.4654080867767334,0.00019011991389561445,6.915767880855128e-05,0.0015104461926966906,32,0.9060189700439257,0.005512361880391836,4.066255860379897e-05,0.573779243016638,False,
214,OCNT-2535079,0,CYP1A2,4.890888690948486,0.001128181698732078,0.000724750745575875,0.006212666165083647,2,1.0014422625806243,0.0022596376948058605,1.777753709575336e-06,0.5216539590431155,False,
214,OCNT-2535079,1,CYP2C9,4.613432884216309,7.792207907186821e-05,2.0774796212208457e-05,0.00047101257950998843,3,0.9995303798364664,0.00023368644178844988,8.328213880304247e-05,0.5576409931264343,False,
214,OCNT-2535079,2,CYP2D6,4.365005970001221,0.0001290426152991131,0.00010829260281752795,0.0010314848041161895,32,0.894127552916158,0.0036924639716744423,0.0002848131116479635,0.6951666179323387,False,
214,OCNT-2535079,3,CYP3A4,4.0949320793151855,6.890532677061856e-05,2.2387754142982885e-05,0.0005122838774695992,32,0.8863843844232534,0.0019547350239008665,1.2199987395433709e-05,0.5487865512448669,False,
215,OCNT-2535081,0,CYP1A2,5.052073001861572,0.00014377218030858785,2.9802322387695312e-08,0.0007850902620702982,32,0.7216700786712742,0.0033204255159944296,0.3186376392841339,0.5105724611654914,False,
215,OCNT-2535081,1,CYP2C9,4.940304279327393,0.0002251872356282547,5.960464477539063e-08,0.0013597343349829316,32,0.6977939661339759,0.0050285207107663155,0.2730400264263153,0.4660277106869298,False,
215,OCNT-2535081,2,CYP2D6,4.519482135772705,4.8601046728435904e-05,5.824810500598687e-07,0.0002938549150712788,32,0.6001444632323409,0.000933556817471981,0.10678112506866455,0.4020679426891972,False,
215,OCNT-2535081,3,CYP3A4,4.641156196594238,1.847428393375594e-05,0.0,0.00011118094698758796,32,0.4037268808808807,0.0002388032735325396,0.5761111378669739,0.31088304487254237,False,
216,OCNT-2535082,0,CYP1A2,5.120474815368652,0.0002990998327732086,0.0003140964254271239,0.0017106380546465516,2,1.0032549684010355,0.0006001668516546488,0.0012450588401407003,0.810644729007057,False,
216,OCNT-2535082,1,CYP2C9,4.858198165893555,0.00013486873649526387,4.468619590625167e-05,0.0008618914871476591,32,0.8518323020693164,0.003676610067486763,0.0003062906616833061,0.4378752512122436,False,
216,OCNT-2535082,2,CYP2D6,4.415686130523682,0.00028635517810471356,0.0005100613925606012,0.0025509223341941833,32,0.9236982834169412,0.008464480750262737,0.0001450817653676495,0.6202672607984325,False,
216,OCNT-2535082,3,CYP3A4,4.309474945068359,0.00010032099089585245,1.5860099665587768e-05,0.0006509424420073628,32,0.6378334576711192,0.0020478228107094765,0.00013988804130349308,0.5090870008071835,False,
217,OCNT-2535083,0,CYP1A2,4.887526035308838,0.000237582455156371,2.198523361585103e-05,0.0008593336096964777,32,0.6507899088845613,0.004947928711771965,0.0028010192327201366,0.7167656194095733,False,
217,OCNT-2535083,1,CYP2C9,4.677785396575928,1.1171105143148452e-05,1.1920928955078125e-07,7.31780455680564e-05,32,0.580350993859735,0.00020764689543284476,0.3416319489479065,0.2834410697909904,False,
217,OCNT-2535083,2,CYP2D6,4.653043746948242,7.1876791480463e-05,7.273659775819397e-06,0.0005035854992456734,32,0.7699539020395375,0.0017711844993755221,0.00010120868682861328,0.5907827260320198,False,
217,OCNT-2535083,3,CYP3A4,4.239563941955566,1.343220537819434e-05,2.9802322387695312e-08,9.38907396630384e-05,32,0.5690608953515107,0.0002447818696964532,0.42462652921676636,0.3946287977170843,False,
218,OCNT-2535084,0,CYP1A2,5.128876686096191,0.00011304248619126156,8.940696716308594e-08,0.0006113629206083715,32,0.7155797466540079,0.0025887382216751575,0.3111186921596527,0.506043370771253,False,
218,OCNT-2535084,1,CYP2C9,5.00378942489624,0.00017360183119308203,2.4575624024691933e-07,0.0010636432562023401,32,0.6972984453301025,0.0038738963194191456,0.2280481904745102,0.4730524068665971,False,
218,OCNT-2535084,2,CYP2D6,4.637630462646484,7.355197158176452e-05,6.570043638021161e-07,0.0004316190897952765,32,0.7378920477539127,0.0017369854031130672,0.05375988781452179,0.4604401712538014,False,
218,OCNT-2535084,3,CYP3A4,4.689254283905029,1.4243950317904819e-05,0.0,8.918730600271374e-05,32,0.40403406099670763,0.00018429060583002865,0.598933219909668,0.3079160664700222,False,
219,OCNT-2535086,0,CYP1A2,4.797260284423828,9.678582136984915e-05,8.940696716308594e-08,0.0005199534352868795,32,0.3445125984589624,0.0010671161580830812,0.44786274433135986,0.26466472687638204,False,
219,OCNT-2535086,1,CYP2C9,4.637919902801514,0.00045252227573655546,6.991745635787083e-07,0.0031660948880016804,32,0.8158235419145888,0.011813967488706112,0.03832525759935379,0.5596331313838957,False,
219,OCNT-2535086,2,CYP2D6,4.521621227264404,7.301990262931213e-05,7.456538924088818e-07,0.00044947618152946234,32,0.7805168154716383,0.0018240341451019049,0.04568525776267052,0.34401584456854245,False,
219,OCNT-2535086,3,CYP3A4,4.207888126373291,4.385677311802283e-05,0.0,0.00022148530115373433,32,0.4609780125226441,0.0006470917724072933,0.4853706955909729,0.3181050625047063,False,
220,OCNT-2535087,0,CYP1A2,4.8454909324646,0.0010069983545690775,1.451773869121098e-06,0.005397616419941187,32,0.8993602632980893,0.028981225565075874,0.00039845751598477364,0.623520513278057,False,
220,OCNT-2535087,1,CYP2C9,4.528777122497559,8.818354399409145e-05,2.9960190659039654e-05,0.0005303841317072511,32,0.6855532898938286,0.0019347639754414558,0.0003391648642718792,0.44295079713405144,False,
220,OCNT-2535087,2,CYP2D6,4.302269458770752,0.0002324842644156888,0.00042454604408703744,0.002178776543587446,32,0.8900276065502931,0.006621642038226128,0.00021752173779532313,0.5748460345139228,False,
220,OCNT-2535087,3,CYP3A4,4.0427446365356445,6.14977689110674e-05,1.6603429685346782e-05,0.00044050379074178636,32,0.8340941180767661,0.0016417045844718814,3.282093530287966e-05,0.594101439616556,False,
221,OCNT-2535088,0,CYP1A2,4.850302219390869,0.00018853887740988284,1.9498122128425166e-05,0.0006522954790852964,32,0.6063458369082627,0.003658426459878683,0.0027005572337657213,0.6816684934921402,False,
221,OCNT-2535088,1,CYP2C9,4.647945880889893,3.408567499718629e-05,7.008142347331159e-06,0.00018576046568341553,32,0.9117435193545819,0.0009947683429345489,0.00014220087905414402,0.37111312491216886,False,
221,OCNT-2535088,2,CYP2D6,4.586852550506592,0.00012038261775160208,0.00018362588889431208,0.0007689485792070627,32,0.9137828110700374,0.003520406549796462,4.7224941226886585e-05,0.6513397473316054,False,
221,OCNT-2535088,3,CYP3A4,4.169620990753174,1.0023861250374466e-05,6.664001972467304e-08,7.143036782508716e-05,32,0.5655239936019177,0.0001815804571378976,0.4624732732772827,0.37864647746402,False,
222,OCNT-2535091,0,CYP1A2,5.129373550415039,8.861069363774732e-05,3.9353220927296206e-05,0.00035871335421688855,32,0.6715588989928511,0.0019044484943151474,0.002884424990043044,0.6819565188597705,False,
222,OCNT-2535091,1,CYP2C9,4.886102199554443,1.086986594600603e-05,5.960464477539063e-08,6.456436676671728e-05,32,0.5193769850704777,0.00018082406313624233,0.3871414065361023,0.27367165645817026,False,
222,OCNT-2535091,2,CYP2D6,4.806930065155029,6.397876859409735e-05,1.9394421997276368e-06,0.00047420227201655507,32,0.7512968780256704,0.0015383859863504767,0.0004456702445168048,0.4690194166496169,False,
222,OCNT-2535091,3,CYP3A4,4.425023555755615,1.2114238415961154e-05,2.9802322387695312e-08,9.127188968705013e-05,32,0.5625794120960362,0.0002182671014452353,0.4399752616882324,0.36889390159842655,False,
223,OCNT-2535092,0,CYP1A2,4.66320276260376,0.00014978350372985005,4.468115002964623e-05,0.0009695024346001446,32,0.8150900622181657,0.003907046280801296,0.00018859768169932067,0.6394483531545759,False,
223,OCNT-2535092,1,CYP2C9,4.202463626861572,8.363727829419076e-05,1.923146191984415e-05,0.0006850471254438162,32,0.768999453258823,0.002058390760794282,7.653236389160156e-05,0.4611350401285267,False,
223,OCNT-2535092,2,CYP2D6,4.018896579742432,0.0003449096984695643,0.00019334502576384693,0.003119907109066844,32,0.9018689399298995,0.009954315610229969,0.0001619029208086431,0.5789426643852443,False,
223,OCNT-2535092,3,CYP3A4,3.778459072113037,2.0626883269869722e-05,1.4609284448852122e-07,0.00013431120896711946,32,0.5748050927391903,0.00037958993925713,0.31864187121391296,0.4284027546023763,False,
224,OCNT-2535093,0,CYP1A2,4.673945903778076,0.00020199223945382982,1.8460752471582964e-05,0.0007470012060366571,32,0.642196418346585,0.004151203669607639,0.0022487337701022625,0.696813666518816,False,
224,OCNT-2535093,1,CYP2C9,4.434451103210449,6.10523420618847e-06,0.0,3.9149701478891075e-05,32,0.3855551007267375,7.544831169070676e-05,0.6747006773948669,0.30611807241341793,False,
224,OCNT-2535093,2,CYP2D6,4.552920818328857,4.874985825153999e-05,5.9708304434025194e-06,0.0003562498604878783,32,0.8319040907677617,0.0012980328174307942,7.5067080615554e-05,0.5081457587748943,False,
224,OCNT-2535093,3,CYP3A4,4.033565998077393,3.260215089539997e-05,3.332000986233652e-08,0.0002531929058022797,32,0.5609248874348475,0.0005853749462403357,0.3790312111377716,0.4097637582481991,False,
225,OCNT-2535094,0,CYP1A2,4.536167144775391,0.0007057526963762939,5.323386176314671e-07,0.003981287591159344,32,0.796861367511456,0.017996640875935555,0.14446568489074707,0.5804631845270509,False,
225,OCNT-2535094,1,CYP2C9,4.341922760009766,3.2063446724350797e-06,2.086162567138672e-07,2.1073085008538328e-05,32,0.6014412872342311,6.19021593593061e-05,0.4481397271156311,0.3112704308452967,False,
225,OCNT-2535094,2,CYP2D6,4.795478820800781,4.647587047656998e-05,4.6073273551883176e-07,0.00027983952895738184,32,0.7363523305818515,0.0010953593300655484,0.11402419209480286,0.49073171144050987,False,
225,OCNT-2535094,3,CYP3A4,3.9258310794830322,1.9209743186365813e-05,6.828570064953965e-08,0.00013691443018615246,32,0.5802525491640999,0.0003568737593013793,0.3639855980873108,0.38414304155233014,False,
226,OCNT-2535095,0,CYP1A2,4.834278583526611,0.00035390423727221787,1.0478599506313913e-05,0.001773879281245172,32,0.8414507333090248,0.00952964462339878,1.4990568161010742e-05,0.6454860062480654,False,
226,OCNT-2535095,1,CYP2C9,4.582813739776611,6.776268128305674e-05,1.8182641724706627e-05,0.00041047728154808283,10,0.9955022909414842,0.0006746785948053002,0.00012965274800080806,0.5388394277360226,False,
226,OCNT-2535095,2,CYP2D6,4.73067045211792,0.00013915335875935853,5.414244515122846e-05,0.0012675829930230975,32,0.9228844283363415,0.0041098142974078655,0.00012403004802763462,0.5852269645424442,False,
226,OCNT-2535095,3,CYP3A4,4.162771224975586,1.1493752026581205e-05,9.42432194506182e-08,7.66130760894157e-05,32,0.5626963569042746,0.0002071398193947971,0.44735845923423767,0.3874064925085187,False,
227,OCNT-2535096,0,CYP1A2,4.692991733551025,0.00011825516412500292,1.1665201782307122e-05,0.0005631250678561628,32,0.7703346757478602,0.0029153202194720507,0.005390642676502466,0.6828880546329037,False,
227,OCNT-2535096,1,CYP2C9,4.298353672027588,9.10310773178935e-05,2.1635310986312106e-05,0.0006296776118688285,26,0.9160332074227294,0.0021683129016309977,0.00032506792922504246,0.44339136659734424,False,
227,OCNT-2535096,2,CYP2D6,4.361453533172607,0.00013283449516166002,8.345770766027272e-05,0.001113381702452898,32,0.9330529177412724,0.003966430202126503,0.00011651082604657859,0.6902601242337714,False,
227,OCNT-2535096,3,CYP3A4,3.7384071350097656,4.1942461393773556e-05,2.6873058232013136e-06,0.0003672220336738974,32,0.7166732925448385,0.0009621186763979495,0.00021465483587235212,0.4478287566470253,False,
228,OCNT-2535097,0,CYP1A2,4.795219898223877,0.00010190131433773786,1.0195193681283854e-05,0.0004835590079892427,32,0.7720443970679719,0.0025177618954330683,0.005490961950272322,0.6838972084160269,False,
228,OCNT-2535097,1,CYP2C9,4.445827960968018,6.943551125004888e-05,1.724594949337188e-05,0.00048804996185936034,28,0.8964028738911355,0.0017430323641747236,0.0002810878213495016,0.4390448203283522,False,
228,OCNT-2535097,2,CYP2D6,4.4263787269592285,0.00019243851420469582,7.429245306411758e-05,0.0016477389726787806,32,0.9314062112237965,0.005735927727073431,6.079222293919884e-05,0.6837144729792802,False,
228,OCNT-2535097,3,CYP3A4,3.8854269981384277,3.593134897528216e-05,2.2380972950486466e-06,0.00031474753632210195,32,0.7161722084267291,0.0008236862486228347,0.00024155413848347962,0.4462215827794408,False,
229,OCNT-2535098,0,CYP1A2,5.066154956817627,7.922300574136898e-05,1.6109802345454227e-06,0.000555706094019115,9,0.9654724487459875,0.0006884755566716194,0.009222393855452538,0.6543675661305142,False,
229,OCNT-2535098,1,CYP2C9,4.750721454620361,0.0003386974276509136,9.642398072173819e-05,0.0020341824274510145,32,0.7474022846319905,0.008100822567939758,0.00029502989491447806,0.46430402327674997,False,
229,OCNT-2535098,2,CYP2D6,4.307007312774658,0.00045536833931691945,7.175672362791374e-05,0.004772321321070194,2,1.0016504077306108,0.0009122597984969616,0.00019611237803474069,0.7013029533308562,False,
229,OCNT-2535098,3,CYP3A4,4.2836127281188965,6.524761556647718e-05,1.288841031055199e-05,0.00047039956552907825,32,0.7694383883885733,0.0016067748656496406,7.078277121763676e-05,0.49774795752958667,False,
230,OCNT-2535099,0,CYP1A2,4.973031520843506,0.0001296802656725049,9.36528158490546e-06,0.0010515174362808466,32,0.9195119166815161,0.0038160558324307203,0.00020970945479348302,0.5554301036081902,False,
230,OCNT-2535099,1,CYP2C9,4.7243781089782715,0.0001594660134287551,4.775739216711372e-05,0.0008024197304621339,32,0.6332263425698677,0.003231501206755638,0.0009083467884920537,0.5750378894262623,False,
230,OCNT-2535099,2,CYP2D6,4.242470741271973,0.00017506668518763036,0.00016551415319554508,0.0013768632197752595,32,0.9527033690669758,0.00533747673034668,0.00022857975272927433,0.7773525563590165,False,
230,OCNT-2535099,3,CYP3A4,4.18159294128418,8.765263191889971e-05,1.0584189112705644e-05,0.0006079376908019185,32,0.7514070668545383,0.0021078502759337425,0.00013887250679545105,0.45231702006868724,False,
231,OCNT-2535100,0,CYP1A2,4.841206073760986,0.00018541968893259764,1.0427132110635284e-05,0.0008410647278651595,32,0.6968560781737446,0.004134969785809517,3.29320173477754e-05,0.631026424003438,False,
231,OCNT-2535100,1,CYP2C9,4.605679988861084,1.039248763845535e-05,2.384185791015625e-07,6.507001671707258e-05,32,0.6136613505988319,0.00020427534764166921,0.3038065433502197,0.28306956382921955,False,
231,OCNT-2535100,2,CYP2D6,4.800487995147705,6.400721031241119e-05,1.6200516483877436e-06,0.0004509615828283131,32,0.7408173354269495,0.0015176018932834268,0.00036665843799710274,0.5123815404889112,False,
231,OCNT-2535100,3,CYP3A4,4.184831619262695,1.1668522347463295e-05,1.0745380052412656e-07,8.204700861824676e-05,32,0.5600306973740613,0.0002092905924655497,0.44747209548950195,0.3714831234153748,False,
232,OCNT-2535101,0,CYP1A2,4.795316696166992,0.00014421288506127894,1.7246535207959823e-05,0.0012593220453709364,32,0.8970075359587883,0.004139808472245932,0.0002370616712141782,0.5392465030733643,False,
232,OCNT-2535101,1,CYP2C9,4.513667106628418,0.00021857600950170308,4.85846794617828e-05,0.0013226973824203014,32,0.7563140350353936,0.0052902293391525745,0.0006671001319773495,0.5839025735011821,False,
232,OCNT-2535101,2,CYP2D6,4.042288303375244,0.00015293911565095186,0.00015792425256222486,0.0012268004938960075,32,0.919965316940153,0.004502652212977409,0.000273502228083089,0.7528757214397961,False,
232,OCNT-2535101,3,CYP3A4,3.8926937580108643,0.00012216920731589198,2.0171886717434973e-05,0.0008226550417020917,32,0.8956322442860699,0.0035016844049096107,5.779979983344674e-05,0.613618848480505,False,
233,OCNT-2535102,0,CYP1A2,4.788535118103027,0.0006457027047872543,2.0465240595513023e-06,0.0033354333136230707,32,0.8791109355565635,0.018164899200201035,0.00043239962542429566,0.6672029961649015,False,
233,OCNT-2535102,1,CYP2C9,4.478877544403076,0.00013004429638385773,2.998227864736691e-05,0.0007082517258822918,32,0.5827758886019443,0.0024253602605313063,0.0003304887795820832,0.46739417898035096,False,
233,OCNT-2535102,2,CYP2D6,4.520901203155518,0.00025802841992117465,0.0001887099933810532,0.0023375777527689934,32,0.944001954411308,0.007794840727001429,0.00014856999041512609,0.7093766910484138,False,
233,OCNT-2535102,3,CYP3A4,4.03226375579834,2.180775481974706e-05,5.960464477539063e-08,0.00014767484390176833,32,0.5875386374593358,0.0004102007660549134,0.38673511147499084,0.3852164548821636,False,
234,OCNT-2535110,0,CYP1A2,4.70644998550415,0.00015289541624952108,2.0091783881071024e-05,0.0006318679661490023,32,0.688818107103702,0.0033703686203807592,0.002318521263077855,0.6745213144988293,False,
234,OCNT-2535110,1,CYP2C9,4.438255786895752,0.00021532289974857122,4.152504334342666e-05,0.0012908501084893942,32,0.7259402871047239,0.005002202466130257,0.00027266325196251273,0.5634483099140215,False,
234,OCNT-2535110,2,CYP2D6,4.092672824859619,0.00027119606966152787,0.0005028747254982591,0.0022860956378281116,32,0.9231559532930109,0.008011695928871632,9.02003375813365e-05,0.6674439655938067,False,
234,OCNT-2535110,3,CYP3A4,3.948288917541504,7.247881148941815e-05,1.5637539036106318e-05,0.0005575117538683116,32,0.7219863719607388,0.0016747498884797096,0.00013091844448354095,0.43054657374768435,False,
235,OCNT-2535111,0,CYP1A2,4.655179500579834,0.00030572625109925866,0.0001019181072479114,0.0011092392960563302,32,0.4754504172600273,0.004651597701013088,0.0022900737822055817,0.3963560853567416,False,
235,OCNT-2535111,1,CYP2C9,4.25389289855957,0.00010750117507996038,3.426402690820396e-05,0.0007148799486458302,24,0.9287590140513435,0.0023964473512023687,0.0002932092465925962,0.44694113553597004,False,
235,OCNT-2535111,2,CYP2D6,4.368309020996094,0.00017942670092452317,0.000145163488923572,0.001590605592355132,32,0.9400111571804861,0.005397520028054714,0.00016361249436158687,0.7300008091734846,False,
235,OCNT-2535111,3,CYP3A4,3.662416934967041,0.000240456429310143,0.00017162354197353125,0.0017679164884611964,32,0.9686653710730352,0.007453808095306158,1.8885641111410223e-05,0.597285241845354,False,
236,OCNT-2535115,0,CYP1A2,4.660696029663086,0.0008916951483115554,2.0789813788724132e-05,0.0050054569728672504,2,0.9998940688901883,0.0017832213779911399,0.0027849480975419283,0.6968302539428771,False,
236,OCNT-2535115,1,CYP2C9,4.429702281951904,1.7105485312640667e-05,9.559997806718457e-07,0.00010123185347765684,32,0.7608120078344773,0.0004166933358646929,0.008008399978280067,0.3017298558816105,False,
236,OCNT-2535115,2,CYP2D6,4.676544666290283,4.327561691752635e-05,5.568570031755371e-06,0.000377200631191954,32,0.866395186473751,0.001200078404508531,0.0001003697034320794,0.5645049416290469,False,
236,OCNT-2535115,3,CYP3A4,4.0267462730407715,1.0875834050239064e-05,5.1619135632563484e-08,7.70485567045398e-05,32,0.5661728424020058,0.00019722443539649248,0.44728195667266846,0.38643973647383956,False,
237,OCNT-2535117,0,CYP1A2,4.911588191986084,0.0006634261808358133,6.664001972467304e-08,0.003926030360162258,32,0.8999612099803176,0.01910613849759102,0.1669372022151947,0.6815459860899993,False,
237,OCNT-2535117,1,CYP2C9,4.775669574737549,1.616912595636677e-05,1.3126560816090205e-06,8.126055763568729e-05,32,0.8552322071922608,0.00044278110726736486,0.00034666602732613683,0.4235758858248266,False,
237,OCNT-2535117,2,CYP2D6,4.7259650230407715,3.821460995823145e-05,1.2160662663518451e-06,0.0002770723949652165,32,0.794826629686104,0.0009722220129333436,0.0006544571951963007,0.5104071125960326,False,
237,OCNT-2535117,3,CYP3A4,4.368346691131592,3.527492663124576e-05,6.664001972467304e-08,0.00020384220988489687,32,0.48541136126489576,0.0005480865365825593,0.409679651260376,0.385606114074341,False,
238,OCNT-2535118,0,CYP1A2,5.000133991241455,0.0010129224974662066,0.0010137921199202538,0.00521837780252099,32,0.9100691012462635,0.029498834162950516,1.7398234604115714e-06,0.6639009459348151,False,
238,OCNT-2535118,1,CYP2C9,4.816789150238037,4.191244443063624e-06,8.940696716308594e-08,2.3869757569627836e-05,32,0.613453878283079,8.247263031080365e-05,0.5008724927902222,0.2791304664654014,False,
238,OCNT-2535118,2,CYP2D6,4.751950740814209,4.241832721163519e-05,9.034577601596538e-07,0.00029515192727558315,32,0.7422739132999381,0.0010077900951728225,0.008337805047631264,0.4470876035450918,False,
238,OCNT-2535118,3,CYP3A4,4.423703193664551,1.2676528058364056e-05,8.940696716308594e-08,8.84778710315004e-05,32,0.589858289431998,0.00023946411965880543,0.40953660011291504,0.39885936437502756,False,
239,OCNT-2535119,0,CYP1A2,5.000133514404297,0.001012922264635563,0.00101379188708961,0.005218375939875841,32,0.9100692529684655,0.029498832300305367,1.7321470977549325e-06,0.6639018139490828,False,
239,OCNT-2535119,1,CYP2C9,4.816789150238037,4.19108846472227e-06,8.940696716308594e-08,2.387031781836413e-05,32,0.6134290267911775,8.246622746810317e-05,0.5011053085327148,0.27893796763469736,False,
239,OCNT-2535119,2,CYP2D6,4.751929759979248,4.241139322402887e-05,9.339117923445883e-07,0.00029503676341846585,32,0.7423325524774445,0.001007704995572567,0.015835542231798172,0.44737458788520246,False,
239,OCNT-2535119,3,CYP3A4,4.423694133758545,1.2676433470915072e-05,1.0745380052412656e-07,8.847759454511106e-05,32,0.5898474530977689,0.00023945793509483337,0.4095061421394348,0.39888187152092286,False,
240,OCNT-2535120,0,CYP1A2,4.975955486297607,0.0010046024108305573,0.0010273050284013152,0.005347222555428743,32,0.9698605661149878,0.031178686767816544,1.4481219068329665e-06,0.5533624934326316,False,
240,OCNT-2535120,1,CYP2C9,4.786812782287598,1.2049920769641176e-05,2.9802322387695312e-08,6.530258542625234e-05,32,0.507835087537184,0.00019598242943175137,0.4855865240097046,0.2613060567615558,False,
240,OCNT-2535120,2,CYP2D6,4.506594181060791,0.00013515296450350434,9.425101598026231e-05,0.0013624734710901976,32,0.9365954580395713,0.004050976596772671,8.55565958772786e-05,0.5940267218439177,False,
240,OCNT-2535120,3,CYP3A4,4.279228210449219,7.588255539303645e-05,1.9401013560127467e-05,0.00055475760018453,32,0.7627266928056221,0.0018523288890719414,0.00010291193757439032,0.48956462688831864,False,
241,OCNT-2535121,0,CYP1A2,4.444580078125,0.0015548545634374022,1.0332753845432308e-05,0.008844442665576935,32,0.891155153189208,0.044340018182992935,1.6286969184875488e-05,0.6095222478041721,False,
241,OCNT-2535121,1,CYP2C9,4.231103420257568,9.29092857404612e-06,0.0,5.59013060410507e-05,32,0.42706135223494446,0.00012710614828392863,0.6367185711860657,0.25165926686366324,False,
241,OCNT-2535121,2,CYP2D6,4.1626811027526855,0.00015810383774805814,9.636537288315594e-05,0.0013938109623268247,32,0.8692384916203317,0.004398036282509565,8.747162064537406e-05,0.6254878744332357,False,
241,OCNT-2535121,3,CYP3A4,3.596977710723877,8.990625065052882e-05,2.0957615561201237e-05,0.0006797344540245831,32,0.7556264350048102,0.002174179069697857,6.897882849443704e-05,0.4701773994940224,False,
242,OCNT-2535122,0,CYP1A2,3.792825698852539,0.0006707342690788209,0.0,0.003705965355038643,32,0.6764152467247364,0.014518452808260918,0.3033488392829895,0.5229106399949277,False,
242,OCNT-2535122,1,CYP2C9,3.594984769821167,4.957821511197835e-05,2.960333767987322e-05,0.0002280033368151635,32,0.836457115372898,0.0013273092918097973,0.0034173140302300453,0.6362660448540789,False,
242,OCNT-2535122,2,CYP2D6,4.349717140197754,0.00021002920402679592,6.747166480636224e-05,0.002036572899669409,2,1.0006210294619682,0.0004203392891213298,5.495322329807095e-05,0.6322071728020439,False,
242,OCNT-2535122,3,CYP3A4,3.0306222438812256,4.9804086302174255e-05,6.393314379238291e-06,0.0003640389768406749,32,0.7645117349992613,0.0012186705134809017,6.235820183064789e-05,0.5109872541292004,False,
243,OCNT-2535123,0,CYP1A2,4.845837593078613,0.0001787954242900014,8.392992640438024e-06,0.0009539308957755566,32,0.6338874675055259,0.003626960562542081,0.00019614894699770957,0.48552267281833106,False,
243,OCNT-2535123,1,CYP2C9,4.72400426864624,0.00024430715711787343,8.754733244131785e-06,0.002009097719565034,32,0.7761519759423001,0.006068071816116571,0.00018238344637211412,0.56012195390606,False,
243,OCNT-2535123,2,CYP2D6,4.400293827056885,2.1215479137026705e-05,3.7223088611426647e-07,0.0001678475964581594,32,0.7196875435081667,0.0004888228140771389,0.14466561377048492,0.49220649089360435,False,
243,OCNT-2535123,3,CYP3A4,4.4093427658081055,5.8003766753245145e-05,1.0124766049557365e-05,0.00039164142799563706,32,0.8875626012530429,0.0016477071912959218,0.00019183529366273433,0.5318682754254482,False,
244,OCNT-2535124,0,CYP1A2,5.124485492706299,0.0003539114841260016,2.092696013278328e-05,0.002168309176340699,26,0.9385945963327209,0.00863690860569477,6.601214408874512e-06,0.7160792334941811,False,
244,OCNT-2535124,1,CYP2C9,4.97243070602417,8.741470810491592e-05,3.510044189170003e-05,0.0005681726615875959,11,0.9890955618596546,0.0009511852986179292,0.0002484488650225103,0.49449184753087294,False,
244,OCNT-2535124,2,CYP2D6,4.752688407897949,0.0001459565246477723,0.00013130287698004395,0.001142351422458887,32,0.9395046625175381,0.004388359375298023,0.0002927789173554629,0.7445047039597967,False,
244,OCNT-2535124,3,CYP3A4,4.58857536315918,3.762714550248347e-05,2.9802322387695312e-08,0.00024059307179413736,32,0.5125723362391904,0.0006173363071866333,0.3792218565940857,0.38880976705287507,False,
245,OCNT-2535126,0,CYP1A2,4.778194427490234,0.0008945398731157184,2.9802322387695312e-08,0.005012114532291889,32,0.7611976739859972,0.021789737045764923,0.3259648382663727,0.5813259173006678,False,
245,OCNT-2535126,1,CYP2C9,4.626904010772705,1.2638553926080931e-05,0.0,5.331846477929503e-05,32,0.45609161815713495,0.0001846047816798091,0.5835992693901062,0.30885588702854,False,
245,OCNT-2535126,2,CYP2D6,4.5666375160217285,5.7819033827399835e-05,1.44748503316805e-06,0.0003851387300528586,32,0.8009498017827896,0.0014821809018030763,0.0001719083811622113,0.5545233878998984,False,
245,OCNT-2535126,3,CYP3A4,4.1317219734191895,5.548603076022118e-05,8.940696716308594e-08,0.00032759521855041385,32,0.48820463972219613,0.0008669894305057824,0.34125882387161255,0.3877758707035956,False,
246,OCNT-2535127,0,CYP1A2,4.526203632354736,1.3873355783289298e-05,0.0,6.529816891998053e-05,32,0.2763136626129603,0.0001227571483468637,0.727662205696106,0.22085457766321562,True,recurrence
246,OCNT-2535127,1,CYP2C9,4.411959171295166,0.00021906416804995388,0.0,0.0012958468869328499,32,0.660952658470047,0.0046335249207913876,0.2958706021308899,0.45213564429802816,False,
246,OCNT-2535127,2,CYP2D6,4.628663539886475,0.0002892492339015007,3.35855105504379e-07,0.0017759227193892002,32,0.6860683763934504,0.006350451614707708,0.10661601275205612,0.4138629474409631,False,
246,OCNT-2535127,3,CYP3A4,4.109011173248291,4.4385320506989956e-05,0.0,0.00022247765446081758,32,0.44739867336169337,0.0006355970399454236,0.508177638053894,0.29581219269161096,False,
247,OCNT-2535128,0,CYP1A2,4.72611665725708,0.0004180054529570043,7.98646669863956e-06,0.0022940468043088913,32,0.9267342611624265,0.012396455742418766,2.5132389055215754e-05,0.648931078168532,False,
247,OCNT-2535128,1,CYP2C9,4.483743190765381,0.00015976981376297772,1.0745380052412656e-07,0.0009228051640093327,32,0.6162985541387496,0.003151106182485819,0.3417322337627411,0.41953399965018706,False,
247,OCNT-2535128,2,CYP2D6,4.382009983062744,5.174391844775528e-05,6.340754680422833e-06,0.00043923137127421796,32,0.8335331563583959,0.001380435423925519,0.0001483320229453966,0.47042497747092055,False,
247,OCNT-2535128,3,CYP3A4,4.132236003875732,1.4232473404263146e-05,2.9802322387695312e-08,9.658965427661315e-05,32,0.47735147650648907,0.00021755730267614126,0.4479142427444458,0.4259927271411011,False,
248,OCNT-2535131,0,CYP1A2,5.124354839324951,0.00035397877218201756,2.1314766854629852e-05,0.0021686842665076256,26,0.9385632122811182,0.008638261817395687,5.782553671451751e-06,0.7159256482399151,False,
248,OCNT-2535131,1,CYP2C9,4.972220420837402,8.677280857227743e-05,3.551334157236852e-05,0.0005624712794087827,11,0.9895463206223526,0.0009446316980756819,0.0002437685470795259,0.49518793207979844,False,
248,OCNT-2535131,2,CYP2D6,4.752716541290283,0.0001475033350288868,0.00013023873907513916,0.0011586236068978906,32,0.9420957950847866,0.004447094164788723,0.00029596415697596967,0.7435856695716008,False,
248,OCNT-2535131,3,CYP3A4,4.58788537979126,3.722398469108157e-05,7.884953134862371e-08,0.0002370340225752443,32,0.5079696830642539,0.0006052395328879356,0.3943559229373932,0.38751885386000195,False,
249,OCNT-2535133,0,CYP1A2,4.891618251800537,0.0002555112005211413,4.7754798288224265e-05,0.0012216990580782294,32,0.7198521067059689,0.00588599918410182,5.848028649779735e-06,0.47968522001196007,False,
249,OCNT-2535133,1,CYP2C9,4.7063140869140625,7.326313789235428e-05,1.4508714230032638e-05,0.0004226079909130931,32,0.9886675493245688,0.002318168757483363,3.75120944227092e-05,0.530910799260081,False,
249,OCNT-2535133,2,CYP2D6,4.71448278427124,0.00019195003551431,0.0001446623937226832,0.001541555393487215,32,0.8929336595525331,0.005485042463988066,0.00015190333942882717,0.5787652728472884,False,
249,OCNT-2535133,3,CYP3A4,4.1981024742126465,7.537340570706874e-05,1.115100829451876e-07,0.0003575993177946657,32,0.46976109499780166,0.0011331901187077165,0.41698503494262695,0.376862833242602,False,
250,OCNT-2535134,0,CYP1A2,4.504139423370361,0.0002891252806875855,6.320771353784949e-05,0.0010809418745338917,32,0.4490569668690329,0.004154822789132595,0.0025124649982899427,0.5294136010604832,False,
250,OCNT-2535134,1,CYP2C9,4.141699314117432,9.9262570074643e-06,0.0,5.858813165104948e-05,32,0.3683254377490902,0.00011711283877957612,0.6070222854614258,0.2633398387172392,False,
250,OCNT-2535134,2,CYP2D6,4.237246513366699,0.0001358792942482978,7.099106005625799e-05,0.0010967382695525885,2,1.0004928985166093,0.00027191254775971174,0.0001047899349941872,0.7350446873103766,False,
250,OCNT-2535134,3,CYP3A4,3.5734691619873047,0.00015846530732233077,5.757524922955781e-05,0.0012580035254359245,32,0.9054364531915929,0.004591658245772123,4.197205635136925e-05,0.5737303789262128,False,
251,OCNT-2535135,0,CYP1A2,4.504138946533203,0.00028912638663314283,6.32067458354868e-05,0.001080945716239512,32,0.44905977882854625,0.004154864698648453,0.002512772800400853,0.5293891146068617,False,
251,OCNT-2535135,1,CYP2C9,4.141695499420166,9.925115591613576e-06,0.0,5.858278746018186e-05,32,0.3683320287328489,0.00011710148100974038,0.6069392561912537,0.26392831457844057,False,
251,OCNT-2535135,2,CYP2D6,4.237247943878174,0.00013587158173322678,7.093936437740922e-05,0.0010966842528432608,2,1.0004957109013217,0.00027189787942916155,0.0001045637036440894,0.7350090558497544,False,
251,OCNT-2535135,3,CYP3A4,3.573457956314087,0.0001584730634931475,5.7538843975635245e-05,0.0012580121401697397,32,0.9054172997568022,0.004591785836964846,4.206733137834817e-05,0.5737075830405037,False,
252,OCNT-2535136,0,CYP1A2,4.669950008392334,0.0003710289893206209,3.0735427571926266e-06,0.002216813387349248,32,0.9520562348726683,0.011303999461233616,0.0004784248012583703,0.737955022348074,False,
252,OCNT-2535136,1,CYP2C9,4.367058753967285,1.901077848742716e-05,0.0,0.00011877878569066525,32,0.4471279790773597,0.0002721511118579656,0.5458269119262695,0.2709875704417922,False,
252,OCNT-2535136,2,CYP2D6,4.139535427093506,7.539525540778413e-05,9.356553164252546e-06,0.0005675519350916147,32,0.8585822834236179,0.002071731723845005,2.8794913305318914e-05,0.6035705955428652,False,
252,OCNT-2535136,3,CYP3A4,3.823981285095215,4.288130367058329e-05,9.453727045638516e-08,0.00034239364322274923,32,0.5496212021155208,0.0007543670362792909,0.34884652495384216,0.39973306043743934,False,
253,OCNT-2535137,0,CYP1A2,5.115251064300537,0.0001247851614607498,2.4562971248087706e-06,0.0008453052141703665,32,0.9428963628309337,0.003765404922887683,0.0002834458136931062,0.6875293472113162,False,
253,OCNT-2535137,1,CYP2C9,4.835853576660156,0.00020599956042133272,5.286680971039459e-05,0.0012260102666914463,32,0.7130387984181612,0.004700569901615381,0.0002887131704483181,0.46277494517091466,False,
253,OCNT-2535137,2,CYP2D6,4.397070407867432,0.00017344036314170808,0.00018134918354917318,0.001367327873595059,32,0.9228618226373669,0.0051222629845142365,0.0002930191403720528,0.7661709783160877,False,
253,OCNT-2535137,3,CYP3A4,4.307518482208252,2.6364459699834697e-05,9.42432194506182e-08,0.00019200355745851994,32,0.5953913943923709,0.0005025000427849591,0.3490298390388489,0.3860991569533812,False,
254,OCNT-2535138,0,CYP1A2,4.7040486335754395,0.0003316771471872926,0.00029004013049416244,0.0016725268214941025,32,0.873916075224414,0.009275735355913639,0.0006630244315601885,0.6505399778685126,False,
254,OCNT-2535138,1,CYP2C9,4.389837741851807,1.3999086149851792e-05,0.0,9.495824633631855e-05,32,0.41111884379750185,0.00018430077761877328,0.5913209915161133,0.2606748607888852,False,
254,OCNT-2535138,2,CYP2D6,4.269566535949707,8.076181256910786e-05,1.056475502991816e-05,0.0006048432551324368,32,0.8788325414812815,0.002271516714245081,3.362243660376407e-05,0.6101936156641514,False,
254,OCNT-2535138,3,CYP3A4,3.8705601692199707,3.26407935062889e-05,9.541398782175747e-08,0.00026777281891554594,32,0.5591645335373969,0.0005842293030582368,0.3490997850894928,0.3971705192936585,False,
255,OCNT-2535139,0,CYP1A2,4.798420429229736,0.00025966056273318827,0.00028503581415861845,0.0014348634285852313,32,0.9563669220908457,0.007946890778839588,0.0028374840039759874,0.7989205096030776,False,
255,OCNT-2535139,1,CYP2C9,4.570268154144287,1.0242724783893209e-05,0.0,6.33376621408388e-05,32,0.4463419596841971,0.00014643908070866019,0.5991208553314209,0.2705116341985855,False,
255,OCNT-2535139,2,CYP2D6,4.593003749847412,6.715465133311227e-05,5.050086656410713e-06,0.0005100599955767393,32,0.7607992668693384,0.0016351621598005295,0.00016950431745499372,0.5528357474677703,False,
255,OCNT-2535139,3,CYP3A4,4.132300853729248,2.3519665774074383e-05,0.0,0.00018532760441303253,32,0.5440335212405591,0.0004096296615898609,0.4172435998916626,0.3992257859872824,False,
256,OCNT-2535141,0,CYP1A2,5.146383762359619,0.00010042554640676826,1.725706283650652e-06,0.0006657770136371255,32,0.9139370214881949,0.002937336452305317,0.00039498915430158377,0.6685339805962507,False,
256,OCNT-2535141,1,CYP2C9,4.8321661949157715,0.00036833510966971517,0.00010476411989657208,0.0022125677205622196,32,0.7475016913358942,0.00881083495914936,0.0002948465698864311,0.4644660907730041,False,
256,OCNT-2535141,2,CYP2D6,4.243869304656982,0.0004949556314386427,7.794866542099044e-05,0.005187359172850847,2,1.0016526480315744,0.0009915672708302736,0.00019618147052824497,0.7011185266957974,False,
256,OCNT-2535141,3,CYP3A4,4.335829257965088,7.086979894666001e-05,1.399994198436616e-05,0.0005110013298690319,32,0.7692292934466903,0.0017447301652282476,6.522418698295951e-05,0.49730628640742947,False,
257,OCNT-2535143,0,CYP1A2,5.100306987762451,0.0001149545205407776,1.4883269159327028e-06,0.0006398889236152172,32,0.8210967442289583,0.0030207037925720215,0.0008061582338996232,0.6355020550125855,False,
257,OCNT-2535143,1,CYP2C9,4.802944660186768,0.0002692955022212118,7.614172500325367e-05,0.001553430687636137,32,0.6787909906082177,0.0058496687561273575,0.0003159109328407794,0.4664151182535624,False,
257,OCNT-2535143,2,CYP2D6,4.120934009552002,0.00040516434819437563,7.725454634055495e-05,0.004455261863768101,2,1.0015083952282806,0.0008115710224956274,0.0003223780367989093,0.652706323065055,False,
257,OCNT-2535143,3,CYP3A4,4.288038730621338,6.283613038249314e-05,1.2308647455938626e-05,0.0004467004619073123,32,0.763073820470429,0.0015345995780080557,6.928633229108527e-05,0.5114697427116108,False,
258,OCNT-2535145,0,CYP1A2,4.617788791656494,0.00042760989163070917,3.6305416870163754e-05,0.0024877411779016256,14,0.9638186445980198,0.005770072340965271,2.966234205814544e-06,0.6338223362698867,False,
258,OCNT-2535145,1,CYP2C9,4.354525089263916,1.1308413377264515e-05,1.1920928955078125e-07,6.965492502786219e-05,32,0.47766005188050803,0.00017300332547165453,0.47807320952415466,0.263566004285233,False,
258,OCNT-2535145,2,CYP2D6,4.580690860748291,7.159576489357278e-05,1.6782174725449295e-06,0.00044496130431070924,32,0.7886146922082896,0.0018070194637402892,0.00023729330860078335,0.5248148390884282,False,
258,OCNT-2535145,3,CYP3A4,3.8751583099365234,2.2689848265144974e-05,1.0745380052412656e-07,0.00015943514881655574,32,0.5551866820655754,0.00040328491013497114,0.3716967701911926,0.3635121708648915,False,
259,OCNT-2535146,0,CYP1A2,4.988156318664551,0.0002025316352955997,1.1094031833636109e-05,0.0008671184768900275,32,0.6705303725424493,0.004345930181443691,0.0018498919671401381,0.6262306283103769,False,
259,OCNT-2535146,1,CYP2C9,4.738938808441162,0.00011912775516975671,4.153213376412168e-05,0.0007663973374292254,32,0.8424984201834019,0.0032119478564709425,0.0003265512641519308,0.4403554837308527,False,
259,OCNT-2535146,2,CYP2D6,4.348191261291504,0.00027272311854176223,0.0004529952129814774,0.002336848294362426,32,0.889631113282103,0.007764219772070646,0.0002183191681979224,0.6620628625835503,False,
259,OCNT-2535146,3,CYP3A4,4.199340343475342,7.075492612784728e-05,1.562791658216156e-05,0.0005126366158947349,32,0.7350814651768217,0.001664575538598001,0.00010508389095775783,0.5141950099526738,False,
260,OCNT-2535147,0,CYP1A2,5.169433116912842,0.00011233017721679062,2.116804125762428e-06,0.0007520807557739317,32,0.936270160750244,0.0033657841850072145,0.0003132960118819028,0.6875082457370854,False,
260,OCNT-2535147,1,CYP2C9,4.941678524017334,0.00017523295537102968,4.5944696466904134e-05,0.0010537010384723544,32,0.725065846122719,0.004066005814820528,0.0002898777020163834,0.46290042643792184,False,
260,OCNT-2535147,2,CYP2D6,4.462634563446045,0.00016366118506994098,0.00015765860734973103,0.001318588387221098,32,0.9544596727262972,0.004998961463570595,0.0003028236678801477,0.7645382443024336,False,
260,OCNT-2535147,3,CYP3A4,4.440042972564697,4.37565722677391e-05,9.42432194506182e-08,0.0002742677752394229,32,0.5080446699514327,0.0007115319604054093,0.37173035740852356,0.38502005906110137,False,
261,OCNT-2535148,0,CYP1A2,5.163097858428955,0.00010879139153985307,2.115964889526367e-06,0.0007373433327302337,32,0.9440668989183214,0.0032869053538888693,0.00033007064484991133,0.6882789703994607,False,
261,OCNT-2535148,1,CYP2C9,4.915713787078857,0.00017804036906454712,4.590979006025009e-05,0.0010623630369082093,32,0.7177990079542282,0.004089740104973316,0.0002890423347707838,0.46211976761730916,False,
261,OCNT-2535148,2,CYP2D6,4.5114521980285645,0.00014785578241571784,0.0001572956534801051,0.0011702158953994513,32,0.92600285256432,0.004381572362035513,0.0002934508374892175,0.775299491102271,False,
261,OCNT-2535148,3,CYP3A4,4.4297099113464355,2.2736674509360455e-05,2.9802322387695312e-08,0.00016336955013684928,32,0.594199819366248,0.0004325142363086343,0.3716755211353302,0.3867242505923657,False,
262,OCNT-2535150,0,CYP1A2,5.04910945892334,0.0002139779826393351,1.4702848602610175e-05,0.0011529717594385147,32,0.8359298289801047,0.005724126007407904,0.0018921869341284037,0.6264950492831793,False,
262,OCNT-2535150,1,CYP2C9,4.726139545440674,3.44635991496034e-05,2.1933779862592928e-05,0.0002091083733830601,32,0.7656894188256868,0.0008446742431260645,0.001193834119476378,0.4655337445856764,False,
262,OCNT-2535150,2,CYP2D6,4.4844279289245605,0.0002477381785865873,0.00017505929281469434,0.0021007598843425512,32,0.9643274755504282,0.007645132020115852,0.00016866398800630122,0.7073550491228093,False,
262,OCNT-2535150,3,CYP3A4,4.275711536407471,2.2007845473126508e-05,9.884312390795458e-08,0.0001474055607104674,32,0.5829687982723731,0.0004107429413124919,0.38692620396614075,0.3908554383291253,False,
263,OCNT-2535151,0,CYP1A2,4.404599666595459,0.0006628177943639457,0.0,0.0031424001790583134,32,0.5327533103557595,0.01129995845258236,0.41718029975891113,0.45629972028172117,False,
263,OCNT-2535151,1,CYP2C9,4.243267059326172,5.856113602931146e-06,2.682209014892578e-07,3.083886986132711e-05,32,0.7364621734992431,0.00013824546476826072,0.3266606330871582,0.312298824352208,False,
263,OCNT-2535151,2,CYP2D6,4.619861125946045,0.00015918428834993392,1.1324882507324219e-06,0.0010524749523028731,32,0.671203566048455,0.003419256769120693,0.0006508393562398851,0.46694368880207604,False,
263,OCNT-2535151,3,CYP3A4,3.783036708831787,1.556054485263303e-05,8.940696716308594e-08,0.00010992687748512253,32,0.5917688019879941,0.00029485320555977523,0.3793454170227051,0.3964733195629103,False,
264,OCNT-2535152,0,CYP1A2,4.965920448303223,0.00019704829901456833,3.687609569169581e-05,0.0009378289105370641,32,0.7173310599889042,0.004523393232375383,6.3357028921018355e-06,0.4775849680771342,False,
264,OCNT-2535152,1,CYP2C9,4.7849578857421875,6.482737808255479e-05,1.183700078399852e-05,0.0003674705803859979,32,0.9746679615567218,0.0020222372841089964,4.033609002362937e-05,0.531875385719345,False,
264,OCNT-2535152,2,CYP2D6,4.768290996551514,0.00019106882973574102,0.0001140671010944061,0.0015979185700416565,32,0.8918880667157254,0.005453469697386026,0.0001108271608245559,0.5955904849345938,False,
264,OCNT-2535152,3,CYP3A4,4.342780113220215,3.079833186347969e-05,5.960464477539063e-08,0.00017279142048209906,32,0.4776724361291084,0.0004709213098976761,0.45509833097457886,0.37898734962134906,False,
265,OCNT-2535153,0,CYP1A2,4.092435836791992,0.001036537578329444,2.5721199563122354e-05,0.0061178808100521564,32,0.8854318713695396,0.029369352385401726,3.3491487556602806e-06,0.5961755014652945,False,
265,OCNT-2535153,1,CYP2C9,3.850571632385254,8.029427408473566e-05,3.152584395138547e-05,0.0005254045245237648,14,0.9837138573819256,0.0011059499811381102,0.0002226274082204327,0.45514176773304027,False,
265,OCNT-2535153,2,CYP2D6,4.297447204589844,0.00017060022219084203,0.0001189590257126838,0.0013310405192896724,32,0.8965767796029602,0.0048948852345347404,0.00022165973496157676,0.6771868479303528,False,
265,OCNT-2535153,3,CYP3A4,3.3412609100341797,3.283978730905801e-05,1.5769906269724743e-07,0.00024671180290170014,32,0.5894561646451165,0.0006196323083713651,0.28825414180755615,0.39445785754023077,False,
266,OCNT-2535154,0,CYP1A2,4.842069625854492,0.0005363346426747739,3.6739940696861595e-05,0.003415643237531185,13,0.9842592652334589,0.006862728390842676,1.8138777022613795e-06,0.69693230493624,False,
266,OCNT-2535154,1,CYP2C9,4.65065336227417,5.856691859662533e-05,2.5513229047646746e-05,0.00041054701432585716,11,0.9781019363972153,0.0006302361725829542,0.0005028879968449473,0.4843204350389497,False,
266,OCNT-2535154,2,CYP2D6,4.432455062866211,0.0001727365597616881,0.0001731663360260427,0.001511500566266477,32,0.9364524627772807,0.005176606122404337,0.00021080582519061863,0.7081956299422966,False,
266,OCNT-2535154,3,CYP3A4,4.177392959594727,2.3061016690917313e-05,5.1619135632563484e-08,0.00017089334141928703,32,0.576124877818279,0.00042533717351034284,0.37151527404785156,0.359820940248173,False,
267,OCNT-2535155,0,CYP1A2,4.964610576629639,0.0007188596646301448,2.9802322387695312e-08,0.004335147328674793,32,0.9200611449308669,0.02116492949426174,0.20482668280601501,0.6473124426923701,False,
267,OCNT-2535155,1,CYP2C9,4.811990261077881,8.111201168503612e-05,2.1894264136790298e-05,0.0004520412185229361,32,0.9633968503133893,0.002500886097550392,5.334615707397461e-06,0.6358998334965851,False,
267,OCNT-2535155,2,CYP2D6,4.558170795440674,0.00013083519297651947,0.00013110486906953156,0.0012094203848391771,32,0.9649625503296007,0.004040342755615711,0.00017707230290398002,0.6180132083614677,False,
267,OCNT-2535155,3,CYP3A4,4.3724751472473145,1.0522691809455864e-05,5.960464477539063e-08,7.140443631215021e-05,32,0.5918410532851048,0.00019947774126194417,0.43216633796691895,0.3980666556432322,False,
268,OCNT-2535156,0,CYP1A2,5.0629119873046875,0.0003204504610039294,1.8550432287156582e-05,0.001994926482439041,26,0.9414347032258056,0.007844007574021816,9.531324394629337e-06,0.7124082579268491,False,
268,OCNT-2535156,1,CYP2C9,4.892032146453857,6.255444168346003e-05,2.749276791291777e-05,0.0004366704961284995,11,0.9791677986991174,0.0006738719530403614,0.000519974681083113,0.4996514777311901,False,
268,OCNT-2535156,2,CYP2D6,4.580883502960205,0.0001717754639685154,0.00018619236652739346,0.0015028610359877348,32,0.9593070815763424,0.005273440387099981,0.00025917906896211207,0.7559180180554459,False,
268,OCNT-2535156,3,CYP3A4,4.452051162719727,3.697768261190504e-05,0.0,0.00023536558728665113,32,0.5065295542973435,0.0005995313404127955,0.3944787085056305,0.3870904959929291,False,
269,OCNT-2535158,0,CYP1A2,4.735945224761963,0.0003841036814264953,0.0,0.0019297460094094276,32,0.5836925583532706,0.007174537517130375,0.4322556257247925,0.4806954477136576,False,
269,OCNT-2535158,1,CYP2C9,4.6000657081604,3.0284165404736996e-05,7.931101208669133e-06,0.0001411077828379348,32,0.8503751247717392,0.0008243649499490857,2.425141428830102e-05,0.40181716684763824,False,
269,OCNT-2535158,2,CYP2D6,4.609382152557373,9.225991379935294e-05,0.0001264325255760923,0.0005851575406268239,32,0.8911636222949394,0.002631282899528742,0.0001753410615492612,0.5242996177454531,False,
269,OCNT-2535158,3,CYP3A4,4.146947383880615,3.123048736597411e-05,1.531115049147047e-05,0.0002049498725682497,32,0.8392337988350723,0.0008389783324673772,7.239571277750656e-05,0.45014654509753715,False,
270,OCNT-2535160,0,CYP1A2,5.062924861907959,0.00032038812059909105,1.8491158698452637e-05,0.001994652207940817,26,0.9414372130423556,0.007842502556741238,1.0029835721070413e-05,0.712464881712656,False,
270,OCNT-2535160,1,CYP2C9,4.892053127288818,6.264196417760104e-05,2.7414022042648867e-05,0.00043745533912442625,11,0.9792118605554915,0.0006748450105078518,0.0005223267944529653,0.49987143172717996,False,
270,OCNT-2535160,2,CYP2D6,4.580928325653076,0.00017159841081593186,0.00018591842672321945,0.0015018484555184841,32,0.9593520995069487,0.005268252454698086,0.0002587735652923584,0.755316106912147,False,
270,OCNT-2535160,3,CYP3A4,4.452292442321777,3.724978887476027e-05,2.9802322387695312e-08,0.0002365324617130682,32,0.5075017003324126,0.0006051009986549616,0.3869479298591614,0.38698218301481635,False,
271,OCNT-2535161,0,CYP1A2,4.774179935455322,0.000372401176718995,0.0,0.0018487756606191397,32,0.5592464151481772,0.006664627697318792,0.43986639380455017,0.4630259104006663,False,
271,OCNT-2535161,1,CYP2C9,4.639536380767822,3.254194598412141e-05,8.497171620547306e-06,0.00015180002083070576,32,0.8510687349148403,0.0008865261916071177,1.809858986234758e-05,0.40516047855239323,False,
271,OCNT-2535161,2,CYP2D6,4.5831379890441895,9.926898928824812e-05,0.0001361710310447961,0.0006208184640854597,32,0.8943953485285207,0.0028414293192327023,0.00017107209714595228,0.5622495198445552,False,
271,OCNT-2535161,3,CYP3A4,4.214841842651367,1.182089363283012e-05,7.300048565639372e-08,8.244262426160276e-05,32,0.591348416729236,0.0002238777669845149,0.4171823263168335,0.4024555765799981,False,
272,OCNT-2535163,0,CYP1A2,5.037230014801025,0.0005046473816037178,0.0003592426946852356,0.002503942232578993,32,0.9502033566157131,0.015344868414103985,5.796551704406738e-06,0.6044659248344622,False,
272,OCNT-2535163,1,CYP2C9,4.806736469268799,7.249018381116912e-05,1.8848342733690515e-05,0.0004399317258503288,12,0.9933450022399155,0.0008642123430036008,0.00012327369768172503,0.530048282245245,False,
272,OCNT-2535163,2,CYP2D6,4.542594909667969,0.0001261361758224666,5.835653792019002e-05,0.0011416722554713488,32,0.9909921669891956,0.0040003159083426,0.00021101940365042537,0.6268689508045882,False,
272,OCNT-2535163,3,CYP3A4,4.347701549530029,1.2083762157999445e-05,0.0,8.113888907246292e-05,32,0.5698354314447407,0.00022052653366699815,0.43225833773612976,0.37394844361722,False,
273,OCNT-2535164,0,CYP1A2,4.959290981292725,0.00018274980538990349,1.2679241990554146e-05,0.0007446041563525796,32,0.7093719070846554,0.004148629494011402,0.002392351161688566,0.7373933573928673,False,
273,OCNT-2535164,1,CYP2C9,4.749522686004639,9.50405501498608e-06,8.940696716308594e-08,6.253142055356875e-05,32,0.5198659434677982,0.00015827306197024882,0.4176478385925293,0.28148235593428406,False,
273,OCNT-2535164,2,CYP2D6,4.671803951263428,4.472208456718363e-05,5.895664799027145e-06,0.00029978627571836114,32,0.8160574004727784,0.0011681263567879796,0.00021516825654543936,0.5262628441031731,False,
273,OCNT-2535164,3,CYP3A4,4.318042278289795,1.120884462579852e-05,6.664001972467304e-08,7.771230593789369e-05,32,0.568699007630405,0.00020416466577444226,0.44731664657592773,0.388601991458332,False,
274,OCNT-2535166,0,CYP1A2,5.097889423370361,0.00029057965730316937,9.655124813434668e-06,0.001236535026691854,32,0.6767589010934534,0.006293092388659716,0.002209039870649576,0.6549442247756896,False,
274,OCNT-2535166,1,CYP2C9,4.913793087005615,9.088659135159105e-05,1.808003980841022e-05,0.0004684666346292943,32,0.9007669138439864,0.002620052546262741,2.7586112992139533e-05,0.40196372798994706,False,
274,OCNT-2535166,2,CYP2D6,4.611175060272217,4.630465991795063e-05,5.896191851206822e-06,0.0003175278543494642,32,0.7901784908121079,0.0011710991384461522,0.0001633054343983531,0.6610995049517896,False,
274,OCNT-2535166,3,CYP3A4,4.462954044342041,1.0662000022421125e-05,6.664001972467304e-08,7.152050966396928e-05,32,0.5700657724990028,0.00019467974198050797,0.4549179673194885,0.4503677457482448,False,
275,OCNT-2535167,0,CYP1A2,4.5789794921875,0.000638677622191608,1.163817913152343e-07,0.0040329513140022755,32,0.9604731793327441,0.019630154594779015,0.1669272482395172,0.6891410701823784,False,
275,OCNT-2535167,1,CYP2C9,4.433542728424072,1.7516116713522933e-05,1.3726064480579225e-06,8.792624430498108e-05,32,0.8563320280391744,0.00048026160220615566,0.0002034103381447494,0.4342116061422863,False,
275,OCNT-2535167,2,CYP2D6,4.6150617599487305,5.906758815399371e-05,4.7864978114375845e-06,0.0004817937151528895,32,0.8055703114265954,0.0015229168348014355,0.0001385785435559228,0.5264727529478772,False,
275,OCNT-2535167,3,CYP3A4,3.9662561416625977,1.3778811990050599e-05,2.9802322387695312e-08,0.00010022476635640487,32,0.5799732676911802,0.0002559085551183671,0.40190935134887695,0.3953729168396552,False,
276,OCNT-2535168,0,CYP1A2,5.0978899002075195,0.0002905799774453044,9.654572750150692e-06,0.0012365349102765322,32,0.6767582556644173,0.00629309331998229,0.0022091323044151068,0.6549606921893634,False,
276,OCNT-2535168,1,CYP2C9,4.913792133331299,9.088686783798039e-05,1.811037327570375e-05,0.0004684670129790902,32,0.9007658549001083,0.002620057435706258,2.8789043426513672e-05,0.402302156443277,False,
276,OCNT-2535168,2,CYP2D6,4.611167907714844,4.6303728595376015e-05,5.9088320085720625e-06,0.00031752645736560225,32,0.7901928094927765,0.0011710968101397157,0.00017101882258430123,0.6603098999611687,False,
276,OCNT-2535168,3,CYP3A4,4.462945938110352,1.0662472959666047e-05,1.2287812012345967e-07,7.152059697546065e-05,32,0.5700417038121094,0.00019468014943413436,0.4550336003303528,0.4504584427365256,False,
277,OCNT-2535170,0,CYP1A2,5.02935266494751,0.0007174754864536226,1.2990531672585348e-07,0.0045672086998820305,32,1.0001248712475923,0.022962402552366257,0.10628562420606613,0.739817909737202,False,
277,OCNT-2535170,1,CYP2C9,4.892707824707031,2.45515548158437e-05,1.2842691603509593e-06,0.00011014440678991377,32,0.7210840341073718,0.0005667502409778535,0.0003508975205477327,0.36188146906479957,False,
277,OCNT-2535170,2,CYP2D6,4.6355299949646,3.8420665077865124e-05,1.1741699381673243e-06,0.00027996901189908385,32,0.7945761994303121,0.0009771549375727773,0.0004252051003277302,0.5167918273881791,False,
277,OCNT-2535170,3,CYP3A4,4.445154666900635,3.5674624086823314e-05,6.664001972467304e-08,0.00020546864834614098,32,0.48615306661400054,0.0005551420617848635,0.40963441133499146,0.38719473663465187,False,
278,OCNT-2535171,0,CYP1A2,4.68156099319458,0.00047876511234790087,4.266839096089825e-05,0.0024990816600620747,32,0.7086134115874353,0.010856526903808117,3.33180942106992e-05,0.5481916848506256,False,
278,OCNT-2535171,1,CYP2C9,4.479565143585205,6.492035754490644e-05,1.6052361388574354e-05,0.0003848497290164232,11,0.998655587886979,0.000713273708242923,5.770768257207237e-05,0.5791346466613536,False,
278,OCNT-2535171,2,CYP2D6,4.563604831695557,0.00013494552695192397,4.93453917442821e-05,0.0012081906897947192,32,0.8947555001702956,0.003864070400595665,0.00015828781761229038,0.5889618460165584,False,
278,OCNT-2535171,3,CYP3A4,4.050877094268799,1.0623264643072616e-05,0.0,7.188176095951349e-05,32,0.5627178575708763,0.00019147289276588708,0.4549587070941925,0.3561675313147441,False,
279,OCNT-2535172,0,CYP1A2,4.956518650054932,0.00026889075525105,6.664001972467304e-08,0.001376687316223979,32,0.7613892960711302,0.00655162101611495,0.220133438706398,0.594603440210878,False,
279,OCNT-2535172,1,CYP2C9,4.829786777496338,7.204311259556562e-05,1.9170587620465085e-05,0.00042577364365570247,31,0.9883392564744511,0.002207600511610508,7.125012871256331e-06,0.6068756496367935,False,
279,OCNT-2535172,2,CYP2D6,4.905908584594727,0.00013613456394523382,5.6899745686678216e-05,0.0011668640654534101,32,0.8973044613405825,0.003909219987690449,0.00015799159882590175,0.60636924313487,False,
279,OCNT-2535172,3,CYP3A4,4.481132984161377,1.361009481115616e-06,0.0,7.2954408096848056e-06,32,0.34908662042537314,1.531523412268143e-05,0.8110146522521973,0.23769990834206675,True,curved
280,OCNT-2535176,0,CYP1A2,4.63745641708374,0.00028386490885168314,1.861839700723067e-05,0.0011828553397208452,32,0.6076178952428801,0.005519599188119173,0.001995519269257784,0.5791809492942723,False,
280,OCNT-2535176,1,CYP2C9,4.326713562011719,0.00021627434762194753,4.037561666336842e-05,0.0013164534466341138,32,0.7348597056070586,0.005086036864668131,0.0002688431413844228,0.5599438330793918,False,
280,OCNT-2535176,2,CYP2D6,4.072085857391357,0.00027854499057866633,0.0004801198374480009,0.0024658781476318836,32,0.9127871782353245,0.008136365562677383,6.870202923892066e-05,0.5819462320447485,False,
280,OCNT-2535176,3,CYP3A4,3.843533992767334,6.928043148946017e-05,1.5064477338455617e-05,0.0005140974535606802,32,0.7207531960085709,0.0015981215983629227,0.00013511604629456997,0.46563080934285855,False,
281,OCNT-2535177,0,CYP1A2,4.9499592781066895,0.00019633478950709105,1.3998750546306837e-05,0.0007947622798383236,32,0.7119459433568368,0.004473180044442415,0.00243344041518867,0.7391976855888047,False,
281,OCNT-2535177,1,CYP2C9,4.739709854125977,3.388190452824347e-05,1.0941440450551454e-05,0.00019172817701473832,32,0.9087722850735079,0.0009856007527559996,0.0001794483687262982,0.350274681997471,False,
281,OCNT-2535177,2,CYP2D6,4.382221221923828,0.00011934657959500328,6.566967385879252e-06,0.0008682303596287966,32,0.9167461517666828,0.003501429921016097,0.0002511649508960545,0.5997987206499792,False,
281,OCNT-2535177,3,CYP3A4,4.217635154724121,1.226545555255143e-05,0.0,8.621811866760254e-05,32,0.5683491904733264,0.00022325584723148495,0.432229608297348,0.3898245326061355,False,
282,OCNT-2535178,0,CYP1A2,4.647531509399414,0.00013122805103193969,9.859209967544302e-06,0.0007212467025965452,25,0.8062472246797852,0.0026452578604221344,4.095335680176504e-05,0.6428321681598,False,
282,OCNT-2535178,1,CYP2C9,4.413303852081299,0.00016383790352847427,1.1973200741977053e-07,0.0009529916569590569,32,0.6709858064665388,0.003518067765980959,0.2962157428264618,0.49245190246419807,False,
282,OCNT-2535178,2,CYP2D6,4.508107662200928,4.601692853611894e-05,1.2921979077873402e-06,0.00031209629378281534,32,0.7475381076753916,0.0011010202579200268,0.0005057354574091733,0.4562092804913155,False,
282,OCNT-2535178,3,CYP3A4,4.022688388824463,1.432619865227025e-05,0.0,9.880543075269088e-05,32,0.4640020845288553,0.00021286483388394117,0.4628140330314636,0.38101565992847775,False,
283,OCNT-2535180,0,CYP1A2,4.779456615447998,0.00035251813824288547,3.762543201446533e-07,0.0018003523582592607,32,0.7093780149971551,0.008002422749996185,0.16712921857833862,0.5567932436316784,False,
283,OCNT-2535180,1,CYP2C9,4.593586444854736,0.00021271822333801538,1.704945862002205e-05,0.001412220997735858,32,0.7363686998004602,0.005012684967368841,0.00014350404671858996,0.4866885135447957,False,
283,OCNT-2535180,2,CYP2D6,4.583669662475586,0.00011912286572623998,5.2488830988295376e-05,0.0009471650701016188,32,0.9527686468951733,0.003632193896919489,0.00012616226740647107,0.5706056967078788,False,
283,OCNT-2535180,3,CYP3A4,4.3443989753723145,1.5660503777326085e-05,0.0,9.5262577815447e-05,32,0.3800912411396816,0.0001905990793602541,0.6291617751121521,0.2690614443417384,False,
284,OCNT-2535182,0,CYP1A2,4.792478084564209,0.00022841592726763338,3.7358921645136434e-07,0.001245526596903801,32,0.8133044350652974,0.005944954231381416,0.1747131049633026,0.615292914593094,False,
284,OCNT-2535182,1,CYP2C9,4.6389031410217285,0.0002092666254611686,1.7103735444834456e-05,0.0013880416518077254,32,0.7313179860043422,0.004897528328001499,0.00014264113269746304,0.48188711224621245,False,
284,OCNT-2535182,2,CYP2D6,4.639523029327393,0.00012508395593613386,5.251521724858321e-05,0.0010248003527522087,32,0.9274783824232151,0.003712702076882124,0.0001572822075104341,0.49886005934513344,False,
284,OCNT-2535182,3,CYP3A4,4.4051432609558105,1.4186206499289256e-05,0.0,8.171334047801793e-05,32,0.3841011704825195,0.00017448894504923373,0.6291871666908264,0.2870773617658733,False,
285,OCNT-2535183,0,CYP1A2,4.787895202636719,0.0003151978016830981,3.8577894656555145e-07,0.0014916278887540102,32,0.6708925208991419,0.006767057813704014,0.16722555458545685,0.5531102183591249,False,
285,OCNT-2535183,1,CYP2C9,4.624385833740234,0.00021335283236112446,1.7193127860082313e-05,0.0014201636658981442,32,0.7378044315845881,0.00503744138404727,0.00014365577953867614,0.48713456038500785,False,
285,OCNT-2535183,2,CYP2D6,4.634745121002197,0.00011803818779299036,5.2463601605268195e-05,0.0009434676030650735,32,0.9567600927533199,0.003614201443269849,0.00012685403635259718,0.5738431415258192,False,
285,OCNT-2535183,3,CYP3A4,4.353291988372803,1.5072191672516055e-05,0.0,9.146011871052906e-05,32,0.38111812129101974,0.00018393908976577222,0.6291893720626831,0.2695816810620457,False,
286,OCNT-2535184,0,CYP1A2,5.081368923187256,0.0003056711866520345,9.191057870339137e-06,0.0013110045110806823,32,0.6743985811008908,0.006596830673515797,0.00207830430008471,0.650913753120281,False,
286,OCNT-2535184,1,CYP2C9,4.861843109130859,9.350896107207518e-06,5.960464477539063e-08,6.109182140789926e-05,32,0.5013083851571637,0.0001501662627561018,0.44023436307907104,0.2890910965824951,False,
286,OCNT-2535184,2,CYP2D6,4.771090507507324,4.23418459831737e-05,5.8175628510070965e-06,0.0002827283460646868,32,0.8379319061159587,0.0011356148170307279,0.00020683353068307042,0.651335935574778,False,
286,OCNT-2535184,3,CYP3A4,4.461165904998779,1.1228841685806401e-05,5.960464477539063e-08,7.798902515787631e-05,32,0.5694897600313894,0.00020481296814978123,0.44723227620124817,0.39117263622755716,False,
287,OCNT-2535186,0,CYP1A2,5.014366626739502,0.00018273603927809745,1.6038689864217304e-05,0.0006634053424932063,32,0.6488758808674482,0.0037945439107716084,0.002785744611173868,0.7142592746262985,False,
287,OCNT-2535186,1,CYP2C9,4.81707239151001,1.6336687622242607e-05,7.456538924088818e-07,9.82433048193343e-05,32,0.7364626502975136,0.00038523919647559524,0.061190418899059296,0.29917871149657227,False,
287,OCNT-2535186,2,CYP2D6,4.737796306610107,3.656723129097372e-05,4.779162736667786e-06,0.00027979601873084903,32,0.8857543649043752,0.0010367501527071,0.00011634329712251201,0.5925927381132118,False,
287,OCNT-2535186,3,CYP3A4,4.437112331390381,1.0379619197919965e-05,5.960464477539063e-08,7.0868045440875e-05,32,0.5694128286339696,0.00018931143858935684,0.45500481128692627,0.4134992051742836,False,
288,OCNT-2535190,0,CYP1A2,5.125231742858887,0.0002872563200071454,0.00032285062479786575,0.0016563903773203492,2,1.0028824987140192,0.0005761887296102941,0.0028874692507088184,0.8182009107968239,False,
288,OCNT-2535190,1,CYP2C9,4.866562366485596,1.0560635018919129e-05,8.940696716308594e-08,6.17855548625812e-05,32,0.3898042092254599,0.0001318552967859432,0.4933527708053589,0.2941760667127508,False,
288,OCNT-2535190,2,CYP2D6,4.777418613433838,5.63851062906906e-05,5.925343430135399e-06,0.0004427469102665782,32,0.836874177707788,0.0015102594625204802,0.00015555773279629648,0.636961038449813,False,
288,OCNT-2535190,3,CYP3A4,4.447770595550537,1.1594233001233079e-05,2.9802322387695312e-08,8.693945710547268e-05,32,0.5668467097266354,0.00021049028146080673,0.4398004114627838,0.37931699669293595,False,
289,OCNT-2535194,0,CYP1A2,5.065528392791748,0.00031319583649747074,0.0003708916192408651,0.0017956976080313325,32,1.0011654698499477,0.010034267790615559,0.002691852394491434,0.8198064209913352,False,
289,OCNT-2535194,1,CYP2C9,4.775221347808838,1.931555016199127e-05,3.281640204022551e-07,0.0001152641634689644,32,0.5659334269860095,0.00034998319461010396,0.23551535606384277,0.2792504088951095,False,
289,OCNT-2535194,2,CYP2D6,4.571836948394775,6.633807788603008e-05,6.169098924146965e-06,0.0004657659155782312,32,0.7165301964715364,0.0015212928410619497,0.0002029393654083833,0.5788812273138176,False,
289,OCNT-2535194,3,CYP3A4,4.260223388671875,1.2886268450529315e-05,1.4901161193847656e-08,9.764322021510452e-05,32,0.5649261001078986,0.00023313403653446585,0.43224653601646423,0.382382822941712,False,
290,OCNT-2535197,0,CYP1A2,4.657907962799072,0.0009884992614388466,2.1746083803009242e-05,0.006583699490875006,2,1.0010158835358756,0.0019790269434452057,5.290363696985878e-05,0.7162869906460813,False,
290,OCNT-2535197,1,CYP2C9,4.262770175933838,0.00026069997693412006,3.075357426496339e-06,0.002318274462595582,32,0.989187721474301,0.008252515457570553,0.00026540367980487645,0.6293010556617604,False,
290,OCNT-2535197,2,CYP2D6,4.331653594970703,0.00013497372856363654,5.972327562631108e-05,0.0012343982234597206,32,0.9240177507369819,0.003991275560110807,4.5179869630374014e-05,0.5729325710670529,False,
290,OCNT-2535197,3,CYP3A4,3.6712119579315186,2.0178173144813627e-05,1.115100829451876e-07,0.00014319317415356636,32,0.5842921741579943,0.000377465330529958,0.3487895727157593,0.41554961195936807,False,
291,OCNT-2535199,0,CYP1A2,4.961955547332764,0.0005105961463414133,2.3142751160776243e-05,0.0031567933037877083,32,0.9588221894843679,0.015666576102375984,5.093939307698747e-06,0.7012974857161369,False,
291,OCNT-2535199,1,CYP2C9,4.744508266448975,3.8040278013795614e-05,2.1648284018738195e-05,0.0002357350749662146,32,0.7755223541247243,0.0009442829177714884,0.0005185811896808445,0.45703456649848123,False,
291,OCNT-2535199,2,CYP2D6,4.598648548126221,0.0002445731370244175,0.00016030784172471613,0.0021667301189154387,32,0.9393098559167699,0.0073516592383384705,0.00017345041851513088,0.6997209717548458,False,
291,OCNT-2535199,3,CYP3A4,4.3102803230285645,2.0824827515752986e-05,5.372690026206328e-08,0.00014281754556577653,32,0.5910074709826433,0.00039403323899023235,0.3865872025489807,0.38500183473242733,False,
292,OCNT-2535201,0,CYP1A2,4.704583168029785,0.0009178571635857224,2.2351741790771484e-08,0.0051213777624070644,32,0.7812552299207496,0.022946832701563835,0.22018776834011078,0.5949184061806272,False,
292,OCNT-2535201,1,CYP2C9,4.526422023773193,9.459154534852132e-05,2.0761826817761175e-05,0.0005417619831860065,32,0.9728597839719834,0.0029450892470777035,6.479747298726579e-06,0.641802300745246,False,
292,OCNT-2535201,2,CYP2D6,4.402788162231445,0.0001623915450181812,6.706139538437128e-05,0.0015913100214675069,32,0.9884642048667484,0.005136899650096893,0.00016074288578238338,0.6202692845448712,False,
292,OCNT-2535201,3,CYP3A4,4.0330610275268555,1.4474020645138808e-05,7.300048565639372e-08,9.906021296046674e-05,32,0.588918831952872,0.00027295720065012574,0.3944864869117737,0.3927333965098675,False,
293,OCNT-2535202,0,CYP1A2,4.850534439086914,0.0008521044510416687,1.1626725608948618e-06,0.0050885966047644615,32,0.7868616697276236,0.021455878391861916,0.0007515992037951946,0.5402746451019671,False,
293,OCNT-2535202,1,CYP2C9,4.449535846710205,0.00042691364069469273,1.1921599252673332e-05,0.0034622284583747387,32,0.9780492238405438,0.01336167473345995,0.00024913568631745875,0.619420388515225,False,
293,OCNT-2535202,2,CYP2D6,4.634162425994873,0.00012362543202470988,6.342760752886534e-05,0.0009903657482936978,32,0.8408647147061226,0.003326741512864828,0.00016246330051217228,0.5494590900338494,False,
293,OCNT-2535202,3,CYP3A4,3.932615041732788,9.103638149099424e-06,1.0745380052412656e-07,6.330480391625315e-05,32,0.599537932623373,0.0001748470967868343,0.43990659713745117,0.3870397192998276,False,
294,OCNT-2535203,0,CYP1A2,5.098961353302002,0.00012333440827205777,2.0651955310313497e-06,0.000676844094414264,32,0.7954364899630806,0.0031396045815199614,0.0008537647663615644,0.656209039614391,False,
294,OCNT-2535203,1,CYP2C9,4.8434038162231445,0.00012781235272996128,2.823214526870288e-05,0.0006881923764012754,32,0.5679450367784693,0.0023230742663145065,0.00032356922747567296,0.4636995992026594,False,
294,OCNT-2535203,2,CYP2D6,4.483800411224365,0.0002435596688883379,0.00018068315694108605,0.0021027810871601105,32,0.9751242868062704,0.0076003423891961575,0.0001485650282120332,0.7428827476808622,False,
294,OCNT-2535203,3,CYP3A4,4.385478973388672,4.432294372236356e-05,6.664001972467304e-08,0.0002768690465018153,32,0.5069772350527828,0.0007192253833636642,0.37157392501831055,0.3827537113848656,False,
295,OCNT-2535204,0,CYP1A2,4.719893932342529,0.00015094679838512093,1.3725231838179752e-05,0.0009876228868961334,26,0.8144627753338529,0.0031966660171747208,0.0001542780373711139,0.6521786234191722,False,
295,OCNT-2535204,1,CYP2C9,4.473759651184082,0.00011664245539577678,8.803021046333015e-06,0.0009078981238417327,32,0.9648543160712916,0.0036016840022057295,0.00011878980149049312,0.6958449084697734,False,
295,OCNT-2535204,2,CYP2D6,4.511091709136963,4.8690235416870564e-05,1.384124630021688e-06,0.0003450246003922075,32,0.7798482329475656,0.0012153213610872626,0.00039117084816098213,0.5186496681338737,False,
295,OCNT-2535204,3,CYP3A4,3.9656500816345215,6.598552135983482e-05,9.97318966255989e-06,0.000434341374784708,32,0.8715686608179886,0.001840628101490438,5.696262451237999e-05,0.5233365291086447,False,
296,OCNT-2535205,0,CYP1A2,4.433459281921387,0.0007891979767009616,5.1210699893999845e-05,0.00503910519182682,19,0.9383294374341486,0.014070204459130764,4.620172694558278e-05,0.7112274909553445,False,
296,OCNT-2535205,1,CYP2C9,4.138576984405518,0.0003086930082645267,4.7389909013872966e-05,0.002436978043988347,32,0.9389887463510681,0.009275796823203564,0.0003316226357128471,0.6053182152510369,False,
296,OCNT-2535205,2,CYP2D6,4.096646308898926,0.00018123621703125536,4.772236934513785e-05,0.001590700470842421,32,0.9746842618181739,0.0056530507281422615,6.566219235537574e-05,0.6928962710925073,False,
296,OCNT-2535205,3,CYP3A4,3.396599292755127,5.204175249673426e-05,3.0429603157244856e-06,0.00046344700967893004,32,0.7319276760420286,0.001219139783643186,0.00015169833204708993,0.46561835839263077,False,
297,OCNT-2535207,0,CYP1A2,4.760135173797607,0.0007876574527472258,5.329146370058879e-05,0.0047600362449884415,16,0.9678700093082994,0.01219775527715683,7.115756307030097e-05,0.691252004490395,False,
297,OCNT-2535207,1,CYP2C9,4.546770095825195,6.770137406419963e-05,1.7828198906499892e-05,0.00041304132901132107,2,0.9998572572764425,0.00013540341751649976,0.00017268097144551575,0.5701208124365476,False,
297,OCNT-2535207,2,CYP2D6,4.593780994415283,0.0001440971827832982,5.507047535502352e-05,0.0012964097550138831,32,0.9224622330810319,0.004253869876265526,0.00013303350715432316,0.601573957999088,False,
297,OCNT-2535207,3,CYP3A4,4.144023418426514,1.2001648428849876e-05,0.0,8.053971396293491e-05,32,0.5628433228780155,0.0002163416356779635,0.44733327627182007,0.33180260482479984,False,
298,OCNT-2535208,0,CYP1A2,4.74955415725708,0.0006301558460108936,2.6711946702562273e-05,0.0036860848776996136,32,0.9059353307936385,0.018268464133143425,4.744891157315578e-06,0.6907707019642592,False,
298,OCNT-2535208,1,CYP2C9,4.499826908111572,4.1671290091471747e-05,2.4698385459487326e-05,0.00026945603895001113,32,0.8234805041562279,0.0010983593529090285,0.00035557468072511256,0.4513098076930476,False,
298,OCNT-2535208,2,CYP2D6,4.568914413452148,0.00026471965247765183,0.00018190967966802418,0.00237464252859354,32,0.9591603013897243,0.008125381544232368,0.00017110326734837145,0.706226724642373,False,
298,OCNT-2535208,3,CYP3A4,4.077206611633301,2.350047361687757e-05,9.42432194506182e-08,0.00016133871395140886,32,0.5907622008348805,0.0004444511723704636,0.3641023337841034,0.3873473878314492,False,
299,OCNT-2535209,0,CYP1A2,5.109503746032715,0.00011819526844192296,1.9896258436347125e-06,0.000648640445433557,32,0.7954329266704324,0.003008779603987932,0.0008678422891534865,0.6563586935405683,False,
299,OCNT-2535209,1,CYP2C9,4.857048511505127,0.00012255583715159446,2.6968780730385333e-05,0.0006597571773454547,32,0.5678369291178679,0.0022271170746535063,0.00032388034742325544,0.46366284543608727,False,
299,OCNT-2535209,2,CYP2D6,4.519994258880615,0.00023341694031842053,0.00017320869665127248,0.00201533455401659,32,0.9751224510874852,0.007283835206180811,0.00014852483582217246,0.7428285368265445,False,
299,OCNT-2535209,3,CYP3A4,4.382805347442627,7.305497274501249e-05,2.9802322387695312e-08,0.0003846592444460839,32,0.4812277241280268,0.0011251484975218773,0.37195396423339844,0.3814470332926799,False,
300,OCNT-2535211,0,CYP1A2,4.786128520965576,0.00010685053712222725,2.2598730993195204e-06,0.0007485585520043969,10,0.9638994215572971,0.001030028099194169,0.009973791427910328,0.6735895086218919,False,
300,OCNT-2535211,1,CYP2C9,4.498839855194092,0.00020779324404429644,5.1563842134783044e-05,0.0012595540611073375,32,0.7418777599017955,0.004933267366141081,0.0002627187641337514,0.4619012474618925,False,
300,OCNT-2535211,2,CYP2D6,4.591797351837158,0.000261718436377123,0.00016877004236448556,0.0020612359512597322,32,0.8131288295959608,0.006810205988585949,0.00026595365488901734,0.6216003705652473,False,
300,OCNT-2535211,3,CYP3A4,4.0308074951171875,2.6423385861562565e-05,1.884864389012364e-07,0.0001953887549461797,32,0.617869537366499,0.0005226362845860422,0.2808520793914795,0.4017599008544612,False,
301,OCNT-2535212,0,CYP1A2,5.112136363983154,0.0002902027918025851,9.63634010986425e-06,0.0012363342102617025,32,0.6764913272372205,0.006282445974647999,0.0022126613184809685,0.6532472533639819,False,
301,OCNT-2535212,1,CYP2C9,4.9401116371154785,1.9588940631365404e-05,1.103491058529471e-06,0.00011223340698052198,32,0.7817443180818072,0.0004902835353277624,0.0005121628637425601,0.31174346858606716,False,
301,OCNT-2535212,2,CYP2D6,4.673523426055908,3.8983042031759396e-05,5.737489118473604e-06,0.00027127459179610014,32,0.8857568985763977,0.0011052273912355304,0.0001449977862648666,0.6684047600961415,False,
301,OCNT-2535212,3,CYP3A4,4.518120765686035,1.0669806215446442e-05,6.664001972467304e-08,7.240743434522301e-05,32,0.5701220315131573,0.00019484137010294944,0.44746023416519165,0.4323865521423958,False,
302,OCNT-2535213,0,CYP1A2,4.801412105560303,0.0004281367873772979,3.725290298461914e-08,0.0019878391176462173,32,0.5938724160583057,0.008136466145515442,0.25038957595825195,0.4683941969880235,False,
302,OCNT-2535213,1,CYP2C9,4.649993896484375,0.00013128636055625975,2.980806675623171e-05,0.0007113857427611947,32,0.9478735288647602,0.0039824750274419785,2.661889311639243e-06,0.6317718817269552,False,
302,OCNT-2535213,2,CYP2D6,4.5911946296691895,0.00010832610860234126,4.381579128676094e-05,0.0009721009409986436,32,0.9224784224011527,0.003198007121682167,0.00018730534065980464,0.5722125693189247,False,
302,OCNT-2535213,3,CYP3A4,4.193762302398682,1.1078077477577608e-05,6.828570064953965e-08,7.626014848938212e-05,32,0.5790966497611805,0.000205474192625843,0.4397183656692505,0.37174963267482347,False,
303,OCNT-2535214,0,CYP1A2,4.872654438018799,0.0006305984570644796,2.8829064831370488e-05,0.0039036055095493793,32,0.9597200451439739,0.019366642460227013,4.409840585140046e-06,0.7010771268542371,False,
303,OCNT-2535214,1,CYP2C9,4.661355972290039,4.861713387072086e-05,2.715715345402714e-05,0.00031577670597471297,32,0.8573167812432533,0.0013340434525161982,0.0003117471933364868,0.445197839929952,False,
303,OCNT-2535214,2,CYP2D6,4.581354141235352,0.0002843645925167948,0.00020106552983634174,0.002412342932075262,32,0.9570835096968152,0.008709447458386421,0.00016139989020302892,0.7049220598398105,False,
303,OCNT-2535214,3,CYP3A4,4.264909744262695,2.555223909439519e-05,1.0323827126512697e-07,0.00017082944395951927,32,0.5911306961150382,0.00048353997408412397,0.3563459813594818,0.3919597175898432,False,
304,OCNT-2535215,0,CYP1A2,4.64405632019043,0.00021600745094474405,4.737605559057556e-05,0.0010876123560592532,32,0.5712681689723261,0.003948924597352743,0.00023256873828358948,0.42449842775805235,False,
304,OCNT-2535215,1,CYP2C9,4.425693035125732,0.00028449477395042777,1.5896298464213032e-06,0.0022039711475372314,32,0.9665612729313706,0.008799721486866474,0.00042531255166977644,0.6383712343594606,False,
304,OCNT-2535215,2,CYP2D6,4.576598644256592,5.498706013895571e-05,1.405456828251772e-06,0.0003784311411436647,32,0.7244986818940686,0.0012750495225191116,0.0003506712964735925,0.43889338565296515,False,
304,OCNT-2535215,3,CYP3A4,3.8930046558380127,1.1580415957723744e-05,5.960464477539063e-08,7.664471922907978e-05,32,0.5646549010740828,0.00020942672563251108,0.4397422969341278,0.3918438027107062,False,
305,OCNT-2535216,0,CYP1A2,4.644222259521484,0.0002173272951040417,4.738794450531714e-05,0.0010911779245361686,32,0.5692209090563832,0.003958813846111298,0.000231586629524827,0.42346493729525597,False,
305,OCNT-2535216,1,CYP2C9,4.425610065460205,0.0002844761766027659,1.6026889397835475e-06,0.0022037862800061703,32,0.966538830961995,0.008798941969871521,0.0003665554686449468,0.6383145906992258,False,
305,OCNT-2535216,2,CYP2D6,4.576940536499023,5.4986558097880334e-05,1.3578875268649426e-06,0.0003780900442507118,32,0.7245022526824786,0.0012750441674143076,0.0003680862137116492,0.44054815821440774,False,
305,OCNT-2535216,3,CYP3A4,3.892932415008545,1.158054237748729e-05,5.960464477539063e-08,7.664179429411888e-05,32,0.5646738522808801,0.00020943603885825723,0.4474131166934967,0.3918317381187334,False,
306,OCNT-2535217,0,CYP1A2,4.851321697235107,0.00046847976045683026,0.00034842410241253674,0.001973904436454177,32,0.7449430788664703,0.01116794254630804,0.0015308568254113197,0.5274315344751128,False,
306,OCNT-2535217,1,CYP2C9,4.591912746429443,1.6926260286709294e-05,2.3888378564151935e-07,9.579960169503465e-05,32,0.5443622874118476,0.00029502276447601616,0.3190160095691681,0.2788264786218488,False,
306,OCNT-2535217,2,CYP2D6,4.435190677642822,4.61628042103257e-05,5.824448180646868e-06,0.0003214016032870859,32,0.8505077093285082,0.00125665043015033,0.00010936865146504715,0.6307474067457389,False,
306,OCNT-2535217,3,CYP3A4,4.113545894622803,2.6750531105790287e-05,2.9802322387695312e-08,0.00021336288773454726,32,0.5491359525246287,0.0004702454316429794,0.4022432863712311,0.4000063695470656,False,
307,OCNT-2535218,0,CYP1A2,4.908401966094971,2.706111808947753e-05,7.79431843511702e-07,0.00014602000010199845,32,0.6397272692111043,0.0005541802383959293,0.046653568744659424,0.39395771884788683,False,
307,OCNT-2535218,1,CYP2C9,4.661012649536133,1.0764177204691805e-05,5.960464477539063e-08,4.788487058249302e-05,32,0.45630685436089474,0.0001573225890751928,0.4475732147693634,0.24256067261835842,False,
307,OCNT-2535218,2,CYP2D6,4.384720325469971,9.007166227092966e-05,3.435452981648268e-06,0.0004990653833374381,32,0.7726897744882798,0.0022273657377809286,0.00010970867151627317,0.5801776256498369,False,
307,OCNT-2535218,3,CYP3A4,4.151259422302246,5.1710532716242597e-05,1.5214516224659747e-07,0.0003249908040743321,32,0.5439083137625856,0.000900199287571013,0.3415989577770233,0.4175346315121417,False,
308,OCNT-2535219,0,CYP1A2,4.418154239654541,0.0006132946000434458,6.143906006172983e-08,0.0031500167679041624,32,0.6582341138088259,0.012918336316943169,0.22005923092365265,0.5038964244725581,False,
308,OCNT-2535219,1,CYP2C9,4.245885372161865,6.880849105073139e-05,1.8385502698947676e-05,0.00040353770600631833,27,0.9913866602295219,0.0018420948181301355,9.971134204533882e-06,0.646984888967361,False,
308,OCNT-2535219,2,CYP2D6,4.585452556610107,0.00013409345410764217,5.454904749058187e-05,0.0012272190069779754,32,0.8921050812490375,0.00382829993031919,0.00018105316848959774,0.574017696903131,False,
308,OCNT-2535219,3,CYP3A4,3.785998821258545,1.240970868821023e-05,8.940696716308594e-08,8.615467959316447e-05,32,0.5872330919516217,0.00023338444589171559,0.4097887873649597,0.3804440544099892,False,
309,OCNT-2535220,0,CYP1A2,4.919063091278076,0.0010171004105359316,1.5020636965346057e-06,0.006790610495954752,2,1.0028821511472452,0.0020400837529450655,0.00015741857350803912,0.7717387149228773,False,
309,OCNT-2535220,1,CYP2C9,4.75590181350708,9.11188999452861e-06,8.940696716308594e-08,4.386916771181859e-05,32,0.6632303885849615,0.00019359726866241544,0.37168747186660767,0.30200808664450257,False,
309,OCNT-2535220,2,CYP2D6,4.517536163330078,7.788520451867953e-05,1.7357134538542596e-06,0.0005822587409056723,32,0.7199294795373244,0.0017945297295227647,0.0003148638061247766,0.4959158248012341,False,
309,OCNT-2535220,3,CYP3A4,4.209883213043213,1.5953894035192207e-05,4.5320113883917656e-08,0.00011971576896030456,32,0.5906721327477962,0.0003017416747752577,0.37912091612815857,0.40420504683769615,False,
310,OCNT-2535221,0,CYP1A2,4.853262424468994,0.0007439844193868339,1.334328862867551e-05,0.005144021939486265,2,1.0042557005140906,0.0014943212736397982,4.4093438191339374e-05,0.7447338515206543,False,
310,OCNT-2535221,1,CYP2C9,4.606472492218018,4.371242175693624e-05,2.929377296823077e-05,0.00028839564765803516,32,0.9534001909945574,0.0013339188881218433,0.00014413306780625135,0.4963339224436727,False,
310,OCNT-2535221,2,CYP2D6,4.3818464279174805,0.00018305362027604133,0.00016301691357512027,0.0016650853212922812,32,0.9593261746750624,0.0056197671219706535,0.00017090367327909917,0.7240153990349201,False,
310,OCNT-2535221,3,CYP3A4,4.079884052276611,4.193545100861229e-05,2.425595994282048e-06,0.0003733878838829696,32,0.7328668318877858,0.0009836937533691525,0.00017162118456326425,0.46607165068676804,False,
311,OCNT-2535224,0,CYP1A2,4.78859281539917,0.0006048738723620772,1.0272207873640582e-05,0.0031453054398298264,32,0.6065320591491671,0.011740206740796566,0.0019781088922172785,0.42319043168199405,False,
311,OCNT-2535224,1,CYP2C9,4.547402858734131,0.00031929422402754426,1.051983986144478e-06,0.0025019370950758457,32,0.9923365243697714,0.010139431804418564,0.00031376563129015267,0.6121853185098085,False,
311,OCNT-2535224,2,CYP2D6,4.419365882873535,0.00011084128345828503,5.386989505495876e-05,0.0008017114014364779,32,0.9515146307316631,0.003375251777470112,0.0002293911820743233,0.591746953712021,False,
311,OCNT-2535224,3,CYP3A4,3.96022891998291,1.249383876711363e-05,6.664001972467304e-08,8.336735481861979e-05,32,0.5733930695178262,0.0002294276637258008,0.42450031638145447,0.3715234574041577,False,
312,OCNT-2535225,0,CYP1A2,4.811985015869141,0.0002232318074675277,1.0997685421898495e-05,0.0009486305643804371,32,0.6606798924794716,0.0047197239473462105,2.2687694581691176e-05,0.6355400123879693,False,
312,OCNT-2535225,1,CYP2C9,4.536586284637451,2.2915666704648174e-05,7.154982313295477e-07,0.00012909177166875452,32,0.7425200317538881,0.0005447285366244614,0.06887480616569519,0.31016055731524383,False,
312,OCNT-2535225,2,CYP2D6,4.749385356903076,0.00014915106294211,2.1083958472445374e-06,0.0009604602819308639,32,0.847285567597383,0.0040442245081067085,0.0001951433514477685,0.5628434003501935,False,
312,OCNT-2535225,3,CYP3A4,4.076811790466309,1.1719272151822224e-05,0.0,8.095720841083676e-05,32,0.559962328833123,0.0002101744175888598,0.4474891126155853,0.3395168140462514,False,
313,OCNT-2535226,0,CYP1A2,4.9707770347595215,0.0003192760341335088,1.905210046970751e-05,0.0013531153090298176,32,0.6785301124039691,0.006932646036148071,0.0023021160159260035,0.6246637651926906,False,
313,OCNT-2535226,1,CYP2C9,4.742401599884033,7.066877878969535e-05,1.5141493349801749e-05,0.0004166780272498727,27,0.985057997613575,0.0018798128003254533,0.00010278098488925025,0.5138002152372924,False,
313,OCNT-2535226,2,CYP2D6,4.609874248504639,0.00014444281987380236,8.651092502987012e-05,0.0012106022331863642,32,0.9164696887352762,0.00423637218773365,0.00018894356617238373,0.6042666254983754,False,
313,OCNT-2535226,3,CYP3A4,4.301732540130615,1.1653352885332424e-05,0.0,7.929495768621564e-05,32,0.5703147220994119,0.00021285701950546354,0.43972140550613403,0.38292833171672036,False,
314,OCNT-2535228,0,CYP1A2,3.8222177028656006,0.000620971608441323,0.0,0.0034883779007941484,32,0.6856004455423997,0.013623848557472229,0.288223534822464,0.4977624277410502,False,
314,OCNT-2535228,1,CYP2C9,3.6188371181488037,0.00043520404142327607,3.1952481549524236e-06,0.0037425868213176727,32,0.9648009757790402,0.013436637818813324,0.0002443393168505281,0.6176687161986152,False,
314,OCNT-2535228,2,CYP2D6,4.3037109375,0.00021888180344831198,0.00010080432548420504,0.002177475718781352,32,0.9409322228126679,0.006590795237571001,4.83140793221537e-05,0.5731814140320903,False,
314,OCNT-2535228,3,CYP3A4,2.965904474258423,6.124364153947681e-05,1.0483176083653234e-05,0.0004418347671162337,32,0.8401304169392801,0.0016467535169795156,3.2615931559121236e-05,0.5689197476974899,False,
315,OCNT-2535229,0,CYP1A2,4.659559726715088,0.0004788115038536489,2.0489096641540527e-08,0.002294743899255991,32,0.6161188374927714,0.009440350346267223,0.23507367074489594,0.4726811821557335,False,
315,OCNT-2535229,1,CYP2C9,4.501234531402588,0.00015466887271031737,3.6025652661919594e-05,0.0008446165011264384,32,0.9555699361976613,0.004729807376861572,2.268589014420286e-06,0.6341899734314562,False,
315,OCNT-2535229,2,CYP2D6,4.600853443145752,0.00013455830048769712,5.299415352055803e-05,0.0011985736200585961,32,0.9186919505456572,0.00395605806261301,0.0001255129318451509,0.5762816259442984,False,
315,OCNT-2535229,3,CYP3A4,4.06472635269165,1.336138757324079e-05,1.1076084405203801e-07,9.175720333587378e-05,32,0.5798427596210189,0.0002481056726537645,0.4170181453227997,0.3837178359050337,False,
316,OCNT-2535231,0,CYP1A2,4.799885272979736,0.00012121673353249207,4.8195877752732486e-05,0.0005653742118738592,32,0.7540471366250459,0.002925141481682658,3.3044452720787376e-06,0.5125348143361087,False,
316,OCNT-2535231,1,CYP2C9,4.63159704208374,1.3490735909726936e-05,6.855445349174261e-07,7.73004867369309e-05,32,0.7830696420037553,0.0003383045259397477,0.07634472846984863,0.36127959482356375,False,
316,OCNT-2535231,2,CYP2D6,4.771491527557373,0.0001446651731384918,7.019633358140709e-06,0.001065067364834249,32,0.8087571137564157,0.0037442264147102833,8.18791741039604e-05,0.5119137681617497,False,
316,OCNT-2535231,3,CYP3A4,4.1504716873168945,3.9019396353978664e-05,2.7939677238464355e-09,0.00022259038814809173,32,0.47848004945703654,0.0005975931999273598,0.42478835582733154,0.3653274364547513,False,
317,OCNT-2535233,0,CYP1A2,4.77392053604126,0.00045935201342217624,4.214684778958144e-08,0.002161917509511113,32,0.6019745763528231,0.00884877610951662,0.250470370054245,0.4634340333048753,False,
317,OCNT-2535233,1,CYP2C9,4.621890068054199,0.00015224760863929987,3.557056697900407e-05,0.0008565369062125683,32,0.9746482277866757,0.004748723469674587,3.5482826206134632e-06,0.6270410339906384,False,
317,OCNT-2535233,2,CYP2D6,4.700775146484375,0.00018301628006156534,9.648024570196867e-05,0.0015110964886844158,32,0.936566083448221,0.005485318601131439,0.00011385074321879074,0.5976794042671738,False,
317,OCNT-2535233,3,CYP3A4,4.239114761352539,9.437293556402437e-06,2.9802322387695312e-08,6.544571078848094e-05,32,0.5780840470209349,0.0001747625501593575,0.45503702759742737,0.3354484229128417,False,
318,OCNT-2535234,0,CYP1A2,4.649307727813721,0.0004894202575087547,1.955777406692505e-08,0.0023379065096378326,32,0.6128906205332941,0.009598950855433941,0.23532365262508392,0.47302457468130776,False,
318,OCNT-2535234,1,CYP2C9,4.487269401550293,0.0001546886342111975,3.6026453017257154e-05,0.0008446527062915266,32,0.9554803227020277,0.0047299680300056934,1.992240186154959e-06,0.6340854992341795,False,
318,OCNT-2535234,2,CYP2D6,4.576906681060791,0.00016485324886161834,5.300775956129655e-05,0.001496369717642665,32,0.8382934006543562,0.004422520752996206,0.00015305796114262193,0.5587776019145549,False,
318,OCNT-2535234,3,CYP3A4,4.011101722717285,1.3363217476580758e-05,4.214684778958144e-08,9.180576307699084e-05,32,0.5797828002123064,0.00024811396724544466,0.4095004200935364,0.3840493109895402,False,
319,OCNT-2535237,0,CYP1A2,3.7808427810668945,0.0006675988552160561,0.0,0.0036513207014650106,32,0.6583404456462062,0.014064445160329342,0.3109745383262634,0.510776739420735,False,
319,OCNT-2535237,1,CYP2C9,3.5806803703308105,5.1656144933076575e-05,3.0826005968265235e-05,0.0002376843331148848,32,0.8365992749996336,0.0013831635005772114,0.0033421434927731752,0.6368119354036098,False,
319,OCNT-2535237,2,CYP2D6,4.336857795715332,0.00020485000277403742,6.917103746673092e-05,0.002050264272838831,2,1.0010644936269708,0.00041015614988282323,6.864422903163359e-05,0.6320633369072246,False,
319,OCNT-2535237,3,CYP3A4,3.039000988006592,5.16379477630835e-05,6.580444733117474e-06,0.00037578147021122277,32,0.766680930555393,0.00126711989287287,4.684518717112951e-05,0.5155221083733522,False,
320,OCNT-2535238,0,CYP1A2,3.762373447418213,0.0007106491248123348,1.115100829451876e-07,0.0038859692867845297,32,0.6615118458760348,0.015043501742184162,0.3034076988697052,0.5143280530497019,False,
320,OCNT-2535238,1,CYP2C9,3.5572311878204346,5.390324804466218e-05,3.2230767828878015e-05,0.0002480154507793486,32,0.8365951720721984,0.0014433140167966485,0.003332735039293766,0.6366742025817643,False,
320,OCNT-2535238,2,CYP2D6,4.301883697509766,0.0002135225513484329,7.216862286441028e-05,0.002138308249413967,2,1.0010936332651488,0.00042753215529955924,6.934458360774443e-05,0.6320260242597461,False,
320,OCNT-2535238,3,CYP3A4,2.99788498878479,5.388564386521466e-05,6.847083568572998e-06,0.00039213403942994773,32,0.7666876347315007,0.001322275958955288,5.907091326662339e-05,0.5155011957699316,False,
321,OCNT-2535239,0,CYP1A2,4.638804912567139,0.0006887059425935149,0.0,0.0036453716456890106,32,0.6877302444162854,0.015156825073063374,0.36396709084510803,0.4971982862918679,False,
321,OCNT-2535239,1,CYP2C9,4.482829570770264,0.0002870481985155493,5.247240437711298e-07,0.002160013420507312,32,0.9462433895713867,0.0086920615285635,0.05339818447828293,0.5791799633780561,False,
321,OCNT-2535239,2,CYP2D6,4.547109127044678,4.745372643810697e-05,1.129838210545131e-06,0.0003261295205447823,32,0.7602791019641617,0.0011547417379915714,0.00032696218113414943,0.5353050356948427,False,
321,OCNT-2535239,3,CYP3A4,3.9305102825164795,4.1801798943197355e-05,8.429369557916289e-08,0.00023403484374284744,32,0.48522972026809674,0.0006492264801636338,0.3871881067752838,0.39983630329438413,False,
322,OCNT-2535240,0,CYP1A2,4.681549549102783,0.0010261965217068791,0.0,0.005330629181116819,32,0.74397533840536,0.02443111501634121,0.31834742426872253,0.5434778026451113,False,
322,OCNT-2535240,1,CYP2C9,4.53185510635376,9.242933629138861e-06,0.0,4.048405753565021e-05,32,0.45396899018661657,0.00013441743794828653,0.6065096259117126,0.29881091958206923,False,
322,OCNT-2535240,2,CYP2D6,4.744021892547607,4.189732135273516e-05,1.063738409357029e-06,0.0002808123826980591,32,0.8004189088054694,0.0010733891976997256,0.0004979376681149006,0.539745124056199,False,
322,OCNT-2535240,3,CYP3A4,4.133843421936035,4.016208549728617e-05,8.429369557916289e-08,0.000233087019296363,32,0.4863357483035582,0.00062518788035959,0.3944733440876007,0.38533832847841065,False,
323,OCNT-2535241,0,CYP1A2,4.97365140914917,0.00011293705028947443,3.96860450564418e-05,0.0005199884180910885,32,0.751902473149944,0.0027176053263247013,5.640315066557378e-06,0.5246654100265056,False,
323,OCNT-2535241,1,CYP2C9,4.707540512084961,5.694984793080948e-06,0.0,3.506428038235754e-05,32,0.4320352473208748,7.887214451329783e-05,0.5615428686141968,0.30384790941344175,False,
323,OCNT-2535241,2,CYP2D6,4.86737585067749,3.70218840544112e-05,1.1063045803894056e-06,0.00022427849762607366,32,0.8143676717854185,0.0009650422143749893,0.0004768466460518539,0.43410912455217965,False,
323,OCNT-2535241,3,CYP3A4,4.33481502532959,1.0766787454485893e-05,8.940696716308594e-08,7.591773464810103e-05,32,0.5601772908155797,0.00019318117119837552,0.4624421000480652,0.3652095636154443,False,
324,OCNT-2535242,0,CYP1A2,4.652779579162598,0.0011488458840176463,1.599191818968393e-05,0.007027299143373966,32,0.7856280967878893,0.028882350772619247,0.0002585247566457838,0.47305897443688294,False,
324,OCNT-2535242,1,CYP2C9,4.372930526733398,0.0006783043500036001,3.980684050475247e-05,0.0070528294891119,32,0.9949000253559227,0.021595358848571777,0.00018784042913466692,0.6532063577475368,False,
324,OCNT-2535242,2,CYP2D6,4.0561394691467285,0.00025683181593194604,0.00010510007996344939,0.002038435311987996,32,0.908148387418061,0.007464015390723944,0.00012501578021328896,0.577599020108672,False,
324,OCNT-2535242,3,CYP3A4,3.6366770267486572,0.00011468728916952386,2.3027423594612628e-05,0.0007485524984076619,32,0.9534482878479301,0.0034994538873434067,6.094710261095315e-05,0.584334115453737,False,
325,OCNT-2535245,0,CYP1A2,4.635263442993164,0.00045345467515289783,2.9224394893390127e-05,0.0020452626049518585,32,0.6365558108148474,0.009236978366971016,0.000416580936871469,0.5160846403618836,False,
325,OCNT-2535245,1,CYP2C9,4.370830059051514,5.878879164811224e-05,1.5693341993028298e-05,0.0003673315222840756,11,0.9882162130395025,0.0006391651113517582,0.00024191764532588422,0.5232902911170078,False,
325,OCNT-2535245,2,CYP2D6,4.545933246612549,0.00013825728092342615,4.9544385547051206e-05,0.0012275397311896086,32,0.934440138902282,0.004134479910135269,0.00010328175267204642,0.6422492218108165,False,
325,OCNT-2535245,3,CYP3A4,3.902703285217285,2.0945271899108775e-05,4.214684778958144e-08,0.00014253289555199444,32,0.5666512923667911,0.0003799786209128797,0.3639889657497406,0.3986492962615184,False,
326,OCNT-2535246,0,CYP1A2,4.741551876068115,0.0002213392435805872,0.0001338126603513956,0.0011656612623482943,32,0.8661705585836574,0.006135238334536552,1.6287420976368594e-06,0.5784127652096291,False,
326,OCNT-2535246,1,CYP2C9,4.484900951385498,0.00016524009697604924,5.614480687654577e-05,0.0010679278057068586,32,0.9070527939956958,0.004796497989445925,0.00028559836209751666,0.441771428732882,False,
326,OCNT-2535246,2,CYP2D6,4.529428958892822,0.00026755279395729303,0.00020203857275191694,0.0022605699487030506,32,0.8725771555941948,0.007471013814210892,0.00019411381799727678,0.7053835746081162,False,
326,OCNT-2535246,3,CYP3A4,3.966925859451294,4.985591658623889e-05,3.270242814323865e-06,0.00036981183802708983,32,0.7346883715961641,0.001172349089756608,0.00011325424566166475,0.5066635125731782,False,
327,OCNT-2535247,0,CYP1A2,4.9583740234375,0.0005903292330913246,0.0003146106319036335,0.0025662127882242203,32,0.7936658005714483,0.014993025921285152,6.805315206293017e-05,0.5055169927079506,False,
327,OCNT-2535247,1,CYP2C9,4.623763084411621,0.0001397175365127623,4.4266122131375596e-05,0.0008893594495020807,32,0.8517034762555232,0.0038082057144492865,0.0002907216548919678,0.43860878553913885,False,
327,OCNT-2535247,2,CYP2D6,4.30817985534668,0.0003117001906502992,0.0005647536600008607,0.002763733733445406,32,0.9142467287357496,0.009119360707700253,6.809243495808914e-05,0.61696021914385,False,
327,OCNT-2535247,3,CYP3A4,4.180243015289307,5.984158633509651e-05,1.588050690770615e-05,0.00042717804899439216,32,0.8267762109519606,0.0015834837686270475,3.965289215557277e-05,0.5938355618495429,False,
328,OCNT-2535251,0,CYP1A2,4.523756980895996,0.0003395322128199041,0.0002920128754340112,0.0017204680480062962,32,0.9653518390104664,0.010488886386156082,0.0038132215850055218,0.7817149257199847,False,
328,OCNT-2535251,1,CYP2C9,4.055047512054443,0.00012701786181423813,4.083417297806591e-05,0.0007959750946611166,32,0.8204199288886994,0.0033349180594086647,0.00035528838634490967,0.43856570837583636,False,
328,OCNT-2535251,2,CYP2D6,3.9358551502227783,0.00035238475538790226,0.0005837584612891078,0.00344802625477314,32,0.9513347147966337,0.010727851651608944,4.980419544153847e-05,0.6287518025376791,False,
328,OCNT-2535251,3,CYP3A4,3.4102540016174316,0.00018475920660421252,6.328703602775931e-05,0.0014087032759562135,32,0.9091208873401041,0.0053752814419567585,3.1736311939312145e-05,0.5972749001390885,False,
329,OCNT-2535253,0,CYP1A2,4.74151611328125,0.0005326232057996094,0.0002563692396506667,0.002986341482028365,31,0.9959563354187125,0.016444861888885498,1.0871525773836765e-05,0.62729159969693,False,
329,OCNT-2535253,1,CYP2C9,4.418776988983154,0.00017120000848080963,2.824706825776957e-05,0.001100537134334445,32,0.7788430108657699,0.004267062991857529,0.00021956184355076402,0.5395173235218351,False,
329,OCNT-2535253,2,CYP2D6,4.3601789474487305,0.00013216890511102974,0.00010510851279832423,0.000995397800579667,32,0.9289827852720883,0.0039293416775763035,0.00026097713271155953,0.7477154013587108,False,
329,OCNT-2535253,3,CYP3A4,4.020617485046387,2.3784938093740493e-05,7.450580596923828e-08,0.000175817112904042,32,0.5479064515005924,0.00041719680302776396,0.3715395927429199,0.40680849775028594,False,
330,OCNT-2535254,0,CYP1A2,4.705195903778076,0.00015653263835702091,1.4443866348301526e-05,0.0006018424173817039,32,0.6931759661691745,0.0034723710268735886,0.002694920636713505,0.7215403966715044,False,
330,OCNT-2535254,1,CYP2C9,4.492656230926514,1.1920586985070258e-05,6.890477948218177e-07,7.420270412694663e-05,32,0.7201098685892249,0.00027492266963236034,0.09152592718601227,0.28089806682079893,False,
330,OCNT-2535254,2,CYP2D6,4.7558817863464355,0.00012918708671350032,6.360893621604191e-06,0.0009296428179368377,32,0.8252700544182201,0.003411919577047229,5.809511276311241e-05,0.5759536206964866,False,
330,OCNT-2535254,3,CYP3A4,4.0785698890686035,9.696254892332945e-06,8.940696716308594e-08,6.886178744025528e-05,32,0.56587501983682,0.00017576086975168437,0.46248701214790344,0.381761604161358,False,
331,OCNT-2535255,0,CYP1A2,4.742650032043457,0.00010515832400415093,4.2135565308853984e-05,0.00049346755258739,32,0.7607997982902481,0.0025603852700442076,4.506924142333446e-06,0.522463185392496,False,
331,OCNT-2535255,1,CYP2C9,4.580495357513428,1.2955710189999081e-05,6.586182621504122e-07,7.183896377682686e-05,32,0.763858015427826,0.00031692677293904126,0.10638807713985443,0.35580624742806083,False,
331,OCNT-2535255,2,CYP2D6,4.787708282470703,0.00012085309572285041,3.6127250950812595e-06,0.0008952303323894739,32,0.8333158858934694,0.003222948405891657,0.0001798394077923149,0.5743988862740281,False,
331,OCNT-2535255,3,CYP3A4,4.104994773864746,3.4415039408486336e-05,3.650024282819686e-08,0.0001986463466892019,32,0.47820904553718985,0.0005267956876195967,0.44742920994758606,0.36306533234063165,False,
332,OCNT-2535256,0,CYP1A2,4.690954208374023,0.00020702413166873157,2.5740997443790548e-05,0.0007358341827057302,32,0.6759339730540233,0.004478124901652336,0.002864504000172019,0.7310627180461626,False,
332,OCNT-2535256,1,CYP2C9,4.466418743133545,2.21432710532099e-05,1.256500127055915e-06,0.00012833302025683224,32,0.7681032786563451,0.0005445120041258633,0.0004370311798993498,0.3070080948034209,False,
332,OCNT-2535256,2,CYP2D6,4.4872541427612305,6.400551501428708e-05,7.269338766491273e-06,0.0005684049101546407,32,0.8443487943416802,0.0017296455334872007,0.00015852984506636858,0.5830314906796848,False,
332,OCNT-2535256,3,CYP3A4,4.001898288726807,1.3412282896752004e-05,5.960464477539063e-08,9.233044693246484e-05,32,0.570141822736508,0.00024488335475325584,0.4244915843009949,0.39236415249785883,False,
333,OCNT-2535257,0,CYP1A2,4.805871486663818,0.00022129072749521583,1.825756589823868e-05,0.0008610127260908484,32,0.6938803817320306,0.004913799464702606,0.002671643625944853,0.7033698781889104,False,
333,OCNT-2535257,1,CYP2C9,4.590919017791748,1.6649975805194117e-05,5.960464477539063e-08,9.514074918115512e-05,32,0.5062058877988439,0.00026986809098161757,0.4475388526916504,0.2720837200623713,False,
333,OCNT-2535257,2,CYP2D6,4.524023532867432,9.188392868964002e-05,3.640437716967426e-05,0.0006738272495567799,32,0.7318460352254497,0.0021520706359297037,0.00029002808150835335,0.5285118023526786,False,
333,OCNT-2535257,3,CYP3A4,4.1140456199646,1.3453409337671474e-05,8.940696716308594e-08,9.292225877288729e-05,32,0.5700220347134392,0.0002455820795148611,0.4245710074901581,0.3896331017733468,False,
334,OCNT-2535258,0,CYP1A2,4.969454288482666,0.0003059188602492213,0.00032899779034778476,0.0018344359705224633,32,0.974595428569637,0.009541019797325134,0.0010237107053399086,0.7422217956610728,False,
334,OCNT-2535258,1,CYP2C9,4.741125106811523,0.0001109967561205849,8.393256393901538e-06,0.0008574818493798375,32,0.9617175265830035,0.003416228573769331,0.00015238107880577445,0.6890639635519573,False,
334,OCNT-2535258,2,CYP2D6,4.4682488441467285,5.632481406792067e-05,5.825439529871801e-06,0.00044099881779402494,32,0.8370651675918908,0.0015089891385287046,0.00012392527423799038,0.6803526262145428,False,
334,OCNT-2535258,3,CYP3A4,4.226897239685059,6.439987919293344e-05,1.014428744383622e-05,0.00041777221485972404,32,0.8759754850000594,0.001805487205274403,6.0426013078540564e-05,0.5421847291045107,False,
335,OCNT-2535259,0,CYP1A2,4.857813358306885,0.0007570657762698829,1.4397945733435336e-06,0.005197014659643173,2,1.0035464062767934,0.0015195213491097093,0.0007277943659573793,0.7786909533462072,False,
335,OCNT-2535259,1,CYP2C9,4.582401752471924,9.19428111956222e-06,2.9802322387695312e-08,5.598243296844885e-05,32,0.3945763107499061,0.00011621732119238004,0.5310664176940918,0.33205295270277024,False,
335,OCNT-2535259,2,CYP2D6,4.546502590179443,7.478537008864805e-05,5.8110899772145785e-06,0.0005729247350245714,32,0.827505511797351,0.001980594592168927,9.751861944096163e-05,0.6053159202832443,False,
335,OCNT-2535259,3,CYP3A4,4.076844215393066,2.1058529455331154e-05,1.0745380052412656e-07,0.00015229941345751286,32,0.581750391952036,0.0003922120085917413,0.3488473892211914,0.39012360317163874,False,
336,OCNT-2535260,0,CYP1A2,4.500120639801025,0.0003066539647988975,1.831643021432683e-05,0.0015888670459389687,32,0.7432227940447751,0.007293428760021925,0.0010889944387599826,0.6578266413085593,False,
336,OCNT-2535260,1,CYP2C9,4.097070693969727,8.134282688843086e-05,1.806932414183393e-05,0.00047675942187197506,32,0.918781992607894,0.0023918563965708017,8.140729914885014e-05,0.486672432600075,False,
336,OCNT-2535260,2,CYP2D6,3.951423168182373,0.00015296095807570964,6.130943802418187e-05,0.0012860276037827134,32,0.9988991531505123,0.004889681935310364,0.00034109075204469264,0.7160981488884406,False,
336,OCNT-2535260,3,CYP3A4,3.4175000190734863,0.00016615769709460437,6.011036384734325e-05,0.001322299474850297,32,0.9056104531803248,0.00481546251103282,4.1617138776928186e-05,0.5772792900420995,False,
337,OCNT-2535261,0,CYP1A2,4.81472635269165,0.0003033952380064875,5.731085366278421e-06,0.001340739312581718,32,0.665411719307872,0.006460460834205151,0.0012346479343250394,0.6286873156436188,False,
337,OCNT-2535261,1,CYP2C9,4.469644069671631,0.00012253732711542398,4.049716881127097e-05,0.0007821109029464424,32,0.8410870436303015,0.0032983350101858377,0.0003173970035277307,0.4404443732372124,False,
337,OCNT-2535261,2,CYP2D6,4.462498188018799,0.000264433998381719,0.00048131789662875235,0.002299350220710039,32,0.9205376302642971,0.007789780851453543,7.333538815146312e-05,0.6201066411984033,False,
337,OCNT-2535261,3,CYP3A4,4.007660865783691,5.4752235882915556e-05,1.5150018953136168e-05,0.0003927676589228213,32,0.8392370139667239,0.0014706718502566218,3.5601133276941255e-05,0.5781570717015008,False,
338,OCNT-2535263,0,CYP1A2,5.0217814445495605,0.0003347073507029563,5.351274012355134e-05,0.0014752029674127698,32,0.6866345897516436,0.007354512345045805,7.873682989156805e-06,0.4249765361301203,False,
338,OCNT-2535263,1,CYP2C9,4.790298938751221,0.00010087404371006414,1.4354792256199289e-05,0.0005173350218683481,32,0.8897709638896973,0.002872438170015812,2.7863816285389476e-05,0.4020382252486512,False,
338,OCNT-2535263,2,CYP2D6,4.622222423553467,6.639119965257123e-05,3.495934379316168e-06,0.0005032454500906169,32,0.7505019616409914,0.0015946953790262341,0.00026439130306243896,0.5422175073385122,False,
338,OCNT-2535263,3,CYP3A4,4.266332626342773,1.2220461940160021e-05,1.4901161193847656e-08,9.209322888636962e-05,32,0.5617203029911744,0.0002198431611759588,0.43995338678359985,0.37710321180869427,False,
339,OCNT-2535264,0,CYP1A2,4.694517135620117,0.0016003698110580444,2.140030119335279e-06,0.008984724059700966,32,0.9581753622417274,0.04907022416591644,0.0001367831719107926,0.602580582862753,False,
339,OCNT-2535264,1,CYP2C9,4.485528469085693,9.762059926288202e-05,2.6441139198141173e-05,0.0005465756985358894,32,0.9656006201007504,0.0030167093500494957,1.0274576197843999e-05,0.6129105034478202,False,
339,OCNT-2535264,2,CYP2D6,4.514815807342529,0.0001673359947744757,0.00015896005788818002,0.00151994323823601,32,0.9475516601404987,0.005074207205325365,0.0001007056562229991,0.6108914638930294,False,
339,OCNT-2535264,3,CYP3A4,4.039941310882568,1.2718422112811822e-05,2.9802322387695312e-08,8.62889937707223e-05,32,0.5923904606199396,0.00024128626682795584,0.40959808230400085,0.39528239872118653,False,
340,OCNT-2535266,0,CYP1A2,4.6888298988342285,0.0005147370975464582,9.227263575439792e-08,0.0025600518565624952,32,0.6692311880741302,0.011023513972759247,0.22048300504684448,0.5285174607392338,False,
340,OCNT-2535266,1,CYP2C9,4.496960163116455,0.00019558638450689614,1.582012373546604e-05,0.001295211142860353,32,0.7348141041677647,0.004599263425916433,0.0001468477857997641,0.4888085295860184,False,
340,OCNT-2535266,2,CYP2D6,4.5021653175354,0.00018211809219792485,4.883075234829448e-05,0.0015327798901125789,32,0.8229541424667177,0.004796258173882961,0.00018441361316945404,0.5322503336814726,False,
340,OCNT-2535266,3,CYP3A4,4.2046799659729,1.5125869140319992e-05,0.0,9.200585191138089e-05,32,0.37948015077185726,0.00018380038090981543,0.6290759444236755,0.2682028695097921,False,
341,OCNT-2535268,0,CYP1A2,4.452383995056152,0.0002990044595208019,6.664001972467304e-08,0.0015889436472207308,32,0.787676741697854,0.007536855526268482,0.22020010650157928,0.5987627389051224,False,
341,OCNT-2535268,1,CYP2C9,4.308692932128906,0.00024335886701010168,2.1733005269197747e-05,0.001559194177389145,32,0.6973607176445229,0.005430908408015966,0.00015179452020674944,0.4644280567574777,False,
341,OCNT-2535268,2,CYP2D6,4.485974311828613,0.0002508089237380773,6.686842243652791e-05,0.0021047587506473064,32,0.8211283810893325,0.006590545177459717,0.00018388484022580087,0.5320377049314555,False,
341,OCNT-2535268,3,CYP3A4,4.023223400115967,1.7565867892699316e-05,0.0,0.00010668934555724263,32,0.38578723010060584,0.00021697745251003653,0.6067104935646057,0.25613283759796784,False,
342,OCNT-2535269,0,CYP1A2,4.764804363250732,0.00026346658705733716,4.3958425521850586e-07,0.0014014249900355935,32,0.7884651571297894,0.006647747475653887,0.1522480994462967,0.604428090131285,False,
342,OCNT-2535269,1,CYP2C9,4.604859828948975,0.00023112984490580857,1.8758970327326097e-05,0.0015320577658712864,32,0.735467787150732,0.005439869128167629,0.00014620658475905657,0.48655748547894334,False,
342,OCNT-2535269,2,CYP2D6,4.6069416999816895,0.00021669382113032043,5.7701461628312245e-05,0.001819154480472207,32,0.821290509870075,0.00569525733590126,0.0001832377747632563,0.5324978941778651,False,
342,OCNT-2535269,3,CYP3A4,4.315957069396973,1.6576770576648414e-05,0.0,0.00010084256064146757,32,0.3819787195793538,0.00020274538837838918,0.6215670108795166,0.2693892977472875,False,
343,OCNT-2535270,0,CYP1A2,4.847811698913574,0.00023172228247858584,3.699121293720964e-07,0.001232668524608016,32,0.7884006587353732,0.0058463322930037975,0.17487001419067383,0.6043944246286977,False,
343,OCNT-2535270,1,CYP2C9,4.690063953399658,0.00020339955517556518,1.6512380170752294e-05,0.0013487322721630335,32,0.7354857082974064,0.00478735426440835,0.00014721896150149405,0.48571512081685414,False,
343,OCNT-2535270,2,CYP2D6,4.690601825714111,0.00019070442067459226,5.0772723625414073e-05,0.0016009219689294696,32,0.8212576070391627,0.005012021400034428,0.0001836080482462421,0.5325896678418824,False,
343,OCNT-2535270,3,CYP3A4,4.352151393890381,6.444489554269239e-05,0.0,0.0002996905823238194,32,0.45446449381751985,0.000937358767259866,0.4775729179382324,0.29648645121383443,False,
344,OCNT-2535271,0,CYP1A2,4.840539455413818,0.00022732610523235053,4.214684778958144e-08,0.00120387296192348,32,0.7875241109677137,0.005729045253247023,0.24279813468456268,0.6124631042197286,False,
344,OCNT-2535271,1,CYP2C9,4.66299295425415,0.00023604248417541385,8.45884860609658e-05,0.0015280143124982715,32,0.7656050990709692,0.005783135537058115,0.00015073653776198626,0.4862430723315767,False,
344,OCNT-2535271,2,CYP2D6,4.416557788848877,0.00019228761084377766,5.080565460957587e-05,0.0016143503598868847,32,0.8216233737369991,0.0050558787770569324,0.00017958924581762403,0.5331897558686267,False,
344,OCNT-2535271,3,CYP3A4,4.332089424133301,1.658388828218449e-05,0.0,0.00010022701462730765,32,0.38084637266613125,0.00020223110914230347,0.6214062571525574,0.2692788820461574,False,
345,OCNT-2535272,0,CYP1A2,4.7527642250061035,0.0002631816896609962,3.662928520498099e-07,0.0013997898204252124,32,0.7882214695897212,0.006638506893068552,0.16748937964439392,0.6046531024072286,False,
345,OCNT-2535272,1,CYP2C9,4.585868835449219,0.00023216741101350635,1.882209471659735e-05,0.0015467461198568344,32,0.736638221643531,0.005472984164953232,0.00014310533879324794,0.48502896079806934,False,
345,OCNT-2535272,2,CYP2D6,4.547301292419434,0.00022748307674191892,5.7708064559847116e-05,0.0018652724102139473,32,0.8036181860009772,0.005850162357091904,0.00018339627422392368,0.5314175724496621,False,
345,OCNT-2535272,3,CYP3A4,4.259870529174805,1.658492510614451e-05,0.0,0.00010058564657811075,32,0.381869419624506,0.00020278702140785754,0.6214292049407959,0.26876292526709933,False,
346,OCNT-2535273,0,CYP1A2,4.846136569976807,0.0002367319684708491,3.332000986233652e-08,0.0012634217273443937,32,0.787988386011246,0.005969597492367029,0.23560404777526855,0.6046683835007804,False,
346,OCNT-2535273,1,CYP2C9,4.719381332397461,0.0002119053533533588,1.7195268810610287e-05,0.0014036735519766808,32,0.7356188089639806,0.004988445434719324,0.0001462968939449638,0.4908350473583426,False,
346,OCNT-2535273,2,CYP2D6,4.671998500823975,0.0001986430725082755,5.292645801091567e-05,0.0016676179366186261,32,0.8212826686943763,0.005220810417085886,0.00018357689259573817,0.5324827164735588,False,
346,OCNT-2535273,3,CYP3A4,4.415243148803711,3.778478276217356e-05,0.0,0.00020772035350091755,32,0.4507358923515313,0.0005451348843052983,0.5229122042655945,0.2641552500213735,False,
347,OCNT-2535274,0,CYP1A2,4.77727746963501,0.0002568295458331704,7.83445443630626e-07,0.0013617821969091892,32,0.788840979950034,0.006483377888798714,0.053767334669828415,0.6042374376801785,False,
347,OCNT-2535274,1,CYP2C9,4.589784145355225,0.00022115549654699862,1.7955358998733573e-05,0.0014675171114504337,32,0.7355474769930606,0.0052056871354579926,0.00014707626542076468,0.48269612425755626,False,
347,OCNT-2535274,2,CYP2D6,4.636168003082275,0.00020729511743411422,5.5218322813743725e-05,0.0017401593504473567,32,0.8212415264244788,0.005447922274470329,0.00018339129746891558,0.5324506277751423,False,
347,OCNT-2535274,3,CYP3A4,4.303928852081299,1.585458085173741e-05,0.0,9.667240374255925e-05,32,0.38172799247650707,0.0001937905472004786,0.6290587782859802,0.26773485030664523,False,
348,OCNT-2535275,0,CYP1A2,4.853451251983643,0.00023168734333012253,3.675032473893225e-07,0.0012325090356171131,32,0.7883831956076632,0.005845321342349052,0.17498353123664856,0.6044521325615921,False,
348,OCNT-2535275,1,CYP2C9,4.706284046173096,0.0002034099743468687,1.6516982213943265e-05,0.0013483661459758878,32,0.7355302319438204,0.004787889309227467,0.00014732552517671138,0.486643610699136,False,
348,OCNT-2535275,2,CYP2D6,4.678746223449707,0.0001906886463984847,5.078762478660792e-05,0.0016008581733331084,32,0.8212849440205511,0.00501177366822958,0.00018360036483500153,0.5324968326638275,False,
348,OCNT-2535275,3,CYP3A4,4.428767204284668,1.4328587894851808e-05,0.0,8.633032848592848e-05,32,0.37837316576707997,0.00017361078062094748,0.6442435383796692,0.2679589876340109,False,
349,OCNT-2535276,0,CYP1A2,4.824760913848877,0.00024138009757734835,3.9649410155107034e-07,0.0012840413255617023,32,0.7884032660590969,0.006090007722377777,0.16737449169158936,0.604447259329637,False,
349,OCNT-2535276,1,CYP2C9,4.668603897094727,0.0002118733391398564,1.7227914213435724e-05,0.0014047300210222602,32,0.7354897174461043,0.004986816551536322,0.00014730746624991298,0.4860936307775758,False,
349,OCNT-2535276,2,CYP2D6,4.661972522735596,0.000198614492546767,5.2953804697608575e-05,0.0016674965154379606,32,0.8213398873860047,0.005220422986894846,0.00018331047613173723,0.5325180480942651,False,
349,OCNT-2535276,3,CYP3A4,4.357605934143066,3.513070259941742e-05,0.0,0.00019629832240752876,32,0.4402520111507019,0.0004950644797645509,0.5230650901794434,0.2521261044554103,False,
350,OCNT-2535278,0,CYP1A2,4.859245777130127,0.0006276066415011883,0.0004997365758754313,0.0036403355188667774,2,1.000894163314729,0.0012563556665554643,2.5810618353716563e-06,0.6136015353109827,False,
350,OCNT-2535278,1,CYP2C9,4.656997203826904,7.796438694640528e-06,0.0,4.4704589527100325e-05,32,0.43848806445720456,0.00010953696619253606,0.6367456912994385,0.2509939134432972,False,
350,OCNT-2535278,2,CYP2D6,4.648134708404541,0.00012616148160304874,7.734858081676066e-05,0.001230820664204657,32,0.885678765882264,0.0035759168677031994,7.198660750873387e-05,0.5877072206796261,False,
350,OCNT-2535278,3,CYP3A4,4.209467887878418,4.784318298334256e-05,1.542437166790478e-05,0.000360154896043241,32,0.8826741474304155,0.001351640559732914,1.4567465768777765e-05,0.5254712394679733,False,
351,OCNT-2535279,0,CYP1A2,4.899972915649414,0.0006725700804963708,0.0005367746343836188,0.003908661659806967,2,1.0010793921581116,0.0013466121163219213,2.515135292924242e-06,0.6147728441678646,False,
351,OCNT-2535279,1,CYP2C9,4.692957401275635,8.374627213925123e-06,0.0,4.80141825391911e-05,32,0.43853535000377936,0.00011766257375711575,0.6372069120407104,0.2512361400345704,False,
351,OCNT-2535279,2,CYP2D6,4.627782344818115,0.00013138186477590352,8.306850941153243e-05,0.0012183778453618288,32,0.8900654130988982,0.0037423153407871723,7.194190402515233e-05,0.5788086883895786,False,
351,OCNT-2535279,3,CYP3A4,4.2600789070129395,5.122480069985613e-05,1.6551408407394774e-05,0.00038414844311773777,32,0.884553402052349,0.0014502373524010181,1.1297789569653105e-05,0.5323080787766536,False,
352,OCNT-2535280,0,CYP1A2,4.885428428649902,0.0006877941195853055,0.0005362451774999499,0.00393760995939374,3,0.9993442327053619,0.0020620592404156923,5.6317358030355535e-06,0.584573829923204,False,
352,OCNT-2535280,1,CYP2C9,4.668684482574463,9.817823411140125e-06,1.2293457984924316e-07,5.427761061582714e-05,32,0.4981123982866809,0.0001566515420563519,0.5006581544876099,0.25602837369113735,False,
352,OCNT-2535280,2,CYP2D6,4.575422763824463,0.0001041211435222067,8.305991650559008e-05,0.0011461216490715742,32,0.9809905980865344,0.0032688535284250975,0.00018849200569093227,0.6090893453614986,False,
352,OCNT-2535280,3,CYP3A4,4.204517364501953,5.113263978273608e-05,1.654477819101885e-05,0.0003819722915068269,32,0.8856082043395642,0.00144935492426157,1.1733083738363348e-05,0.5404560153345939,False,
353,OCNT-2535281,0,CYP1A2,4.793705940246582,0.0003221229708287865,0.000305349996779114,0.0017748523969203234,32,0.9812467464884014,0.010114941745996475,0.00014911321341060102,0.6237086612442768,False,
353,OCNT-2535281,1,CYP2C9,4.47596549987793,0.00011791126598836854,3.8538033550139517e-05,0.0007563682156614959,32,0.8455718399405447,0.0031907488591969013,0.0003371617931406945,0.43254130937078633,False,
353,OCNT-2535281,2,CYP2D6,4.355405807495117,0.0002494518121238798,0.0004360808234196156,0.002111959271132946,32,0.9032474886273152,0.007210424169898033,7.075793837429956e-05,0.6419957150445608,False,
353,OCNT-2535281,3,CYP3A4,3.9789648056030273,5.7629571529105306e-05,1.3650294022227172e-05,0.00041679685818962753,32,0.8006910050494127,0.001476847566664219,2.835781197063625e-05,0.5289264823341484,False,
354,OCNT-2535283,0,CYP1A2,4.7227864265441895,0.00014772589202038944,1.9114700990030542e-05,0.0005683196941390634,32,0.6460624739326535,0.003054291708394885,0.0023104394786059856,0.6655838417890615,False,
354,OCNT-2535283,1,CYP2C9,4.4489240646362305,0.0001145333080785349,3.771947740460746e-05,0.0007331468514166772,32,0.8487482759884751,0.0031109899282455444,0.0003036237903870642,0.4396933460217308,False,
354,OCNT-2535283,2,CYP2D6,4.518771648406982,0.00024927235790528357,0.0004245489835739136,0.0021634711883962154,32,0.9009365211109631,0.0071868025697767735,0.0001082917078747414,0.6456165112524874,False,
354,OCNT-2535283,3,CYP3A4,4.010490417480469,5.086909368401393e-05,1.4096813174546696e-05,0.00036466753226704895,32,0.8395223942013356,0.0013668524334207177,3.510036185616627e-05,0.5834460439186231,False,
355,OCNT-2535284,0,CYP1A2,4.755398273468018,0.000292263925075531,0.0002869257878046483,0.0016161104431375861,32,0.9610922255423788,0.008988870307803154,0.003264552215114236,0.8008558715720204,False,
355,OCNT-2535284,1,CYP2C9,4.402099132537842,0.00012188144319225103,4.054408418596722e-05,0.0007708073826506734,32,0.815882106297422,0.003182369517162442,0.0003310012980364263,0.4414560389022275,False,
355,OCNT-2535284,2,CYP2D6,4.4069390296936035,0.0002844353730324656,0.0005358558264560997,0.002356903161853552,32,0.8981476650316186,0.008175166323781013,7.595212082378566e-05,0.6344750133357387,False,
355,OCNT-2535284,3,CYP3A4,3.9019103050231934,5.464701462187804e-05,1.4713544260303024e-05,0.0003985081857535988,32,0.8340662393419386,0.0014588022604584694,3.816097159869969e-05,0.5390304621480068,False,
356,OCNT-2535285,0,CYP1A2,4.910989284515381,0.0002823586401063949,0.0002907853340730071,0.001596994698047638,32,0.985334988029097,0.008903286419808865,0.003888639621436596,0.8071180303473203,False,
356,OCNT-2535285,1,CYP2C9,4.617171287536621,0.00012130020331824198,4.083872045157477e-05,0.000773153209593147,32,0.8394107865380764,0.003258530981838703,0.0003804848820436746,0.4457675726717089,False,
356,OCNT-2535285,2,CYP2D6,4.409782886505127,0.00027792417677119374,0.0005339620402082801,0.0024032280780375004,32,0.9137725095410627,0.008126995526254177,5.049868195783347e-05,0.6065352061514655,False,
356,OCNT-2535285,3,CYP3A4,4.153229713439941,5.426796997198835e-05,1.4708143680763897e-05,0.00038918014615774155,32,0.8372674315987136,0.0014542456483468413,3.3947104384424165e-05,0.5832853617719282,False,
357,OCNT-2535286,0,CYP1A2,4.877676486968994,0.0001492521696491167,4.454976806300692e-05,0.0006279467488639057,32,0.675886762703037,0.0032282983884215355,3.089055780947092e-06,0.49681633608343956,False,
357,OCNT-2535286,1,CYP2C9,4.691051006317139,8.136923497659154e-06,8.940696716308594e-08,5.040581163484603e-05,32,0.6137486290898687,0.000160005220095627,0.4020008444786072,0.308821328187175,False,
357,OCNT-2535286,2,CYP2D6,4.853893756866455,5.4432533943327144e-05,1.312317749579961e-06,0.0003800243139266968,32,0.732376046976405,0.001275917049497366,0.0005233685369603336,0.5013672247222404,False,
357,OCNT-2535286,3,CYP3A4,4.2642974853515625,3.762906635529362e-05,5.960464477539063e-08,0.00021409093460533768,32,0.4786859424160908,0.0005765533423982561,0.4322967231273651,0.36514765349996015,False,
358,OCNT-2535287,0,CYP1A2,4.836911678314209,0.00015755550703033805,4.924988024868071e-05,0.0006600536871701479,32,0.6693893636035846,0.0033751255832612514,3.1721410778118297e-06,0.49315325876232174,False,
358,OCNT-2535287,1,CYP2C9,4.671883583068848,6.049529019946931e-06,2.9802322387695312e-08,4.018268737127073e-05,32,0.5504333660406913,0.00010673174256226048,0.4854162931442261,0.3144450023414581,False,
358,OCNT-2535287,2,CYP2D6,4.763253211975098,4.825501309824176e-05,1.4823472156422213e-06,0.00031913715065456927,32,0.8018745310471111,0.0012384795118123293,0.00042526377364993095,0.47859765907641033,False,
358,OCNT-2535287,3,CYP3A4,4.217865467071533,4.1239141864934936e-05,6.143906006172983e-08,0.00023592845536768436,32,0.4791150634019098,0.0006324187270365655,0.42458727955818176,0.3660436921930367,False,
359,OCNT-2535289,0,CYP1A2,4.441903591156006,0.0006473585963249207,0.00013404501078184694,0.0037858481518924236,32,0.9124975393791314,0.018903112038969994,1.1032278052880429e-05,0.6097368462077516,False,
359,OCNT-2535289,1,CYP2C9,4.137103080749512,6.916221900610253e-05,1.5031992916192394e-05,0.0004684951272793114,32,0.9500393900936622,0.002102922648191452,6.090465831221081e-05,0.5079002942695026,False,
359,OCNT-2535289,2,CYP2D6,4.2255425453186035,0.00015123792400117964,6.442943413276225e-05,0.0013593474868685007,32,0.9513519482427388,0.004604480229318142,7.977629866218194e-05,0.6433907515386703,False,
359,OCNT-2535289,3,CYP3A4,3.5578274726867676,0.00016548011626582593,2.6007406631833874e-05,0.0012110923416912556,32,0.8864985531928473,0.0046946159563958645,6.467961793532595e-05,0.5379488955805465,False,
360,OCNT-2535290,0,CYP1A2,4.940023422241211,0.00034493894781917334,5.950315608060919e-05,0.0013868868118152022,32,0.5493868241210526,0.006064333021640778,1.5003663065726869e-05,0.3897255334911892,False,
360,OCNT-2535290,1,CYP2C9,4.758488178253174,6.95987591825542e-06,1.2377833513710357e-07,3.9466754969907925e-05,32,0.6695221553854971,0.00014932756312191486,0.4021449089050293,0.29517509472924375,False,
360,OCNT-2535290,2,CYP2D6,4.776706695556641,5.2798179240198806e-05,1.220804392687569e-06,0.0003639015485532582,32,0.7247514233192033,0.00122472969815135,0.0006523402989841998,0.5122774594604991,False,
360,OCNT-2535290,3,CYP3A4,4.365244388580322,1.090860223484924e-05,2.9802322387695312e-08,7.474832091247663e-05,32,0.5626929433143435,0.00019660225370898843,0.4548221826553345,0.36212654755096685,False,
361,OCNT-2535291,0,CYP1A2,4.294939994812012,0.0011990969069302082,2.9367365641519427e-05,0.005850258283317089,32,0.751375265224532,0.02883133664727211,0.004220885690301657,0.5078860577153004,False,
361,OCNT-2535291,1,CYP2C9,3.994441032409668,7.134069892344996e-05,1.667569813434966e-05,0.00042910967022180557,16,0.9869957538324228,0.0011267653899267316,0.00016635205247439444,0.5129790872257708,False,
361,OCNT-2535291,2,CYP2D6,4.292811870574951,0.00016154241166077554,9.062969184014946e-05,0.0013632504269480705,32,0.9175086538962351,0.0047432235442101955,0.0001386223448207602,0.5910358117155682,False,
361,OCNT-2535291,3,CYP3A4,3.4639382362365723,2.893052078434266e-05,1.115100829451876e-07,0.0001949698489625007,32,0.5521391435171117,0.000511334219481796,0.34122341871261597,0.39184534239501023,False,
362,OCNT-2535292,0,CYP1A2,5.025730609893799,0.00045532180229201913,2.7395872166380286e-05,0.0027893257793039083,26,0.9384727315192658,0.01111022848635912,4.7313442337326705e-06,0.7152484429233388,False,
362,OCNT-2535292,1,CYP2C9,4.822797775268555,0.0001627119054319337,4.5749089622404426e-05,0.0010518409544602036,32,0.848661210362189,0.004419064614921808,0.00011239268496865407,0.512423611877284,False,
362,OCNT-2535292,2,CYP2D6,4.669950485229492,0.00018611075938679278,0.00016760062135290354,0.0014145320747047663,32,0.9495760685183179,0.005655546206980944,0.00030165730277076364,0.7851142178518841,False,
362,OCNT-2535292,3,CYP3A4,4.4412522315979,2.4271546863019466e-05,8.429369557916289e-08,0.00016813023830763996,32,0.5923044768496152,0.00046022620517760515,0.36407211422920227,0.3973045638910997,False,
363,OCNT-2535293,0,CYP1A2,4.750836372375488,0.0006348069873638451,1.9459364921203814e-05,0.003278101794421673,32,0.8091567113928037,0.01643732562661171,0.0014596102992072701,0.640949834759672,False,
363,OCNT-2535293,1,CYP2C9,4.47783088684082,6.839718480478041e-06,1.4901161193847656e-07,4.1069921280723065e-05,32,0.38715162497307937,8.486014849040657e-05,0.6672844290733337,0.3413133447536768,False,
363,OCNT-2535293,2,CYP2D6,4.561690807342529,4.110894587938674e-05,6.0903289522684645e-06,0.0003057972644455731,32,0.8976094361881424,0.0011810801224783063,0.00013669015606865287,0.6345488278271099,False,
363,OCNT-2535293,3,CYP3A4,4.085946083068848,1.1926757906621788e-05,2.9802322387695312e-08,8.334221638506278e-05,32,0.5611923555747518,0.00021436215320136398,0.4398029148578644,0.38519234789962,False,
364,OCNT-2535294,0,CYP1A2,4.493253231048584,0.0008180945296771824,2.720925840549171e-05,0.004115868825465441,32,0.853130042260764,0.02233438566327095,0.004184636287391186,0.6324462539216216,False,
364,OCNT-2535294,1,CYP2C9,4.242469310760498,6.471674714703113e-05,1.5230765711748973e-05,0.0003882752498611808,12,0.9918916463230603,0.0007704230374656618,0.00015538027219008654,0.512943959424801,False,
364,OCNT-2535294,2,CYP2D6,4.667069435119629,0.0001339914306299761,8.306754898512736e-05,0.0011353681329637766,32,0.94572137156251,0.004055296536535025,0.0001450086128897965,0.5901440430045448,False,
364,OCNT-2535294,3,CYP3A4,3.878654956817627,1.1200359040230978e-05,2.9802322387695312e-08,7.543583342339844e-05,32,0.5700169994385571,0.0002044830471277237,0.44728052616119385,0.3728583191659839,False,
365,OCNT-2535296,0,CYP1A2,4.2377800941467285,0.00047114098560996354,8.37293773656711e-05,0.0035010892897844315,9,0.9918151211722811,0.004205652046948671,7.3548517320887186e-06,0.7060240699302285,False,
365,OCNT-2535296,1,CYP2C9,3.963947057723999,2.503345240256749e-05,8.429369557916289e-08,0.0001715449761832133,32,0.6707761609558884,0.0005375536275096238,0.3186013698577881,0.4884296373226007,False,
365,OCNT-2535296,2,CYP2D6,4.070797920227051,0.00011319720215396956,2.536699867050629e-05,0.0007430391851812601,32,0.9085044587861512,0.0032911759335547686,1.475305271014804e-05,0.6173553205547433,False,
365,OCNT-2535296,3,CYP3A4,3.2660129070281982,0.00021477157133631408,3.46545348293148e-05,0.0015668199630454183,32,0.8868660762201934,0.006095439661294222,6.320937245618552e-05,0.5297873826242848,False,
366,OCNT-2535297,0,CYP1A2,4.219419956207275,0.001100729452446103,0.0002682912745513022,0.0062064528465271,32,0.9694935631291176,0.03414911404252052,5.541425707633607e-06,0.5226827573059686,False,
366,OCNT-2535297,1,CYP2C9,4.003023624420166,6.179408228490502e-05,1.653961817282834e-06,0.0003551955451257527,32,0.9174712633493342,0.0018145110225304961,0.0002699110482353717,0.5527479461555098,False,
366,OCNT-2535297,2,CYP2D6,4.31494665145874,6.0626116464845836e-05,3.6313209420768544e-05,0.0004187130543868989,32,0.8113299925410413,0.0015742687974125147,0.0005935480003245175,0.5843429040934909,False,
366,OCNT-2535297,3,CYP3A4,3.455866575241089,8.622967288829386e-05,2.2793692551204003e-05,0.0006374061340466142,32,0.8668917066349987,0.0023923346307128668,1.1924089449166786e-05,0.5466196024746145,False,
367,OCNT-2535298,0,CYP1A2,4.9245429039001465,0.0013341843150556087,0.00033142417669296265,0.00796575378626585,2,1.0047897928524592,0.0026811696588993073,1.1180386536580045e-06,0.6907674238083168,False,
367,OCNT-2535298,1,CYP2C9,4.525320529937744,0.0001453885925002396,4.5975979446666315e-05,0.0009151493432000279,32,0.8224860636844187,0.003826826112344861,0.0003046032215934247,0.4380484806620877,False,
367,OCNT-2535298,2,CYP2D6,4.437150478363037,0.00031547999242320657,0.000609612325206399,0.002729005878791213,32,0.9131370613040999,0.009218739345669746,5.066575249657035e-05,0.5984822431846362,False,
367,OCNT-2535298,3,CYP3A4,4.054141521453857,6.146394298411906e-05,1.6509298802702688e-05,0.00044463505037128925,32,0.8357729969126684,0.0016441043699160218,3.625858880695887e-05,0.5474652433129239,False,
368,OCNT-2535299,0,CYP1A2,4.869668006896973,0.00027666203095577657,0.00028042879421263933,0.001569019048474729,32,0.9843146792591747,0.00871463492512703,0.0021655813325196505,0.8030053739153117,False,
368,OCNT-2535299,1,CYP2C9,4.399526119232178,0.00011924331920454279,3.906922211172059e-05,0.0007476906175725162,32,0.8058143739825656,0.003075073240324855,0.0003323396958876401,0.43938319234864964,False,
368,OCNT-2535299,2,CYP2D6,4.447851657867432,0.0002739244082476944,0.0005160128348506987,0.002271350473165512,32,0.8981146892762972,0.00787278451025486,7.575298513984308e-05,0.6312935454821638,False,
368,OCNT-2535299,3,CYP3A4,3.907642126083374,5.2628434787038714e-05,1.4232169633032754e-05,0.0003838115371763706,32,0.83399619343421,0.001404808135703206,3.8509115256601945e-05,0.5388439131701858,False,
369,OCNT-2535300,0,CYP1A2,4.805197238922119,0.0011018052464351058,0.00027149671223014593,0.006538291461765766,2,1.0040975239070749,0.0022126599214971066,1.2896277894469677e-06,0.6880464297337983,False,
369,OCNT-2535300,1,CYP2C9,4.468997478485107,0.00011779832857428119,3.828428089036606e-05,0.0007427051896229386,32,0.8288627757576279,0.0031247020233422518,0.00030527738272212446,0.4364684834342847,False,
369,OCNT-2535300,2,CYP2D6,4.567912578582764,0.00024526435299776495,0.00044166739098727703,0.0021679759956896305,32,0.9203190614576805,0.007223381195217371,6.458750431193039e-05,0.616224826939715,False,
369,OCNT-2535300,3,CYP3A4,4.060891151428223,5.0091282901121303e-05,1.3651675544679165e-05,0.0003591291606426239,32,0.8372086267820535,0.0013422472402453423,3.954406929551624e-05,0.5665067400981803,False,
370,OCNT-2535303,0,CYP1A2,4.412450790405273,0.0004155714123044163,1.6383202819270082e-05,0.0021081918384879827,32,0.7229856298026051,0.009614700451493263,0.0027964836917817593,0.5808249532085914,False,
370,OCNT-2535303,1,CYP2C9,4.1817522048950195,6.133103306638077e-05,1.5318510122597218e-06,0.00035371416015550494,32,0.9072315738758607,0.0017808167031034827,0.00022478897881228477,0.5232371461231171,False,
370,OCNT-2535303,2,CYP2D6,4.452678680419922,0.00012647938274312764,5.819506259285845e-05,0.0012636911123991013,32,0.9831113213192302,0.003979300614446402,6.994063005549833e-05,0.6027369599671888,False,
370,OCNT-2535303,3,CYP3A4,3.6700916290283203,4.21807671955321e-05,5.69756593904458e-06,0.0003066891513299197,32,0.7741323782005913,0.0010451596463099122,5.0630533223738894e-05,0.5253443924494451,False,
371,OCNT-2535304,0,CYP1A2,4.802053928375244,0.0006547437515109777,8.043558773351833e-05,0.002978905802592635,32,0.6688694003306432,0.014014231972396374,6.779125214961823e-06,0.5049573778383208,False,
371,OCNT-2535304,1,CYP2C9,4.595631122589111,0.00012783665442839265,3.086809374508448e-05,0.0007745761540718377,2,1.0007314057097345,0.00025588032440282404,2.56886996794492e-05,0.5958141085456536,False,
371,OCNT-2535304,2,CYP2D6,4.713282108306885,0.00029183420701883733,0.00019347564375493675,0.002322716871276498,32,0.9395036582459019,0.008774038404226303,0.00010865746298804879,0.6179106451257028,False,
371,OCNT-2535304,3,CYP3A4,4.201755523681641,1.1995343811577186e-05,2.9802322387695312e-08,8.10728597571142e-05,32,0.5621354926214965,0.00021595615544356406,0.4396500885486603,0.3318002391374578,False,
372,OCNT-2535306,0,CYP1A2,4.765328884124756,0.00025697695673443377,2.4759776351857e-05,0.0009669061983004212,32,0.68476510213727,0.005631222389638424,0.002779533388093114,0.7011857315041568,False,
372,OCNT-2535306,1,CYP2C9,4.531932353973389,9.581095582689159e-06,5.960464477539063e-08,6.372683856170624e-05,32,0.45459090614310926,0.0001395207946188748,0.4779685139656067,0.3192310998177677,False,
372,OCNT-2535306,2,CYP2D6,4.565718650817871,8.100494596874341e-05,9.396951099915896e-06,0.0005582039011642337,32,0.7045533188953488,0.0018265391699969769,0.0002682213671505451,0.5774028067189267,False,
372,OCNT-2535306,3,CYP3A4,4.045715808868408,1.5873885786277242e-05,5.960464477539063e-08,0.00011105984594905749,32,0.5696781613690833,0.00028955849120393395,0.4018702805042267,0.3859945036965077,False,
373,OCNT-2535309,0,CYP1A2,4.8518290519714355,0.0003403963637538254,2.0093617422389798e-05,0.0021554725244641304,23,0.9469912301142445,0.007414322346448898,6.557414053531829e-06,0.6726549779918161,False,
373,OCNT-2535309,1,CYP2C9,4.621301174163818,9.74239592324011e-05,3.908786675310694e-05,0.0006238874047994614,17,0.9776367821434524,0.0016193353803828359,0.0002327579422853887,0.47966147407044374,False,
373,OCNT-2535309,2,CYP2D6,4.7854323387146,0.00016003525524865836,0.0001407619856763631,0.0012591930571943521,32,0.9443380974416931,0.0048363786190748215,0.00023537468223366886,0.7376033335664617,False,
373,OCNT-2535309,3,CYP3A4,4.21928071975708,4.045508467243053e-05,3.1828893298779803e-08,0.0002605915942694992,32,0.5072905617440961,0.0006568817771039903,0.3794716000556946,0.3860276254853004,False,
374,OCNT-2535311,0,CYP1A2,5.170934677124023,0.00012302938557695597,2.288577661602176e-06,0.000822660862468183,32,0.9363971218689281,0.003686839248985052,0.00022979035566095263,0.6903535659322024,False,
374,OCNT-2535311,1,CYP2C9,4.940463542938232,0.00020300166215747595,5.155885446583852e-05,0.0012324991403147578,32,0.746422628191694,0.004849039949476719,0.00026464779512025416,0.45988877851079996,False,
374,OCNT-2535311,2,CYP2D6,4.633925437927246,0.0001903266820590943,0.0001734347897581756,0.001571092288941145,32,0.9406548274868519,0.005729315802454948,0.00022315663227345794,0.7465387459944042,False,
374,OCNT-2535311,3,CYP3A4,4.487844944000244,4.7868954425211996e-05,6.664001972467304e-08,0.00030046942993067205,32,0.5087133402678048,0.0007794132106937468,0.3640911281108856,0.3856901162574179,False,
375,OCNT-2535312,0,CYP1A2,5.170925140380859,0.00012306302960496396,2.293230181749095e-06,0.0008230044040828943,32,0.9366486200994076,0.003688837867230177,0.0002910223847720772,0.6904995626221123,False,
375,OCNT-2535312,1,CYP2C9,4.940396308898926,0.00020273015252314508,5.155630424269475e-05,0.00123105407692492,32,0.7468503965697528,0.004845330026000738,0.00026406574761494994,0.4597715067618541,False,
375,OCNT-2535312,2,CYP2D6,4.633851051330566,0.00019039658945985138,0.00017347904213238508,0.0015714212786406279,32,0.9406439822684669,0.005731354001909494,0.00022329976491164416,0.7466467598731477,False,
375,OCNT-2535312,3,CYP3A4,4.487491130828857,4.6931141696404666e-05,9.42432194506182e-08,0.00029631194774992764,32,0.5075260007339334,0.0007623631972819567,0.3643651306629181,0.3854698197379973,False,
376,OCNT-2535313,0,CYP1A2,5.161797046661377,0.0001291798980673775,2.4125158688548254e-06,0.0008637914434075356,32,0.9364006015885049,0.0038711519446223974,0.0002833676990121603,0.6903646865102184,False,
376,OCNT-2535313,1,CYP2C9,4.928871154785156,0.0002130758948624134,5.4103118600323796e-05,0.0012938472209498286,32,0.7465802855266963,0.00509074330329895,0.0002644107153173536,0.45989634419904346,False,
376,OCNT-2535313,2,CYP2D6,4.597255229949951,0.0001998063235078007,0.00018214467854704708,0.0016494598239660263,32,0.9407658573804132,0.00601537199690938,0.0002230247773695737,0.7466315401628987,False,
376,OCNT-2535313,3,CYP3A4,4.492859840393066,2.5120980353676714e-05,9.42432194506182e-08,0.00016927754040807486,32,0.5947118159978416,0.00047826211084611714,0.3640117049217224,0.3997174717937486,False,
377,OCNT-2535315,0,CYP1A2,4.47075080871582,0.0003670084697660059,5.913335917284712e-05,0.0019769209902733564,32,0.6875181762353607,0.008074619807302952,0.00013069853594060987,0.5674985652107404,False,
377,OCNT-2535315,1,CYP2C9,4.258367538452148,6.912737717357231e-06,5.960464477539063e-08,4.7542271204292774e-05,32,0.535411589900947,0.0001186084482469596,0.44035136699676514,0.3078366507046919,False,
377,OCNT-2535315,2,CYP2D6,4.5403900146484375,6.426388426916674e-05,1.7517580772619112e-06,0.00046881858725100756,32,0.7797052658108635,0.0016036699526011944,0.00020893278997391462,0.5034457848952151,False,
377,OCNT-2535315,3,CYP3A4,3.847280502319336,1.6381456589442678e-05,8.429369557916289e-08,0.0001144096750067547,32,0.5619205675331438,0.0002947422908619046,0.4017571210861206,0.3695724244197275,False,
378,OCNT-2535316,0,CYP1A2,4.710882663726807,0.0004204378928989172,2.986047320518992e-08,0.0018174074357375503,32,0.4470336151078345,0.006014538928866386,0.3793431222438812,0.38633638130356324,False,
378,OCNT-2535316,1,CYP2C9,4.5579681396484375,3.6193407595419558e-06,5.963374150042e-08,1.9194743799744174e-05,32,0.6915864837775427,8.03200964583084e-05,0.4928116798400879,0.29749683528360393,False,
378,OCNT-2535316,2,CYP2D6,4.801449298858643,0.00012184997467556968,3.2373608860325476e-07,0.000830561388283968,32,0.6486258430382077,0.0025293289218097925,0.16742970049381256,0.4602326345101577,False,
378,OCNT-2535316,3,CYP3A4,4.168035984039307,1.300464919040678e-05,9.884312390795458e-08,9.042982128448784e-05,32,0.5787830187415054,0.00024104505428113043,0.4174046218395233,0.4120361471041688,False,
379,OCNT-2535317,0,CYP1A2,4.930110931396484,2.4779286832199432e-05,1.0362468856328633e-06,0.00013732346997130662,32,0.6854888172149919,0.000543768925126642,0.0016933213919401169,0.4436642298097534,False,
379,OCNT-2535317,1,CYP2C9,4.669764995574951,8.5159445006866e-06,0.0,2.988208143506199e-05,32,0.31800276957379564,8.676076686242595e-05,0.7200488448143005,0.22952647445657565,False,
379,OCNT-2535317,2,CYP2D6,4.498692035675049,8.911993791116402e-05,3.628700369517901e-06,0.0005464549176394939,32,0.7986441295681715,0.002277859253808856,0.00013030433910898864,0.5305925530392721,False,
379,OCNT-2535317,3,CYP3A4,4.212228775024414,5.7907822338165715e-05,5.938089543633396e-06,0.0003990975674241781,32,0.6250150052219341,0.0011583842569962144,0.00019447595695964992,0.4716712460952782,False,
380,OCNT-2535318,0,CYP1A2,4.938622951507568,2.9021341106272303e-05,8.068672627814522e-07,0.00015864857414271683,32,0.6150458414745905,0.0005713793798349798,0.06157536804676056,0.3937972434066689,False,
380,OCNT-2535318,1,CYP2C9,4.729186534881592,7.195200851128902e-06,5.960464477539063e-08,3.387658216524869e-05,32,0.5243651246241888,0.00012090099335182458,0.4777125418186188,0.25138965383999556,False,
380,OCNT-2535318,2,CYP2D6,4.440406322479248,4.457069007912651e-05,1.6908714997043717e-06,0.0002635226119309664,32,0.6680033173464144,0.0009529615635983646,0.00045150157529860735,0.5114826253765892,False,
380,OCNT-2535318,3,CYP3A4,4.282376289367676,5.207844151300378e-05,6.143906006172983e-08,0.0003539694589562714,32,0.5489414360282517,0.0009149921243079007,0.36401471495628357,0.3999165009096328,False,
381,OCNT-2535319,0,CYP1A2,4.938388347625732,2.903044514823705e-05,7.545345397375058e-07,0.00015869271010160446,32,0.6149555633302975,0.0005714746657758951,0.05403321981430054,0.3935804350284783,False,
381,OCNT-2535319,1,CYP2C9,4.728439807891846,7.213081062218407e-06,8.940696716308594e-08,3.400046261958778e-05,32,0.5451133133731235,0.00012599672481883317,0.462607741355896,0.2622141803173557,False,
381,OCNT-2535319,2,CYP2D6,4.437285900115967,4.466095560928807e-05,1.6706587757653324e-06,0.0002523224102333188,32,0.649879371340932,0.0009289834415540099,0.0006674053729511797,0.4981697768782129,False,
381,OCNT-2535319,3,CYP3A4,4.28037691116333,5.2116378356004134e-05,7.450580596923828e-09,0.0003542295307852328,32,0.5489337686422721,0.000915645738132298,0.3639053702354431,0.39664692370790355,False,
382,OCNT-2535321,0,CYP1A2,5.036348819732666,0.0005576303228735924,1.8069155203193077e-06,0.00262129376642406,32,0.582860912263377,0.010400855913758278,0.00035854181624017656,0.5410704429832518,False,
382,OCNT-2535321,1,CYP2C9,4.895594120025635,1.5397961760754697e-05,4.470348358154297e-07,6.803106953157112e-05,32,0.7460250333168713,0.0003678312059491873,0.1824774146080017,0.4849215162804915,False,
382,OCNT-2535321,2,CYP2D6,4.697789669036865,6.93812471581623e-05,6.143906006172983e-08,0.00029851263388991356,32,0.5703565645834582,0.0012664881069213152,0.2731587290763855,0.3597508259544966,False,
382,OCNT-2535321,3,CYP3A4,4.527053356170654,3.673724791042332e-07,0.0,2.0800162019440904e-06,32,0.28839092102641894,3.482585498204571e-06,0.9017717838287354,0.18325446618455993,True,curved
383,OCNT-2535322,0,CYP1A2,4.421325206756592,0.0004015052691102028,5.372690026206328e-08,0.002104018582031131,32,0.7479536981216505,0.009610074572265148,0.22030045092105865,0.56531078409694,False,
383,OCNT-2535322,1,CYP2C9,4.258725643157959,0.00023412868904415518,2.0418881831574254e-05,0.001497930963523686,32,0.7011593780787684,0.005253393203020096,0.00015717519272584468,0.4698670711199446,False,
383,OCNT-2535322,2,CYP2D6,4.3845343589782715,0.000349399953847751,6.275634950725362e-05,0.0026501717511564493,32,0.7599834832544679,0.008497465401887894,0.00022678347886539996,0.521329258227199,False,
383,OCNT-2535322,3,CYP3A4,3.9249050617218018,1.5994148270692676e-05,0.0,9.428788325749338e-05,32,0.38698410876750994,0.00019818723376374692,0.6140788793563843,0.2875394771317979,False,
384,OCNT-2535328,0,CYP1A2,4.9161906242370605,0.00033396409708075225,0.0003626201068982482,0.0020110427867621183,32,0.9755162380817554,0.010425508953630924,0.000998078379780054,0.7414681664550892,False,
384,OCNT-2535328,1,CYP2C9,4.674579620361328,0.00012042234448017552,9.178051186609082e-06,0.0009351078770123422,32,0.9633219012307912,0.0037124836817383766,0.00012731326569337398,0.690040428495488,False,
384,OCNT-2535328,2,CYP2D6,4.337627410888672,4.779918526764959e-05,6.206043053680332e-06,0.00038242165464907885,32,0.8567696427214643,0.0013107666745781898,0.00017635840049479157,0.5842614709760765,False,
384,OCNT-2535328,3,CYP3A4,4.136856555938721,6.875074177514762e-05,1.0547422789386474e-05,0.00045247614616528153,32,0.8748318758883336,0.001924930838868022,5.360399154596962e-05,0.5334579001328688,False,
385,OCNT-2535329,0,CYP1A2,4.824161052703857,0.00040192677988670766,2.4776451027719304e-05,0.0027076995465904474,8,0.9948319109340347,0.003198876278474927,4.6952204684203025e-06,0.7021732727939229,False,
385,OCNT-2535329,1,CYP2C9,4.6218976974487305,0.00012912969395983964,5.28717901033815e-05,0.0008380899089388549,10,0.9911552232367975,0.0012799748219549656,0.00023940701794344932,0.4998376832857383,False,
385,OCNT-2535329,2,CYP2D6,4.542581081390381,0.00022818829165771604,0.0001952191087184474,0.0018136869184672832,32,0.9309760128611493,0.006798308342695236,0.00026093830820173025,0.7368908033432078,False,
385,OCNT-2535329,3,CYP3A4,4.179294109344482,2.8151773221907206e-05,1.0323827126512697e-07,0.00019268551841378212,32,0.5932569131703113,0.0005346293328329921,0.3488588333129883,0.40087927648879756,False,
386,OCNT-2535330,0,CYP1A2,5.181276798248291,9.520634193904698e-05,1.7613651834835764e-06,0.0006324975402094424,32,0.9389685252865035,0.0028609647415578365,0.00031932827550917864,0.6948709996749006,False,
386,OCNT-2535330,1,CYP2C9,4.959233283996582,0.0002585647162050009,4.400558827910572e-05,0.0018652041908353567,32,0.8696198067347316,0.007195574231445789,0.00010652252967702225,0.5485515849311444,False,
386,OCNT-2535330,2,CYP2D6,4.596914768218994,0.0001488437847001478,0.00013485379167832434,0.0012253292370587587,32,0.937936003047826,0.004467690363526344,0.00022001384058967233,0.7454548294729437,False,
386,OCNT-2535330,3,CYP3A4,4.578886032104492,3.642007504822686e-05,1.0745380052412656e-07,0.0002444681595079601,32,0.5703801261530587,0.0006649277056567371,0.3640882968902588,0.4148706103128721,False,
387,OCNT-2535331,0,CYP1A2,4.874054431915283,0.0004477578622754663,2.8533104341477156e-05,0.0030711593572050333,2,1.0002437021216861,0.0008957539685070515,2.868699311875389e-06,0.7077965681939684,False,
387,OCNT-2535331,1,CYP2C9,4.66306734085083,0.00014592164370696992,5.99234554101713e-05,0.0009469087235629559,10,0.9900864416887369,0.001444849418476224,0.00024185758957173675,0.4950476665415419,False,
387,OCNT-2535331,2,CYP2D6,4.4657158851623535,0.00025696412194520235,0.00021988690423313528,0.0020465950947254896,32,0.9312235434191084,0.0076576112769544125,0.0002602835593279451,0.7369485359895352,False,
387,OCNT-2535331,3,CYP3A4,4.179355144500732,3.177621329086833e-05,6.664001972467304e-08,0.00021888301125727594,32,0.5933225387765093,0.0006035032565705478,0.3335658311843872,0.402132145035776,False,
388,OCNT-2535333,0,CYP1A2,4.7485527992248535,0.0003653871826827526,1.4992974683991633e-05,0.0016793329268693924,32,0.7265156642978057,0.008494936861097813,0.002044256078079343,0.6620993976054576,False,
388,OCNT-2535333,1,CYP2C9,4.437262058258057,0.00013191397010814399,6.664001972467304e-08,0.00080062635242939,32,0.6937056657983556,0.0029285249765962362,0.31843632459640503,0.46908344253596235,False,
388,OCNT-2535333,2,CYP2D6,4.380136489868164,6.38754281681031e-05,8.555563908885233e-06,0.0005189671646803617,32,0.8712678476008717,0.001781162223778665,9.871658403426409e-05,0.4909369334552354,False,
388,OCNT-2535333,3,CYP3A4,4.030422210693359,1.597508708073292e-05,1.0745380052412656e-07,0.00011668259685393423,32,0.5385322353028178,0.0002754715096671134,0.40211600065231323,0.3444143569211917,False,
389,OCNT-2535334,0,CYP1A2,5.132297039031982,0.00029907713178545237,0.00031499177566729486,0.0017095129005610943,2,1.0032428572297905,0.0006001140573062003,0.0012434187810868025,0.8106445366480625,False,
389,OCNT-2535334,1,CYP2C9,4.8805975914001465,0.000135032445541583,4.461074058781378e-05,0.0008633019169792533,32,0.8523098736792745,0.003683136310428381,0.00030686549143865705,0.4379645916889887,False,
389,OCNT-2535334,2,CYP2D6,4.42748498916626,0.00028751991339959204,0.0005142269073985517,0.002561772707849741,32,0.9233676572744349,0.008495866321027279,0.00014508583990391344,0.6193461027503118,False,
389,OCNT-2535334,3,CYP3A4,4.393503665924072,5.822712410008535e-05,1.5818135580047965e-05,0.00041858834447339177,32,0.8381919168030013,0.0015620443737134337,3.279655356891453e-05,0.5836234292311915,False,
390,OCNT-2535335,0,CYP1A2,5.110536098480225,0.0003120805195067078,0.0003287032595835626,0.0017838330240920186,2,1.0032438004136885,0.0006262057577259839,0.0012448737397789955,0.8106416439862846,False,
390,OCNT-2535335,1,CYP2C9,4.844858646392822,0.00014096862287260592,4.653321229852736e-05,0.0009011263027787209,32,0.8520542868802885,0.0038438860792666674,0.00030697882175445557,0.4380220919847702,False,
390,OCNT-2535335,2,CYP2D6,4.376059055328369,0.0003000788565259427,0.0005369294667616487,0.0026735977735370398,32,0.9233364809584289,0.008866655640304089,0.00014480722893495113,0.6192493608287964,False,
390,OCNT-2535335,3,CYP3A4,4.310356616973877,7.62518830015324e-05,1.6483010767842643e-05,0.0005530121852643788,32,0.7334061942492371,0.0017897899961099029,0.00010413383279228583,0.5142599979741206,False,
391,OCNT-2535336,0,CYP1A2,5.098164081573486,0.0003104806237388402,0.0003290920576546341,0.0017964697908610106,2,1.0033133815903152,0.0006230387953110039,0.0022979513742029667,0.8088683086336702,False,
391,OCNT-2535336,1,CYP2C9,4.811183452606201,0.00014151821960695088,4.652834468288347e-05,0.0009028309723362327,32,0.8494083316561335,0.0038468879647552967,0.000306888046907261,0.4377055004671555,False,
391,OCNT-2535336,2,CYP2D6,4.372252941131592,0.0003000310680363327,0.0005366593832150102,0.002673262730240822,32,0.9233672412912378,0.008865538984537125,0.0001448627735953778,0.6193275879112832,False,
391,OCNT-2535336,3,CYP3A4,4.303733825683594,6.0764217778341845e-05,1.6478077668580227e-05,0.0004367587389424443,32,0.8381846438015648,0.001630080514587462,3.522634506225586e-05,0.5845939306043257,False,
392,OCNT-2535337,0,CYP1A2,5.099578380584717,0.0003262665413785726,0.00034363821032457054,0.0018649238627403975,2,1.0032450385841076,0.0006546706426888704,0.0012414135271683335,0.8106417906857876,False,
392,OCNT-2535337,1,CYP2C9,4.830060958862305,0.00014731536793988198,4.862425703322515e-05,0.0009418397676199675,32,0.8523103370344377,0.0040181418880820274,0.00030699282069690526,0.43800797599293967,False,
392,OCNT-2535337,2,CYP2D6,4.33204984664917,0.000313733471557498,0.0005613846005871892,0.0027953137177973986,32,0.9233385353434206,0.00927012600004673,0.00014436831406783313,0.6192317327071176,False,
392,OCNT-2535337,3,CYP3A4,4.309401035308838,6.351749470923096e-05,1.7229351215064526e-05,0.0004566165152937174,32,0.8381978888344654,0.001703955582343042,3.46131382684689e-05,0.5835366162888811,False,
393,OCNT-2535338,0,CYP1A2,5.110530376434326,0.0003120730980299413,0.00032869871938601136,0.0017838787753134966,2,1.003243691039385,0.0006261907983571291,0.0012433917727321386,0.8106309902397826,False,
393,OCNT-2535338,1,CYP2C9,4.84483003616333,0.00014076630759518594,4.6622233639936894e-05,0.0008997173281386495,32,0.8522356076677025,0.0038391866255551577,0.00030615518335253,0.43797724280460376,False,
393,OCNT-2535338,2,CYP2D6,4.376293182373047,0.000299065955914557,0.0005319388583302498,0.0026658247224986553,32,0.9238303301997249,0.008841454051434994,0.00014491108595393598,0.620194658911974,False,
393,OCNT-2535338,3,CYP3A4,4.310062408447266,7.61525152483955e-05,1.6581265299464576e-05,0.0005523308645933867,32,0.7342909283922832,0.0017896142089739442,0.00010565871343715116,0.5140850555240002,False,
394,OCNT-2535339,0,CYP1A2,5.161797046661377,0.00012918055290356278,2.3873501504567685e-06,0.0008637937717139721,32,0.9363980516601744,0.0038711610250175,0.00028697738889604807,0.6903432812194823,False,
394,OCNT-2535339,1,CYP2C9,4.9288716316223145,0.00021307636052370071,5.412452810560353e-05,0.0012938458239659667,32,0.7465780393915016,0.005090739112347364,0.0002641917089931667,0.45985278335595464,False,
394,OCNT-2535339,2,CYP2D6,4.597255229949951,0.00019980715296696872,0.0001821587502490729,0.001649470068514347,32,0.9407672684852263,0.006015405990183353,0.00022307896870188415,0.7469099200477276,False,
394,OCNT-2535339,3,CYP3A4,4.492860317230225,2.5120143618551083e-05,2.9802322387695312e-08,0.00016927113756537437,32,0.5947444655082327,0.0004782724427059293,0.3639240562915802,0.3998614794953382,False,
395,OCNT-2535340,0,CYP1A2,5.158181667327881,0.00011815920879598707,2.448510713293217e-06,0.0007994469488039613,32,0.9421640071711123,0.003562712809070945,0.0002614467521198094,0.6912234244928621,False,
395,OCNT-2535340,1,CYP2C9,4.905961036682129,0.00020365642558317631,5.15551510034129e-05,0.0012344216229394078,32,0.7447468253051889,0.004853757563978434,0.00026456243358552456,0.45968681434961467,False,
395,OCNT-2535340,2,CYP2D6,4.629764080047607,0.00019032935961149633,0.00017350837879348546,0.0015710991574451327,32,0.9406610139838413,0.005729434080421925,0.00022330519277602434,0.747015933222454,False,
395,OCNT-2535340,3,CYP3A4,4.480992794036865,2.392887654423248e-05,1.0745380052412656e-07,0.00016141081869136542,32,0.5946538323439543,0.0004555310297291726,0.36408597230911255,0.39957537036152246,False,
396,OCNT-2535341,0,CYP1A2,5.063879489898682,9.19790836633183e-05,2.0065176613570657e-06,0.0006377550307661295,13,0.9492009012458315,0.001135109574533999,0.008966928347945213,0.6973047176465372,False,
396,OCNT-2535341,1,CYP2C9,4.836498737335205,0.00017759371257852763,4.510728831519373e-05,0.0010782821336761117,32,0.7464720007344319,0.004242438357323408,0.00026488665025681257,0.4598373436738843,False,
396,OCNT-2535341,2,CYP2D6,4.694929599761963,0.0001665333256823942,0.00015183491632342339,0.0013752100057899952,32,0.9406772540458895,0.005013232585042715,0.0002232211991213262,0.7451725159399771,False,
396,OCNT-2535341,3,CYP3A4,4.450061798095703,2.0936033251928166e-05,6.828570064953965e-08,0.00014115679368842393,32,0.5946364270009213,0.00039856877992860973,0.37926948070526123,0.3995536458066463,False,
397,OCNT-2535342,0,CYP1A2,4.830713748931885,0.0003403231967240572,1.9983430320280604e-05,0.002153323031961918,23,0.9463237203398988,0.007407503668218851,7.458708296326222e-06,0.6732565805637185,False,
397,OCNT-2535342,1,CYP2C9,4.5883564949035645,9.212462464347482e-05,3.899295916198753e-05,0.0006028226343914866,13,0.98033140698701,0.0011741920607164502,0.0002932742645498365,0.48111015880469127,False,
397,OCNT-2535342,2,CYP2D6,4.682777404785156,0.00016578458598814905,0.00014072851627133787,0.0013225739821791649,32,0.9251523344615552,0.00490832794457674,0.0002568021009210497,0.7109950750060408,False,
397,OCNT-2535342,3,CYP3A4,4.121248722076416,4.0341808926314116e-05,7.450580596923828e-09,0.0002602789318189025,32,0.5077312023132485,0.0006556119187735021,0.3792792558670044,0.3862298530296423,False,
398,OCNT-2535344,0,CYP1A2,4.734546184539795,0.00015113501285668463,1.3950731954537332e-05,0.0005810909788124263,32,0.6931740613817755,0.0033526336774230003,0.0026983378920704126,0.7215400275461539,False,
398,OCNT-2535344,1,CYP2C9,4.526799201965332,1.1509417163324542e-05,6.587341658814694e-07,7.162489782785997e-05,32,0.7201179684007468,0.0002654508571140468,0.09154777228832245,0.28112526349333256,False,
398,OCNT-2535344,2,CYP2D6,4.780955791473389,0.00012477357813622802,6.137397576821968e-06,0.0008977170218713582,32,0.825132965719785,0.003294817404821515,5.1971186621813104e-05,0.580712020932026,False,
398,OCNT-2535344,3,CYP3A4,4.119616508483887,9.361462616652716e-06,7.300048565639372e-08,6.632913573412225e-05,32,0.5658145698895684,0.00016968032286968082,0.4700944125652313,0.38441905616274047,False,
399,OCNT-2535346,0,CYP1A2,4.373898029327393,0.0003838207630906254,0.0,0.0018987673101946712,32,0.541354358340282,0.006649230606853962,0.4473262429237366,0.4502720267566308,False,
399,OCNT-2535346,1,CYP2C9,4.23488187789917,4.73278032586677e-06,1.519626238177807e-07,2.5356901460327208e-05,32,0.7266943725119299,0.00011028965673176572,0.38694900274276733,0.30919712856031917,False,
399,OCNT-2535346,2,CYP2D6,4.741366863250732,5.4698473832104355e-05,5.667066488967976e-06,0.00041620800038799644,32,0.7796637480400049,0.0013649348402395844,0.00015588465612381697,0.4602096110704905,False,
399,OCNT-2535346,3,CYP3A4,3.81750750541687,1.2040442015859298e-05,7.300048565639372e-08,8.649180381326005e-05,32,0.5836693823559088,0.00022507116955239326,0.42466434836387634,0.38707310171386655,False,
400,OCNT-2535348,0,CYP1A2,4.7523884773254395,0.00022140210785437375,2.2916939997230656e-05,0.0007680212147533894,32,0.6064038387807138,0.004296484868973494,0.002691396279260516,0.6809230834972093,False,
400,OCNT-2535348,1,CYP2C9,4.540408611297607,1.0426098015159369e-05,2.086162567138672e-07,6.684490654151887e-05,32,0.6202755307239392,0.00020714419952128083,0.30366551876068115,0.2879832222983284,False,
400,OCNT-2535348,2,CYP2D6,4.649770259857178,5.185888221603818e-05,6.1208775150589645e-06,0.0003752841439563781,32,0.7729746549929282,0.0012829866027459502,0.00018755505152512342,0.5893211066366331,False,
400,OCNT-2535348,3,CYP3A4,4.067537784576416,1.2558345588331576e-05,6.664001972467304e-08,9.656150359660387e-05,32,0.5740211538002494,0.0002308638795511797,0.40989038348197937,0.4009493279453086,False,
401,OCNT-2535351,0,CYP1A2,4.94302225112915,0.0006398809491656721,5.939940024290991e-07,0.004109065979719162,2,1.0003131197382968,0.0012801826233044267,0.0456884428858757,0.7440540955751953,False,
401,OCNT-2535351,1,CYP2C9,4.783215045928955,1.3863918866263703e-05,1.794337407545754e-07,6.511897663585842e-05,32,0.7114281043163055,0.0003158494655508548,0.25041550397872925,0.3695419927837583,False,
401,OCNT-2535351,2,CYP2D6,4.668278217315674,7.051126885926351e-05,7.342508183683094e-07,0.00047536101192235947,32,0.6580768069866341,0.0014850691659376025,0.038441069424152374,0.46596177655952575,False,
401,OCNT-2535351,3,CYP3A4,4.3266801834106445,1.1189982615178451e-05,8.429369557916289e-08,7.948396523715928e-05,32,0.589575577255603,0.0002113035588990897,0.4247807264328003,0.37976792738292264,False,
402,OCNT-2535352,0,CYP1A2,4.4691386222839355,0.00019575285841710865,1.4117377759248484e-05,0.0008071161573752761,32,0.6552655683839467,0.004104853142052889,0.001987821189686656,0.6372513957677203,False,
402,OCNT-2535352,1,CYP2C9,4.133436679840088,0.0001338552392553538,4.405860818224028e-05,0.0008565367897972465,32,0.8478971081843896,0.0036321263760328293,0.00030357728246599436,0.43953000377096885,False,
402,OCNT-2535352,2,CYP2D6,4.399911403656006,0.0002918776008300483,0.000510982412379235,0.002518613822758198,32,0.9020587484785473,0.008425592444837093,0.00011408689897507429,0.6389955862776738,False,
402,OCNT-2535352,3,CYP3A4,3.6648504734039307,5.9325506299501285e-05,1.638992216612678e-05,0.00042528650374151766,32,0.8394977557029795,0.0015939847799018025,3.407444091862999e-05,0.5837561056912246,False,
403,OCNT-2535353,0,CYP1A2,4.627445697784424,0.0005513401702046394,1.2567757949000224e-05,0.0028109808918088675,32,0.7996056281534255,0.014107606373727322,0.001662681926973164,0.6580573219602608,False,
403,OCNT-2535353,1,CYP2C9,4.346512794494629,0.0001200710394186899,3.2988325983751565e-05,0.0007385418866761029,2,1.0003794038805998,0.00024025319726206362,6.205566023709252e-05,0.5899392433459175,False,
403,OCNT-2535353,2,CYP2D6,4.333372116088867,0.00022475291916634887,0.0001021747084450908,0.0019174222834408283,32,0.9744700468033297,0.00700879143550992,0.00011615274706855416,0.682769482595242,False,
403,OCNT-2535353,3,CYP3A4,3.890833854675293,3.072360050282441e-05,4.214684778958144e-08,0.00023405527463182807,32,0.5618902541218961,0.0005526051390916109,0.38686296343803406,0.42502779977217175,False,
404,OCNT-2535354,0,CYP1A2,4.637642860412598,0.0003779275284614414,1.862645149230957e-08,0.0019884328357875347,32,0.6749791039049551,0.00816319789737463,0.25778311491012573,0.4965017389409163,False,
404,OCNT-2535354,1,CYP2C9,4.499216556549072,0.00018332229228690267,1.355651329504326e-05,0.0012004125164821744,32,0.7279458337235183,0.004270591307431459,0.00014686719805467874,0.4853927108896656,False,
404,OCNT-2535354,2,CYP2D6,4.55751371383667,0.00012228473497088999,6.0677317378576845e-05,0.0010005226358771324,32,0.907970738224035,0.003553281305357814,0.00013932224828749895,0.5160782197550702,False,
404,OCNT-2535354,3,CYP3A4,4.154007434844971,3.25380424328614e-05,3.725290298461914e-09,0.00019895267905667424,32,0.46919845016812567,0.0004886877140961587,0.42492473125457764,0.3545851026754301,False,
405,OCNT-2535355,0,CYP1A2,4.772286891937256,0.0004948874702677131,4.787020225194283e-05,0.0025677194353193045,32,0.7916782215406473,0.012537585571408272,4.890741820418043e-06,0.5517218348258877,False,
405,OCNT-2535355,1,CYP2C9,4.556042671203613,0.00014606841432396322,3.5240736906416714e-05,0.0008571718353778124,14,0.997582756235864,0.0020401543006300926,1.2521491044026334e-05,0.5933464081414062,False,
405,OCNT-2535355,2,CYP2D6,4.499838352203369,0.0003255358024034649,0.000206333861569874,0.0026806737296283245,32,0.9103345867391178,0.009483379311859608,0.00014151723007671535,0.5917079819161967,False,
405,OCNT-2535355,3,CYP3A4,4.0449395179748535,1.2609547411557287e-05,2.9802322387695312e-08,8.617791172582656e-05,32,0.5617147036685066,0.00022683473071083426,0.432464599609375,0.36297931106960674,False,
406,OCNT-2535356,0,CYP1A2,4.705097675323486,0.0001695274986559525,1.6504494851687923e-05,0.0006413377705030143,32,0.6940599056815094,0.0037654137704521418,0.0027721731457859278,0.7246976370284017,False,
406,OCNT-2535356,1,CYP2C9,4.501721382141113,1.5986268408596516e-05,8.070822445915837e-07,9.567985398462042e-05,32,0.7457774626878134,0.0003817490069195628,0.030933430418372154,0.29013521077050874,False,
406,OCNT-2535356,2,CYP2D6,4.637912750244141,0.00020237882563378662,6.951994691917207e-06,0.0012966552749276161,32,0.7557174319865965,0.004894360434263945,5.8618908951757476e-05,0.5254442869087916,False,
406,OCNT-2535356,3,CYP3A4,4.023134231567383,1.0789061889227014e-05,2.9802322387695312e-08,7.514499156968668e-05,32,0.5693255556190095,0.0001967418211279437,0.4473532438278198,0.3831504560989827,False,
407,OCNT-2535357,0,CYP1A2,4.392658710479736,0.00024111929815262556,1.7126225429819897e-05,0.0008515162626281381,32,0.5998694942411653,0.004628675524145365,0.0028370004147291183,0.654779146760414,False,
407,OCNT-2535357,1,CYP2C9,4.161267280578613,1.1201094821444713e-05,2.4575624024691933e-07,7.2436363552697e-05,32,0.6383272014641308,0.00022900309704709798,0.26582738757133484,0.28408708558747775,False,
407,OCNT-2535357,2,CYP2D6,4.650693416595459,0.000155513160279952,5.849460194440326e-06,0.001011882908642292,32,0.6774652343400155,0.0033715690951794386,0.00016966777911875397,0.5941442864126133,False,
407,OCNT-2535357,3,CYP3A4,3.665144443511963,1.1528120921866503e-05,0.0,8.352461736649275e-05,32,0.5629603635781084,0.00020785615197382867,0.4400547742843628,0.3741224568830779,False,
408,OCNT-2535358,0,CYP1A2,4.518248081207275,0.00020473335462156683,1.9245577277615666e-05,0.0007806257344782352,32,0.6919927158616553,0.004533789120614529,0.0027321125380694866,0.7228987222245381,False,
408,OCNT-2535358,1,CYP2C9,4.239144802093506,3.1737348763272166e-05,8.94378808879992e-06,0.00018601384363137186,32,0.9138904701527716,0.000928435183595866,0.0002683730854187161,0.3530524471473103,False,
408,OCNT-2535358,2,CYP2D6,4.575123310089111,0.0002898023813031614,0.00018585557700134814,0.0017501148395240307,32,0.8606631198451135,0.007981786504387856,3.0893719667801633e-05,0.6197044383935819,False,
408,OCNT-2535358,3,CYP3A4,3.757369041442871,1.2834114386350848e-05,0.0,8.895876817405224e-05,32,0.5696158349355692,0.0002341187500860542,0.4245610237121582,0.385732226796429,False,
409,OCNT-2535360,0,CYP1A2,5.047793865203857,9.934347326634452e-05,2.0739933006552747e-06,0.00072112848283723,2,1.0056176785370117,0.00019982321828138083,0.009210473857820034,0.6921977684249419,False,
409,OCNT-2535360,1,CYP2C9,4.773670196533203,0.00018655754684004933,4.7255525714717805e-05,0.0011028923327103257,32,0.7145298820756686,0.004265858791768551,0.0003158743493258953,0.46923804833542493,False,
409,OCNT-2535360,2,CYP2D6,4.533253192901611,0.00019983128004241735,0.00015520658052992076,0.001658319728448987,32,0.9143329056952351,0.005847086664289236,0.00019326851179357618,0.7411912324772468,False,
409,OCNT-2535360,3,CYP3A4,4.297311782836914,2.2873093257658184e-05,8.940696716308594e-08,0.00015896416152827442,32,0.6020046214209533,0.0004408232925925404,0.3640291392803192,0.39220668673671655,False,
410,OCNT-2535361,0,CYP1A2,5.045892238616943,9.967799996957183e-05,2.0591658085322706e-06,0.0007242095889523625,2,1.0053971631853598,0.00020045206474605948,0.005254500079900026,0.6832327529029689,False,
410,OCNT-2535361,1,CYP2C9,4.765228271484375,0.000143988843774423,3.415554601815529e-05,0.0007512022857554257,32,0.5649257507783471,0.0026031569577753544,0.0007274909294210374,0.4979786240929234,False,
410,OCNT-2535361,2,CYP2D6,4.505890369415283,0.00019555602921172976,0.0001557736686663702,0.0016678739339113235,32,0.9372022518806813,0.005865117534995079,0.00019765396427828819,0.745440426939302,False,
410,OCNT-2535361,3,CYP3A4,4.295910835266113,2.318809310963843e-05,0.0,0.00016016620793379843,32,0.5983256915943991,0.00044416048331186175,0.36404019594192505,0.3901079097266664,False,
411,OCNT-2535362,0,CYP1A2,5.047741413116455,9.950138337444514e-05,2.0394459170347545e-06,0.0007224621949717402,2,1.0056099339667213,0.00020013927132822573,0.009275452233850956,0.6924211478622895,False,
411,OCNT-2535362,1,CYP2C9,4.773631572723389,0.00018515301053412259,4.7187226300593466e-05,0.001094829523935914,32,0.7159956367398785,0.004242429044097662,0.0003191657015122473,0.4690598507656699,False,
411,OCNT-2535362,2,CYP2D6,4.5319952964782715,0.00019773909298237413,0.00015535538841504604,0.0016502384096384048,32,0.918851805633325,0.005814467556774616,0.00019633544434327632,0.7415156586939025,False,
411,OCNT-2535362,3,CYP3A4,4.2970662117004395,2.2868411178933457e-05,7.884953134862371e-08,0.0001588103623362258,32,0.6018848094261274,0.00044064538087695837,0.36389169096946716,0.39193831100584875,False,
412,OCNT-2535363,0,CYP1A2,4.589244842529297,0.00028915685834363103,1.6975052858470008e-05,0.0019449809333309531,32,0.9949748271931276,0.009206839837133884,1.5129645362321753e-05,0.6789630378782088,False,
412,OCNT-2535363,1,CYP2C9,4.361918926239014,0.0002049755275947973,4.253335646353662e-05,0.001215516240336001,32,0.7237345903176308,0.004747363738715649,0.00022606055426876992,0.4881891039377956,False,
412,OCNT-2535363,2,CYP2D6,4.306682586669922,0.00019693125796038657,0.00015409184561576694,0.0016214560018852353,32,0.9163528688772746,0.005774965975433588,0.00025747987092472613,0.5881926675922515,False,
412,OCNT-2535363,3,CYP3A4,3.9909260272979736,2.829375625879038e-05,5.1619135632563484e-08,0.00018574591376818717,32,0.5514227360622223,0.0004994347109459341,0.37165558338165283,0.41535462923583255,False,
413,OCNT-2535364,0,CYP1A2,5.05308723449707,0.0001016262685880065,2.0366130684124073e-06,0.0006516356952488422,20,0.8819424096140102,0.0017927467124536633,0.008313157595694065,0.6525926266243587,False,
413,OCNT-2535364,1,CYP2C9,4.776863098144531,0.00018291626474820077,4.6835324610583484e-05,0.001088287914171815,32,0.7144573850269021,0.004182176664471626,0.00029150780756026506,0.46427143080842415,False,
413,OCNT-2535364,2,CYP2D6,4.5848612785339355,0.00023677303397562355,0.00015557801816612482,0.0018877764232456684,32,0.9024753195368217,0.006838107015937567,0.00020476679492276162,0.7529341743678664,False,
413,OCNT-2535364,3,CYP3A4,4.2944159507751465,2.3145250452216715e-05,4.214684778958144e-08,0.00016473799769300967,32,0.6012479338270608,0.00044550548773258924,0.36402297019958496,0.3908459410830872,False,
414,OCNT-2535365,0,CYP1A2,4.7787299156188965,0.0003437809064052999,2.145030885003507e-05,0.0023378077894449234,4,0.9991839539595179,0.0013740414287894964,5.985299594613025e-06,0.7046186757735706,False,
414,OCNT-2535365,1,CYP2C9,4.548818111419678,0.000110556349682156,4.7233796067303047e-05,0.0007207230082713068,17,0.9657915168634923,0.0018153287237510085,0.000287945062154904,0.47490047341933583,False,
414,OCNT-2535365,2,CYP2D6,4.599830627441406,0.0003097797161899507,0.00016898076864890754,0.0024329936131834984,32,0.8056568452891845,0.007986694574356079,0.00023710592358838767,0.708485851249212,False,
414,OCNT-2535365,3,CYP3A4,4.048803806304932,2.503998257452622e-05,1.0323827126512697e-07,0.0001775560376700014,32,0.5991362419417997,0.0004802672774530947,0.35627317428588867,0.394307071889323,False,
415,OCNT-2535366,0,CYP1A2,4.847200870513916,0.0003892923123203218,2.4421584384981543e-05,0.0026727155782282352,2,1.0006743557900597,0.0007791296811774373,4.55523968412308e-06,0.7040440509932432,False,
415,OCNT-2535366,1,CYP2C9,4.603671073913574,0.00012625270755961537,5.309910557116382e-05,0.000826807226985693,15,0.9739793153824318,0.0018446589820086956,0.00028122059302404523,0.4825791578935804,False,
415,OCNT-2535366,2,CYP2D6,4.533977031707764,0.0003761474508792162,0.00019826623611152172,0.002955486997961998,32,0.8334419113736361,0.010032172314822674,0.0002459888346493244,0.6157608586160088,False,
415,OCNT-2535366,3,CYP3A4,4.092397689819336,2.9568163881776854e-05,0.0,0.00021065204055048525,32,0.6012639295803958,0.0005690970574505627,0.33367815613746643,0.3977236419821839,False,
416,OCNT-2535367,0,CYP1A2,5.124771595001221,0.00012412840442266315,2.5730296329129487e-06,0.0008410023292526603,32,0.9422833199043043,0.0037431535311043262,0.00026706582866609097,0.6884462085426966,False,
416,OCNT-2535367,1,CYP2C9,4.85112190246582,0.00020198590937070549,5.264440187602304e-05,0.0012125099310651422,32,0.7223755185795219,0.004669340793043375,0.0002864734560716897,0.46225183093745426,False,
416,OCNT-2535367,2,CYP2D6,4.459051132202148,0.00019334307580720633,0.00018208356050308794,0.0015484793111681938,32,0.9533556487490246,0.005898695904761553,0.00022255335352383554,0.755377181106221,False,
416,OCNT-2535367,3,CYP3A4,4.375785827636719,2.5493018256383948e-05,6.664001972467304e-08,0.00018064447795040905,32,0.594553268269958,0.0004852128913626075,0.3488737642765045,0.4185691217736969,False,
417,OCNT-2535368,0,CYP1A2,4.7470245361328125,0.00045162561582401395,4.594936399371363e-05,0.0026542190462350845,32,0.9006715109911811,0.013016810640692711,3.3586313747946406e-06,0.6756281038110187,False,
417,OCNT-2535368,1,CYP2C9,4.503648281097412,5.1980467105749995e-05,3.7086414522491395e-05,0.00028541343635879457,32,0.8460125226031642,0.0014075067592784762,0.0028774309903383255,0.46098922995660735,False,
417,OCNT-2535368,2,CYP2D6,4.3459906578063965,0.0002521468559280038,0.00018375981017015874,0.002261523623019457,32,0.9992592838076648,0.008063042536377907,0.00015551302931271493,0.7008996791114985,False,
417,OCNT-2535368,3,CYP3A4,4.0174689292907715,3.001748882525135e-05,7.300048565639372e-08,0.000213230712688528,32,0.572452519101713,0.0005500579718500376,0.3336336612701416,0.3976140867186455,False,
418,OCNT-2535370,0,CYP1A2,4.44291353225708,0.00021416877279989421,1.938575405802112e-05,0.0008166334591805935,32,0.6908772301603775,0.0047350795939564705,0.0027262468356639147,0.7223076931486279,False,
418,OCNT-2535370,1,CYP2C9,4.141307830810547,0.0001114468032028526,1.975593295355793e-05,0.0005866351420991123,32,0.9057531881488761,0.003230475354939699,3.845267201540992e-05,0.4047265240919721,False,
418,OCNT-2535370,2,CYP2D6,4.406602382659912,0.00014878420915920287,9.872398550214712e-06,0.0009632838191464543,32,0.6498324091432087,0.0030941215809434652,0.0002689772518351674,0.5488625210537664,False,
418,OCNT-2535370,3,CYP3A4,3.5998435020446777,1.3576484889199492e-05,5.960464477539063e-08,9.309907909482718e-05,32,0.57001794515885,0.0002478252863511443,0.41705241799354553,0.41334859839623617,False,
419,OCNT-2535371,0,CYP1A2,4.884915351867676,0.00033436037483625114,0.0003026392078027129,0.0020820912905037403,32,0.9880618812165956,0.010572115890681744,0.0003287787549197674,0.7725875926313743,False,
419,OCNT-2535371,1,CYP2C9,4.36486291885376,0.00016826864157337695,4.8245176003547385e-05,0.0013298826524987817,32,0.8094198075021871,0.004358658101409674,0.00018890608043875545,0.4139604074755212,False,
419,OCNT-2535371,2,CYP2D6,3.740532159805298,0.0005345494719222188,0.0005481503321789205,0.005057612434029579,32,0.9027402338771804,0.01544218696653843,8.576070104027167e-05,0.5907060031175182,False,
419,OCNT-2535371,3,CYP3A4,3.861020088195801,6.117071461630985e-05,1.51355689013144e-05,0.0004500007489696145,32,0.8093238664617167,0.001584480400197208,3.264573388150893e-05,0.5293127505587785,False,
420,OCNT-2535372,0,CYP1A2,5.120589256286621,0.00029906959389336407,0.0003150191332679242,0.0017095484072342515,2,1.0032430362728928,0.0006000990397296846,0.0012457853881642222,0.8106245081809802,False,
420,OCNT-2535372,1,CYP2C9,4.858419895172119,0.00013495711027644575,4.4690030335914344e-05,0.0008624610491096973,32,0.8519793469926349,0.0036796540953218937,0.0003061773313675076,0.4379562660467073,False,
420,OCNT-2535372,2,CYP2D6,4.416811466217041,0.00028659412055276334,0.0005097296088933945,0.002554608741775155,32,0.923827800413576,0.008472731336951256,0.00014536308299284428,0.620247277145251,False,
420,OCNT-2535372,3,CYP3A4,4.310288906097412,0.00010009060497395694,1.58531402121298e-05,0.0006499000592157245,32,0.638184631976495,0.0020442453678697348,0.00014062180707696825,0.5091583996243741,False,
421,OCNT-2535373,0,CYP1A2,5.114593982696533,0.00029754440765827894,0.0003153785364702344,0.0017218361608684063,2,1.003311596400825,0.0005970795755274594,0.002301566069945693,0.8088668854260506,False,
421,OCNT-2535373,1,CYP2C9,4.837437152862549,0.00013561923697125167,4.4601703848456964e-05,0.0008652188116684556,32,0.849435358741951,0.0036866646260023117,0.000307279551634565,0.43768828488445977,False,
421,OCNT-2535373,2,CYP2D6,4.418259143829346,0.00028752032085321844,0.0005142667796462774,0.002561775967478752,32,0.9233673609884794,0.008495875634253025,0.00014505829312838614,0.6193342251184646,False,
421,OCNT-2535373,3,CYP3A4,4.346003532409668,5.8230529248248786e-05,1.580279968038667e-05,0.0004185471043456346,32,0.8381620869200185,0.0015620801132172346,3.291124812676571e-05,0.584762646015283,False,
422,OCNT-2535374,0,CYP1A2,4.84537935256958,0.00028246789588592947,0.00029078288935124874,0.0016017801826819777,32,0.9932923457446624,0.008978660218417645,0.0014883438125252724,0.7557519613311092,False,
422,OCNT-2535374,1,CYP2C9,4.575799465179443,0.00022882464691065252,4.1167681047227234e-05,0.0014282441698014736,32,0.7560464675547985,0.005536308046430349,0.00028061415650881827,0.56439380427818,False,
422,OCNT-2535374,2,CYP2D6,4.099310874938965,0.0002645012573339045,0.0004749320796690881,0.0023612475488334894,32,0.9233444775995386,0.007815520279109478,0.00021511135855689645,0.6154466351243656,False,
422,OCNT-2535374,3,CYP3A4,4.088901519775391,5.672093902830966e-05,1.4642368114436977e-05,0.0004217758832965046,32,0.7957423319823378,0.0014445827109739184,0.00011386022379156202,0.5038057817629512,False,
423,OCNT-2535375,0,CYP1A2,5.035743713378906,0.00047986904974095523,0.0003150568518321961,0.002402510726824403,32,0.9620106200757736,0.01477275975048542,4.484797955228714e-06,0.5782526999967177,False,
423,OCNT-2535375,1,CYP2C9,4.748153209686279,8.288420940516517e-05,2.7443698854767717e-05,0.0004930768045596778,32,0.6734771613897597,0.0017864754190668464,0.00032949401065707207,0.43961536325351,False,
423,OCNT-2535375,2,CYP2D6,4.280701637268066,0.00023281259927898645,0.00046706866123713553,0.0021630427800118923,32,0.8881427481224059,0.006616950500756502,0.00024460526765324175,0.5724700586820961,False,
423,OCNT-2535375,3,CYP3A4,4.22330904006958,5.866590072400868e-05,1.5849765986786224e-05,0.00042035867227241397,32,0.8338147947374566,0.0015655946917831898,3.843189915642142e-05,0.5898092348377857,False,
424,OCNT-2535377,0,CYP1A2,4.716491222381592,0.00035235489485785365,2.969633669636096e-06,0.0017714494606480002,32,0.7643245585077086,0.008618276566267014,0.0008260508184321225,0.6498274663446638,False,
424,OCNT-2535377,1,CYP2C9,4.474234104156494,0.0001597653463250026,9.42432194506182e-08,0.0009236981859430671,32,0.6163326356163196,0.003151192329823971,0.34175726771354675,0.41952502998142427,False,
424,OCNT-2535377,2,CYP2D6,4.380982875823975,5.268605309538543e-05,5.978783519822173e-06,0.00045228644739836454,32,0.8270809732320299,0.0013946848921477795,0.00015124813944566995,0.46550103755408806,False,
424,OCNT-2535377,3,CYP3A4,4.093781471252441,3.694189217640087e-05,5.960464477539063e-08,0.0002052061608992517,32,0.4680426681455035,0.0005534419906325638,0.4405101239681244,0.35592216468329635,False,
425,OCNT-2535379,0,CYP1A2,5.037002086639404,0.00038316575228236616,0.0004401094338390976,0.002195357345044613,2,1.0029197123089604,0.0007685890304856002,0.0029787584207952023,0.818132771363007,False,
425,OCNT-2535379,1,CYP2C9,4.746679306030273,1.086413067241665e-05,5.960464477539063e-08,6.868373020552099e-05,32,0.42338585662972955,0.00014732650015503168,0.4559022784233093,0.3113590889552438,False,
425,OCNT-2535379,2,CYP2D6,4.68037748336792,5.572861846303567e-05,8.067351700447034e-06,0.0003834436065517366,32,0.8649512911322672,0.001542758080177009,0.00012436915130820125,0.6334468869949506,False,
425,OCNT-2535379,3,CYP3A4,4.318389892578125,1.4881550669088028e-05,0.0,0.00010220229160040617,32,0.5693269660553126,0.00027130116359330714,0.409420371055603,0.39869706315126124,False,
426,OCNT-2535380,0,CYP1A2,4.990725040435791,0.0003578163159545511,2.4372395728278207e-06,0.001901355106383562,32,0.8249295359394957,0.00944580789655447,0.0004761223681271076,0.6856604549567122,False,
426,OCNT-2535380,1,CYP2C9,4.672411918640137,0.00011505261500133201,1.2491759662225377e-05,0.0005723296198993921,32,0.4569656620661903,0.001682549249380827,0.0026822229847311974,0.4265124415255777,False,
426,OCNT-2535380,2,CYP2D6,4.528017044067383,0.00036668244865722954,0.00022571979206986725,0.003118521999567747,32,0.9731041101047129,0.011418557725846767,0.00010795755952131003,0.7149920847165734,False,
426,OCNT-2535380,3,CYP3A4,4.278248310089111,2.4554670744691975e-05,6.664001972467304e-08,0.00015989219537004828,32,0.5780485181955921,0.0004543862887658179,0.3714715838432312,0.38291447189673,False,
427,OCNT-2535381,0,CYP1A2,4.998812198638916,0.00031065521761775017,4.633758180716541e-06,0.0010522130178287625,32,0.5757614058012327,0.005723809357732534,0.0026115048676729202,0.6836468499094495,False,
427,OCNT-2535381,1,CYP2C9,4.622285842895508,0.00011220963642699644,3.548941094777547e-05,0.0007397332810796797,19,0.9615111849460473,0.002050108276307583,0.00026729973615147173,0.4577065925751622,False,
427,OCNT-2535381,2,CYP2D6,4.489781379699707,0.00016247620806097984,0.00015072400856297463,0.0013051950372755527,32,0.9470980718048163,0.0049244919791817665,0.0001813105627661571,0.7291904444852124,False,
427,OCNT-2535381,3,CYP3A4,4.122478485107422,8.008892473299056e-05,3.2638723496347666e-05,0.0005659486050717533,32,0.8728199684037804,0.0022371821105480194,2.903920176322572e-05,0.5509276165237713,False,
428,OCNT-2535382,0,CYP1A2,4.947452068328857,0.0005828775465488434,0.00038779934402555227,0.0026427998673170805,32,0.7612053040940201,0.014198306947946548,1.2684048670053016e-05,0.46668875037525015,False,
428,OCNT-2535382,1,CYP2C9,4.66580057144165,0.0001047200639732182,4.1637344111222774e-05,0.0006765266880393028,13,0.9847360921165673,0.0013407091610133648,0.0002474522916600108,0.49006575600781555,False,
428,OCNT-2535382,2,CYP2D6,4.545681476593018,0.0001755130651872605,0.0001546661660540849,0.0013618437806144357,32,0.9362762767581351,0.005258818622678518,0.0002317162143299356,0.7371194064940791,False,
428,OCNT-2535382,3,CYP3A4,4.282861232757568,2.4761806344031356e-05,6.664001972467304e-08,0.0001620073162484914,32,0.582154332394878,0.00046147246030159295,0.3639781177043915,0.39465156127645384,False,
429,OCNT-2535383,0,CYP1A2,4.758823394775391,0.0007690133643336594,2.231273174402304e-05,0.0037697688676416874,32,0.8211949953615622,0.020208580419421196,1.010027790471213e-05,0.5276157246970943,False,
429,OCNT-2535383,1,CYP2C9,4.3686747550964355,6.868154014227912e-05,6.865661998745054e-05,0.00036961183650419116,32,0.5015668861645063,0.0011025088606402278,0.0009900571312755346,0.4646605916348305,False,
429,OCNT-2535383,2,CYP2D6,4.190290927886963,0.000238029271713458,0.000232801292440854,0.0018299593357369304,32,0.9382165142166515,0.00714663602411747,0.00019062514184042811,0.7099079969357409,False,
429,OCNT-2535383,3,CYP3A4,3.7558488845825195,7.867639214964584e-05,9.871911970549263e-06,0.0005458841333165765,32,0.7285877361051896,0.0018345580901950598,7.586316496599466e-05,0.55580985630249,False,
430,OCNT-2535384,0,CYP1A2,4.255343437194824,0.0004677935503423214,9.060588490683585e-05,0.0034634419716894627,9,0.9890740121180567,0.004164231009781361,6.995418061706005e-06,0.7145670621940392,False,
430,OCNT-2535384,1,CYP2C9,3.9907643795013428,1.97920307982713e-05,3.725290298461914e-08,0.0001362656767014414,32,0.6649285122143682,0.00042134191608056426,0.34887126088142395,0.4650925663573856,False,
430,OCNT-2535384,2,CYP2D6,4.178965091705322,0.00010219383693765849,2.188917642342858e-05,0.0006703811814077199,32,0.908570603192716,0.0029715008568018675,1.6243620848399587e-05,0.6099749859518887,False,
430,OCNT-2535384,3,CYP3A4,3.3491628170013428,0.00019760133000090718,3.547688538674265e-05,0.0014401980442926288,32,0.8888479164509794,0.005620685406029224,6.135711009847e-05,0.5334300063680714,False,
431,OCNT-2535385,0,CYP1A2,3.931650161743164,0.0004381174221634865,0.0,0.002423088299110532,32,0.6724359590240067,0.009427604265511036,0.31101736426353455,0.4954913959824683,False,
431,OCNT-2535385,1,CYP2C9,3.753652811050415,0.00029635283863171935,2.176589987357147e-06,0.0025483970530331135,32,0.9642707062522279,0.009144768118858337,0.0004036945756524801,0.61774956193309,False,
431,OCNT-2535385,2,CYP2D6,4.528642654418945,0.00016698155377525836,7.125980482669547e-05,0.0016611418686807156,32,0.9089720166421265,0.004857300780713558,6.125732033979148e-05,0.5282104659506323,False,
431,OCNT-2535385,3,CYP3A4,3.2227702140808105,4.1723204049048945e-05,7.194468253146624e-06,0.0003009270876646042,32,0.8402920224149745,0.0011221785098314285,4.821699621970765e-05,0.5693843725380121,False,
432,OCNT-2535386,0,CYP1A2,3.930008888244629,0.0005079341935925186,0.0,0.0027326815761625767,32,0.6205961583228703,0.010087302885949612,0.3110013008117676,0.4740922417174013,False,
432,OCNT-2535386,1,CYP2C9,3.7489476203918457,0.00030484693706966937,2.575789721959154e-06,0.0026401993818581104,32,0.9827938940809744,0.009587569162249565,0.00029241450829431415,0.6204264897957015,False,
432,OCNT-2535386,2,CYP2D6,4.523366451263428,0.00018734403420239687,7.127119897631928e-05,0.0018094753613695502,32,0.8530295824989377,0.005114193074405193,7.905743404990062e-05,0.49675080093927637,False,
432,OCNT-2535386,3,CYP3A4,3.20670747756958,3.968647069996223e-05,7.191134045569925e-06,0.0002808712888509035,32,0.8544534503774421,0.0010854011634364724,6.427909102058038e-05,0.5977137440908362,False,
433,OCNT-2535388,0,CYP1A2,4.984668254852295,0.0003573973081074655,4.628963665709307e-07,0.0017017449717968702,32,0.6868858640648879,0.007855936884880066,0.12938852608203888,0.55794310032591,False,
433,OCNT-2535388,1,CYP2C9,4.755090236663818,0.00011154467210872099,3.024683246621862e-05,0.0006392748327925801,32,0.9771192039853845,0.003488070797175169,3.158594699925743e-05,0.5758956566770863,False,
433,OCNT-2535388,2,CYP2D6,4.670736789703369,0.00021262797235976905,0.00020422119996510446,0.0016040569171309471,32,0.9185169018511636,0.00624997029080987,5.661357499775477e-05,0.6118129373892335,False,
433,OCNT-2535388,3,CYP3A4,4.272370338439941,1.1080754120484926e-05,3.483109196622536e-07,5.049352694186382e-05,32,0.7156329637833163,0.000253981095738709,0.2201758474111557,0.4242606985514463,False,
434,OCNT-2535389,0,CYP1A2,5.057215213775635,9.572188719175756e-05,2.068203912131139e-06,0.0006817661924287677,8,0.9757452043630083,0.0007472794386558235,0.00952233001589775,0.6714262536604994,False,
434,OCNT-2535389,1,CYP2C9,4.787474632263184,0.00018724171968642622,4.727060877485201e-05,0.0011096412781625986,32,0.7181623225129797,0.004303268156945705,0.00030974094988778234,0.4683378757511466,False,
434,OCNT-2535389,2,CYP2D6,4.584112644195557,0.00018793246999848634,0.00015529389202129096,0.0016026915982365608,32,0.9399895702774346,0.005653246771544218,0.00021118693985044956,0.7479333549137245,False,
434,OCNT-2535389,3,CYP3A4,4.345829963684082,2.2890028049005195e-05,7.300048565639372e-08,0.00015873265510890633,32,0.6019734712238362,0.00044112670002505183,0.36389297246932983,0.39103899156164523,False,
435,OCNT-2535391,0,CYP1A2,3.9866065979003906,0.0003542122431099415,9.42432194506182e-08,0.002053180942311883,32,0.7457042339578045,0.00845264084637165,0.3184777498245239,0.5629995668462457,False,
435,OCNT-2535391,1,CYP2C9,3.8358147144317627,7.040693890303373e-05,1.773926783243951e-06,0.0004168005252722651,32,0.9243374571000987,0.0020828484557569027,0.0002412967587588355,0.634750881339607,False,
435,OCNT-2535391,2,CYP2D6,4.712110996246338,0.0001412981509929523,6.607376417377964e-05,0.0015056525589898229,32,0.9691234826405948,0.004382241517305374,4.5318945922190323e-05,0.6256482008574642,False,
435,OCNT-2535391,3,CYP3A4,3.413215398788452,4.1114166378974915e-05,6.8386425482458435e-06,0.00030342728132382035,32,0.8294900475056407,0.0010915867751464248,5.077638343209401e-05,0.5432169867443133,False,
436,OCNT-2535393,0,CYP1A2,4.85817813873291,0.0003451168304309249,2.0233801478752866e-05,0.0022038412280380726,21,0.9495803980133815,0.006882239133119583,6.162758836580906e-06,0.6733509048733248,False,
436,OCNT-2535393,1,CYP2C9,4.674020767211914,0.00010069547715829685,4.069255373906344e-05,0.0006462196470238268,15,0.9832130662210564,0.0014852241147309542,0.00022091557912062854,0.4855298490461686,False,
436,OCNT-2535393,2,CYP2D6,4.768318176269531,0.0001667025644565001,0.0001466771645937115,0.0013116038171574473,32,0.9443406145100792,0.00503787025809288,0.0002353805466555059,0.7375263421813726,False,
436,OCNT-2535393,3,CYP3A4,4.234708786010742,7.326713966904208e-05,9.17246367748703e-08,0.000392812245991081,32,0.4824361183666606,0.0011312492424622178,0.371690571308136,0.3854857669088291,False,
437,OCNT-2535394,0,CYP1A2,4.811209201812744,0.0003608259139582515,2.1114941773703322e-05,0.0023002494126558304,22,0.9485186270224177,0.0075297108851373196,6.0792222029704135e-06,0.6740893671790098,False,
437,OCNT-2535394,1,CYP2C9,4.613850116729736,9.836418757913634e-05,4.2389983718749136e-05,0.0006467563798651099,11,0.9868770105458708,0.001067915465682745,0.00028882603510282934,0.4868109441460489,False,
437,OCNT-2535394,2,CYP2D6,4.622681617736816,0.00018974718113895506,0.00015290123701561242,0.0015269138384610415,32,0.9048326806833281,0.005494351964443922,0.0002461942785885185,0.7118279558044815,False,
437,OCNT-2535394,3,CYP3A4,4.1240339279174805,4.375198477646336e-05,1.0745380052412656e-07,0.00028276772354729474,32,0.5082792361467685,0.0007117858622223139,0.3717826306819916,0.38633629717164114,False,
438,OCNT-2535397,0,CYP1A2,5.181309223175049,0.00026665933546610177,0.00030416029039770365,0.001508711138740182,32,1.0005000063646852,0.008537685498595238,0.0013956427574157715,0.8198450203598897,False,
438,OCNT-2535397,1,CYP2C9,4.991559982299805,7.224622095236555e-06,2.9802322387695312e-08,4.7075573093025014e-05,32,0.44326272450304277,0.00010261882562190294,0.5162601470947266,0.3056694002508666,False,
438,OCNT-2535397,2,CYP2D6,4.800261974334717,4.078708661836572e-05,5.553237315325532e-06,0.0002827998250722885,32,0.8299356391464965,0.0010834865970537066,0.00015370637993328273,0.5992882232471053,False,
438,OCNT-2535397,3,CYP3A4,4.601992130279541,1.0326935807825066e-05,0.0,7.224001456052065e-05,32,0.5687655064765471,0.00018813736096490175,0.4550679922103882,0.3901268863735664,False,
439,OCNT-2535398,0,CYP1A2,4.787966251373291,0.0003690606099553406,2.379517536610365e-05,0.0024806750006973743,9,0.9910818743348658,0.0032920127268880606,4.423387053975603e-06,0.7159423855985158,False,
439,OCNT-2535398,1,CYP2C9,4.555075168609619,0.00010872587154153734,4.5916338422102854e-05,0.000711519387550652,15,0.9719725152793527,0.0015853241784498096,0.0002857708605006337,0.48017099764000143,False,
439,OCNT-2535398,2,CYP2D6,4.61218786239624,0.000232083402806893,0.00017016394122038037,0.0019232360646128654,32,0.8972303253263015,0.006663719657808542,0.00022450540564022958,0.7077337454091226,False,
439,OCNT-2535398,3,CYP3A4,4.101290702819824,2.521579881431535e-05,8.429369557916289e-08,0.00017819044296629727,32,0.600727591838074,0.00048492266796529293,0.35639503598213196,0.39403026029060784,False,
440,OCNT-2535399,0,CYP1A2,4.488048076629639,0.0001984976406674832,1.825379513320513e-05,0.0007648019236512482,32,0.694414930669253,0.004411093425005674,0.0026931902393698692,0.7223058566942644,False,
440,OCNT-2535399,1,CYP2C9,4.235705852508545,7.21159995009657e-06,0.0,4.660015838453546e-05,32,0.3771446576122469,8.715481089893728e-05,0.6597429513931274,0.30646385934224984,False,
440,OCNT-2535399,2,CYP2D6,4.782712459564209,4.9370999477105215e-05,6.5086524045909755e-06,0.00040932101546786726,32,0.8631446463411817,0.001363934250548482,9.040760050993413e-05,0.6071876091716941,False,
440,OCNT-2535399,3,CYP3A4,3.881075143814087,1.2336497093201615e-05,5.1619135632563484e-08,8.782845543464646e-05,32,0.5660049879633603,0.00022362172603607178,0.4321681261062622,0.38139477293130564,False,
441,OCNT-2535400,0,CYP1A2,4.187905311584473,0.001082186819985509,0.00010821087926160544,0.006775110028684139,32,0.9222671141168188,0.03193838521838188,1.1114912012999412e-05,0.6811663766568721,False,
441,OCNT-2535400,1,CYP2C9,3.878140926361084,0.0001305118203163147,2.962509825010784e-05,0.0008938316022977233,32,0.9357252702832622,0.0039082420989871025,2.3835083993617445e-05,0.5904716970377104,False,
441,OCNT-2535400,2,CYP2D6,3.961796522140503,0.000249958859058097,0.00011535697558429092,0.0022122557274997234,32,0.862978617948853,0.006902968976646662,0.00020012394816149026,0.5712604422716865,False,
441,OCNT-2535400,3,CYP3A4,3.16965389251709,0.0002781240618787706,5.0162681873189285e-05,0.002031275536864996,32,0.9082473526371586,0.008083664812147617,6.98318108334206e-05,0.5558026575928927,False,
442,OCNT-2535401,0,CYP1A2,4.9135003089904785,0.0003225847613066435,0.00028260628459975123,0.0016719887498766184,32,0.9298874454170614,0.009599258191883564,9.123348718276247e-05,0.6186955888843586,False,
442,OCNT-2535401,1,CYP2C9,4.689542293548584,0.00016014666471164674,4.214684778958144e-08,0.0009691193699836731,32,0.6961071692773959,0.003567558480426669,0.3035902678966522,0.4581052163073073,False,
442,OCNT-2535401,2,CYP2D6,4.459896564483643,4.367843212094158e-05,5.225104359851684e-06,0.00033824736601673067,32,0.8176471350945346,0.0011430950835347176,0.00019631376198958606,0.4781154097485565,False,
442,OCNT-2535401,3,CYP3A4,4.302757740020752,3.245345942559652e-05,2.9802322387695312e-08,0.000184631411684677,32,0.4658529381023598,0.0004839423345401883,0.4552575647830963,0.4110438478997629,False,
443,OCNT-2535402,0,CYP1A2,4.902365684509277,0.00032646232284605503,0.00028292645583860576,0.0016855266876518726,32,0.9285781733495015,0.009700962342321873,8.319408516399562e-05,0.616730554851853,False,
443,OCNT-2535402,1,CYP2C9,4.659478187561035,0.00016018598398659378,0.0,0.0009703800897113979,32,0.6959572970011615,0.003567666048184037,0.3034612536430359,0.45698823026862,False,
443,OCNT-2535402,2,CYP2D6,4.456688404083252,4.367317524156533e-05,5.212340056459652e-06,0.00033825449645519257,32,0.8176774077496246,0.0011429998558014631,0.0001947617856785655,0.47833414994530776,False,
443,OCNT-2535402,3,CYP3A4,4.2969160079956055,1.3689228580915369e-05,2.9802322387695312e-08,9.176679304800928e-05,32,0.4642068414997435,0.0002034968201769516,0.47022515535354614,0.41523745030266335,False,
444,OCNT-2535403,0,CYP1A2,4.902359485626221,0.000326475448673591,0.00028296024538576603,0.0016856469446793199,32,0.928607252736567,0.009701656177639961,8.326271927217022e-05,0.616742377403215,False,
444,OCNT-2535403,1,CYP2C9,4.659467697143555,0.0001602460106369108,2.9802322387695312e-08,0.0009709439473226666,32,0.6961954923537743,0.003570224391296506,0.30343499779701233,0.4571070389692268,False,
444,OCNT-2535403,2,CYP2D6,4.456679821014404,4.367073415778577e-05,5.185710961086443e-06,0.00033822920522652566,32,0.8177076955413288,0.0011429783189669251,0.00019391557725612074,0.4782310418906316,False,
444,OCNT-2535403,3,CYP3A4,4.296884059906006,1.3702227079193108e-05,6.664001972467304e-08,9.186579700326547e-05,32,0.4641473164699315,0.00020366378885228187,0.47025778889656067,0.4136868957525154,False,
445,OCNT-2535404,0,CYP1A2,4.628472805023193,0.0007981547387316823,2.091052920150105e-06,0.0044428384862840176,32,0.8160453246563417,0.020842835307121277,0.0007882709614932537,0.6388777341646884,False,
445,OCNT-2535404,1,CYP2C9,4.3249921798706055,8.880387213139329e-06,5.960464477539063e-08,5.787881673313677e-05,32,0.4337853720295814,0.00012340863759163767,0.5010636448860168,0.3312899252986368,False,
445,OCNT-2535404,2,CYP2D6,4.389827251434326,9.12105679162778e-05,7.056167760310927e-06,0.0007016895106062293,32,0.8280777064137371,0.002417206997051835,8.290780533570796e-05,0.602798441626105,False,
445,OCNT-2535404,3,CYP3A4,3.759032964706421,2.563425550761167e-05,1.0745380052412656e-07,0.0001856466114986688,32,0.5829052495423785,0.00047834147699177265,0.32638606429100037,0.3964764787676276,False,
446,OCNT-2535405,0,CYP1A2,3.5662553310394287,0.0014761348720639944,7.300048565639372e-08,0.008726287633180618,32,0.805309601322785,0.03804011642932892,0.2503626048564911,0.599897169879925,False,
446,OCNT-2535405,1,CYP2C9,3.3108062744140625,5.357342161005363e-05,3.219991776859388e-05,0.00024420543923042715,32,0.836792565749351,0.0014348226832225919,0.003437057137489319,0.6137918708608753,False,
446,OCNT-2535405,2,CYP2D6,3.960977077484131,0.00023603391309734434,7.276154065039009e-05,0.002249521669000387,8,0.9993613024202754,0.0018871452193707228,9.398072143085301e-05,0.6452999860070162,False,
446,OCNT-2535405,3,CYP3A4,2.6023154258728027,6.723206752212718e-05,6.9625430114683695e-06,0.0004874811857007444,32,0.7296740901481872,0.0015700734220445156,4.860081389779225e-05,0.4946923018969413,False,
447,OCNT-2535406,0,CYP1A2,3.6340150833129883,0.0011322280624881387,5.960464477539063e-08,0.006228587590157986,32,0.6839121912147896,0.024779245257377625,0.30343449115753174,0.526224133159346,False,
447,OCNT-2535406,1,CYP2C9,3.4011449813842773,4.7350116801681e-05,2.8526816095109098e-05,0.00021600750915240496,32,0.8372743022279862,0.0012689090799540281,0.0035065014380961657,0.6169434230831838,False,
447,OCNT-2535406,2,CYP2D6,4.0964226722717285,0.0002089907502522692,6.451170338550583e-05,0.0019936487078666687,8,0.9993289993403153,0.0016708840848878026,9.343840793007985e-05,0.6447084467469383,False,
447,OCNT-2535406,3,CYP3A4,2.757838249206543,5.914059511269443e-05,6.15769749856554e-06,0.0004285641189198941,32,0.7300307519147387,0.0013818161096423864,5.81226559006609e-05,0.4953965366671792,False,
448,OCNT-2535407,0,CYP1A2,4.528064250946045,0.00019040262850467116,1.7429736544727348e-05,0.0007329462096095085,32,0.693157665125431,0.004223551135510206,0.002691436093300581,0.7210698138334712,False,
448,OCNT-2535407,1,CYP2C9,4.284719944000244,6.892345027154079e-06,0.0,4.4522046664496884e-05,32,0.3771593185435292,8.330507989739999e-05,0.6671232581138611,0.3068243086635779,False,
448,OCNT-2535407,2,CYP2D6,4.772802829742432,8.2691345596686e-05,6.350202966132201e-06,0.0006240337388589978,32,0.7609970049904381,0.0020139352418482304,0.00014765064406674355,0.5837449089325508,False,
448,OCNT-2535407,3,CYP3A4,3.896571159362793,1.1775287021009717e-05,6.664001972467304e-08,8.353094017365947e-05,32,0.5662482604771023,0.00021354874479584396,0.43971383571624756,0.38087375156341685,False,
449,OCNT-2535408,0,CYP1A2,3.7835474014282227,0.0006905026384629309,2.9802322387695312e-08,0.0036330800503492355,32,0.6510260192376672,0.014385334216058254,0.3114234209060669,0.5227845613201482,False,
449,OCNT-2535408,1,CYP2C9,3.5738813877105713,0.0002438539668219164,2.840674096660223e-05,0.001908650854602456,32,0.9367777010917328,0.007310282438993454,0.0004196401860099286,0.6119129826818928,False,
449,OCNT-2535408,2,CYP2D6,4.270293235778809,0.00019270164193585515,6.382164428941905e-05,0.001918071648105979,2,0.9998638383383004,0.0003853708039969206,8.228601654991508e-05,0.607957070893766,False,
449,OCNT-2535408,3,CYP3A4,2.948352336883545,4.7106779675232247e-05,6.13891688772128e-06,0.0003399804118089378,32,0.76935979165551,0.001159992185421288,6.639234925387427e-05,0.5232628725350372,False,
450,OCNT-2535409,0,CYP1A2,3.602168560028076,0.001011942746117711,0.0,0.005410865880548954,32,0.6365137556033479,0.020611898973584175,0.3109420835971832,0.49544761171184476,False,
450,OCNT-2535409,1,CYP2C9,3.369288921356201,4.9990219849860296e-05,2.9634838938363828e-05,0.00022815946431364864,32,0.8333744799618021,0.0013334050308912992,0.0034745773300528526,0.6219416464050609,False,
450,OCNT-2535409,2,CYP2D6,4.04841947555542,0.0002193618711316958,6.716856296407059e-05,0.0021086682099848986,9,0.9992373471317172,0.0019728410989046097,9.006532491184771e-05,0.6406784722043577,False,
450,OCNT-2535409,3,CYP3A4,2.7038931846618652,6.115223368396983e-05,6.385693723132135e-06,0.00044401176273822784,32,0.7324730840044219,0.0014335900777950883,5.3919175115879625e-05,0.4979909199099637,False,
451,OCNT-2535410,0,CYP1A2,3.5772409439086914,0.0010619923705235124,2.9802322387695312e-08,0.005682517774403095,32,0.6383437408162167,0.021693522110581398,0.30356407165527344,0.497020025224455,False,
451,OCNT-2535410,1,CYP2C9,3.338435173034668,5.2073410188313574e-05,3.085587013629265e-05,0.00023765007790643722,32,0.833353846901088,0.00138892512768507,0.003510303096845746,0.6216421904342696,False,
451,OCNT-2535410,2,CYP2D6,4.004065036773682,0.00022828890359960496,6.99411757523194e-05,0.0021951717790216208,9,0.9993258879625423,0.0020533050410449505,9.077200229512528e-05,0.6406216023003506,False,
451,OCNT-2535410,3,CYP3A4,2.6517746448516846,6.37031698715873e-05,6.6410921135684475e-06,0.0004625309957191348,32,0.7324693042227777,0.0014933741185814142,5.0828311941586435e-05,0.49792862011092276,False,
452,OCNT-2535411,0,CYP1A2,3.6345932483673096,0.0011467866133898497,0.0,0.006336632650345564,32,0.6939237550331663,0.025465261191129684,0.3033756613731384,0.533424945964014,False,
452,OCNT-2535411,1,CYP2C9,3.401134967803955,4.739551150123589e-05,2.849968586815521e-05,0.0002162287855753675,32,0.837031222271371,0.0012697565834969282,0.0034184532705694437,0.6170713190645787,False,
452,OCNT-2535411,2,CYP2D6,4.0969462394714355,0.0002088631590595469,6.450653745559976e-05,0.001992115518078208,8,0.9993068528311775,0.001669827033765614,9.383351425640285e-05,0.6451084501238832,False,
452,OCNT-2535411,3,CYP3A4,2.758448600769043,5.911951666348614e-05,6.144702183519257e-06,0.000428410479798913,32,0.7301017400362549,0.0013814580161124468,6.763411511201411e-05,0.49543348702877554,False,
453,OCNT-2535412,0,CYP1A2,4.958489418029785,0.00031019464950077236,9.725516974867787e-06,0.0012974715791642666,32,0.659330031395171,0.006544871721416712,0.0021921712905168533,0.6471679334294147,False,
453,OCNT-2535412,1,CYP2C9,4.7520952224731445,4.371423347038217e-05,3.3406529382773442e-06,0.00023060649982653558,32,0.8460661787533886,0.0011837950441986322,0.0001162182234111242,0.37140453677227325,False,
453,OCNT-2535412,2,CYP2D6,4.5064921379089355,0.0002625116321723908,6.403031147783622e-05,0.001694442587904632,2,1.0029825811380773,0.0005266092484816909,3.2866089895833284e-05,0.6761222899400909,False,
453,OCNT-2535412,3,CYP3A4,4.261396884918213,1.1215602171432693e-05,5.960464477539063e-08,7.716926484135911e-05,32,0.5697304340510344,0.00020465815032366663,0.43971681594848633,0.396705512326465,False,
454,OCNT-2535413,0,CYP1A2,4.855454444885254,0.0003895584959536791,1.2460080142773222e-05,0.0016268121544271708,32,0.6576799282679514,0.00819876417517662,0.0021949419751763344,0.645697683434415,False,
454,OCNT-2535413,1,CYP2C9,4.631948947906494,2.1883788576815277e-05,1.1951623264394584e-06,0.00013069421402178705,32,0.7715076206451901,0.0005405191914178431,0.00042134523391723633,0.30476496940220493,False,
454,OCNT-2535413,2,CYP2D6,4.5471272468566895,5.2553579735103995e-05,7.344821369770216e-06,0.0004164082638453692,32,0.889956643909297,0.0014969378244131804,7.069743151078e-05,0.609663935738872,False,
454,OCNT-2535413,3,CYP3A4,4.186986923217773,1.4161225408315659e-05,5.960464477539063e-08,9.730435704113916e-05,32,0.5700006766852355,0.0002584834583103657,0.4094047248363495,0.3976538337511782,False,
455,OCNT-2535414,0,CYP1A2,4.81842565536499,0.00041121122194454074,1.3086851140542421e-05,0.0017171698855236173,32,0.6576810586448087,0.008654477074742317,0.0021934614051133394,0.6457503014941518,False,
455,OCNT-2535414,1,CYP2C9,4.583284378051758,2.310019226570148e-05,1.2539185263449326e-06,0.00013795406266581267,32,0.7715072716779314,0.000570549804251641,0.0005322694778442383,0.3042745907070966,False,
455,OCNT-2535414,2,CYP2D6,4.513064861297607,5.544177838601172e-05,7.786409696564078e-06,0.0004393376875668764,32,0.8902348560905773,0.0015796833904460073,7.151473982958123e-05,0.6095027055024778,False,
455,OCNT-2535414,3,CYP3A4,4.119916915893555,1.4957028724893462e-05,8.429369557916289e-08,0.0001031570354825817,32,0.5698990299187404,0.0002729502448346466,0.40939441323280334,0.3973685728735825,False,
456,OCNT-2535415,0,CYP1A2,5.0229010581970215,0.00030462376889772713,0.0003699099470395595,0.0016717036487534642,32,0.9710055759223073,0.009465634822845459,0.0056314617395401,0.8224120042957848,False,
456,OCNT-2535415,1,CYP2C9,4.8131232261657715,2.1252788428682834e-05,1.044889131662785e-06,0.00012409228656906635,32,0.7578991473503098,0.0005156815750524402,0.0005244364147074521,0.30050369508888697,False,
456,OCNT-2535415,2,CYP2D6,4.61641788482666,4.155815258855e-05,6.1032942539895885e-06,0.00031910015968605876,32,0.8978244583994668,0.0011942689307034016,0.00015848739712964743,0.652093845184067,False,
456,OCNT-2535415,3,CYP3A4,4.371362209320068,1.1726658158295322e-05,4.214684778958144e-08,8.114831143757328e-05,32,0.5692671983590714,0.00021380142425186932,0.43970707058906555,0.3969997650181559,False,
457,OCNT-2535416,0,CYP1A2,4.816502094268799,0.0003955468419007957,1.1937495401070919e-05,0.0016619488596916199,32,0.6594023694313286,0.00834659580141306,0.002132575260475278,0.6459847384316004,False,
457,OCNT-2535416,1,CYP2C9,4.545765399932861,2.5749332053237595e-05,1.1951623264394584e-06,0.00014906168507877737,32,0.7560768307130866,0.0006232330924831331,0.00043979648035019636,0.3057264931836351,False,
457,OCNT-2535416,2,CYP2D6,4.488146781921387,5.0419490435160697e-05,7.299211574718356e-06,0.0003901997406501323,32,0.8998570546881758,0.0014521386474370956,0.00015025427273940295,0.64081706745249,False,
457,OCNT-2535416,3,CYP3A4,4.052977561950684,1.4174839634506498e-05,0.0,9.772885823622346e-05,32,0.5697575217857941,0.0002586214104667306,0.4169858992099762,0.3999832588423965,False,
458,OCNT-2535417,0,CYP1A2,4.26061487197876,0.00044243631418794394,8.811475709080696e-05,0.0032173192594200373,11,0.9806216934244528,0.00477259699255228,7.015285973466234e-06,0.710713737081409,False,
458,OCNT-2535417,1,CYP2C9,4.004770755767822,2.0700636014225893e-05,2.9802322387695312e-08,0.00014172345981933177,32,0.6703991365575778,0.00044430056004785,0.3337782323360443,0.4859502205715793,False,
458,OCNT-2535417,2,CYP2D6,4.262866973876953,9.325655992142856e-05,2.011703691096045e-05,0.0006095069111324847,32,0.9083740529599401,0.0027110695373266935,1.7254642443731427e-05,0.6100255342594534,False,
458,OCNT-2535417,3,CYP3A4,3.408148765563965,0.00017914896307047457,3.190619463566691e-05,0.001303163473494351,32,0.8889770654812601,0.005096582695841789,6.14189775660634e-05,0.5320451513731227,False,
459,OCNT-2535418,0,CYP1A2,4.22812557220459,0.0006861696601845324,1.1981283932982478e-05,0.0033416948281228542,32,0.6229147009743338,0.013677804730832577,0.0001990492601180449,0.5034834351419092,False,
459,OCNT-2535418,1,CYP2C9,4.006520748138428,0.00034976008464582264,3.1327203032560647e-05,0.002452380256727338,32,0.9643836502599221,0.010794001631438732,7.953156455187127e-06,0.630368253775091,False,
459,OCNT-2535418,2,CYP2D6,3.9309630393981934,0.0003318528179079294,0.0001292651577387005,0.0031261492986232042,32,0.9188148415404264,0.009757455438375473,0.0001528940483694896,0.5767661773730641,False,
459,OCNT-2535418,3,CYP3A4,3.349911689758301,9.819497063290328e-05,1.5586023437208496e-05,0.0006540496833622456,32,0.8817783123800849,0.0027710404247045517,5.409256846178323e-05,0.5300426574237619,False,
460,OCNT-2535419,0,CYP1A2,4.8685078620910645,0.00016013009008020163,0.0,0.0007031994173303246,32,0.48322645116594365,0.0024762856774032116,0.4019736647605896,0.4084099250019047,False,
460,OCNT-2535419,1,CYP2C9,4.739729404449463,0.0001784370542736724,4.214684778958144e-08,0.0010640916880220175,32,0.6720100167363559,0.0038373826537281275,0.30345419049263,0.4565281013547452,False,
460,OCNT-2535419,2,CYP2D6,4.731781005859375,5.531137048819801e-06,0.0,3.295721398899332e-05,32,0.34851718513918156,6.179780757520348e-05,0.7203038930892944,0.24827865475154792,False,
460,OCNT-2535419,3,CYP3A4,4.536012649536133,1.4931510122551117e-05,0.0,9.056619455805048e-05,32,0.38171889517511187,0.00018251061555929482,0.6289923191070557,0.2723482452252123,False,
461,OCNT-2535420,0,CYP1A2,3.8806862831115723,0.0005045121652074158,5.960464477539063e-08,0.0029438501223921776,32,0.7510713316735308,0.012125828303396702,0.28818026185035706,0.5637458475580872,False,
461,OCNT-2535420,1,CYP2C9,3.701629161834717,0.00010134415788343176,2.646875827849726e-06,0.000599535705987364,32,0.9237074893622726,0.0029958910308778286,7.750635995762423e-05,0.6348264571484032,False,
461,OCNT-2535420,2,CYP2D6,4.498070240020752,0.00018885695317294449,8.28692500363104e-05,0.0019144252873957157,32,0.8863483639574105,0.005356861278414726,0.0001275548420380801,0.5728148555932584,False,
461,OCNT-2535420,3,CYP3A4,3.21378755569458,5.8564171922625974e-05,9.855301868810784e-06,0.0004273301165085286,32,0.8345094186548022,0.0015641823410987854,2.154346657334827e-05,0.5578065744788345,False,
462,OCNT-2535421,0,CYP1A2,4.7543559074401855,0.00018107083451468498,1.1175870895385742e-08,0.0008321216446347535,32,0.58897291540732,0.0034128546249121428,0.32612326741218567,0.4849199882125515,False,
462,OCNT-2535421,1,CYP2C9,4.631807327270508,0.00020437304920051247,8.940696716308594e-08,0.0012573977001011372,32,0.696912350350914,0.004557986278086901,0.28066250681877136,0.46788026621765066,False,
462,OCNT-2535421,2,CYP2D6,4.6227850914001465,3.287218351033516e-05,5.763494641541911e-07,0.0002652406401466578,32,0.7357532099103077,0.0007741815061308444,0.08431071788072586,0.5501862589114035,False,
462,OCNT-2535421,3,CYP3A4,4.381545543670654,1.6759009668021463e-05,0.0,0.00010223627759842202,32,0.40353859097214,0.0002165421610698104,0.5838108658790588,0.30484213057772647,False,
463,OCNT-2535422,0,CYP1A2,4.730381488800049,0.00039650476537644863,3.1828893298779803e-08,0.00179031933657825,32,0.5284936589616326,0.006705777253955603,0.29581770300865173,0.4705006837489504,False,
463,OCNT-2535422,1,CYP2C9,4.599660396575928,0.0002140583674190566,6.687388776072112e-08,0.0013235249789431691,32,0.6970042596471377,0.004774610046297312,0.28061944246292114,0.464430795854364,False,
463,OCNT-2535422,2,CYP2D6,4.544016361236572,2.2754715246264823e-05,3.990062396042049e-07,0.00018019395065493882,32,0.7283013848389609,0.0005305463564582169,0.1295948326587677,0.45108531814597486,False,
463,OCNT-2535422,3,CYP3A4,4.386180400848389,1.7682681573205628e-05,0.0,0.00010756438132375479,32,0.4027366476916952,0.00022801572049502283,0.5760931968688965,0.30393994364195853,False,
464,OCNT-2535423,0,CYP1A2,4.754356384277344,0.00018107754294760525,5.587935447692871e-09,0.0008321628556586802,32,0.5889893473843925,0.0034130762796849012,0.3261810839176178,0.48509600274708714,False,
464,OCNT-2535423,1,CYP2C9,4.631807804107666,0.0002043733693426475,1.0745380052412656e-07,0.0012574041029438376,32,0.6969162426590837,0.004558018874377012,0.2805522680282593,0.4678635753947498,False,
464,OCNT-2535423,2,CYP2D6,4.6227850914001465,3.2866562833078206e-05,5.96791039697564e-07,0.00026519366656430066,32,0.7357120724074705,0.0007740058936178684,0.09175913035869598,0.5499197973015312,False,
464,OCNT-2535423,3,CYP3A4,4.3815531730651855,1.6759764548623934e-05,0.0,0.00010224602010566741,32,0.4035381876307679,0.00021655169257428497,0.5837031602859497,0.3049321904349783,False,
465,OCNT-2535424,0,CYP1A2,4.137491226196289,0.0007245385204441845,0.00010818416922120377,0.004935024306178093,21,0.9484202580454367,0.014430706389248371,1.103634167520795e-05,0.6809472660526019,False,
465,OCNT-2535424,1,CYP2C9,3.714134454727173,0.0007895049639046192,6.95145208737813e-05,0.006431186571717262,2,1.0027084076258908,0.001583306584507227,0.00020705253700725734,0.7050475489417272,False,
465,OCNT-2535424,2,CYP2D6,3.569368362426758,0.00013324162864591926,5.293123467708938e-05,0.00099648698233068,32,0.7776043295212394,0.003315745387226343,0.00021392513008322567,0.587455023504081,False,
465,OCNT-2535424,3,CYP3A4,3.031330108642578,0.0003674014296848327,5.0133534386986867e-05,0.003112240694463253,32,0.8505252224235207,0.009999766014516354,0.00010741344158304855,0.5449653362898071,False,
466,OCNT-2535425,0,CYP1A2,4.580020427703857,0.00014356673636939377,3.032166517868973e-08,0.0007505471585318446,32,0.6676758578820345,0.003067607060074806,0.32619568705558777,0.48184646590001123,False,
466,OCNT-2535425,1,CYP2C9,4.452114582061768,0.00038171341293491423,6.664001972467304e-08,0.0022916169837117195,32,0.6697432035937361,0.00818101316690445,0.24288666248321533,0.4553461931663223,False,
466,OCNT-2535425,2,CYP2D6,4.2700371742248535,3.382490831427276e-05,3.772672698687529e-07,0.0002364172542002052,32,0.5723222265934621,0.0006196630420163274,0.14470350742340088,0.4155105897151542,False,
466,OCNT-2535425,3,CYP3A4,4.260775566101074,3.0242012144299224e-05,0.0,0.0001798525481717661,32,0.39547430523706134,0.0003828445915132761,0.5459146499633789,0.3008606820299352,False,
467,OCNT-2535428,0,CYP1A2,4.864559650421143,0.0001689556083874777,5.066394805908203e-07,0.0008742255158722401,32,0.6836150635276561,0.003696237923577428,0.15965333580970764,0.5010303479842818,False,
467,OCNT-2535428,1,CYP2C9,4.718937397003174,0.00023670891823712736,2.9802322387695312e-08,0.0014641309389844537,32,0.6968329438551003,0.005278513301163912,0.2730896770954132,0.4616992444142757,False,
467,OCNT-2535428,2,CYP2D6,4.609567642211914,2.5134642783086747e-05,4.19355842495861e-07,0.0001977070642169565,32,0.7264897311914095,0.0005845543928444386,0.11448092758655548,0.45311758499343513,False,
467,OCNT-2535428,3,CYP3A4,4.5041117668151855,1.940977199410554e-05,0.0,0.00011773234291467816,32,0.40359268457332964,0.0002508056932128966,0.5761480927467346,0.30658585288147744,False,
468,OCNT-2535430,0,CYP1A2,4.600327968597412,0.00014244475460145622,4.593450739776017e-07,0.0007407971424981952,32,0.673979414985614,0.003072370309382677,0.18236154317855835,0.48295557017961543,False,
468,OCNT-2535430,1,CYP2C9,4.443169116973877,0.0003650968137662858,8.940696716308594e-08,0.002193325199186802,32,0.6696848156035413,0.007824207656085491,0.2507903277873993,0.4521267581353744,False,
468,OCNT-2535430,2,CYP2D6,4.31261682510376,3.237842975067906e-05,3.734220399564947e-07,0.00022620332310907543,32,0.5721839204117813,0.0005930284387432039,0.14455771446228027,0.4156045340947917,False,
468,OCNT-2535430,3,CYP3A4,4.25003719329834,2.8922157071065158e-05,0.0,0.000172476313309744,32,0.3954316388712033,0.0003661020891740918,0.5536020994186401,0.29942410817980303,False,
469,OCNT-2535431,0,CYP1A2,4.566501140594482,0.00041571230394765735,1.5214516224659747e-07,0.002448644023388624,32,0.8236257863881742,0.010956787504255772,0.15185318887233734,0.6209368577619652,False,
469,OCNT-2535431,1,CYP2C9,4.423605918884277,0.00020398793276399374,4.214684778958144e-08,0.001255595125257969,32,0.6973118034269125,0.00455200532451272,0.28082019090652466,0.46900082011244487,False,
469,OCNT-2535431,2,CYP2D6,4.448671817779541,2.922208841482643e-05,3.8397607227125263e-07,0.00023128348402678967,32,0.6711465675580306,0.0006278085056692362,0.1370314657688141,0.434744644965653,False,
469,OCNT-2535431,3,CYP3A4,4.119470596313477,1.9659430108731613e-05,8.940696716308594e-08,0.0001441232452634722,32,0.4884467911086525,0.0003074390406254679,0.4324019253253937,0.402301214948349,False,
470,OCNT-2535432,0,CYP1A2,5.163957595825195,7.387587538687512e-05,0.0,0.00023830303689464927,32,0.33578289346413376,0.0007939076167531312,0.6215165257453918,0.2380750923646459,False,
470,OCNT-2535432,1,CYP2C9,5.050700664520264,7.73916963225929e-06,3.488304173515644e-06,3.38142563123256e-05,32,0.8113623091830088,0.00020119629334658384,0.00032525305869057775,0.4388989747348604,False,
470,OCNT-2535432,2,CYP2D6,4.914927005767822,3.0054699891479686e-05,5.789633178210352e-06,0.00014458467194344848,32,0.6684589297789899,0.0006431045476347208,0.0001645548763917759,0.47692788008475206,False,
470,OCNT-2535432,3,CYP3A4,4.728735446929932,1.2494389238781878e-06,0.0,5.097273060528096e-06,32,0.4742354388570902,1.911265826493036e-05,0.7653723955154419,0.31778986018950894,False,
471,OCNT-2535433,0,CYP1A2,5.218717098236084,0.00018919880676548928,0.0,0.0006379885016940534,32,0.391859953075985,0.0023725873325020075,0.5078582167625427,0.2906018260633529,False,
471,OCNT-2535433,1,CYP2C9,5.0550665855407715,0.0003064863267354667,1.28813362607616e-05,0.0018043657764792442,2,1.0026072599271878,0.0006145908846519887,1.8650383935892023e-05,0.6875434252646743,False,
471,OCNT-2535433,2,CYP2D6,4.954507350921631,2.8722522984026e-05,5.576220701186685e-06,0.00013361375022213906,32,0.6685686801852094,0.0006147092790342867,0.00017564404697623104,0.4371671968947425,False,
471,OCNT-2535433,3,CYP3A4,4.72824764251709,8.153781891451217e-06,0.0,2.4162556655937806e-05,32,0.28601587410834384,7.471907883882523e-05,0.7351663708686829,0.20228984856440527,True,recurrence
472,OCNT-2535435,0,CYP1A2,4.897493362426758,0.0005658798036165535,1.8562206605565734e-05,0.0032411208376288414,32,0.8975017756972758,0.016252387315034866,8.807489393802825e-06,0.6982303613397792,False,
472,OCNT-2535435,1,CYP2C9,4.587579727172852,0.00020697101717814803,6.403107545338571e-05,0.0013072495348751545,32,0.8438479043106215,0.0055891359224915504,0.00023487074940931052,0.45765959278391294,False,
472,OCNT-2535435,2,CYP2D6,4.395905017852783,0.000240640903939493,0.00022121921938378364,0.0018825505394488573,32,0.9536086083564367,0.00734357675537467,0.0002464882272761315,0.7754622360400474,False,
472,OCNT-2535435,3,CYP3A4,4.161637306213379,3.3135780540760607e-05,6.664001972467304e-08,0.00021931776427663863,32,0.5829868906117137,0.0006183537770994008,0.3337121605873108,0.3923492948037247,False,
473,OCNT-2535436,0,CYP1A2,5.0635504722595215,9.984110511140898e-05,2.0129257336520823e-06,0.0007232187199406326,2,1.0060972076217825,0.00020091983606107533,0.009998229332268238,0.6968155459525225,False,
473,OCNT-2535436,1,CYP2C9,4.797494411468506,0.00019073038129135966,4.697280746768229e-05,0.0011456765932962298,32,0.7314812947174547,0.004464736673980951,0.0002721850760281086,0.4624850247476544,False,
473,OCNT-2535436,2,CYP2D6,4.636440753936768,0.00015868310583755374,0.00015423208242282271,0.0012672755401581526,32,0.8937961880319074,0.004538857378065586,0.0002646116481628269,0.7355257096169865,False,
473,OCNT-2535436,3,CYP3A4,4.350682735443115,2.3572072677779943e-05,5.57550414725938e-08,0.00017141264106612653,32,0.6082575913580285,0.00045900719123892486,0.3488815724849701,0.39458689226021704,False,
474,OCNT-2535438,0,CYP1A2,5.020357131958008,0.0005527749890461564,2.9802322387695312e-08,0.0031764833256602287,32,0.8674881254026302,0.015345101244747639,0.18963077664375305,0.6670697439831511,False,
474,OCNT-2535438,1,CYP2C9,4.902020454406738,1.3466507880366407e-05,1.1064049658671138e-06,6.755375943612307e-05,32,0.8553624455968996,0.0003688735596369952,0.00024033179215621203,0.42652867768033387,False,
474,OCNT-2535438,2,CYP2D6,4.810120105743408,3.186480171279982e-05,9.86182271844882e-07,0.00023082198458723724,32,0.794313758297717,0.000810194993391633,0.00805717334151268,0.5136799457157533,False,
474,OCNT-2535438,3,CYP3A4,4.5543599128723145,1.0187669431616087e-05,2.9802322387695312e-08,7.101187657099217e-05,32,0.5906639839941326,0.00019274867372587323,0.4396727681159973,0.40950418865284816,False,
475,OCNT-2535439,0,CYP1A2,5.134760856628418,8.139826240949333e-05,1.7794258155845455e-06,0.0006048974464647472,2,1.002967968595108,0.00016329975915141404,0.010130630806088448,0.6815215840080258,False,
475,OCNT-2535439,1,CYP2C9,4.9329915046691895,0.0001579399686306715,4.00776625610888e-05,0.0009590688277967274,32,0.7466636172811654,0.0037739358376711607,0.00026483472902327776,0.45984167099315376,False,
475,OCNT-2535439,2,CYP2D6,4.732779026031494,0.00022282713325694203,0.0001349215890513733,0.0017927694134414196,32,0.8332547306714411,0.005941763054579496,0.00023268027871381491,0.6196875807875768,False,
475,OCNT-2535439,3,CYP3A4,4.528886318206787,1.8617927707964554e-05,5.1619135632563484e-08,0.0001257994445040822,32,0.5943739873977527,0.0003543025813996792,0.39430689811706543,0.3999498612645394,False,
476,OCNT-2535441,0,CYP1A2,4.853598117828369,1.878517105069477e-05,6.314999154710677e-07,0.0001052383377100341,32,0.6789963373777934,0.00040837927372194827,0.09985272586345673,0.45746046154893627,False,
476,OCNT-2535441,1,CYP2C9,4.654022693634033,3.173291361235897e-06,0.0,1.2442640581866726e-05,32,0.3240910795219819,3.3013642678270116e-05,0.7731393575668335,0.22993948880921414,False,
476,OCNT-2535441,2,CYP2D6,4.61671781539917,0.00010099475912284106,1.3397792599789682e-06,0.0006977410521358252,32,0.6442702406193099,0.002082379534840584,0.001104494440369308,0.4199988534308738,False,
476,OCNT-2535441,3,CYP3A4,4.261869430541992,4.1371702536707744e-05,1.4901161193847656e-08,0.0002806896227411926,32,0.5485357536871754,0.0007263789884746075,0.3869054913520813,0.3967681251521149,False,
477,OCNT-2535442,0,CYP1A2,3.6677539348602295,0.0013246166054159403,8.940696716308594e-08,0.007182961329817772,32,0.7899870667439784,0.0334860123693943,0.1593773514032364,0.541398317110849,False,
477,OCNT-2535442,1,CYP2C9,3.422797203063965,9.919004514813423e-05,2.6344712750869803e-05,0.0005453025223687291,32,0.8542809433236819,0.002711830660700798,0.0034419908188283443,0.6721677718657879,False,
477,OCNT-2535442,2,CYP2D6,4.124202728271484,0.0002660418685991317,8.391586015932262e-05,0.0028755548410117626,2,1.0001897290177095,0.0005322046927176416,6.031719021848403e-05,0.6379397523586591,False,
477,OCNT-2535442,3,CYP3A4,2.797823905944824,5.599649375653826e-05,5.930741735937772e-06,0.00040267323493026197,32,0.7335629299992743,0.0013146972050890326,6.0825637774541974e-05,0.4861482954490157,False,
478,OCNT-2535443,0,CYP1A2,3.6426219940185547,0.0007473760051652789,0.0,0.003968842327594757,32,0.6183584762174037,0.014788879081606865,0.3186189532279968,0.4849379152195151,False,
478,OCNT-2535443,1,CYP2C9,3.419278621673584,9.89739564829506e-05,2.6434929168317467e-05,0.0005411618039943278,32,0.8523993469365465,0.002699963515624404,0.00347963348031044,0.6777185167809092,False,
478,OCNT-2535443,2,CYP2D6,4.116199493408203,0.0002667461521923542,8.407572022406384e-05,0.002883811481297016,2,1.0001596612534904,0.000533597485627979,6.128079985501245e-05,0.6378534681290191,False,
478,OCNT-2535443,3,CYP3A4,2.799592971801758,5.568389315158129e-05,5.882322057004785e-06,0.0003998706233687699,32,0.733199932378842,0.0013067122781649232,6.622618093388155e-05,0.48747159967771864,False,
479,OCNT-2535444,0,CYP1A2,4.857855796813965,0.0007571078022010624,1.462744648961234e-06,0.005198101978749037,2,1.0035495152888734,0.0015196104068309069,0.0007869352702982724,0.7788349906857335,False,
479,OCNT-2535444,1,CYP2C9,4.582507610321045,9.186648640024941e-06,5.960464477539063e-08,5.594627873506397e-05,32,0.3946291483486761,0.00011613649985520169,0.5310552716255188,0.33193336180966526,False,
479,OCNT-2535444,2,CYP2D6,4.546708583831787,7.47875528759323e-05,5.83359042138909e-06,0.0005729111144319177,32,0.827475915613384,0.0019805815536528826,0.00010497371113160625,0.604629476688805,False,
479,OCNT-2535444,3,CYP3A4,4.077428340911865,2.1043759261374362e-05,7.337970941989624e-08,0.00015195220476016402,32,0.5818977697226826,0.0003920363378711045,0.3490353524684906,0.39107714953173167,False,
480,OCNT-2535445,0,CYP1A2,5.125350475311279,0.0002869785239454359,0.00032979127718135715,0.0016483356012031436,2,1.002791179355625,0.0005755791207775474,0.00292289350181818,0.8180780451718828,False,
480,OCNT-2535445,1,CYP2C9,4.86668062210083,1.0550180377322249e-05,0.0,6.176195165608078e-05,32,0.38986925932540206,0.00013174687046557665,0.49332335591316223,0.2936725896628028,False,
480,OCNT-2535445,2,CYP2D6,4.777665615081787,5.6389329984085634e-05,5.896719358133851e-06,0.0004427292151376605,32,0.8367949919707813,0.0015102296601980925,0.00015052476373966783,0.6407652207465809,False,
480,OCNT-2535445,3,CYP3A4,4.448427677154541,1.1560537132027093e-05,4.470348358154297e-08,8.652662654640153e-05,32,0.5673426328084136,0.0002100626879837364,0.4398077428340912,0.37968874058656454,False,
481,OCNT-2535446,0,CYP1A2,4.562094211578369,0.0005619543371722102,1.8810563915394596e-06,0.003302757628262043,32,0.8630560477702073,0.015520215034484863,0.000977946911007166,0.6446763016085642,False,
481,OCNT-2535446,1,CYP2C9,4.353872776031494,6.027756626281189e-06,0.0,4.031190837849863e-05,32,0.40234998222371465,7.773732068017125e-05,0.667055070400238,0.30378962703060175,False,
481,OCNT-2535446,2,CYP2D6,4.581740856170654,0.00010932263830909505,5.743117071688175e-06,0.000839877815451473,32,0.7159887940507424,0.002504990203306079,0.00016273287474177778,0.5626320969721998,False,
481,OCNT-2535446,3,CYP3A4,3.8874380588531494,2.0168588889646344e-05,5.1619135632563484e-08,0.00014110312622506171,32,0.5829449763745368,0.00037641622475348413,0.3563755750656128,0.39287442348277524,False,
482,OCNT-2535447,0,CYP1A2,4.844024181365967,0.0005894300993531942,3.540837042237399e-06,0.0030136415734887123,32,0.7304637066304723,0.01377806719392538,0.0013173551997169852,0.578185289673953,False,
482,OCNT-2535447,1,CYP2C9,4.586255073547363,8.623776011518203e-06,2.9802322387695312e-08,5.261543992673978e-05,32,0.4023126039096216,0.00011115126108052209,0.5309949517250061,0.3298386427981207,False,
482,OCNT-2535447,2,CYP2D6,4.651336193084717,6.569099059561267e-05,5.154251084604766e-06,0.0004817665903829038,32,0.818156639078568,0.0017201184527948499,9.178212349070236e-05,0.5271638849141282,False,
482,OCNT-2535447,3,CYP3A4,4.095984935760498,2.0791047063539736e-05,7.309547100931013e-08,0.0001513273164164275,32,0.5755179905428705,0.0003830840578302741,0.35643208026885986,0.3820883471309495,False,
483,OCNT-2535450,0,CYP1A2,3.7926197052001953,0.0009141727350652218,0.0,0.004851480945944786,32,0.6777152607570075,0.019825778901576996,0.3033904731273651,0.5220816818779519,False,
483,OCNT-2535450,1,CYP2C9,3.5826778411865234,5.172842793399468e-05,3.0888451874488965e-05,0.00023836827313061804,32,0.8361111219513334,0.0013842904008924961,0.003410706063732505,0.6314904197485143,False,
483,OCNT-2535450,2,CYP2D6,4.343151092529297,0.00020344088261481375,6.914541881997138e-05,0.002028986345976591,2,1.0011605579647664,0.00040737399831414223,7.217806705739349e-05,0.6335167619435713,False,
483,OCNT-2535450,3,CYP3A4,3.0385921001434326,5.1638846343848854e-05,6.6280231294513214e-06,0.0003758160746656358,32,0.7667311963465814,0.0012672250159084797,4.633899879991077e-05,0.5156362934320304,False,
484,OCNT-2535451,0,CYP1A2,3.7996063232421875,0.0006765113212168217,0.0,0.003526283660903573,32,0.6400663717500313,0.013856593519449234,0.31843018531799316,0.5180049316005164,False,
484,OCNT-2535451,1,CYP2C9,3.594210147857666,0.00023421696096193045,2.739173942245543e-05,0.001833213958889246,32,0.9369020821954421,0.0070223272778093815,0.00041653847438283265,0.6106282851602253,False,
484,OCNT-2535451,2,CYP2D6,4.30170202255249,0.00018579936295282096,6.146773375803605e-05,0.0018475214019417763,2,0.9998797691151908,0.0003715740458574146,8.06225070846267e-05,0.6085133301374737,False,
484,OCNT-2535451,3,CYP3A4,2.9876198768615723,4.536867709248327e-05,5.8675768741522916e-06,0.0003273158799856901,32,0.7692958125275946,0.0011171080404892564,5.502411659108475e-05,0.5235903336595166,False,
485,OCNT-2535452,0,CYP1A2,4.88740873336792,0.0005054709617979825,6.194482557475567e-05,0.003281542332842946,2,1.0038024911598329,0.0010148060973733664,2.4397265860898187e-06,0.7296615649367865,False,
485,OCNT-2535452,1,CYP2C9,4.571592807769775,9.394729568157345e-05,3.621594078140333e-05,0.0006102852057665586,25,0.9442652613794963,0.002218015259131789,0.0002576239057816565,0.430681203431295,False,
485,OCNT-2535452,2,CYP2D6,4.476076602935791,0.0001508092536823824,0.0001324165496043861,0.0011492965277284384,32,0.9133898954384857,0.0044082170352339745,0.00028080696938559413,0.7182056647865844,False,
485,OCNT-2535452,3,CYP3A4,4.068631649017334,2.54762708209455e-05,8.462232869987929e-08,0.0001946014235727489,32,0.5815965538622319,0.00047432727296836674,0.34136366844177246,0.3751635838566091,False,
486,OCNT-2535454,0,CYP1A2,4.818427085876465,0.00041119990055449307,1.3106755432090722e-05,0.0017171825747936964,32,0.6576804101894121,0.008654230274260044,0.0021935668773949146,0.6457056209970236,False,
486,OCNT-2535454,1,CYP2C9,4.583289623260498,2.3099832105799578e-05,1.2560859659060952e-06,0.00013795620179735124,32,0.7715189805481834,0.0005705495714209974,0.00042614477570168674,0.30464481926878106,False,
486,OCNT-2535454,2,CYP2D6,4.51324987411499,5.5432803492294624e-05,7.753359568596352e-06,0.00043927039951086044,32,0.8903031769087155,0.0015795489307492971,6.96055794833228e-05,0.6094438524911978,False,
486,OCNT-2535454,3,CYP3A4,4.119607925415039,1.4963577086746227e-05,5.960464477539063e-08,0.0001034668821375817,32,0.5698177432488956,0.00027303071692585945,0.40950918197631836,0.39778525183697044,False,
487,OCNT-2535460,0,CYP1A2,3.805086612701416,0.0005096673266962171,0.0,0.0026611904613673687,32,0.6002557757239605,0.009789976291358471,0.3337901532649994,0.47530205859245755,False,
487,OCNT-2535460,1,CYP2C9,3.6152756214141846,3.182398359058425e-05,3.9099126297514886e-05,0.00011031544272555038,32,0.837900353012087,0.0008535585948266089,0.003322719130665064,0.5927210852773437,False,
487,OCNT-2535460,2,CYP2D6,4.426755428314209,0.000251525518251583,6.094346827012487e-05,0.0021634867880493402,24,0.9979271205468986,0.006024338770657778,0.00010024101356975734,0.5778861877845234,False,
487,OCNT-2535460,3,CYP3A4,3.075000286102295,4.004843867733143e-05,4.097900728083914e-06,0.00029160536359995604,32,0.7207614133306532,0.0009239224600605667,0.00017083549755625427,0.4851920419060227,False,
488,OCNT-2535461,0,CYP1A2,4.971981525421143,0.00030343851540237665,8.735945016269397e-07,0.0016797222197055817,32,0.5836488846773527,0.0056674364022910595,0.01581772416830063,0.35669665796611916,False,
488,OCNT-2535461,1,CYP2C9,4.828686237335205,0.00028006278444081545,2.3116019747249084e-06,0.002159007592126727,32,0.9513503559334955,0.008526314981281757,0.00035120456595905125,0.587373824104698,False,
488,OCNT-2535461,2,CYP2D6,4.552265644073486,0.00017923719133250415,0.00011140471178805456,0.0009470365475863218,32,0.8561069304701681,0.004910552408546209,3.147260576952249e-05,0.37869473517218993,False,
488,OCNT-2535461,3,CYP3A4,4.296640872955322,4.220555638312362e-06,2.2351741790771484e-08,3.140191620332189e-05,32,0.574580366993995,7.7785414760001e-05,0.5609853267669678,0.35020166995122454,False,
489,OCNT-2535462,0,CYP1A2,4.996407985687256,0.00029025922412984073,8.404308005083294e-07,0.0016071111895143986,32,0.5836913779666443,0.005421684589236975,0.023492000997066498,0.3566635824042406,False,
489,OCNT-2535462,1,CYP2C9,4.859864234924316,0.0002669678069651127,7.33645777017955e-07,0.0020210593938827515,32,0.9516069247070928,0.008129853755235672,0.02314748242497444,0.6025560344547967,False,
489,OCNT-2535462,2,CYP2D6,4.59993839263916,9.229361603502184e-05,1.5662531041016337e-06,0.0005208355141803622,32,0.6455770490222162,0.0019068510737270117,0.00042679859325289726,0.45624517303032797,False,
489,OCNT-2535462,3,CYP3A4,4.340336322784424,4.036136033391813e-06,1.4901161193847656e-08,3.0016934033483267e-05,32,0.574476635684227,7.438113971147686e-05,0.5614721775054932,0.35315941749081275,False,
490,OCNT-2535463,0,CYP1A2,5.008367538452148,0.0002902584965340793,7.646198127986281e-07,0.001607307931408286,32,0.5836921392086049,0.005421678069978952,0.023471444845199585,0.35659958939841296,False,
490,OCNT-2535463,1,CYP2C9,4.878925800323486,0.00026682906900532544,7.504033305849589e-07,0.002013727556914091,32,0.9517778694296827,0.008127088658511639,0.030681530013680458,0.6088942574369576,False,
490,OCNT-2535463,2,CYP2D6,4.660616397857666,6.756927905371413e-05,1.7933471099240705e-06,0.0003956760629080236,32,0.6443772760078358,0.0013934896560385823,0.0004223964351695031,0.4788213964938488,False,
490,OCNT-2535463,3,CYP3A4,4.39622163772583,4.033298409922281e-06,1.4901161193847656e-08,2.9166087188059464e-05,32,0.5759131212169623,7.451483543263748e-05,0.5686507821083069,0.33796986758132674,False,
491,OCNT-2535464,0,CYP1A2,5.0431694984436035,0.00026701841852627695,7.875091228015663e-07,0.0014785157982259989,32,0.5835513873634718,0.004986393731087446,0.031086429953575134,0.3565256880229725,False,
491,OCNT-2535464,1,CYP2C9,4.918008804321289,0.0002454786445014179,6.323783168227237e-07,0.0018526349449530244,32,0.9517753781361331,0.00747680151835084,0.03087673708796501,0.6089543920306512,False,
491,OCNT-2535464,2,CYP2D6,4.706101894378662,6.43115199636668e-05,1.5537274293819792e-06,0.00037614983739331365,32,0.6440853073585674,0.0013257134705781937,0.000564446032512933,0.4773521320906178,False,
491,OCNT-2535464,3,CYP3A4,4.454848766326904,3.7759248243673937e-06,2.9802322387695312e-08,2.8782960725948215e-05,32,0.5767939068725202,6.987834785832092e-05,0.5766255855560303,0.3618366244922303,False,
492,OCNT-2535465,0,CYP1A2,4.8074445724487305,0.0003137664753012359,8.201055265999457e-07,0.0016283467411994934,32,0.5443925775016039,0.005466162692755461,0.030926281586289406,0.3542713944932572,False,
492,OCNT-2535465,1,CYP2C9,4.633492946624756,0.00023595840320922434,6.325977324195264e-07,0.0017820032080635428,32,0.9518644402918713,0.007187517825514078,0.038312818855047226,0.585662170798741,False,
492,OCNT-2535465,2,CYP2D6,4.5380730628967285,6.93996116751805e-05,2.210199454566464e-06,0.00044252388761378825,32,0.7785837617986898,0.0017293182900175452,0.00029763218481093645,0.4380411165214288,False,
492,OCNT-2535465,3,CYP3A4,4.139435768127441,2.822285568981897e-05,6.006850128414953e-08,0.00016806092753540725,32,0.5785442853745064,0.0005226866342127323,0.40184447169303894,0.47045312568451625,False,
493,OCNT-2535466,0,CYP1A2,5.0723490715026855,0.00025654034106992185,7.551228691227152e-07,0.001420730841346085,32,0.5829075990885213,0.004785444587469101,0.03870799392461777,0.3559644975591355,False,
493,OCNT-2535466,1,CYP2C9,4.955664157867432,0.00023600041458848864,6.041864821781928e-07,0.00178271415643394,32,0.9517811384067848,0.007188168354332447,0.03836335986852646,0.5838002575974732,False,
493,OCNT-2535466,2,CYP2D6,4.78922700881958,4.7505018301308155e-05,1.565118509461172e-06,0.00029574072686955333,32,0.698067569388165,0.0010613981867209077,0.0005318472976796329,0.45607524043563674,False,
493,OCNT-2535466,3,CYP3A4,4.538618087768555,3.63646654477634e-06,4.470348358154297e-08,2.771736581053119e-05,32,0.5765071435436764,6.727084837621078e-05,0.5764989256858826,0.36405783287931526,False,
494,OCNT-2535467,0,CYP1A2,4.95466423034668,0.0003070640086662024,9.306965012001456e-07,0.0017000837251543999,32,0.5852489512712492,0.005750871729105711,0.008250841870903969,0.35715135101853057,False,
494,OCNT-2535467,1,CYP2C9,4.787675380706787,0.00027896324172616005,7.27300346170523e-07,0.002106218133121729,32,0.9516537341970166,0.00849554967135191,0.023252472281455994,0.6047109886064788,False,
494,OCNT-2535467,2,CYP2D6,4.642006874084473,6.352083437377587e-05,1.8330244984099409e-06,0.00037594407331198454,32,0.6556293843838888,0.0013328858185559511,0.0004372217517811805,0.4818332424288785,False,
494,OCNT-2535467,3,CYP3A4,4.286918640136719,4.3386548895796295e-06,2.686345013103164e-08,3.302749610156752e-05,32,0.5742795924211798,7.991500024218112e-05,0.5616087913513184,0.3662922483675923,False,
495,OCNT-2535468,0,CYP1A2,5.054201126098633,0.00026684586191549897,7.598131332997582e-07,0.0014778811018913984,32,0.5830535604207611,0.004978920333087444,0.030947839841246605,0.3560963861304587,False,
495,OCNT-2535468,1,CYP2C9,4.935588359832764,0.0002454315253999084,6.11674067840795e-07,0.0018542505567893386,32,0.951779045065213,0.00747539522126317,0.03075987659394741,0.581965834097721,False,
495,OCNT-2535468,2,CYP2D6,4.7616777420043945,4.7658715629950166e-05,1.6625315311102895e-06,0.0002974141389131546,32,0.7069472427114829,0.0010783765465021133,0.00048020255053415895,0.4587748518247672,False,
495,OCNT-2535468,3,CYP3A4,4.506824016571045,3.7797788081661565e-06,4.470348358154297e-08,2.9007183911744505e-05,32,0.5768467244370851,6.995588773861527e-05,0.576341986656189,0.3657011425049061,False,
496,OCNT-2535469,0,CYP1A2,5.042031288146973,0.00026676541892811656,7.942472848299076e-07,0.001476373989135027,32,0.5827972485667317,0.004975231364369392,0.031149856746196747,0.35619466377869785,False,
496,OCNT-2535469,1,CYP2C9,4.909729480743408,0.00024896886316128075,9.153255632554647e-06,0.001930778380483389,32,0.9496558480864996,0.007566215470433235,0.00029536584042944014,0.5912743059759635,False,
496,OCNT-2535469,2,CYP2D6,4.682034969329834,0.00014996695972513407,0.00018819251272361726,0.0008408179273828864,32,0.9136415691055779,0.004384805914014578,9.885565668810159e-05,0.49577509962693367,False,
496,OCNT-2535469,3,CYP3A4,4.456367015838623,3.7836523461010074e-06,1.4901161193847656e-08,2.8968592232558876e-05,32,0.576660196159177,7.000474579399452e-05,0.5765696167945862,0.37424496050359046,False,
497,OCNT-2535471,0,CYP1A2,5.011863708496094,0.00027859347756020725,7.869450087127916e-07,0.0015403185971081257,32,0.5843786608791635,0.005209917668253183,0.02342461422085762,0.3579389215177259,False,
497,OCNT-2535471,1,CYP2C9,4.871436595916748,0.00028219816158525646,2.1315994672477245e-05,0.0023701926693320274,32,0.9444719102295356,0.008529205806553364,0.0002450211613904685,0.5632383436030503,False,
497,OCNT-2535471,2,CYP2D6,4.549493312835693,5.2806535677518696e-05,1.6236112969636451e-06,0.00034285601577721536,32,0.705921839764263,0.0011930990731343627,0.0005964338779449463,0.45687967892999537,False,
497,OCNT-2535471,3,CYP3A4,4.371391773223877,4.197545877104858e-06,1.4901161193847656e-08,2.9783264835714363e-05,32,0.5536515919059274,7.454446313204244e-05,0.5762011408805847,0.4068000591006531,False,
498,OCNT-2535473,0,CYP1A2,4.937628269195557,0.00013170555757824332,0.0,0.0006698326906189322,32,0.6373149546272331,0.002686217427253723,0.3867964744567871,0.4596363002286007,False,
498,OCNT-2535473,1,CYP2C9,4.8246588706970215,0.00021371006732806563,1.310753395955544e-05,0.001405560877174139,32,0.7248754579094504,0.004957453813403845,0.00014504429418593645,0.4810819587237646,False,
498,OCNT-2535473,2,CYP2D6,4.718382358551025,0.00015989854000508785,0.0001386718067806214,0.0011235482525080442,32,0.9297051541627842,0.00475736940279603,0.00015609779802616686,0.5220263004881474,False,
498,OCNT-2535473,3,CYP3A4,4.599498271942139,3.866975748678669e-05,0.0,0.00019329487986396998,32,0.45247715644149944,0.0005600546137429774,0.5230173468589783,0.2993156242223606,False,
499,OCNT-2535474,0,CYP1A2,5.122939586639404,0.00011343464575475082,2.6590953439153964e-06,0.000778396031819284,32,0.9491350713214729,0.0034455773420631886,0.0003151351702399552,0.6893427585571645,False,
499,OCNT-2535474,1,CYP2C9,4.83092737197876,0.00019287127361167222,5.007416257285513e-05,0.001155459089204669,32,0.7209051777551512,0.0044495714828372,0.0002872063487302512,0.46190138796679603,False,
499,OCNT-2535474,2,CYP2D6,4.498843669891357,0.0001839418546296656,0.000173358348547481,0.0014707479858770967,32,0.9540124407290927,0.005615755449980497,0.00022216682555153966,0.7578330830111859,False,
499,OCNT-2535474,3,CYP3A4,4.37135648727417,2.4072876840364188e-05,8.56006536764653e-08,0.00016112341836560518,32,0.5928587940998408,0.0004568878503050655,0.3715866506099701,0.39342740785164626,False,
500,OCNT-2535475,0,CYP1A2,5.138119220733643,0.0001240682031493634,2.614633785924525e-06,0.0008402587263844907,32,0.9421512302867762,0.0037408138159662485,0.00028258244856260717,0.6892135153007741,False,
500,OCNT-2535475,1,CYP2C9,4.871979236602783,0.00020341570780146867,5.263566708890721e-05,0.001223913044668734,32,0.7256268234930927,0.0047235568054020405,0.00027805703575722873,0.4611775068360099,False,
500,OCNT-2535475,2,CYP2D6,4.522282123565674,0.0001925295073306188,0.0001820301840780303,0.0015252872835844755,32,0.9541177260203795,0.005878571420907974,0.000225491588935256,0.7730524513822115,False,
500,OCNT-2535475,3,CYP3A4,4.440300464630127,2.526338357711211e-05,7.300048565639372e-08,0.0001688534684944898,32,0.5929207288793817,0.00047952361637726426,0.3639056384563446,0.39448867191783565,False,
501,OCNT-2535477,0,CYP1A2,5.126557350158691,0.00013597948418464512,2.5402000574104022e-06,0.0009103879565373063,32,0.9362904061048711,0.004074420779943466,0.0002092393988277763,0.6875697788308734,False,
501,OCNT-2535477,1,CYP2C9,4.871989727020264,0.0002113402879331261,5.5350566981360316e-05,0.0012707740534096956,32,0.723748002275529,0.004894859157502651,0.0002874438650906086,0.46258967299124454,False,
501,OCNT-2535477,2,CYP2D6,4.41256046295166,0.00020610206411220133,0.00019163246906828135,0.001666999189183116,32,0.9484621103836588,0.006255663465708494,0.0002177443529944867,0.7475580206090464,False,
501,OCNT-2535477,3,CYP3A4,4.383812427520752,2.6587742468109354e-05,8.429369557916289e-08,0.00017847478738985956,32,0.5929400715236138,0.0005046677542850375,0.35640645027160645,0.398706395401079,False,
502,OCNT-2535479,0,CYP1A2,5.155744552612305,0.00010206878505414352,2.446877715556184e-06,0.0007034948212094605,32,0.9531851710323965,0.003113599494099617,0.00032911382731981575,0.692492470332008,False,
502,OCNT-2535479,1,CYP2C9,4.865011215209961,0.00018967264622915536,4.707925472757779e-05,0.0011392273008823395,32,0.7354655379388889,0.004464161582291126,0.00026534905191510916,0.45888830028094735,False,
502,OCNT-2535479,2,CYP2D6,4.69885778427124,0.00015297712525352836,0.00015795892977621406,0.0012274531181901693,32,0.9207791561615927,0.004507755395025015,0.0002720021875575185,0.7564008523957255,False,
502,OCNT-2535479,3,CYP3A4,4.450809001922607,2.2290516426437534e-05,1.115100829451876e-07,0.00015796902880538255,32,0.5941929386308219,0.0004240259004291147,0.379181444644928,0.3850843927195839,False,
503,OCNT-2535482,0,CYP1A2,3.657166004180908,0.0010794713161885738,0.0,0.0059623573906719685,32,0.6887071161265005,0.023790286853909492,0.2958020567893982,0.5290263902133732,False,
503,OCNT-2535482,1,CYP2C9,3.4313693046569824,4.549216100713238e-05,2.7424322979641147e-05,0.0002073255309369415,32,0.8374942652609819,0.0012194495648145676,0.0034202076494693756,0.6124979016911481,False,
503,OCNT-2535482,2,CYP2D6,4.136768817901611,0.00020165074965916574,6.206388206919655e-05,0.0019330442883074284,10,0.999014203068724,0.002014619531109929,9.053042595041916e-05,0.6411842642738452,False,
503,OCNT-2535482,3,CYP3A4,2.8083221912384033,5.691378464689478e-05,5.881713150301948e-06,0.0004119155928492546,32,0.7293861946059942,0.0013286215253174305,7.134088809834793e-05,0.4950545959734206,False,
504,OCNT-2535486,0,CYP1A2,4.916093349456787,0.00030640995828434825,0.0002513170475140214,0.0015677135670557618,32,0.9271556348702703,0.009091167710721493,6.356293306453153e-05,0.611507862964036,False,
504,OCNT-2535486,1,CYP2C9,4.625838279724121,0.00014477470540441573,0.0,0.0008799422066658735,32,0.6950635416635611,0.0032203062437474728,0.31092649698257446,0.45440981588877327,False,
504,OCNT-2535486,2,CYP2D6,4.535253524780273,3.947721779695712e-05,4.660539161704946e-06,0.00030632936977781355,32,0.8179651773009422,0.0010335734114050865,0.00020050776947755367,0.4804786644956015,False,
504,OCNT-2535486,3,CYP3A4,4.27614164352417,1.2369256182864774e-05,8.97168703772877e-08,8.390010771108791e-05,32,0.4639214497640941,0.00018377607921138406,0.4853294789791107,0.41651393711153967,False,
505,OCNT-2535489,0,CYP1A2,4.733612537384033,0.0006115074502304196,1.850643275247421e-05,0.003150810254737735,32,0.8067668554586329,0.015787264332175255,0.0014582353178411722,0.638394498986514,False,
505,OCNT-2535489,1,CYP2C9,4.465670585632324,6.547105840581935e-06,1.2287812012345967e-07,3.9310241845669225e-05,32,0.3871411430603768,8.123281440930441e-05,0.6599941253662109,0.34100404285142677,False,
505,OCNT-2535489,2,CYP2D6,4.587614059448242,3.9266484236577526e-05,5.8161886045127176e-06,0.00028705468866974115,32,0.8994737054445474,0.0011305012740194798,0.00014340155757963657,0.622356498487582,False,
505,OCNT-2535489,3,CYP3A4,4.087678909301758,1.1428674042690545e-05,0.0,7.986566924955696e-05,32,0.561192469460676,0.00020541752746794373,0.44738101959228516,0.38508793658470447,False,
506,OCNT-2535491,0,CYP1A2,5.053460597991943,9.445989417145029e-05,2.226415062978049e-06,0.0006705227424390614,9,0.9690738507561437,0.0008239347371272743,0.009040644392371178,0.6729704627760924,False,
506,OCNT-2535491,1,CYP2C9,4.785989284515381,0.00017540562839712948,4.579036612994969e-05,0.0010530466679483652,32,0.7229231861042551,0.004057984799146652,0.00028706228476949036,0.46213848843889693,False,
506,OCNT-2535491,2,CYP2D6,4.554355144500732,0.00016793774557299912,0.00015828109462745488,0.0013428885722532868,32,0.9540368884688584,0.005127307027578354,0.00022218580124899745,0.7572665009956772,False,
506,OCNT-2535491,3,CYP3A4,4.356513023376465,2.1977884898660704e-05,2.9802322387695312e-08,0.00014703854685649276,32,0.5928612039643317,0.0004171444452367723,0.3792078197002411,0.39398012763422574,False,
507,OCNT-2535492,0,CYP1A2,4.6979241371154785,0.00033160197199322283,2.4482173103024252e-05,0.0016542549710720778,32,0.8017655208430997,0.008508001454174519,1.979280568775721e-05,0.6201947668736605,False,
507,OCNT-2535492,1,CYP2C9,4.324010372161865,9.368162136524916e-05,4.334506229497492e-05,0.0005247783847153187,32,0.6849959852978557,0.002053708303719759,0.0015357136726379395,0.4436282495359639,False,
507,OCNT-2535492,2,CYP2D6,4.084104061126709,0.0002374703617533669,0.00040654369513504207,0.0021791886538267136,32,0.9095522641312564,0.00691202562302351,9.966979996534064e-05,0.5886450283833047,False,
507,OCNT-2535492,3,CYP3A4,3.7575433254241943,7.026578532531857e-05,1.660726047703065e-05,0.0005065862787887454,32,0.7961748394816094,0.0017904579872265458,3.566344457794912e-05,0.5604977609157971,False,
508,OCNT-2535493,0,CYP1A2,5.090184688568115,0.000291554257273674,8.861618880473543e-06,0.0012493019457906485,32,0.6731122785907298,0.006280175410211086,0.002099741483107209,0.6477618420256597,False,
508,OCNT-2535493,1,CYP2C9,4.7988600730896,8.25802271720022e-06,5.960464477539063e-08,5.0898524932563305e-05,32,0.40448375954331944,0.00010701698920456693,0.5238263010978699,0.294282149257834,False,
508,OCNT-2535493,2,CYP2D6,4.756964206695557,4.126770727452822e-05,5.643036274705082e-06,0.0003046683850698173,32,0.8472240968822248,0.0011190869845449924,0.0001825482613639906,0.6026847271664668,False,
508,OCNT-2535493,3,CYP3A4,4.412046909332275,1.0773180292744655e-05,5.960464477539063e-08,7.457039464497939e-05,32,0.5694869528347061,0.00019650817557703704,0.4472670555114746,0.3889182708880028,False,
509,OCNT-2535494,0,CYP1A2,4.913276672363281,0.00031523348297923803,1.43500274134567e-05,0.0014877115609124303,32,0.6785326984417509,0.006844896357506514,0.0012944742338731885,0.637353760622646,False,
509,OCNT-2535494,1,CYP2C9,4.7253499031066895,0.00011207639909116551,8.753516340220813e-06,0.0008861897513270378,32,0.9725886163819643,0.0034884465858340263,0.00011421649833209813,0.6949636027834032,False,
509,OCNT-2535494,2,CYP2D6,4.448115348815918,4.841714689973742e-05,6.185184702189872e-06,0.0003733377088792622,32,0.8377845308576847,0.0012982884654775262,0.00011383764649508521,0.571016295210512,False,
509,OCNT-2535494,3,CYP3A4,4.2521891593933105,6.771858897991478e-05,1.083893312170403e-05,0.0004448755062185228,32,0.8807197877014374,0.0019087970722466707,5.590644650510512e-05,0.5394914162996196,False,
510,OCNT-2535495,0,CYP1A2,4.972283363342285,0.0004270933859515935,1.0295829270035028e-05,0.0018795246724039316,32,0.6638935864004758,0.00907363835722208,0.0020124863367527723,0.608293273534805,False,
510,OCNT-2535495,1,CYP2C9,4.770656108856201,6.485173798864707e-05,1.5184568837867118e-05,0.00038675611722283065,12,0.9940031918083291,0.0007736732950434089,0.00010468968685017899,0.516130517815063,False,
510,OCNT-2535495,2,CYP2D6,4.603668689727783,0.00012556252477224916,8.548716868972406e-05,0.0010760760633274913,32,0.9736149200861988,0.003912297077476978,0.0002203091571573168,0.6185102862076737,False,
510,OCNT-2535495,3,CYP3A4,4.3444671630859375,1.107553362089675e-05,9.42432194506182e-08,7.453862053807825e-05,32,0.5700230807503813,0.00020220832084305584,0.4473407566547394,0.36499229101665004,False,
511,OCNT-2535496,0,CYP1A2,4.9784979820251465,0.0010548671707510948,0.0010528137208893895,0.005433950573205948,32,0.9098137062474589,0.030711734667420387,1.7321470977549325e-06,0.6642714847037832,False,
511,OCNT-2535496,1,CYP2C9,4.788729190826416,4.141445515415398e-06,2.9802322387695312e-08,2.3887556380941533e-05,32,0.5871558734767747,7.800145976943895e-05,0.5234376192092896,0.2829424940836549,False,
511,OCNT-2535496,2,CYP2D6,4.736635684967041,4.3403451854828745e-05,9.358118973068486e-07,0.00029404606902971864,32,0.7520747580933393,0.0010448051616549492,0.00831514224410057,0.4649959168641844,False,
511,OCNT-2535496,3,CYP3A4,4.384210109710693,1.3237148777989205e-05,6.664001972467304e-08,9.273027535527945e-05,32,0.589717925339261,0.00024998659500852227,0.4019932746887207,0.3990876077377964,False,
512,OCNT-2535497,0,CYP1A2,5.09019136428833,0.00029221255681477487,9.299709745391738e-06,0.00124909239821136,32,0.6733478075463946,0.0062965573742985725,0.002127457642927766,0.6489074883354471,False,
512,OCNT-2535497,1,CYP2C9,4.79901647567749,8.060115760599729e-06,2.9802322387695312e-08,4.954258110956289e-05,32,0.39844963282288565,0.00010289710917277262,0.5387139320373535,0.29650480393954487,False,
512,OCNT-2535497,2,CYP2D6,4.758492946624756,4.181709300610237e-05,5.759255600423785e-06,0.00030625416547991335,32,0.8512298308255092,0.0011393430177122355,0.00017414535977877676,0.6082538388726174,False,
512,OCNT-2535497,3,CYP3A4,4.412595272064209,1.0705946806410793e-05,5.960464477539063e-08,7.394806016236544e-05,32,0.5694239985738493,0.00019526135292835534,0.44729992747306824,0.38735305791415536,False,
513,OCNT-2535498,0,CYP1A2,4.919431686401367,0.0005766442627646029,1.0701109204092063e-05,0.0027498221024870872,32,0.6764545762223821,0.01248257327824831,0.000516154570505023,0.5836119606674571,False,
513,OCNT-2535498,1,CYP2C9,4.712941646575928,7.4270278673793655e-06,5.960464477539063e-08,4.916329635307193e-05,32,0.4522135140499562,0.00010761998419184238,0.500865638256073,0.32813904802387284,False,
513,OCNT-2535498,2,CYP2D6,4.531214237213135,4.615169018507004e-05,6.199975359777454e-06,0.00032098303199745715,32,0.8351003220627515,0.0012335885548964143,0.00015920671285130084,0.5943231721729896,False,
513,OCNT-2535498,3,CYP3A4,4.30375862121582,1.1622698366409168e-05,0.0,7.99687986727804e-05,32,0.5700281732316406,0.00021219090558588505,0.4396490454673767,0.40341206250666717,False,
514,OCNT-2535499,0,CYP1A2,4.889496326446533,0.0006446883198805153,2.4455652237520553e-05,0.003790056798607111,32,0.8340446418702766,0.017206629738211632,1.2207211511849891e-05,0.6724019569217973,False,
514,OCNT-2535499,1,CYP2C9,4.67213249206543,9.90247426670976e-05,3.994368307758123e-05,0.0006388436886481941,14,0.9830968612752584,0.0013630504254251719,0.0002271799457957968,0.4848875552154543,False,
514,OCNT-2535499,2,CYP2D6,4.515188694000244,0.00016808949294500053,0.00014633889077231288,0.0012971790274605155,32,0.9332405982729649,0.0050200726836919785,0.00030125814373604953,0.7467148526030608,False,
514,OCNT-2535499,3,CYP3A4,4.288751602172852,2.1423074940685183e-05,0.0,0.00014580669812858105,32,0.5905519871107036,0.00040503503987565637,0.3867708742618561,0.393868818325424,False,
515,OCNT-2535501,0,CYP1A2,5.0163373947143555,3.115259460173547e-05,5.040030259806372e-07,0.00014252247638069093,32,0.46349010973606297,0.0004621937405318022,0.12962234020233154,0.42550764623830684,False,
515,OCNT-2535501,1,CYP2C9,4.846614360809326,2.742531933108694e-06,0.0,1.0743349776021205e-05,32,0.3230030481984255,2.845043854904361e-05,0.7805702090263367,0.22863432098862566,False,
515,OCNT-2535501,2,CYP2D6,4.7131829261779785,8.894014899851754e-05,1.1206624321857817e-06,0.0006125918007455766,32,0.651129713985592,0.0018533787224441767,0.001220792531967163,0.4150817969228654,False,
515,OCNT-2535501,3,CYP3A4,4.478010654449463,3.544154606061056e-05,0.0,0.0002405058330623433,32,0.548617758822322,0.0006223791278898716,0.40181294083595276,0.3992279795938225,False,
516,OCNT-2535502,0,CYP1A2,4.716995716094971,0.00014434632612392306,9.313225746154785e-09,0.0007069943239912391,32,0.632215811010705,0.002920459257438779,0.33375123143196106,0.49400483333163114,False,
516,OCNT-2535502,1,CYP2C9,4.60068941116333,0.00018734564946498722,6.664001972467304e-08,0.0011533526703715324,32,0.6969090026117997,0.004178234841674566,0.288178414106369,0.4684775798176175,False,
516,OCNT-2535502,2,CYP2D6,4.664412498474121,3.7073641578899696e-05,1.7057761851901887e-06,0.0002941870188806206,32,0.7817174177032546,0.0009276457130908966,0.0005369493737816811,0.5659212798039388,False,
516,OCNT-2535502,3,CYP3A4,4.3662848472595215,1.5364528735517524e-05,0.0,9.310281893704087e-05,32,0.40351979343453187,0.00019852565310429782,0.5912718772888184,0.30703486316878,False,
517,OCNT-2535505,0,CYP1A2,4.886168003082275,0.00016193102055694908,2.1653828298440203e-05,0.0006035516271367669,32,0.6312161220854076,0.0032710330560803413,0.0023202046286314726,0.6631569008446612,False,
517,OCNT-2535505,1,CYP2C9,4.63694953918457,0.0001273059897357598,4.2003932321676984e-05,0.0008155431714840233,32,0.8413137844926849,0.0034276063088327646,0.00030294107273221016,0.4396520271452034,False,
517,OCNT-2535505,2,CYP2D6,4.487144947052002,0.00023589383636135608,0.0003407809999771416,0.002084755338728428,32,0.9452349091194977,0.007135505322366953,6.766030128346756e-05,0.677226110356475,False,
517,OCNT-2535505,3,CYP3A4,4.211637496948242,5.648110163747333e-05,1.5399526091641746e-05,0.0004034416633658111,32,0.8389347830705932,0.0015165552031248808,3.354386717546731e-05,0.595856003196324,False,
518,OCNT-2535507,0,CYP1A2,4.522711277008057,0.00025502819335088134,7.973510946612805e-05,0.0008729100227355957,32,0.5166488008862716,0.004216485656797886,0.0028456449508666992,0.46186686814545336,False,
518,OCNT-2535507,1,CYP2C9,4.293547630310059,8.86549532879144e-05,2.8397930691426154e-06,0.000504982250276953,32,0.8943794151303703,0.0025376034900546074,0.00014900484529789537,0.5613606525928194,False,
518,OCNT-2535507,2,CYP2D6,4.257760524749756,0.0001528525463072583,3.969859972130507e-05,0.001444353023543954,32,0.9729845714276542,0.004759452771395445,5.5803495342843235e-05,0.6128649858595288,False,
518,OCNT-2535507,3,CYP3A4,3.7550270557403564,2.3453823814634234e-05,6.664001972467304e-08,0.00016556605987716466,32,0.5816835574364576,0.00043675265624187887,0.3337898254394531,0.38389773853945863,False,
519,OCNT-2535509,0,CYP1A2,4.755566120147705,0.000263627793174237,2.2004247512086295e-05,0.0010890213306993246,32,0.6703586510539721,0.005655420012772083,0.0024288196582347155,0.6529035292635204,False,
519,OCNT-2535509,1,CYP2C9,4.524909019470215,0.00015963055193424225,5.960464477539063e-08,0.0009227668051607907,32,0.6161969606423225,0.0031478407327085733,0.34144848585128784,0.41969445593228455,False,
519,OCNT-2535509,2,CYP2D6,4.389620304107666,5.236014840193093e-05,6.0192023738636635e-06,0.00044848816469311714,32,0.8300053957090281,0.0013909601839259267,0.00013197687803767622,0.4648847984756238,False,
519,OCNT-2535509,3,CYP3A4,4.143250942230225,3.5518522054189816e-05,0.0,0.00019957525364588946,32,0.4636932029781672,0.0005271786940284073,0.4398285150527954,0.35149013658689693,False,
520,OCNT-2535510,0,CYP1A2,4.757209300994873,0.00026374348090030253,2.215878339484334e-05,0.001089313067495823,32,0.6704456385640516,0.0056586358696222305,0.0024261483922600746,0.6530720193664856,False,
520,OCNT-2535510,1,CYP2C9,4.527956485748291,0.00015963028999976814,2.9802322387695312e-08,0.0009228070848621428,32,0.616199749196351,0.003147849813103676,0.34125766158103943,0.41969111550313015,False,
520,OCNT-2535510,2,CYP2D6,4.391285419464111,5.236597280600108e-05,6.140941877674777e-06,0.0004479875206016004,32,0.8299967245513017,0.0013911003479734063,0.00014586160250473768,0.46496733990123795,False,
520,OCNT-2535510,3,CYP3A4,4.149850845336914,3.5453249438432977e-05,6.664001972467304e-08,0.00019931171846110374,32,0.4637526079493449,0.000526277581229806,0.4400043487548828,0.3510649770275277,False,
521,OCNT-2535511,0,CYP1A2,4.723816394805908,0.0002750898420345038,2.2972879378357902e-05,0.00113636814057827,32,0.6703596181543383,0.0059013064019382,0.00242472137324512,0.6528838549201602,False,
521,OCNT-2535511,1,CYP2C9,4.4863762855529785,0.00016657100059092045,5.960464477539063e-08,0.0009628796251490712,32,0.6161965725006983,0.003284692531451583,0.3413369357585907,0.4197035432294177,False,
521,OCNT-2535511,2,CYP2D6,4.3437604904174805,5.4651463869959116e-05,6.354397555696778e-06,0.0004681657301262021,32,0.8299355160149717,0.0014516956871375442,0.00014027456927578896,0.46480842045595316,False,
521,OCNT-2535511,3,CYP3A4,4.096445560455322,3.699750595842488e-05,1.115100829451876e-07,0.00020802389190066606,32,0.4637909332103871,0.0005492398631758988,0.44002750515937805,0.35151155266290535,False,
522,OCNT-2535513,0,CYP1A2,4.750857830047607,0.0002636280842125416,2.201254028477706e-05,0.00108902039937675,32,0.6703576350413493,0.005655417684465647,0.0024262191727757454,0.6529035088302348,False,
522,OCNT-2535513,1,CYP2C9,4.515778064727783,0.00015963583427947015,5.960464477539063e-08,0.0009229874121956527,32,0.6161803091802777,0.003147859824821353,0.3415052890777588,0.41970746045561846,False,
522,OCNT-2535513,2,CYP2D6,4.385712623596191,5.2360028348630294e-05,6.0453371588664595e-06,0.00044848668039776385,32,0.8299988929333165,0.0013909460976719856,0.00013904002844356,0.46490061476021527,False,
522,OCNT-2535513,3,CYP3A4,4.101722240447998,6.800138362450525e-05,2.9802322387695312e-08,0.00032141071278601885,32,0.4635903879945658,0.0010089415591210127,0.42471930384635925,0.3549088658288014,False,
523,OCNT-2535514,0,CYP1A2,4.737015247344971,0.00026631681248545647,2.1732126697315834e-05,0.0011062159901484847,32,0.6695258257707448,0.005706005729734898,0.0024076239205896854,0.6515073786812453,False,
523,OCNT-2535514,1,CYP2C9,4.477780342102051,0.00015967580839060247,5.960464477539063e-08,0.0009244666434824467,32,0.6160569078771154,0.0031480174511671066,0.3414737284183502,0.41868525324488026,False,
523,OCNT-2535514,2,CYP2D6,4.381947040557861,5.236038123257458e-05,6.024733011145145e-06,0.00044849913683719933,32,0.8299955925948735,0.001390949939377606,0.00013967716949991882,0.4648996012399488,False,
523,OCNT-2535514,3,CYP3A4,4.094374179840088,3.5512668546289206e-05,4.214684778958144e-08,0.00019953493028879166,32,0.46353047734622504,0.0005269068642519414,0.43983253836631775,0.35088743572317804,False,
524,OCNT-2535516,0,CYP1A2,4.750856876373291,0.00026363134384155273,2.2005438950145617e-05,0.001089026452973485,32,0.6703603859977816,0.005655510816723108,0.0024288820568472147,0.6528971845242693,False,
524,OCNT-2535516,1,CYP2C9,4.515775203704834,0.00015963469923008233,2.9802322387695312e-08,0.0009229889838024974,32,0.6161847357039502,0.0031478600576519966,0.34131091833114624,0.41971057882466445,False,
524,OCNT-2535516,2,CYP2D6,4.385709285736084,5.2360028348630294e-05,6.0384277276170906e-06,0.0004484552482608706,32,0.8300031998755343,0.001390953315421939,0.00014116728561930358,0.4646763474295189,False,
524,OCNT-2535516,3,CYP3A4,4.101692199707031,6.796125671826303e-05,5.960464477539063e-08,0.0003212660667486489,32,0.46350257939549894,0.0010081552900373936,0.42488670349121094,0.35483215204405444,False,
525,OCNT-2535517,0,CYP1A2,4.736968040466309,0.0002664761559572071,2.1864756490685977e-05,0.0011068100575357676,32,0.6696314182169443,0.005710320081561804,0.002405957318842411,0.6516684701181518,False,
525,OCNT-2535517,1,CYP2C9,4.4776930809021,0.00015967544459272176,2.9802322387695312e-08,0.0009245831752195954,32,0.616064918213028,0.0031480512116104364,0.34124860167503357,0.4186423001336558,False,
525,OCNT-2535517,2,CYP2D6,4.381904125213623,5.236571450950578e-05,6.081225819798419e-06,0.0004480031202547252,32,0.8300027626293427,0.0013911036076024175,0.00013541769294533879,0.4648407062597332,False,
525,OCNT-2535517,3,CYP3A4,4.0940446853637695,3.551701229298487e-05,2.9802322387695312e-08,0.00019957467156928033,32,0.4634334575743151,0.0005268609966151416,0.440001517534256,0.3515081051161428,False,
526,OCNT-2535518,0,CYP1A2,4.737014293670654,0.00026632111985236406,2.1714080503443256e-05,0.0011062311241403222,32,0.6695281107694692,0.0057061174884438515,0.002408113796263933,0.6515445817223686,False,
526,OCNT-2535518,1,CYP2C9,4.477774620056152,0.00015967538638506085,9.884312390795458e-08,0.0009244722314178944,32,0.6160574879702977,0.0031480120960623026,0.34125816822052,0.41865873490769506,False,
526,OCNT-2535518,2,CYP2D6,4.381943225860596,5.236108336248435e-05,6.055465746612754e-06,0.0004484702949412167,32,0.8299887023798896,0.0013909570407122374,0.00014432496391236782,0.4649529301215173,False,
526,OCNT-2535518,3,CYP3A4,4.094343662261963,3.5512217436917126e-05,6.664001972467304e-08,0.00019953386799897999,32,0.46351163086118996,0.0005268787499517202,0.447493314743042,0.35156000922561004,False,
527,OCNT-2535519,0,CYP1A2,5.044835090637207,0.0002551998768467456,6.670420407317579e-05,0.0010693380609154701,32,0.6601865749872863,0.005391556303948164,4.114526745979674e-06,0.4109153557791281,False,
527,OCNT-2535519,1,CYP2C9,4.87526273727417,5.988927568978397e-06,5.960464477539063e-08,3.625622048275545e-05,32,0.48964577915068264,9.399518603459e-05,0.5009592175483704,0.31195946705717503,False,
527,OCNT-2535519,2,CYP2D6,4.911595344543457,5.050060281064361e-05,1.657984398661938e-06,0.0003834093804471195,32,0.8024865570542421,0.001297090551815927,0.00033078048727475107,0.4890485688522346,False,
527,OCNT-2535519,3,CYP3A4,4.459898471832275,3.424176247790456e-05,5.960464477539063e-08,0.00019096337200608104,32,0.4791870110414731,0.0005252159899100661,0.44004350900650024,0.3639576884899971,False,
528,OCNT-2535520,0,CYP1A2,4.618966579437256,0.0006107517401687801,8.940696716308594e-08,0.0031460982281714678,32,0.6643294433734402,0.012983904220163822,0.3791106939315796,0.533361546733085,False,
528,OCNT-2535520,1,CYP2C9,4.473474025726318,8.653541044623125e-06,0.0,4.1272556700278074e-05,32,0.45619454422859346,0.00012647232506424189,0.6140660643577576,0.3232844468811341,False,
528,OCNT-2535520,2,CYP2D6,4.619574069976807,0.00040653860196471214,0.0002793841704260558,0.0024432027712464333,2,1.002351179703357,0.0008150089415721595,3.4966702514793724e-05,0.5831486798211496,False,
528,OCNT-2535520,3,CYP3A4,4.027808666229248,0.00023668889480177313,9.42432194506182e-08,0.0011069297324866056,32,0.6243438314836187,0.004729007836431265,0.3868742883205414,0.4235880230018216,False,
529,OCNT-2535521,0,CYP1A2,4.197348594665527,0.0008161473670043051,9.464378672419116e-05,0.0050408304668962955,32,0.8807853250630638,0.023003501817584038,1.1460347195679788e-05,0.6540925127444246,False,
529,OCNT-2535521,1,CYP2C9,3.91597843170166,0.00011087861639680341,2.0807954570045695e-05,0.0007472620345652103,32,0.929716391439681,0.0032990388572216034,2.3816570319468156e-05,0.5684841143308692,False,
529,OCNT-2535521,2,CYP2D6,4.118673324584961,0.00024283806851599365,0.00016166111163329333,0.0020160870626568794,32,0.8633400888383692,0.006709135137498379,0.00019434455316513777,0.5769879871611505,False,
529,OCNT-2535521,3,CYP3A4,3.2819607257843018,0.00024341676908079535,4.388193701743148e-05,0.0017787193646654487,32,0.9081129558259389,0.007073888089507818,6.972930714255199e-05,0.5547478921009998,False,
530,OCNT-2535522,0,CYP1A2,4.761081695556641,0.0003801685234066099,9.090646199183539e-05,0.0015718408394604921,32,0.6239794999496151,0.007591155357658863,7.3187279667763505e-06,0.444954323762633,False,
530,OCNT-2535522,1,CYP2C9,4.484663963317871,0.00010993045725626871,3.7110607081558555e-05,0.0007122751558199525,28,0.9355022411746361,0.0028797872364521027,0.0002701991470530629,0.44565566026705405,False,
530,OCNT-2535522,2,CYP2D6,4.443607330322266,0.00014982490392867476,0.00014257252041716129,0.0012157976161688566,32,0.956825241093901,0.0045877061784267426,0.0002485545410308987,0.7682206244975774,False,
530,OCNT-2535522,3,CYP3A4,4.0416083335876465,5.1058777899015695e-05,2.8273357202124316e-06,0.00041528779547661543,32,0.6872698935371668,0.0011231370735913515,0.00020833764574490488,0.4655402864184462,False,
531,OCNT-2535523,0,CYP1A2,4.718458652496338,0.00016281548596452922,1.5050556612550281e-05,0.0007188577437773347,32,0.5681097222637493,0.0029600877314805984,0.001136484439484775,0.49813282254675206,False,
531,OCNT-2535523,1,CYP2C9,4.450521945953369,2.7625112124951556e-05,1.2526063528639497e-06,0.00016492405848111957,32,0.727796066653712,0.0006436072289943695,0.00041400076588615775,0.3049903670499857,False,
531,OCNT-2535523,2,CYP2D6,4.397823333740234,8.824146789265797e-05,6.786231551814126e-06,0.0006619672640226781,32,0.8584172169810109,0.0024242105428129435,6.31091243121773e-05,0.5441219171553493,False,
531,OCNT-2535523,3,CYP3A4,3.8797245025634766,2.1202378775342368e-05,2.9802322387695312e-08,0.00014846980047877878,32,0.564776906344127,0.00038336837315000594,0.364052414894104,0.36738028628027875,False,
532,OCNT-2535524,0,CYP1A2,4.674562931060791,0.0004995592753402889,2.1420419216156006e-08,0.0023956443183124065,32,0.6165722742897092,0.009856658056378365,0.22761046886444092,0.47296531541695197,False,
532,OCNT-2535524,1,CYP2C9,4.513604640960693,0.00016139364743139595,3.7610592698911205e-05,0.0008813418680801988,32,0.9555724745546189,0.004935452248901129,2.5657091100583784e-06,0.6342792171719227,False,
532,OCNT-2535524,2,CYP2D6,4.577046871185303,0.0001404228387400508,5.530194175662473e-05,0.0012513977708294988,32,0.9186639513319348,0.004128338769078255,0.00012528400111477822,0.5763266964832605,False,
532,OCNT-2535524,3,CYP3A4,4.062580108642578,1.394165610690834e-05,5.960464477539063e-08,9.57576630753465e-05,32,0.579879354207177,0.000258888874668628,0.4094894826412201,0.3837367698325222,False,
533,OCNT-2535529,0,CYP1A2,5.184289455413818,0.00010188035957980901,1.6737128589738859e-06,0.000670556619297713,32,0.9095228409361749,0.002965491497889161,0.00036507935146801174,0.6694295993173949,False,
533,OCNT-2535529,1,CYP2C9,4.915424823760986,0.0003710148739628494,0.00010498617484699935,0.00224336888641119,32,0.7575795728514068,0.008994587697088718,0.00028448618832044303,0.4634222446620997,False,
533,OCNT-2535529,2,CYP2D6,4.345531463623047,0.0005043091368861496,7.611215551150963e-05,0.00545562244951725,2,1.0018135910908668,0.0010104675311595201,0.00019107849220745265,0.6819800024019723,False,
533,OCNT-2535529,3,CYP3A4,4.500688076019287,7.072200969560072e-05,1.3962793673272245e-05,0.0005061705014668405,32,0.7699084786102808,0.0017426295671612024,6.484895129688084e-05,0.522567545411832,False,
534,OCNT-2535530,0,CYP1A2,5.096655368804932,0.0003581204218789935,2.122710066032596e-05,0.002186024561524391,27,0.9372338867486215,0.009062603116035461,4.747600087284809e-06,0.7175911329651544,False,
534,OCNT-2535530,1,CYP2C9,4.916151523590088,7.744128379272297e-05,3.41432387358509e-05,0.0005178978899493814,11,0.9827324238365158,0.0008372527663595974,0.00031498121097683907,0.4910594114430124,False,
534,OCNT-2535530,2,CYP2D6,4.64779806137085,0.00013908324763178825,0.00012748848530463874,0.001072104787454009,32,0.94393022443085,0.004201418254524469,0.00033013569191098213,0.7738969075342932,False,
534,OCNT-2535530,3,CYP3A4,4.4999823570251465,3.7812787923030555e-05,6.664001972467304e-08,0.00024141916946973652,32,0.5117646188752206,0.000619403668679297,0.3792526423931122,0.3882087411856777,False,
535,OCNT-2535531,0,CYP1A2,4.277092933654785,0.0003254640323575586,1.3845097782905214e-05,0.0015741511015221477,32,0.6921651407630696,0.007209016941487789,0.001981094479560852,0.6100129148759417,False,
535,OCNT-2535531,1,CYP2C9,3.8403425216674805,0.00014016199565958232,5.159781358088367e-05,0.0009181188652291894,32,0.8460297864366297,0.0037948698736727238,0.0003045503981411457,0.44055017846732103,False,
535,OCNT-2535531,2,CYP2D6,4.017069339752197,0.00021972807007841766,0.00031816132832318544,0.0018100421875715256,32,0.8727557016318351,0.006136884912848473,9.834901720751077e-05,0.6015591484098597,False,
535,OCNT-2535531,3,CYP3A4,3.2027549743652344,9.764840069692582e-05,1.9332488591317087e-05,0.0007774304831400514,32,0.793628574289306,0.0024801439139992,4.828247256227769e-05,0.5306131574341406,False,
536,OCNT-2535533,0,CYP1A2,4.931770324707031,0.000489230384118855,2.6779007384902798e-06,0.002662740647792816,32,0.8525833848258056,0.013347783125936985,0.0008389584254473448,0.6466457727304117,False,
536,OCNT-2535533,1,CYP2C9,4.537125110626221,0.0002168078935937956,4.623689892468974e-05,0.0013138923095539212,32,0.7100223725094866,0.0049262577667832375,0.00026106563745997846,0.4592112691982134,False,
536,OCNT-2535533,2,CYP2D6,4.199358940124512,0.00023639219580218196,0.00023558382235933095,0.0020853832829743624,32,0.9642110421914317,0.007294131442904472,0.00017839444626588374,0.7586069926181609,False,
536,OCNT-2535533,3,CYP3A4,4.060734272003174,3.077533983741887e-05,5.960464477539063e-08,0.0001973503385670483,32,0.5740666595167064,0.0005655307904817164,0.3487073481082916,0.3863869624495778,False,
537,OCNT-2535534,0,CYP1A2,4.907918453216553,0.0001254426606465131,0.0,0.0006345995352603495,32,0.6310751656426592,0.002533441875129938,0.3944574296474457,0.4562980560042478,False,
537,OCNT-2535534,1,CYP2C9,4.795003414154053,0.00020477530779317021,1.2506417988333851e-05,0.0013468670658767223,32,0.7248238497728106,0.0047498648054897785,0.00014679404557682574,0.4810175375210588,False,
537,OCNT-2535534,2,CYP2D6,4.712362766265869,0.0001530112640466541,0.00013284104352351278,0.0010732881492003798,32,0.9305645633216966,0.004556677304208279,0.0001540703233331442,0.5229477082127991,False,
537,OCNT-2535534,3,CYP3A4,4.562009334564209,3.642689625849016e-05,0.0,0.00018293611356057227,32,0.4493762291236159,0.0005239640013314784,0.5232653617858887,0.3283743425016252,False,
538,OCNT-2535536,0,CYP1A2,5.174956798553467,0.00011745113442884758,2.1733230823883787e-06,0.0007863390492275357,32,0.9363593762692161,0.0035195467062294483,0.0002996361581608653,0.6877126454026194,False,
538,OCNT-2535536,1,CYP2C9,4.949693202972412,0.00018308449944015592,4.799743328476325e-05,0.0011016891803592443,32,0.7256347328232596,0.004251511301845312,0.0002875883365049958,0.46258275808194027,False,
538,OCNT-2535536,2,CYP2D6,4.5278496742248535,0.00017608085181564093,0.00016498453624080867,0.0014312847051769495,32,0.9501631589113899,0.005354081280529499,0.0002163070603273809,0.7508189306754173,False,
538,OCNT-2535536,3,CYP3A4,4.499391555786133,2.3023563699098304e-05,2.9802322387695312e-08,0.00015435405657626688,32,0.5932000352932022,0.00043723234557546675,0.37172839045524597,0.3966211772111996,False,
539,OCNT-2535537,0,CYP1A2,5.133175849914551,0.0001487510890001431,0.0003254176117479801,0.0007556056370958686,32,0.9340910282433392,0.0044466047547757626,7.4803829193115234e-06,0.5408620584139758,False,
539,OCNT-2535537,1,CYP2C9,4.922801971435547,8.572917431592941e-05,3.989053948316723e-05,0.0005751230055466294,12,0.9791257840792617,0.0010073932353407145,0.00034287842572666705,0.4828471193260862,False,
539,OCNT-2535537,2,CYP2D6,4.5690412521362305,0.00014512550842482597,0.0001458811020711437,0.0011016762582585216,32,0.9184681314931071,0.004265674855560064,0.0003304711717646569,0.7474121376970517,False,
539,OCNT-2535537,3,CYP3A4,4.4291205406188965,4.436718882061541e-05,5.960464477539063e-08,0.00027962785679847,32,0.5113955641706492,0.0007262175204232335,0.36416229605674744,0.3880646376758785,False,
540,OCNT-2535538,0,CYP1A2,4.860171794891357,9.965178469428793e-05,2.4259163637907477e-06,0.0007476338068954647,4,0.9950276451806976,0.00039666492375545204,0.00576782925054431,0.6424825706899836,False,
540,OCNT-2535538,1,CYP2C9,4.566298961639404,0.00017511767509859055,4.596913277055137e-05,0.0010535067413002253,32,0.7252995848777155,0.004064640961587429,0.0002893999626394361,0.46277708434411347,False,
540,OCNT-2535538,2,CYP2D6,4.233591079711914,0.0001663718285271898,0.00015772659389767796,0.0013535129837691784,32,0.9512757419246008,0.005064799915999174,0.0002719159238040447,0.753617595470129,False,
540,OCNT-2535538,3,CYP3A4,4.0540852546691895,3.6883469874737784e-05,8.940696716308594e-08,0.00028428982477635145,32,0.5660199113567522,0.0006682380335405469,0.3488885164260864,0.3986059738946418,False,
541,OCNT-2535539,0,CYP1A2,5.078815460205078,0.00032867840491235256,1.5306909517676104e-06,0.0018478601705282927,32,0.7157519685555477,0.007528299931436777,0.0005893788766115904,0.4862440623592065,False,
541,OCNT-2535539,1,CYP2C9,4.7982869148254395,0.00022397904831450433,5.537540914701822e-07,0.0017297968734055758,32,0.9674844817390911,0.006934589706361294,0.04579808562994003,0.5892834118066939,False,
541,OCNT-2535539,2,CYP2D6,4.752386569976807,4.372531111584976e-05,5.1057736527582165e-06,0.00030978128779679537,32,0.763023090879541,0.0010678736725822091,0.00018110420205630362,0.4515604761491065,False,
541,OCNT-2535539,3,CYP3A4,4.353425979614258,8.654429620946757e-06,9.42432194506182e-08,5.683926792698912e-05,32,0.5738830122044243,0.00015911580703686923,0.4700239598751068,0.3784217114894362,False,
542,OCNT-2535540,0,CYP1A2,4.806250095367432,0.0001686580799287185,6.0003592807333916e-05,0.0006745483260601759,32,0.6296191126164523,0.003398292697966099,3.3328931294818176e-06,0.4322440830342495,False,
542,OCNT-2535540,1,CYP2C9,4.6117072105407715,6.94776417731191e-06,0.0,4.2314630263717845e-05,32,0.4944874807890315,0.00011009687295882031,0.4779573082923889,0.3113938741726001,False,
542,OCNT-2535540,2,CYP2D6,4.830138683319092,5.979184788884595e-05,1.98022917174967e-06,0.00046198925701901317,32,0.8016716286097237,0.0015341262333095074,0.000263737456407398,0.4863413618785344,False,
542,OCNT-2535540,3,CYP3A4,4.194519996643066,1.2760518984578084e-05,4.214684778958144e-08,9.688528371043503e-05,32,0.5623620187803954,0.00022981295478530228,0.4321668744087219,0.3694899608060606,False,
543,OCNT-2535541,0,CYP1A2,4.593074321746826,1.4306502635008655e-05,0.0,6.866200419608504e-05,32,0.285796356874073,0.00013093133748043329,0.7199940085411072,0.2115628037182956,True,recurrence
543,OCNT-2535541,1,CYP2C9,4.485820293426514,0.0002448374289087951,5.960464477539063e-08,0.001448358641937375,32,0.6609863699844429,0.00517890602350235,0.28811824321746826,0.4521447105705397,False,
543,OCNT-2535541,2,CYP2D6,4.645365238189697,9.568861969455611e-06,2.9802322387695312e-08,4.80528105981648e-05,32,0.37679639009111787,0.00011549697956070304,0.47133755683898926,0.31374017073340554,False,
543,OCNT-2535541,3,CYP3A4,4.286113262176514,4.9633239541435614e-05,0.0,0.00024764033150859177,32,0.4474002753108014,0.0007107327692210674,0.5003092288970947,0.29321642030848427,False,
544,OCNT-2535543,0,CYP1A2,4.092360973358154,0.00039599306182935834,4.890122727374546e-05,0.00321896537207067,2,1.0012468545043431,0.0007929936400614679,3.93553200410679e-05,0.7350959013848626,False,
544,OCNT-2535543,1,CYP2C9,3.8619332313537598,0.0002255848521599546,9.42432194506182e-08,0.0014221875462681055,32,0.6613546795015659,0.004774342756718397,0.26547765731811523,0.41783599826556855,False,
544,OCNT-2535543,2,CYP2D6,4.014153480529785,7.118283247109503e-05,2.269202195748221e-05,0.0005209097289480269,32,0.9087434183779038,0.0020702725742012262,6.1663260567002e-05,0.49474311759391343,False,
544,OCNT-2535543,3,CYP3A4,3.354691982269287,0.00020762246276717633,3.911091698682867e-05,0.001482175663113594,32,0.8951349973694951,0.005947490688413382,0.00013214485079515725,0.5654453979977864,False,
545,OCNT-2535545,0,CYP1A2,4.823393821716309,0.0006480604060925543,1.3075715799004684e-07,0.0036209342069923878,32,0.8223487890705005,0.017054077237844467,0.16730566322803497,0.6010525961353634,False,
545,OCNT-2535545,1,CYP2C9,4.651770114898682,0.0003149404947180301,4.109646761207841e-05,0.002215954242274165,32,0.8093044067110453,0.008156506344676018,0.0001287406194023788,0.5084444633971918,False,
545,OCNT-2535545,2,CYP2D6,4.3539018630981445,0.00026477957726456225,0.00012651263386942446,0.0020914685446769,32,0.9742789613195776,0.008255325257778168,0.0001233220100402832,0.6133229970444977,False,
545,OCNT-2535545,3,CYP3A4,4.358221530914307,2.0205156033625826e-05,0.0,0.00012234266614541411,32,0.3988471733434465,0.00025800825096666813,0.5762343406677246,0.29995943834446337,False,
546,OCNT-2535547,0,CYP1A2,5.15250825881958,8.44160676933825e-05,0.0,0.0002769390121102333,32,0.3005262351679286,0.0008119119447655976,0.6215535402297974,0.2498008768037194,False,
546,OCNT-2535547,1,CYP2C9,5.066648960113525,4.840725068788743e-06,1.341104507446289e-07,2.1274001483106986e-05,32,0.7256204270154708,0.00011263312626397237,0.3944680094718933,0.5010634510512376,False,
546,OCNT-2535547,2,CYP2D6,5.120352268218994,1.5385478036478162e-05,3.111453850124235e-07,8.389566937694326e-05,32,0.6148589351347236,0.00030291351140476763,0.2356887310743332,0.45182836070372523,False,
546,OCNT-2535547,3,CYP3A4,4.793970584869385,9.225792609868222e-07,0.0,3.2232219382422045e-06,32,0.3629149918217597,1.083030383597361e-05,0.8260583877563477,0.20941782985686144,True,curved
547,OCNT-2535549,0,CYP1A2,4.796874523162842,0.00016594263433944434,1.634370164538268e-05,0.0006334003410302103,32,0.6942448955798265,0.0036867766175419092,0.002734460635110736,0.7240843357823408,False,
547,OCNT-2535549,1,CYP2C9,4.593685626983643,6.104697149567073e-06,0.0,3.942517651012167e-05,32,0.37709551396875013,7.37863956601359e-05,0.6747555136680603,0.3070237145124368,False,
547,OCNT-2535549,2,CYP2D6,4.829737186431885,0.00010556533379713073,5.4955189625616185e-06,0.0007302513113245368,32,0.6754377422840494,0.002281906083226204,0.0002418038493487984,0.5579842724155506,False,
547,OCNT-2535549,3,CYP3A4,4.221439361572266,1.0313330676581245e-05,2.9802322387695312e-08,7.11304965079762e-05,32,0.5695822161790125,0.00018815953808370978,0.45487433671951294,0.38698682910514115,False,
548,OCNT-2535550,0,CYP1A2,4.250727653503418,0.0005611935630440712,0.0001279448188142851,0.004002590198069811,12,0.9791372221765258,0.006593943573534489,6.629210474784486e-06,0.6948447606011199,False,
548,OCNT-2535550,1,CYP2C9,3.9651854038238525,2.1198236936470494e-05,8.940696716308594e-08,0.00014630405348725617,32,0.6633145043646413,0.00045016739750280976,0.3337189257144928,0.4577939363115935,False,
548,OCNT-2535550,2,CYP2D6,4.075865268707275,0.00011371347500244156,2.5312594516435638e-05,0.0007436665473505855,32,0.909589111328507,0.0033101323060691357,1.4504248611046933e-05,0.6198149455069051,False,
548,OCNT-2535550,3,CYP3A4,3.260885238647461,0.00021685448882635683,3.279523298260756e-05,0.00160248635802418,32,0.8860360752961886,0.006148792337626219,6.459653377532959e-05,0.533796813493801,False,
549,OCNT-2535551,0,CYP1A2,4.696898937225342,0.00031860737362876534,0.00028017399017699063,0.0015349629102274776,32,0.8768215485409752,0.00893985852599144,3.439504143898375e-05,0.5638494379926289,False,
549,OCNT-2535551,1,CYP2C9,4.35922384262085,0.00019467843230813742,1.2814192814403214e-05,0.0014224182814359665,32,0.8023390020209118,0.004998595919460058,0.00010695421224227175,0.5118772047501692,False,
549,OCNT-2535551,2,CYP2D6,4.198288917541504,9.564588981447741e-05,5.122468792251311e-05,0.0008525075973011553,32,0.9829411251985024,0.0030087714549154043,8.560084825148806e-05,0.6423033671854798,False,
549,OCNT-2535551,3,CYP3A4,3.898357391357422,1.7254134945687838e-05,1.3328003944934608e-07,0.00012798279931303114,32,0.5149367133352045,0.00028447798104025424,0.40230122208595276,0.36903223294904797,False,
550,OCNT-2535552,0,CYP1A2,5.133875370025635,0.00028722360730171204,0.0003019745636265725,0.0016421542968600988,2,1.0032459743660123,0.0005763319204561412,0.0012434694217517972,0.8105712912357304,False,
550,OCNT-2535552,1,CYP2C9,4.8844685554504395,0.00013109308201819658,4.245652235113084e-05,0.0008381458465009928,32,0.849816089032494,0.0035652322694659233,0.0003071210521738976,0.4392309696432343,False,
550,OCNT-2535552,2,CYP2D6,4.44024133682251,0.0002913018979597837,0.000545735820196569,0.002583155408501625,32,0.9191316613309235,0.008568127639591694,0.00013716067769564688,0.6138357719672509,False,
550,OCNT-2535552,3,CYP3A4,4.37405252456665,7.017621101113036e-05,1.5211078789434396e-05,0.0005090967169962823,32,0.7351356215401079,0.0016510842833667994,0.00010615903011057526,0.5160833220923926,False,
551,OCNT-2535554,0,CYP1A2,5.097510814666748,0.00044890225399285555,2.529688799768337e-06,0.00248064287006855,32,0.8184211988810101,0.0117567777633667,0.00023094993957784027,0.662634999088108,False,
551,OCNT-2535554,1,CYP2C9,4.955130100250244,3.495790224405937e-06,4.214684778958144e-08,1.6890577171579935e-05,32,0.7217256077724589,8.096699457382783e-05,0.4929695725440979,0.21505895995592658,False,
551,OCNT-2535554,2,CYP2D6,4.6083550453186035,1.613966014701873e-05,4.214684778958144e-08,9.98405521386303e-05,32,0.44858622114338664,0.00023182448057923466,0.5458825826644897,0.36581816294927216,False,
551,OCNT-2535554,3,CYP3A4,4.613966464996338,2.694812610570807e-05,1.4901161193847656e-08,0.00017382929218001664,32,0.5504119253569849,0.00047481837100349367,0.432108998298645,0.40056612054905144,False,
552,OCNT-2535555,0,CYP1A2,5.296714782714844,0.00046018383000046015,0.0,0.0026218148414045572,32,0.6719407537837582,0.009895135648548603,0.38667842745780945,0.4012492386705436,False,
552,OCNT-2535555,1,CYP2C9,5.173437595367432,0.00026676643756218255,3.2510495202586753e-06,0.0021214717999100685,32,0.9971092590154794,0.008512168191373348,0.0003584072401281446,0.6336631913463447,False,
552,OCNT-2535555,2,CYP2D6,4.81800651550293,3.2962034310912713e-05,5.131627403898165e-06,0.00021194771397858858,32,0.6054312800700354,0.0006387936300598085,0.00021880955318920314,0.334222554039135,False,
552,OCNT-2535555,3,CYP3A4,4.72910213470459,1.7676975403446704e-06,0.0,1.4158022167976014e-05,32,0.49695446084606026,2.82699111266993e-05,0.7199972867965698,0.34549661230394246,False,
553,OCNT-2535556,0,CYP1A2,4.401512622833252,0.0008039644453674555,3.208126872777939e-05,0.004818771965801716,32,0.8218424211683651,0.02114368975162506,1.290214822802227e-05,0.6193300207556764,False,
553,OCNT-2535556,1,CYP2C9,4.173615455627441,7.288104097824544e-05,1.5907293345662765e-05,0.0005073393695056438,32,0.9253447510583969,0.0021583789493888617,3.4435681300237775e-05,0.5878921674636935,False,
553,OCNT-2535556,2,CYP2D6,4.276798248291016,0.0001475824974477291,5.199035513214767e-05,0.0013599402736872435,32,0.9376535871926072,0.004428500309586525,8.272357081295922e-05,0.6072725298837203,False,
553,OCNT-2535556,3,CYP3A4,3.580150604248047,0.000161156669491902,2.2850941604701802e-05,0.0011802607914432883,32,0.8660056483700215,0.004466279875487089,9.133418643614277e-05,0.49755374105325323,False,
554,OCNT-2535557,0,CYP1A2,5.083301544189453,0.00025452530826441944,0.0002159450959879905,0.0011435847263783216,32,0.9429246033694739,0.007680243346840143,0.0013997871428728104,0.8291767858545147,True,spectral
554,OCNT-2535557,1,CYP2C9,4.800755023956299,0.0002166429621865973,6.15552780800499e-05,0.0013495113234966993,32,0.7951725407818382,0.005512847565114498,0.0002615307457745075,0.44982986473321995,False,
554,OCNT-2535557,2,CYP2D6,4.421783447265625,0.00021807049051858485,0.00032342461054213345,0.0019470860715955496,32,0.8997615517583615,0.006279054097831249,0.00013621557445731014,0.5780144810344809,False,
554,OCNT-2535557,3,CYP3A4,4.340184688568115,5.169765427126549e-05,1.086687007045839e-05,0.00037001181044615805,32,0.7647400875852305,0.0012653733137995005,6.109385867603123e-05,0.5350143114139146,False,
555,OCNT-2535559,0,CYP1A2,5.272441387176514,6.352730997605249e-05,0.0,0.00020094533101655543,32,0.2897924245431852,0.0005892041954211891,0.6668598651885986,0.23126609789810534,False,
555,OCNT-2535559,1,CYP2C9,5.155811309814453,1.0065124115499202e-05,5.36714924237458e-06,4.43430726591032e-05,32,0.8335792236480223,0.00026874925242736936,0.00020536193915177137,0.45049743219000626,False,
555,OCNT-2535559,2,CYP2D6,4.871151924133301,3.513460615067743e-05,6.801722975069424e-06,0.0001645266602281481,32,0.667058035998796,0.000750191742554307,0.0001223398867296055,0.47377079385851967,False,
555,OCNT-2535559,3,CYP3A4,4.801985263824463,1.3839002122040256e-06,0.0,5.643629265250638e-06,32,0.4800263891010107,2.141148434020579e-05,0.7504463195800781,0.2977405213700971,False,
556,OCNT-2535560,0,CYP1A2,4.453832626342773,0.0005456624203361571,0.0,0.0023941569961607456,32,0.4556619748368992,0.007956549525260925,0.35655829310417175,0.39272411034565496,False,
556,OCNT-2535560,1,CYP2C9,4.282703399658203,1.227527150149399e-06,0.0,7.313978130696341e-06,32,0.41786175590336605,1.6547688574064523e-05,0.7885340452194214,0.29900782874290166,False,
556,OCNT-2535560,2,CYP2D6,4.7732062339782715,4.105119296582416e-05,3.698370960592001e-07,0.0002384472609264776,32,0.7374052080161981,0.0009689196012914181,0.12952445447444916,0.5105597199937977,False,
556,OCNT-2535560,3,CYP3A4,3.931135654449463,1.696655817795545e-05,2.9802322387695312e-08,0.00011674610141199082,32,0.5782305505473608,0.0003141236666124314,0.37952089309692383,0.40064111239820505,False,
557,OCNT-2535563,0,CYP1A2,4.847266674041748,0.0003231372684240341,1.0560498594713863e-05,0.0014130283379927278,32,0.6842685853138665,0.007075824774801731,0.0018478401470929384,0.6434757090544615,False,
557,OCNT-2535563,1,CYP2C9,4.603447914123535,2.33677783398889e-05,1.077014871952997e-06,0.00013295384997036308,32,0.7640028678324319,0.0005715420702472329,0.00033959248685278,0.3100610363002736,False,
557,OCNT-2535563,2,CYP2D6,4.23204231262207,0.00013146677520126104,3.738039958989248e-05,0.0009711316670291126,4,0.9995354523842096,0.0005256627919152379,0.00015622557839378715,0.5905933439168847,False,
557,OCNT-2535563,3,CYP3A4,4.058286190032959,1.871928179753013e-05,0.0,0.000147078579175286,32,0.5261827703249704,0.00031536081223748624,0.42468151450157166,0.36638297908432327,False,
558,OCNT-2535564,0,CYP1A2,5.000595569610596,0.000248229451244697,6.183399091241881e-05,0.001044069998897612,32,0.6577504257688405,0.005224947351962328,4.809914116776781e-06,0.4035506611898443,False,
558,OCNT-2535564,1,CYP2C9,4.831242084503174,5.492164291354129e-06,5.960464477539063e-08,3.316852598800324e-05,32,0.49276168994392433,8.676018478581682e-05,0.5011570453643799,0.3108964163567957,False,
558,OCNT-2535564,2,CYP2D6,4.928651332855225,4.690353307523765e-05,1.5408118088089395e-06,0.00035449437564238906,32,0.8023034384920305,0.0012044444447383285,0.0005405382835306227,0.4885282223801969,False,
558,OCNT-2535564,3,CYP3A4,4.436161518096924,3.312990884296596e-05,7.450580596923828e-09,0.00018315731722395867,32,0.483649865085181,0.0005128995981067419,0.44739291071891785,0.3653260448529694,False,
559,OCNT-2535565,0,CYP1A2,4.991916179656982,0.0006174295558594167,0.0,0.004010731820017099,32,0.9094679226563951,0.017969327047467232,0.25784945487976074,0.56152397502096,False,
559,OCNT-2535565,1,CYP2C9,4.864387512207031,0.0002677909506019205,1.1733186511264648e-06,0.002116166055202484,32,0.9952186861016761,0.00852865632623434,0.00043377731344662607,0.615983736815616,False,
559,OCNT-2535565,2,CYP2D6,4.6773600578308105,6.196845788508654e-05,1.1214547157578636e-06,0.0004455982707440853,32,0.6473610375823966,0.0012839180417358875,0.0005470740143209696,0.45048270035682103,False,
559,OCNT-2535565,3,CYP3A4,4.367243766784668,1.0762797501229215e-05,8.940696716308594e-08,7.340158481383696e-05,32,0.6186810270468664,0.00021327761351130903,0.40197446942329407,0.43599268123641044,False,
560,OCNT-2535566,0,CYP1A2,5.019600868225098,0.001112616271711886,4.1452021832810715e-06,0.007980579510331154,2,1.0041631777674296,0.00223451666533947,0.0001661176938796416,0.7369007011209878,False,
560,OCNT-2535566,1,CYP2C9,4.864517688751221,0.00027602119371294975,1.934857209562324e-06,0.0022416652645915747,2,1.0020434065597499,0.0005531904753297567,0.00022339189308695495,0.6450150797962322,False,
560,OCNT-2535566,2,CYP2D6,4.678335666656494,7.394776912406087e-05,1.1128084906886215e-06,0.0005227152723819017,32,0.6145058663568713,0.0014543194556608796,0.000493821338750422,0.46626706170092364,False,
560,OCNT-2535566,3,CYP3A4,4.345902919769287,3.4089644032064825e-05,1.5219710803648923e-05,0.00030489577329717577,32,0.8782174650646458,0.000958300894126296,4.115655610803515e-05,0.53882872533525,False,
561,OCNT-2535567,0,CYP1A2,5.081192493438721,0.0003477110876701772,0.0004595235805027187,0.0018803192069754004,32,0.9698670503935519,0.010791783221065998,0.0013277268735691905,0.8278604319236618,True,spectral
561,OCNT-2535567,1,CYP2C9,4.851470947265625,3.692620521178469e-05,1.2075127415300813e-05,0.00021058693528175354,32,0.9066246677246611,0.0010715927928686142,0.000200205686269328,0.34592538403966544,False,
561,OCNT-2535567,2,CYP2D6,4.413265705108643,0.00012634749873541296,6.990217116253916e-06,0.0009225523099303246,32,0.9446243871966408,0.0038195319939404726,0.000210906975553371,0.5944857497108327,False,
561,OCNT-2535567,3,CYP3A4,4.329553604125977,1.3543091881729197e-05,6.664001972467304e-08,9.583518840372562e-05,32,0.5686650719945372,0.0002466294390615076,0.42455509305000305,0.3892694233129527,False,
562,OCNT-2535569,0,CYP1A2,4.7710957527160645,0.00045266395318321884,2.7784764824900776e-05,0.0027572994586080313,25,0.9470509335587726,0.010717632248997688,4.673997409554431e-06,0.7323503270957566,False,
562,OCNT-2535569,1,CYP2C9,4.505687713623047,0.0001120919841923751,4.553077451419085e-05,0.0007286647451110184,10,0.9897076430717467,0.0011094819055870175,0.0002886192232836038,0.49391970064423063,False,
562,OCNT-2535569,2,CYP2D6,4.204314708709717,0.0001871828135335818,0.0001666203315835446,0.0014113381039351225,32,0.9382163375516396,0.005620075389742851,0.0003306350845377892,0.784076138544308,False,
562,OCNT-2535569,3,CYP3A4,3.9961724281311035,3.8714573747711256e-05,7.337970941989624e-08,0.00030174697167240083,32,0.5619995081194629,0.0006964221247471869,0.34880977869033813,0.3995339691566414,False,
563,OCNT-2535572,0,CYP1A2,4.894956588745117,0.0001952766178874299,1.5145474208111409e-05,0.0008675312856212258,32,0.6654911224538589,0.0041587683372199535,0.00198465958237648,0.6120517646132122,False,
563,OCNT-2535572,1,CYP2C9,4.648387908935547,0.00017436947382520884,3.2495769119123e-05,0.0010594326304271817,32,0.731632916894425,0.004082616418600082,0.0002716093440540135,0.5599135337396384,False,
563,OCNT-2535572,2,CYP2D6,4.285252571105957,0.00022209454618860036,0.0003945812350139022,0.0018590399995446205,32,0.9156804078000959,0.006508057005703449,7.745533366687596e-05,0.6438362767468653,False,
563,OCNT-2535572,3,CYP3A4,4.198503494262695,7.488724804716185e-05,1.2254481589479838e-05,0.0005012141773477197,32,0.635972662013953,0.0015242432709783316,0.00015538162551820278,0.4524044182721785,False,
564,OCNT-2535573,0,CYP1A2,4.891219615936279,0.00019527669064700603,1.5145474208111409e-05,0.0008675312274135649,32,0.6654910235376374,0.004158769268542528,0.0019848595838993788,0.6120735109203375,False,
564,OCNT-2535573,1,CYP2C9,4.636603355407715,0.00017441190721001476,3.247207496315241e-05,0.0010597904911264777,32,0.7315068182283857,0.004082906059920788,0.0002714661823119968,0.5599362562027181,False,
564,OCNT-2535573,2,CYP2D6,4.294109344482422,0.00022209330927580595,0.0003945588832721114,0.0018588653765618801,32,0.9156710931953518,0.0065079545602202415,7.74454019847326e-05,0.6436209980229772,False,
564,OCNT-2535573,3,CYP3A4,4.141513347625732,0.00011976841778960079,1.2231507753313053e-05,0.0006802051793783903,32,0.5547222539801085,0.0021262001246213913,0.00016772431263234466,0.43979453001048613,False,
565,OCNT-2535574,0,CYP1A2,4.823954105377197,0.00021546788047999144,1.6716772734071128e-05,0.0009568019304424524,32,0.6654930205687744,0.004588768817484379,0.001988881966099143,0.6122181226008576,False,
565,OCNT-2535574,1,CYP2C9,4.551036357879639,0.00019040641200263053,3.5723245673580095e-05,0.0011493326164782047,32,0.7279503879171909,0.004435638431459665,0.00028359662974253297,0.5614599614251499,False,
565,OCNT-2535574,2,CYP2D6,4.095818519592285,0.00025425985222682357,0.0004356466233730316,0.002170942258089781,32,0.8999043640220954,0.007322193589061499,8.937219536164775e-05,0.6122432166224168,False,
565,OCNT-2535574,3,CYP3A4,4.046504497528076,6.146056693978608e-05,1.3550789844885003e-05,0.00045774143654853106,32,0.7243200489855764,0.001424779649823904,0.00013769757060799748,0.46351237177338267,False,
566,OCNT-2535576,0,CYP1A2,4.889505386352539,0.00019339329446665943,1.419119507772848e-05,0.0008674487471580505,32,0.665222625874471,0.004116999916732311,0.0019298037514090538,0.6092282068886705,False,
566,OCNT-2535576,1,CYP2C9,4.546342372894287,0.00016985481488518417,3.149733311147429e-05,0.0010305916657671332,32,0.728781337586661,0.0039614178240299225,0.00028260864201001823,0.5595623842964743,False,
566,OCNT-2535576,2,CYP2D6,4.315313816070557,0.00021536191343329847,0.00038264214526861906,0.0018024923047050834,32,0.9156740190217519,0.006310734897851944,7.741695299046114e-05,0.6435691886064663,False,
566,OCNT-2535576,3,CYP3A4,4.1299824714660645,5.404564944910817e-05,1.183714994112961e-05,0.00040210410952568054,32,0.7239753318962593,0.0012523186160251498,0.00013858801685273647,0.46543707565719383,False,
567,OCNT-2535577,0,CYP1A2,4.79888916015625,0.0005227588699199259,9.541398782175747e-08,0.0028185811825096607,32,0.7595510453455342,0.012706228531897068,0.20505695044994354,0.5615428546255332,False,
567,OCNT-2535577,1,CYP2C9,4.634287357330322,0.00029744303901679814,3.592364373616874e-05,0.0020890908781439066,32,0.8073239852770875,0.007684511132538319,0.0001280118158319965,0.5053259985057883,False,
567,OCNT-2535577,2,CYP2D6,4.397713661193848,0.0002640273014549166,0.00015557206643279642,0.002005467191338539,32,0.963460717850903,0.008140466175973415,0.00012634243466891348,0.6144346627139924,False,
567,OCNT-2535577,3,CYP3A4,4.35092306137085,1.9104811144643463e-05,0.0,0.00011556583922356367,32,0.3989524008452179,0.00024402879353147,0.5761688947677612,0.300408052367631,False,
568,OCNT-2535578,0,CYP1A2,3.6416685581207275,0.0009061142336577177,2.9802322387695312e-08,0.004881730303168297,32,0.6446524213490937,0.018692325800657272,0.31100916862487793,0.504744391754727,False,
568,OCNT-2535578,1,CYP2C9,3.420780658721924,4.777254071086645e-05,2.8438989829737693e-05,0.00021804729476571083,32,0.8353244473218688,0.001277245581150055,0.0034684326965361834,0.6207781300524926,False,
568,OCNT-2535578,2,CYP2D6,4.188852787017822,0.0002097966498695314,6.401449354598299e-05,0.002034330740571022,17,0.9954706393769353,0.003550558118149638,8.458396041532978e-05,0.6227600661109449,False,
568,OCNT-2535578,3,CYP3A4,2.7850759029388428,5.9425088693387806e-05,6.204973942658398e-06,0.00043159714550711215,32,0.7260750941360213,0.0013809388037770987,8.115127275232226e-05,0.4896906168979793,False,
569,OCNT-2535579,0,CYP1A2,5.187922954559326,0.00021490360086318105,0.0,0.0011385089019313455,32,0.3705969312108211,0.0025486822705715895,0.5381705164909363,0.27331659463023456,False,
569,OCNT-2535579,1,CYP2C9,5.051351547241211,0.0003257903445046395,4.104289473616518e-06,0.0025046097580343485,32,0.9614873476738621,0.010024093091487885,0.0003618006594479084,0.6124920366712583,False,
569,OCNT-2535579,2,CYP2D6,4.7005791664123535,4.2493771616136655e-05,6.443990059779026e-06,0.00027524225879460573,32,0.6014856899654594,0.0008180931326933205,0.00018893813830800354,0.34235960085462236,False,
569,OCNT-2535579,3,CYP3A4,4.543920993804932,2.442305458316696e-06,0.0,2.0285577193135396e-05,32,0.511713873620662,4.015611921204254e-05,0.6821562051773071,0.35463195164404787,False,
570,OCNT-2535581,0,CYP1A2,4.768622398376465,0.0003655667242128402,1.1175870895385742e-08,0.0017261727480217814,32,0.590014317794518,0.006902256049215794,0.29585573077201843,0.49456891924582846,False,
570,OCNT-2535581,1,CYP2C9,4.610752582550049,0.00021429102343972772,5.960464477539063e-08,0.0013254849473014474,32,0.6966851305332818,0.004777610767632723,0.28059276938438416,0.46542977212953074,False,
570,OCNT-2535581,2,CYP2D6,4.546456336975098,2.2720023480360396e-05,3.793216478698014e-07,0.00018050396465696394,32,0.7269119891915609,0.0005287272506393492,0.13712555170059204,0.4487387021434089,False,
570,OCNT-2535581,3,CYP3A4,4.383926868438721,1.8237971744383685e-05,0.0,0.00011109045590274036,32,0.4017254236455267,0.00023458157374989241,0.5760787725448608,0.303101584236317,False,
571,OCNT-2535582,0,CYP1A2,4.7801008224487305,0.00021260452922433615,1.4901161193847656e-08,0.0011316859163343906,32,0.6965518262490292,0.004739105235785246,0.29593566060066223,0.5046441116107301,False,
571,OCNT-2535582,1,CYP2C9,4.656305313110352,0.00032128620659932494,1.115100829451876e-07,0.0019849694799631834,32,0.6970192435950731,0.0071663884446024895,0.24282024800777435,0.4673769218354662,False,
571,OCNT-2535582,2,CYP2D6,4.3885321617126465,3.425835893722251e-05,5.773118232355046e-07,0.00026968854945153,32,0.7224196699763825,0.0007921963697299361,0.07625871896743774,0.4519211623462345,False,
571,OCNT-2535582,3,CYP3A4,4.430247783660889,2.6369198167230934e-05,0.0,0.0001594369823578745,32,0.40380957998188627,0.000340869533829391,0.5458260774612427,0.30860182402965,False,
572,OCNT-2535583,0,CYP1A2,4.646937847137451,0.00017495932115707546,1.0077504157379735e-05,0.001034636632539332,32,0.7000164560005692,0.003919404931366444,0.0002122087898897007,0.4954720409941831,False,
572,OCNT-2535583,1,CYP2C9,4.50935173034668,0.0002956505923066288,1.0593625120236538e-05,0.002431547502055764,32,0.7759779222826523,0.007341634947806597,0.00017217660206370056,0.5600109165495214,False,
572,OCNT-2535583,2,CYP2D6,4.211185455322266,2.5269117031712085e-05,4.4002601384818263e-07,0.0002001347893383354,32,0.7248164663622882,0.0005863270489498973,0.12178962677717209,0.49396522519071556,False,
572,OCNT-2535583,3,CYP3A4,4.160466194152832,7.246241148095578e-05,1.315513964073034e-05,0.000488881254568696,32,0.8939922738824563,0.00207327282987535,0.00018977034778799862,0.5319463135853688,False,
573,OCNT-2535584,0,CYP1A2,4.907636642456055,0.00015484887990169227,0.0,0.0008057919912971556,32,0.6787807150482678,0.003363687079399824,0.31859779357910156,0.5023112114194143,False,
573,OCNT-2535584,1,CYP2C9,4.786594390869141,0.00022485991939902306,1.0323827126512697e-07,0.0013897489989176393,32,0.6968727487231354,0.0050145830027759075,0.27302876114845276,0.4659576802594848,False,
573,OCNT-2535584,2,CYP2D6,4.651951313018799,2.3874225007602945e-05,4.470348358154297e-07,0.0001877184258773923,32,0.7264915374845332,0.0005552539951168001,0.12954552471637726,0.4533760808426463,False,
573,OCNT-2535584,3,CYP3A4,4.498974323272705,8.093109499895945e-05,0.0,0.0003542666672728956,32,0.4582376834235726,0.0011868883157148957,0.4547569453716278,0.2771476788722518,False,
574,OCNT-2535585,0,CYP1A2,4.952219486236572,0.00014752410061191767,0.0,0.0007680490962229669,32,0.6794646613859002,0.003207814646884799,0.32616281509399414,0.5027673565207176,False,
574,OCNT-2535585,1,CYP2C9,4.849480628967285,0.00021415564697235823,5.960464477539063e-08,0.0013231138000264764,32,0.696898501929248,0.004776054993271828,0.28057044744491577,0.46731158061843114,False,
574,OCNT-2535585,2,CYP2D6,4.66960334777832,2.2718324544257484e-05,3.816559512870299e-07,0.0001789438392734155,32,0.7258346755912389,0.0005279041943140328,0.13723893463611603,0.45204981611699413,False,
574,OCNT-2535585,3,CYP3A4,4.636171817779541,1.75257446244359e-05,0.0,0.00010568498692009598,32,0.4031248751994173,0.00022621103562414646,0.5760152339935303,0.3086071211828921,False,
575,OCNT-2535586,0,CYP1A2,4.873489856719971,0.00016624231648165733,9.5413986400672e-07,0.0008555302629247308,32,0.6882062386855412,0.003661308204755187,0.01568743959069252,0.5000139970851761,False,
575,OCNT-2535586,1,CYP2C9,4.697320461273193,0.00022489915136247873,6.664001972467304e-08,0.0013929144479334354,32,0.6967679475622035,0.00501470360904932,0.27321821451187134,0.45757768400405757,False,
575,OCNT-2535586,2,CYP2D6,4.642847537994385,2.387356107647065e-05,3.698370960592001e-07,0.0001877318718470633,32,0.7264640563641327,0.0005552175571210682,0.12939845025539398,0.4531858977553225,False,
575,OCNT-2535586,3,CYP3A4,4.481866836547852,1.8445096429786645e-05,0.0,0.00011246428766753525,32,0.4035716147605363,0.000238334498135373,0.5763087272644043,0.304642673230941,False,
576,OCNT-2535587,0,CYP1A2,4.923145771026611,0.0001548434520373121,0.0,0.0008057922241277993,32,0.6788132468240541,0.0033637303858995438,0.31871291995048523,0.5024931163443751,False,
576,OCNT-2535587,1,CYP2C9,4.815328121185303,0.0002248561504529789,1.0745380052412656e-07,0.0013891338603571057,32,0.6968791870894843,0.005014545284211636,0.2729892432689667,0.46721902505666013,False,
576,OCNT-2535587,2,CYP2D6,4.665641784667969,2.3877499188529328e-05,4.539354563348752e-07,0.0001877463946584612,32,0.7265218684614815,0.0005553532973863184,0.12953491508960724,0.45367757542521814,False,
576,OCNT-2535587,3,CYP3A4,4.611715793609619,1.843849167926237e-05,0.0,0.00011159729911014438,32,0.40358678593204933,0.00023825815878808498,0.5760810375213623,0.3079589237283186,False,
577,OCNT-2535588,0,CYP1A2,4.786888599395752,0.00012808003521058708,3.3320009151793784e-07,0.0006810465711168945,32,0.6995607233294561,0.0028674162458628416,0.21295461058616638,0.47986510809627403,False,
577,OCNT-2535588,1,CYP2C9,4.632640838623047,0.00019552258891053498,5.960464477539063e-08,0.0012061920715495944,32,0.6969249570240634,0.00436068931594491,0.2883014678955078,0.4689224335917642,False,
577,OCNT-2535588,2,CYP2D6,4.3898539543151855,2.9548162274295464e-05,3.9872790580375295e-07,0.00023982702987268567,32,0.6722890202433842,0.000635892094578594,0.13698627054691315,0.38574492367464924,False,
577,OCNT-2535588,3,CYP3A4,4.336113452911377,2.6653804525267333e-05,6.143906006172983e-08,0.00016692066856194288,32,0.5000431979675556,0.00042665773071348667,0.44749021530151367,0.3757397788194734,False,
578,OCNT-2535589,0,CYP1A2,4.786949634552002,0.0001281045697396621,3.3618550787650747e-07,0.0006811265484429896,32,0.6996139993882335,0.0028681838884949684,0.2129274159669876,0.47990080386605727,False,
578,OCNT-2535589,1,CYP2C9,4.6327056884765625,0.0001955228508450091,2.9802322387695312e-08,0.0012062655296176672,32,0.6969438196385177,0.004360813181847334,0.28819337487220764,0.4689215458182002,False,
578,OCNT-2535589,2,CYP2D6,4.39256477355957,2.8274504074943252e-05,4.012260319541383e-07,0.00022658737725578249,32,0.6592803294258307,0.0005967173492535949,0.14467322826385498,0.3865637666113246,False,
578,OCNT-2535589,3,CYP3A4,4.336340427398682,2.717470306379255e-05,2.9802322387695312e-08,0.00016938525368459523,32,0.5030800186933726,0.00043763458961620927,0.43995341658592224,0.3747262750042172,False,
579,OCNT-2535590,0,CYP1A2,4.890802383422852,0.00016299454728141427,0.0,0.0008482115808874369,32,0.6788304521302192,0.003540878416970372,0.3186355531215668,0.5022633837678832,False,
579,OCNT-2535590,1,CYP2C9,4.7807722091674805,0.000236690160818398,6.828570064953965e-08,0.0014622490853071213,32,0.6968822013270634,0.005278468132019043,0.273030549287796,0.4672290174412448,False,
579,OCNT-2535590,2,CYP2D6,4.621536731719971,2.513807703508064e-05,4.6073273551883176e-07,0.00019772525411099195,32,0.7265526873145616,0.0005846848944202065,0.12179217487573624,0.4534402624952007,False,
579,OCNT-2535590,3,CYP3A4,4.571802139282227,1.94095464394195e-05,0.0,0.0001174674034700729,32,0.40360364798650505,0.0002508095931261778,0.5684302449226379,0.30787460499515346,False,
580,OCNT-2535592,0,CYP1A2,4.7751336097717285,0.0001277647097595036,3.268079922236211e-07,0.0006806143210269511,32,0.7005409263156622,0.0028643652331084013,0.21320141851902008,0.4827787099793399,False,
580,OCNT-2535592,1,CYP2C9,4.613720893859863,0.00019546896510291845,2.9802322387695312e-08,0.0011897697113454342,32,0.6969377736508044,0.004359573591500521,0.2883051633834839,0.4675553176608176,False,
580,OCNT-2535592,2,CYP2D6,4.316317081451416,9.074473928194493e-05,5.500655606738292e-05,0.0005939104012213647,26,0.9664872057367521,0.0022805456537753344,0.00031864779884926975,0.42451076511564284,False,
580,OCNT-2535592,3,CYP3A4,4.2808613777160645,2.7331572709954344e-05,7.450580596923828e-09,0.00017162684525828809,32,0.503205150460605,0.00044026944669894874,0.44014227390289307,0.3798125585023079,False,
581,OCNT-2535593,0,CYP1A2,4.913372039794922,0.0001548451982671395,2.9802322387695312e-08,0.0008057894883677363,32,0.6788044645104037,0.003363724797964096,0.32621878385543823,0.5024381245522687,False,
581,OCNT-2535593,1,CYP2C9,4.797378063201904,0.0002248578384751454,6.664001972467304e-08,0.0013894031289964914,32,0.6968755736352884,0.005014556925743818,0.27311599254608154,0.4666319659623982,False,
581,OCNT-2535593,2,CYP2D6,4.656703472137451,2.3875076294643804e-05,3.9085378489289724e-07,0.00018773078045342118,32,0.7265189537566543,0.0005552947404794395,0.12961667776107788,0.45349948980613003,False,
581,OCNT-2535593,3,CYP3A4,4.548123836517334,4.400246325531043e-05,2.9802322387695312e-08,0.00023018044885247946,32,0.4505086189507107,0.0006344958092086017,0.5002546310424805,0.3272818201620721,False,
582,OCNT-2535596,0,CYP1A2,4.988898277282715,0.0003273830225225538,1.4751095477549825e-05,0.0014819551724940538,32,0.5358262277435085,0.005613624583929777,0.002426780527457595,0.40751389113019154,False,
582,OCNT-2535596,1,CYP2C9,4.798396587371826,0.00024064193712547421,1.4850411389488727e-06,0.0018624035874381661,32,0.9661024317094828,0.007439821492880583,0.0004933435702696443,0.6368616811266544,False,
582,OCNT-2535596,2,CYP2D6,4.591732978820801,4.868731775786728e-05,5.4160136642167345e-06,0.0003841244906652719,32,0.7891668602933296,0.0012297698995098472,0.00014765876403544098,0.49800006814726583,False,
582,OCNT-2535596,3,CYP3A4,4.275460720062256,3.1430616218131036e-05,6.664001972467304e-08,0.00016661229892633855,32,0.4720482650213105,0.00047492762678302824,0.455026775598526,0.399253332773022,False,
583,OCNT-2535597,0,CYP1A2,5.306065082550049,0.00037446574424393475,0.0,0.00235915114171803,32,0.7358827216336749,0.008818247355520725,0.3717321455478668,0.4456056124148068,False,
583,OCNT-2535597,1,CYP2C9,5.155641555786133,0.00027403648709878325,1.5237120578603935e-06,0.0022343178279697895,2,1.0018802136000284,0.0005491235060617328,0.00034598915954120457,0.6388811304374684,False,
583,OCNT-2535597,2,CYP2D6,4.76862096786499,3.9353009924525395e-05,5.13197392137954e-06,0.00023891584714874625,32,0.5843867165065731,0.0007361030438914895,0.00016705105372238904,0.334758857091459,False,
583,OCNT-2535597,3,CYP3A4,4.673863410949707,1.7970347698792466e-06,0.0,1.3358482647163328e-05,32,0.46994113895733974,2.7174399292562157e-05,0.7277746200561523,0.34634460658097976,False,
584,OCNT-2535598,0,CYP1A2,4.618380069732666,0.00018038999405689538,2.3946740839164704e-05,0.0007474144222214818,32,0.692911165235273,0.00400003744289279,0.0023154765367507935,0.6776298510946487,False,
584,OCNT-2535598,1,CYP2C9,4.320282459259033,0.00025611999444663525,4.9387912440579385e-05,0.0015349906170740724,32,0.7258814543905979,0.005949440412223339,0.00027261945069767535,0.5634810354359665,False,
584,OCNT-2535598,2,CYP2D6,3.881958484649658,0.0003235620679333806,0.0005986096803098917,0.0027354706544429064,32,0.9217699040353844,0.00954428780823946,9.596077143214643e-05,0.6641350825529033,False,
584,OCNT-2535598,3,CYP3A4,3.8177614212036133,7.048057159408927e-05,1.866862476163078e-05,0.0005265832878649235,32,0.8070956462903881,0.0018205642700195312,9.709731966722757e-05,0.5017898162773958,False,
585,OCNT-2535599,0,CYP1A2,5.034351825714111,0.0001924677926581353,2.0366130684124073e-06,0.0008789185085333884,32,0.6689773139859782,0.00412042485550046,0.002228750381618738,0.6605276933242039,False,
585,OCNT-2535599,1,CYP2C9,4.794025421142578,0.00018193808500654995,4.5102849981049076e-05,0.0011024285340681672,32,0.7415128613315825,0.004317339044064283,0.00026289396919310093,0.46186197842675675,False,
585,OCNT-2535599,2,CYP2D6,4.716670989990234,0.0001428714022040367,0.00014773139264434576,0.001149604911915958,32,0.9208536354884584,0.004210331477224827,0.00026439581415615976,0.7454544179942911,False,
585,OCNT-2535599,3,CYP3A4,4.396262168884277,2.2878160962136462e-05,1.2644053981603065e-07,0.00016780055011622608,32,0.6140477768498389,0.0004497415793593973,0.326236754655838,0.397065269295857,False,
586,OCNT-2535600,0,CYP1A2,5.034252643585205,0.00012916965351905674,3.8088719520601444e-06,0.0008667334332130849,12,0.9582872296167602,0.0014854945475235581,0.0002294598234584555,0.7023890026492472,False,
586,OCNT-2535600,1,CYP2C9,4.791049480438232,0.00018215404998045415,4.5097811380401254e-05,0.0011031257454305887,32,0.7409161476253024,0.004318985156714916,0.0002633680996950716,0.46179317247695106,False,
586,OCNT-2535600,2,CYP2D6,4.712562084197998,0.0001456433383282274,0.0001480037608416751,0.0011803974630311131,32,0.9271643437005386,0.004321426618844271,0.00026253226678818464,0.7445803175575454,False,
586,OCNT-2535600,3,CYP3A4,4.387936115264893,2.218783447460737e-05,5.372690026206328e-08,0.00015889288624748588,32,0.6058090312193979,0.0004303247551433742,0.3639979660511017,0.39718764317997524,False,
587,OCNT-2535601,0,CYP1A2,5.087126731872559,9.56617877818644e-05,2.025461981247645e-06,0.0006927850772626698,2,1.0061064282374148,0.00019251200137659907,0.010614398866891861,0.6977226049472856,False,
587,OCNT-2535601,1,CYP2C9,4.831395626068115,0.00018465482571627945,4.511661973083392e-05,0.0011111344210803509,32,0.7344282464129315,0.004339938051998615,0.0002638264268171042,0.46151036847090754,False,
587,OCNT-2535601,2,CYP2D6,4.724426746368408,0.0001432280841981992,0.00014775400632061064,0.001154604833573103,32,0.921579001531252,0.004224166739732027,0.00026489884476177394,0.7450379300335628,False,
587,OCNT-2535601,3,CYP3A4,4.401758670806885,4.5134547690395266e-05,8.56006536764653e-08,0.0002795903419610113,32,0.5194682457777153,0.0007504370878450572,0.3488018214702606,0.38750163717749964,False,
588,OCNT-2535602,0,CYP1A2,4.78085470199585,0.000110819106339477,2.1929022295807954e-06,0.0006898700376041234,32,0.8665155701672493,0.0030731246806681156,0.010392076335847378,0.6615243098326193,False,
588,OCNT-2535602,1,CYP2C9,4.500895023345947,0.00019833905389532447,4.921855725115165e-05,0.001202292856760323,32,0.7419056633376474,0.004709001164883375,0.00026294816052541137,0.4618930990518778,False,
588,OCNT-2535602,2,CYP2D6,4.651317596435547,0.00015583181811962277,0.00016108485579025,0.0012591071426868439,32,0.9207158462268367,0.004591553006321192,0.0002604203764349222,0.7315386085435303,False,
588,OCNT-2535602,3,CYP3A4,4.096791744232178,2.5212037144228816e-05,1.795883548538768e-07,0.0001858934119809419,32,0.6180733996748732,0.0004988502478227019,0.28859469294548035,0.3998754185658592,False,
589,OCNT-2535603,0,CYP1A2,4.655467510223389,7.410741091007367e-05,9.601714054952026e-07,0.0003259357763454318,32,0.4420208341764366,0.0010483660735189915,0.008465270511806011,0.4428099362312049,False,
589,OCNT-2535603,1,CYP2C9,4.423414707183838,1.058100338013901e-06,0.0,4.649056791095063e-06,32,0.40325438213477566,1.37829165396397e-05,0.8033679127693176,0.29815437245058973,False,
589,OCNT-2535603,2,CYP2D6,4.3028483390808105,6.020270666340366e-05,2.164159695894341e-06,0.000397410592995584,32,0.6902206181464825,0.0013299216516315937,0.00025561361690051854,0.4763301052099146,False,
589,OCNT-2535603,3,CYP3A4,3.9729297161102295,6.651686999248341e-05,7.450580596923828e-08,0.00045433506602421403,32,0.5507091068458668,0.0011723825009539723,0.3338542878627777,0.3995724670122218,False,
590,OCNT-2535605,0,CYP1A2,4.809310436248779,0.0002984818129334599,4.721830555354245e-05,0.0012469873763620853,32,0.5794341078826767,0.005534602794796228,0.0008735150913707912,0.4935601024400314,False,
590,OCNT-2535605,1,CYP2C9,4.568533897399902,1.0385627319919877e-05,9.064022776783531e-08,7.020481280051172e-05,32,0.5114604676724126,0.00017014247714541852,0.402254581451416,0.3236062281249589,False,
590,OCNT-2535605,2,CYP2D6,4.538836479187012,7.882859063101932e-05,6.800237770221429e-06,0.000522373418789357,32,0.8297986696834753,0.0020934450440108776,8.599957072874531e-05,0.5186323065064085,False,
590,OCNT-2535605,3,CYP3A4,4.018181800842285,3.853067391901277e-05,8.940696716308594e-08,0.00026345005608163774,32,0.501174309440335,0.0006180990603752434,0.3565841317176819,0.3703341501862345,False,
591,OCNT-2535606,0,CYP1A2,4.432310581207275,0.0011160322465002537,4.265004099579528e-05,0.007410792168229818,2,1.0019160966092655,0.0022363613825291395,1.0729739187809173e-05,0.7574891990948363,False,
591,OCNT-2535606,1,CYP2C9,3.934107542037964,9.080646850634366e-05,1.62678916240111e-05,0.0008353425655514002,32,0.8451857332780107,0.00245621707290411,0.00023173111549112946,0.5003895095041794,False,
591,OCNT-2535606,2,CYP2D6,3.780139923095703,0.0002676879521459341,0.00014198115968611091,0.002264763228595257,32,0.893744483584762,0.007656114175915718,0.0002169721992686391,0.6097434234659382,False,
591,OCNT-2535606,3,CYP3A4,3.4087886810302734,7.396145520033315e-05,9.859579222393222e-06,0.0005883227568119764,32,0.7079100435304079,0.0016756843542680144,7.00101736583747e-05,0.4679683510579558,False,
592,OCNT-2535607,0,CYP1A2,4.129968643188477,0.0023415335454046726,4.0062259358819574e-05,0.014995701611042023,2,1.002982150626754,0.004697052761912346,2.049135446213768e-06,0.7445055184580059,True,persistent
592,OCNT-2535607,1,CYP2C9,3.5888304710388184,0.00017229981312993914,2.0534534996841103e-05,0.001358621520921588,32,0.9510706673368621,0.005244121886789799,0.00013326604675967246,0.48334969037290554,False,
592,OCNT-2535607,2,CYP2D6,3.7419180870056152,0.00029170268680900335,0.00015663167869206518,0.002444892656058073,32,0.9212163944604318,0.008599376305937767,0.00024940120056271553,0.7197997936376511,False,
592,OCNT-2535607,3,CYP3A4,2.952547788619995,9.97174356598407e-05,1.8887343685491942e-05,0.0008367028785869479,32,0.8048735861182998,0.002568575320765376,6.504041084554046e-05,0.5181126708427192,False,
593,OCNT-2535611,0,CYP1A2,4.87420129776001,0.0005546751781366765,3.725290298461914e-07,0.0029439497739076614,32,0.7004456558165221,0.012432858347892761,0.2584114372730255,0.5565640975179325,False,
593,OCNT-2535611,1,CYP2C9,4.727498531341553,3.4330814742133953e-06,2.9802322387695312e-08,1.9895576770068146e-05,32,0.6123537998168036,6.746828876202926e-05,0.5461729764938354,0.2903376456698684,False,
593,OCNT-2535611,2,CYP2D6,4.772696018218994,3.88927583117038e-05,8.955585713010805e-07,0.00026792968856170774,32,0.7483535259879768,0.0009316165233030915,0.023397156968712807,0.4411290296022966,False,
593,OCNT-2535611,3,CYP3A4,4.3550519943237305,1.1933401765418239e-05,2.9802322387695312e-08,8.329789125127718e-05,32,0.5920369179499548,0.00022626991267316043,0.4170917272567749,0.4168278445497776,False,
594,OCNT-2535612,0,CYP1A2,5.074281215667725,0.00015508278738707304,3.2499565350008197e-06,0.001049197860993445,32,0.9421993570484902,0.004676106385886669,0.0002165558689739555,0.6914461658846369,False,
594,OCNT-2535612,1,CYP2C9,4.761728763580322,0.0002677028824109584,6.76681665936485e-05,0.0016231283079832792,32,0.7451076556121107,0.006383197382092476,0.0002619651204440743,0.4594183020057534,False,
594,OCNT-2535612,2,CYP2D6,4.525278091430664,0.00024887811741791666,0.00022759955027140677,0.0020344527438282967,32,0.9437213799121639,0.007516193203628063,0.00019679873366840184,0.7453398289632319,False,
594,OCNT-2535612,3,CYP3A4,4.325444221496582,3.1401421438204125e-05,9.064022776783531e-08,0.0002100067213177681,32,0.5949837927275339,0.0005980571731925011,0.33355486392974854,0.3923696722442286,False,
595,OCNT-2535614,0,CYP1A2,4.960211753845215,0.00038869059062562883,2.415827111690305e-06,0.002069244161248207,32,0.82614530228587,0.010275941342115402,0.000546842347830534,0.6866770999928946,False,
595,OCNT-2535614,1,CYP2C9,4.646438121795654,0.00012547012011054903,1.339716345682973e-05,0.0006258375942707062,32,0.4570326530599533,0.0018351523904129863,0.0025679271202534437,0.4264966570033826,False,
595,OCNT-2535614,2,CYP2D6,4.440657138824463,0.0004034812154714018,0.00024871694040484726,0.0034323842264711857,32,0.9731698966956792,0.01256529614329338,0.00010787221253849566,0.7148072172776423,False,
595,OCNT-2535614,3,CYP3A4,4.225292682647705,2.7014595616492443e-05,9.42432194506182e-08,0.0001755430712364614,32,0.5781416371753753,0.0004999694065190852,0.3640215992927551,0.38223363323372117,False,
596,OCNT-2535616,0,CYP1A2,5.032369136810303,0.00015753702609799802,2.71871681434277e-06,0.0008653425611555576,32,0.7952225446092384,0.004009118303656578,0.0007731593796052039,0.6554074511800059,False,
596,OCNT-2535616,1,CYP2C9,4.739035606384277,0.00017355309682898223,3.7419067666633055e-05,0.0009676032932475209,32,0.6017700671362249,0.003342242445796728,0.00026866747066378593,0.45710872697536153,False,
596,OCNT-2535616,2,CYP2D6,4.521322727203369,0.00031508185202255845,0.0002316113532288,0.0027232575230300426,32,0.9720870702112359,0.009801494888961315,0.00013606250286102295,0.7386854810602508,False,
596,OCNT-2535616,3,CYP3A4,4.335784912109375,2.895012585213408e-05,8.56006536764653e-08,0.00019083026563748717,32,0.5864678369495012,0.0005434938357211649,0.34887123107910156,0.3865757807336301,False,
597,OCNT-2535617,0,CYP1A2,5.08098840713501,0.00012589154357556254,1.6134592897287803e-06,0.0006987910019233823,32,0.8182527143937923,0.003296616952866316,0.0007658018148504198,0.637371019426314,False,
597,OCNT-2535617,1,CYP2C9,4.74596643447876,0.00030490406788885593,8.33363228593953e-05,0.0017628209898248315,32,0.6840192772615872,0.0066741472110152245,0.0003009497304446995,0.46546515938736766,False,
597,OCNT-2535617,2,CYP2D6,4.206448554992676,0.00043795554665848613,9.16999124456197e-05,0.00470372661948204,2,1.001551954438767,0.0008772904984652996,0.00027845572913065553,0.6598811386902322,False,
597,OCNT-2535617,3,CYP3A4,4.265127658843994,6.866067997179925e-05,1.3430477338260971e-05,0.0004933255258947611,32,0.764551475295857,0.0016800726298242807,6.724803824909031e-05,0.49513422325451045,False,
598,OCNT-2535618,0,CYP1A2,5.071410179138184,0.00014178353012539446,2.4206017315009376e-06,0.0007788045331835747,32,0.7952154797900263,0.003608205122873187,0.0008904676651582122,0.6553322684533625,False,
598,OCNT-2535618,1,CYP2C9,4.795905113220215,0.00015626662934664637,3.3723317756084725e-05,0.0008710419642738998,32,0.6016276356428844,0.0030086508486419916,0.00026936287758871913,0.457074310444085,False,
598,OCNT-2535618,2,CYP2D6,4.612185478210449,0.00028362273587845266,0.00020848456188105047,0.0024512584786862135,32,0.9720766203655795,0.008822808042168617,0.00013598664372693747,0.7384633657168356,False,
598,OCNT-2535618,3,CYP3A4,4.384774684906006,4.972010356141254e-05,8.940696716308594e-08,0.0003122995840385556,32,0.5059257752762707,0.0008051117183640599,0.3640180826187134,0.3821806439122155,False,
599,OCNT-2535619,0,CYP1A2,5.033908367156982,0.00015396605886053294,2.7730577585316496e-06,0.0008441911777481437,32,0.7938146298022711,0.003911310341209173,0.000757399364374578,0.6598169468845895,False,
599,OCNT-2535619,1,CYP2C9,4.719327449798584,0.00016524390957783908,3.546605512383394e-05,0.000919109326787293,32,0.6000737206043051,0.0031732649076730013,0.00026934617199003696,0.45685469177397175,False,
599,OCNT-2535619,2,CYP2D6,4.561004161834717,0.0002985101309604943,0.00021939487487543374,0.002580078085884452,32,0.9720761877484493,0.009285897947847843,0.0001359884481644258,0.7385199692865307,False,
599,OCNT-2535619,3,CYP3A4,4.3261847496032715,2.7431533453636803e-05,4.214684778958144e-08,0.00018103017646353692,32,0.5863911842214053,0.0005149271455593407,0.3563362658023834,0.38589587129027725,False,
600,OCNT-2535620,0,CYP1A2,5.0547099113464355,0.00014924578135833144,2.524768660805421e-06,0.0008197912247851491,32,0.7952180548218383,0.003798108547925949,0.0007933802553452551,0.6552476913907634,False,
600,OCNT-2535620,1,CYP2C9,4.7725396156311035,0.00016441833577118814,3.547986125340685e-05,0.0009166718227788806,32,0.6017660611696054,0.003166316542774439,0.00026951098698191345,0.45711421767596294,False,
600,OCNT-2535620,2,CYP2D6,4.570587158203125,0.0002985105966217816,0.0002194302942370996,0.0025800815783441067,32,0.9720753538648292,0.009285904467105865,0.0001359816815238446,0.7386035484464362,False,
600,OCNT-2535620,3,CYP3A4,4.3809356689453125,2.7434889489086345e-05,6.143906006172983e-08,0.00018107419600710273,32,0.5863835694394839,0.000514983432367444,0.35638466477394104,0.38643819829459936,False,
601,OCNT-2535621,0,CYP1A2,5.049180507659912,0.00014924546121619642,2.5569281660864362e-06,0.0008197938441298902,32,0.7952201504936766,0.0037981104105710983,0.0007973877945914865,0.655266041113816,False,
601,OCNT-2535621,1,CYP2C9,4.761822700500488,0.00016450282419100404,3.54851181327831e-05,0.0009169678669422865,32,0.6016408666268324,0.003167284419760108,0.00026887882268056273,0.457073874910708,False,
601,OCNT-2535621,2,CYP2D6,4.565639972686768,0.0002985101018566638,0.0002194285043515265,0.0025800857692956924,32,0.9720775499379097,0.009285910055041313,0.00013596405915450305,0.7384825283812516,False,
601,OCNT-2535621,3,CYP3A4,4.3344879150390625,5.3646592277800664e-05,9.064022776783531e-08,0.0003347956226207316,32,0.5071978117622724,0.0008708641980774701,0.3563358187675476,0.3828461376083766,False,
602,OCNT-2535623,0,CYP1A2,3.8252005577087402,0.0006711560999974608,0.0,0.0035526370629668236,32,0.6398735696307677,0.013742766343057156,0.28057098388671875,0.48860585001846785,False,
602,OCNT-2535623,1,CYP2C9,3.6149063110351562,0.0004094268078915775,2.9700822778977454e-06,0.0035242601297795773,32,0.9661944973974298,0.012659058906137943,0.00023028570285532624,0.6184989642709491,False,
602,OCNT-2535623,2,CYP2D6,4.269985198974609,0.00022247816377785057,8.392796735279262e-05,0.002144013997167349,32,0.8038660997832546,0.005723222158849239,8.686202636454254e-05,0.5041572462781161,False,
602,OCNT-2535623,3,CYP3A4,2.9204139709472656,5.741248605772853e-05,9.82095025392482e-06,0.0004140746023040265,32,0.8402421961312245,0.0015439614653587341,2.62368812400382e-05,0.5694522775324236,False,
603,OCNT-2535624,0,CYP1A2,4.818089962005615,0.0002444662095513195,3.746834806861443e-07,0.0012747921282425523,32,0.7590095003891736,0.005937912501394749,0.1747276782989502,0.5896628804171418,False,
603,OCNT-2535624,1,CYP2C9,4.6600518226623535,0.0002005913556786254,1.6478470570291393e-05,0.0013271626085042953,32,0.7311566197416186,0.004693472292274237,0.0001461803913116455,0.4824489523576383,False,
603,OCNT-2535624,2,CYP2D6,4.673428058624268,0.00011391678708605468,5.041878466727212e-05,0.0009174001170322299,32,0.9530421890206372,0.0034744651056826115,0.00014291297702584416,0.5174236230360838,False,
603,OCNT-2535624,3,CYP3A4,4.395979881286621,3.582306453608908e-05,0.0,0.0001791076792869717,32,0.4522246829716599,0.0005185470799915493,0.5231618285179138,0.30197380356424264,False,
604,OCNT-2535625,0,CYP1A2,4.674143314361572,0.0004991728346794844,3.616602839429106e-08,0.002393529750406742,32,0.6165115719813777,0.009848063811659813,0.22747795283794403,0.472816042056768,False,
604,OCNT-2535625,1,CYP2C9,4.513034343719482,0.00016139383660629392,3.7610869185300544e-05,0.0008813414606265724,32,0.9555724364678995,0.0049354578368365765,2.2871024611959e-06,0.6342680732267285,False,
604,OCNT-2535625,2,CYP2D6,4.577357769012451,0.0001403624628437683,5.526899985852651e-05,0.0012480915756896138,32,0.9188621135636621,0.00412745401263237,0.00012515034177340567,0.5772240211795008,False,
604,OCNT-2535625,3,CYP3A4,4.06325101852417,1.394323589920532e-05,6.664001972467304e-08,9.575541480444372e-05,32,0.5798196966889924,0.00025889155222103,0.40955570340156555,0.38395444609641716,False,
605,OCNT-2535626,0,CYP1A2,4.653666973114014,0.000484523072373122,2.0489096641540527e-08,0.002321035834029317,32,0.6153432634637164,0.009540933184325695,0.23516900837421417,0.47353250265771074,False,
605,OCNT-2535626,1,CYP2C9,4.493628025054932,0.00015466604963876307,3.602332071750425e-05,0.0008446102729067206,32,0.9555822964750743,0.004729782231152058,2.2880055894347606e-06,0.6343307943827099,False,
605,OCNT-2535626,2,CYP2D6,4.582948207855225,0.00013645159197039902,5.30312281625811e-05,0.001267875311896205,32,0.9151183874802529,0.003996112383902073,0.00012540591706056148,0.5848114104193249,False,
605,OCNT-2535626,3,CYP3A4,4.014998435974121,1.3600783859146759e-05,5.1619135632563484e-08,9.509066876489669e-05,32,0.5743534545421143,0.0002501568233128637,0.417064905166626,0.3816048123092855,False,
606,OCNT-2535627,0,CYP1A2,5.008157253265381,0.0002777351182885468,0.0003287951403763145,0.0015080368611961603,32,0.9673909191823931,0.008598019368946552,0.0010468675754964352,0.8050628119018687,False,
606,OCNT-2535627,1,CYP2C9,4.791408061981201,1.4837954040558543e-05,0.0,8.469086606055498e-05,32,0.5079660320888739,0.00024135220155585557,0.470535010099411,0.2770547855235549,False,
606,OCNT-2535627,2,CYP2D6,4.520635604858398,4.3893254769500345e-05,5.291401976137422e-06,0.0002911309711635113,32,0.8249596709206429,0.001158989267423749,0.00015408432227559388,0.6369755371170143,False,
606,OCNT-2535627,3,CYP3A4,4.3374505043029785,2.472908454365097e-05,0.0,0.00019717734539881349,32,0.5488948490061871,0.00043453299440443516,0.40967389941215515,0.3999792904379927,False,
607,OCNT-2535630,0,CYP1A2,4.174652099609375,0.0017243679612874985,9.176018238576944e-07,0.01144735049456358,2,1.001473512529686,0.0034538377076387405,0.007922537624835968,0.7631460832326851,False,
607,OCNT-2535630,1,CYP2C9,3.941150426864624,0.00012021193833788857,3.170132231389289e-06,0.0007321803132072091,32,0.9192648388330179,0.003536505624651909,9.470229997532442e-05,0.6137780716243604,False,
607,OCNT-2535630,2,CYP2D6,4.359151363372803,0.00020881912496406585,0.0001039733542711474,0.0021343231201171875,23,0.9969860901886543,0.004788593854755163,1.8476537661626935e-05,0.6136373795041904,False,
607,OCNT-2535630,3,CYP3A4,3.3192138671875,9.834840602707118e-05,1.8538834410719573e-05,0.0008351661963388324,32,0.8149484211262809,0.0025650248862802982,7.452115823980421e-05,0.5103895626657245,False,
608,OCNT-2535632,0,CYP1A2,4.9636006355285645,0.0004891974967904389,2.682871127035469e-06,0.002664656611159444,32,0.8526755625514587,0.01334832888096571,0.0008299571927636862,0.6462745265130058,False,
608,OCNT-2535632,1,CYP2C9,4.595999717712402,0.00024144485360011458,6.038462743163109e-05,0.0014670556411147118,32,0.7505335858519868,0.005799039267003536,0.00025279729743488133,0.458547206117611,False,
608,OCNT-2535632,2,CYP2D6,4.396677017211914,0.0002148407365893945,0.00020235385454725474,0.0017256949795410037,32,0.954669012895292,0.006563562899827957,0.0002017405058722943,0.7662850669998373,False,
608,OCNT-2535632,3,CYP3A4,4.198428630828857,3.073608604609035e-05,5.960464477539063e-08,0.0001970318699022755,32,0.5736456863741078,0.0005643955082632601,0.3487091064453125,0.3864834747653718,False,
609,OCNT-2535634,0,CYP1A2,4.723531723022461,0.0003773859061766416,0.00033393254852853715,0.0018105730414390564,32,0.9349383832255129,0.011290941387414932,0.0011691130930557847,0.7783721670352617,False,
609,OCNT-2535634,1,CYP2C9,4.348145008087158,1.5162143427005503e-05,4.214684778958144e-08,9.410958591615781e-05,32,0.3888860254678413,0.0001888075057649985,0.5160350799560547,0.25231781065481673,False,
609,OCNT-2535634,2,CYP2D6,4.101041316986084,0.0001499009522376582,7.010668196016923e-05,0.0012167422100901604,2,1.0006864629216268,0.0003000277210958302,0.00013020724873058498,0.7123913531484031,False,
609,OCNT-2535634,3,CYP3A4,3.706019878387451,0.0001585933059686795,5.762935688835569e-05,0.0012600509217008948,32,0.9056352561901982,0.004596375860273838,4.120983794564381e-05,0.5732078159644443,False,
610,OCNT-2535635,0,CYP1A2,4.852942943572998,0.00020931786275468767,1.6134241377585568e-05,0.0009296858916059136,32,0.6649458255215144,0.004454134032130241,0.001983513357117772,0.6117706634170874,False,
610,OCNT-2535635,1,CYP2C9,4.57370138168335,0.0001883322693174705,3.500334787531756e-05,0.0011461455142125487,32,0.7309120139427673,0.004405172076076269,0.0002781491493806243,0.560561031020155,False,
610,OCNT-2535635,2,CYP2D6,4.230663299560547,0.000241250338149257,0.00041615896043367684,0.002133379690349102,32,0.9128781931838025,0.007047721650451422,6.839181151008233e-05,0.581821902044677,False,
610,OCNT-2535635,3,CYP3A4,4.126047134399414,6.019608917995356e-05,1.3082295481581241e-05,0.0004460875643417239,32,0.7195042020423593,0.0013861930929124355,0.0001371963444398716,0.4655190953134368,False,
611,OCNT-2535638,0,CYP1A2,4.368155002593994,0.00017571831995155662,1.6725425666663796e-05,0.0007095434120856225,32,0.7097719172060385,0.003991264849901199,0.0021591149270534515,0.7105584003960629,False,
611,OCNT-2535638,1,CYP2C9,4.070668697357178,6.572287929884624e-06,0.0,4.1478604543954134e-05,32,0.3733485153152198,7.863959763199091e-05,0.6747764945030212,0.3063848414249539,False,
611,OCNT-2535638,2,CYP2D6,4.479045391082764,7.990558515302837e-05,6.055301128071733e-06,0.000611812574788928,32,0.7620453894042347,0.0019487777026370168,0.0001457672187825665,0.5230624424657347,False,
611,OCNT-2535638,3,CYP3A4,3.6088082790374756,3.3881682611536235e-05,7.884953134862371e-08,0.00026210458599962294,32,0.5597333237079131,0.0006070497329346836,0.37925010919570923,0.4109533673352495,False,
612,OCNT-2535639,0,CYP1A2,4.441686153411865,0.0005787926493212581,3.606440805015154e-05,0.002827923046424985,32,0.6581035826591869,0.012189187109470367,1.0401913641544525e-05,0.4920691319989454,False,
612,OCNT-2535639,1,CYP2C9,4.222023010253906,4.172830358584179e-06,0.0,2.7470276108942926e-05,32,0.40814028672584207,5.4629810620099306e-05,0.6972895860671997,0.28067152198788214,False,
612,OCNT-2535639,2,CYP2D6,4.486256122589111,7.534928590757772e-05,2.0671300262620207e-06,0.0005455008940771222,32,0.8019108151465228,0.0019338056445121765,0.00021441055287141353,0.537933300924053,False,
612,OCNT-2535639,3,CYP3A4,3.73811411857605,6.67819767841138e-05,7.444990615113056e-07,0.0005356968031264842,32,0.8000830069024117,0.0017100520199164748,0.046178679913282394,0.5226145206950648,False,
613,OCNT-2535640,0,CYP1A2,4.198869705200195,0.0006037533166818321,3.6885414829157526e-06,0.003382400842383504,32,0.7824851743680474,0.01511794701218605,3.2072715839603916e-05,0.5635408939220531,False,
613,OCNT-2535640,1,CYP2C9,4.01157283782959,2.123630338246585e-06,0.0,1.4847048987576272e-05,32,0.40416502815418515,2.7594840503297746e-05,0.750601053237915,0.2835036620426526,False,
613,OCNT-2535640,2,CYP2D6,4.628614902496338,9.183997462969273e-05,1.4769449308005278e-06,0.000718546798452735,32,0.7320317232521321,0.0021515870466828346,0.00046880226000212133,0.5098635468424815,False,
613,OCNT-2535640,3,CYP3A4,3.568619728088379,2.2141768567962572e-05,9.884312390795458e-08,0.00015787720622029155,32,0.5705033453661639,0.0004044050583615899,0.35640138387680054,0.3758454198686333,False,
614,OCNT-2535642,0,CYP1A2,4.8304362297058105,0.0003405309107620269,2.0042012693011202e-05,0.0021545072086155415,23,0.9464428194069836,0.007412957493215799,7.4650301939982455e-06,0.6732766409208506,False,
614,OCNT-2535642,1,CYP2C9,4.587856769561768,9.201818465953693e-05,3.897530405083671e-05,0.0006021188455633819,13,0.9805345148445898,0.0011730785481631756,0.0002929184411186725,0.48139620668293615,False,
614,OCNT-2535642,2,CYP2D6,4.680989742279053,0.00016653980128467083,0.00014075337094254792,0.0013299222337082028,32,0.9229806360329185,0.004919111728668213,0.00025624127010814846,0.71067035415602,False,
614,OCNT-2535642,3,CYP3A4,4.119898319244385,4.0354007069254294e-05,7.450580596923828e-09,0.000260347209405154,32,0.5076518504491959,0.0006557076121680439,0.37928506731987,0.3860582037188459,False,
615,OCNT-2535643,0,CYP1A2,4.771037578582764,0.00033838284434750676,1.8267195628141053e-05,0.0020304459612816572,32,0.8958437890032097,0.009700708091259003,9.712396604300011e-06,0.6633221493953203,False,
615,OCNT-2535643,1,CYP2C9,4.55743408203125,8.492484630551189e-05,3.609010673244484e-05,0.0005565723986364901,12,0.9837968004611233,0.0010027035605162382,0.00028992691659368575,0.48343431949169063,False,
615,OCNT-2535643,2,CYP2D6,4.717409133911133,0.0001534670009277761,0.00013032117567490786,0.001224398030899465,32,0.92528285623095,0.0045443084090948105,0.00025688292225822806,0.7105517379844459,False,
615,OCNT-2535643,3,CYP3A4,4.116658687591553,3.733134508365765e-05,0.0,0.0002409169974271208,32,0.5078582587960759,0.0006068515358492732,0.3868871033191681,0.38598531062589003,False,
616,OCNT-2535644,0,CYP1A2,4.876845359802246,0.0010687289759516716,9.76225123849872e-07,0.007030697539448738,2,1.0002064290322552,0.0021379191894084215,0.0006286199204623699,0.7169066328144743,False,
616,OCNT-2535644,1,CYP2C9,4.575209617614746,0.000265838170889765,8.867590963745897e-07,0.0021311677992343903,32,0.9982582907253422,0.008492324501276016,0.007997579872608185,0.6113890801446303,False,
616,OCNT-2535644,2,CYP2D6,4.697628021240234,8.490344771416858e-05,3.070679304073565e-05,0.0006453079986386001,32,0.698400033584833,0.0018977137515321374,0.0002572437224444002,0.4488643709737659,False,
616,OCNT-2535644,3,CYP3A4,4.0861945152282715,1.2176521522633266e-05,8.940696716308594e-08,8.223738404922187e-05,32,0.5973150478845372,0.00023293416597880423,0.4095762073993683,0.4543335797059993,False,
617,OCNT-2535645,0,CYP1A2,4.938618183135986,0.0010608917800709605,1.0181975085288286e-06,0.007211097050458193,2,1.0021721643384247,0.0021264124661684036,0.0007016658782958984,0.718278860333099,False,
617,OCNT-2535645,1,CYP2C9,4.633965015411377,0.0002772886073216796,9.789507657842478e-07,0.00221185851842165,32,0.9984811358385073,0.00886007770895958,0.007883011363446712,0.616161075000428,False,
617,OCNT-2535645,2,CYP2D6,4.6767449378967285,5.150515426066704e-05,1.0418032161396695e-06,0.00037501699989661574,32,0.6954011505650036,0.0011463583214208484,0.0004566334537230432,0.5066050151310639,False,
617,OCNT-2535645,3,CYP3A4,4.101011276245117,3.873135574394837e-05,6.664001972467304e-08,0.0002175978443119675,32,0.48652460648600115,0.0006031559314578772,0.40193891525268555,0.3980290537938974,False,
618,OCNT-2535646,0,CYP1A2,4.845149517059326,2.618813050503377e-05,6.258487701416016e-07,0.00012801223783753812,32,0.5245936738255171,0.00043978795292787254,0.10726083815097809,0.44648609465325395,False,
618,OCNT-2535646,1,CYP2C9,4.6482319831848145,3.0561739094991935e-06,0.0,1.1963200449827127e-05,32,0.3231975001938999,3.171135176671669e-05,0.7730748057365417,0.22890747847913095,False,
618,OCNT-2535646,2,CYP2D6,4.652337551116943,3.5976176150143147e-05,1.2993949667361449e-06,0.00023463570687454194,32,0.6860185427798526,0.0007899898919276893,0.0007781982421875,0.4348979998916916,False,
618,OCNT-2535646,3,CYP3A4,4.266186237335205,4.04266502300743e-05,3.0719530030864917e-08,0.0002720933116506785,32,0.5448507198895142,0.0007050220156088471,0.3869154155254364,0.398676170103815,False,
619,OCNT-2535648,0,CYP1A2,4.957277774810791,0.00046151975402608514,1.0726103937486187e-05,0.0021490626968443394,32,0.72348902161367,0.010685174725949764,0.0018469943897798657,0.6206643610785643,False,
619,OCNT-2535648,1,CYP2C9,4.747312068939209,6.652675801888108e-05,1.728686947899405e-05,0.0004025012312922627,11,0.9945164886565842,0.0007278909324668348,0.00010323840251658112,0.534460284760383,False,
619,OCNT-2535648,2,CYP2D6,4.543886661529541,0.00012570101534947753,6.748105079168454e-05,0.001043358352035284,32,0.8475900672393685,0.003409645054489374,0.0003463386674411595,0.6018853648006819,False,
619,OCNT-2535648,3,CYP3A4,4.275932312011719,1.107113803300308e-05,8.940696716308594e-08,7.440130139002576e-05,32,0.5699251577278083,0.00020209341892041266,0.4475356638431549,0.3718159722135327,False,
620,OCNT-2535649,0,CYP1A2,4.954853534698486,0.00045507948379963636,0.0,0.00238662026822567,32,0.6743204454614765,0.009820036590099335,0.3941815495491028,0.5380670017745675,False,
620,OCNT-2535649,1,CYP2C9,4.828897953033447,2.828351171046961e-05,7.423052011290565e-06,0.00013182047405280173,32,0.8500471133446373,0.0007696261745877564,2.263712121930439e-05,0.4004643050240983,False,
620,OCNT-2535649,2,CYP2D6,4.675536155700684,8.605555922258645e-05,0.00011794976308010519,0.0005401627859100699,32,0.8909712981695246,0.0024538221769034863,0.00017414626199752092,0.5337488364188437,False,
620,OCNT-2535649,3,CYP3A4,4.430587291717529,1.0215190741291735e-05,2.9802322387695312e-08,7.114161417121068e-05,32,0.5915385509353098,0.0001935550244525075,0.4397353529930115,0.4064077641953179,False,
621,OCNT-2535650,0,CYP1A2,5.4016547203063965,5.395064363256097e-06,1.1920928955078125e-07,2.3649041395401582e-05,32,0.710153528187512,0.00012282961688470095,0.3942083716392517,0.45426551000902016,False,
621,OCNT-2535650,1,CYP2C9,5.286605358123779,1.2370927834126633e-05,1.1920928955078125e-07,5.819291982334107e-05,32,0.6215724005441393,0.00024626057711429894,0.3261299729347229,0.40191100492797494,False,
621,OCNT-2535650,2,CYP2D6,5.019492149353027,7.470614218618721e-05,2.381949570917641e-06,0.00042734347516670823,32,0.7265524452047479,0.0017371262656524777,0.0002086158056044951,0.5721540712371402,False,
621,OCNT-2535650,3,CYP3A4,4.88256311416626,5.6501572544220835e-05,2.9802322387695312e-08,0.00021328876027837396,32,0.4794055386196224,0.0008669427479617298,0.4169756770133972,0.3760846759024878,False,
622,OCNT-2535651,0,CYP1A2,5.1201910972595215,0.0003161507484037429,0.0004147719300817698,0.0017123969737440348,32,0.971238071636187,0.009826155379414558,0.0013016272569075227,0.8233571520235576,False,
622,OCNT-2535651,1,CYP2C9,4.9168782234191895,1.327341942669591e-05,8.940696716308594e-08,8.371246076421812e-05,32,0.5951120760077285,0.0002529639459680766,0.3341270089149475,0.27398646736071824,False,
622,OCNT-2535651,2,CYP2D6,4.561830043792725,5.999623317620717e-05,6.393779131030897e-06,0.00039250822737812996,32,0.7152082973925052,0.0013733425876125693,0.00021717855997849256,0.5949891554400268,False,
622,OCNT-2535651,3,CYP3A4,4.416896343231201,1.229197732754983e-05,6.664001972467304e-08,8.615312981419265e-05,32,0.5689845049110924,0.00022398830333258957,0.4322056174278259,0.38740803712967886,False,
623,OCNT-2535652,0,CYP1A2,4.675564765930176,0.0007011191337369382,0.0004248044569976628,0.004270502366125584,2,1.0020612344478312,0.0014051486505195498,3.914038188668201e-06,0.6216166401029737,False,
623,OCNT-2535652,1,CYP2C9,4.3792009353637695,6.756466609658673e-05,1.3917684555053711e-05,0.00044842189527116716,32,0.9360765187301467,0.0020241618622094393,5.728367614210583e-05,0.5022302098531948,False,
623,OCNT-2535652,2,CYP2D6,4.210464000701904,0.00014055926294531673,5.973104271106422e-05,0.0013201009714975953,32,0.9470620769257833,0.004260090179741383,0.00011370940774213523,0.5975852894851399,False,
623,OCNT-2535652,3,CYP3A4,3.7289304733276367,0.00015753360639791936,2.405658597126603e-05,0.001155393896624446,32,0.8676639002902921,0.004374236799776554,9.096210851566866e-05,0.49908189105028694,False,
624,OCNT-2535653,0,CYP1A2,5.002711296081543,0.0006556026637554169,5.960464477539063e-08,0.004088677000254393,32,0.9595841192019519,0.02013169601559639,0.2199578583240509,0.6729196604133337,False,
624,OCNT-2535653,1,CYP2C9,4.880676746368408,3.4750339636957506e-06,8.940696716308594e-08,1.976003113668412e-05,32,0.667496318476903,7.443991489708424e-05,0.5080908536911011,0.2773194369307618,False,
624,OCNT-2535653,2,CYP2D6,4.7965617179870605,8.087432797765359e-05,2.854959893738851e-05,0.0005771357100456953,32,0.6913647898544869,0.0017894584452733397,0.00021925523469690233,0.5243751505177661,False,
624,OCNT-2535653,3,CYP3A4,4.4908928871154785,1.2413875992933754e-05,4.214684778958144e-08,8.706239168532193e-05,32,0.5919602786935257,0.00023534211504738778,0.4093936085700989,0.4021221759253988,False,
625,OCNT-2535654,0,CYP1A2,4.752498626708984,0.0002325997338630259,2.462011980242096e-05,0.0008746232488192618,32,0.6974541196968638,0.005191507749259472,0.0028188065625727177,0.7207232655978599,False,
625,OCNT-2535654,1,CYP2C9,4.529841899871826,8.989848538476508e-06,2.9802322387695312e-08,5.961646093055606e-05,32,0.45298060048766214,0.0001304562174482271,0.48593637347221375,0.32278191682512236,False,
625,OCNT-2535654,2,CYP2D6,4.635502338409424,5.3217096137814224e-05,7.750437362119555e-06,0.00039255485171452165,32,0.8836116277057832,0.0015050265938043594,0.0001366373326163739,0.63922995070981,False,
625,OCNT-2535654,3,CYP3A4,4.062806606292725,1.5321027603931725e-05,8.429369557916289e-08,0.00011028074368368834,32,0.5638937678416571,0.00027664226945489645,0.40947777032852173,0.3788716311380822,False,
626,OCNT-2535655,0,CYP1A2,4.352304935455322,0.00019215411157347262,2.0514087736955844e-05,0.0008984527084976435,32,0.7049862842416625,0.004335138015449047,0.0014225696213543415,0.7012139027928392,False,
626,OCNT-2535655,1,CYP2C9,4.122507572174072,0.00011159839777974412,8.76107151270844e-06,0.0008844870608299971,32,0.9748381381094989,0.0034816039260476828,0.00011839830403914675,0.6966789617135596,False,
626,OCNT-2535655,2,CYP2D6,4.43817663192749,8.233806147472933e-05,6.32932869848446e-06,0.0006191442371346056,32,0.7618546082929829,0.0020075920037925243,0.00013478461187332869,0.5896448315753733,False,
626,OCNT-2535655,3,CYP3A4,3.6172308921813965,6.777024100301787e-05,1.0797338291013148e-05,0.00044774884008802474,32,0.8801606498687818,0.0019090400310233235,5.503992360900156e-05,0.5232755335754593,False,
627,OCNT-2535657,0,CYP1A2,5.3478498458862305,0.0002816392225213349,0.0,0.0013574425829574466,32,0.7659165585663358,0.0069030337035655975,0.3563108444213867,0.519805491210205,False,
627,OCNT-2535657,1,CYP2C9,5.231527328491211,1.0886858945013955e-05,3.339988097650348e-06,4.699901910498738e-05,32,0.7735766966402541,0.0002697457966860384,0.0003195432072971016,0.40067322942738626,False,
627,OCNT-2535657,2,CYP2D6,4.887124538421631,4.258955596014857e-05,5.607986167888157e-06,0.00018086735508404672,32,0.6211786744619303,0.0008467819425277412,0.00013101869262754917,0.3730282250515621,False,
627,OCNT-2535657,3,CYP3A4,4.858785152435303,2.5149963676085463e-06,2.9802322387695312e-08,1.2868564226664603e-05,32,0.6158267723013762,4.975873162038624e-05,0.599159836769104,0.41538181165957866,False,
628,OCNT-2535658,0,CYP1A2,4.970644950866699,0.00031538360053673387,1.6412936929555144e-06,0.0014389287680387497,32,0.6418787187661172,0.006478222087025642,0.0009291194728575647,0.5883621064008211,False,
628,OCNT-2535658,1,CYP2C9,4.61143684387207,0.0003049711522180587,8.366831752937287e-05,0.0017764694057404995,32,0.6935798881491313,0.006768921390175819,0.000295102596282959,0.46445184393979105,False,
628,OCNT-2535658,2,CYP2D6,4.155395030975342,0.0004479388298932463,8.983361476566643e-05,0.004920541308820248,2,1.001459672018507,0.0008972053765319288,0.00029106077272444963,0.647451335186306,False,
628,OCNT-2535658,3,CYP3A4,4.159913539886475,6.945403583813459e-05,1.345461805613013e-05,0.0004935570759698749,32,0.7597407647057351,0.0016887891106307507,6.946560461074114e-05,0.5068651115344729,False,
629,OCNT-2535659,0,CYP1A2,5.199520587921143,0.0010814846027642488,1.22334813568159e-06,0.006512869615107775,2,1.0026381254402188,0.002168695442378521,0.0003252639144193381,0.6732872427471013,False,
629,OCNT-2535659,1,CYP2C9,5.025819778442383,7.20634197932668e-05,1.5178045032371301e-05,0.00042509863851591945,32,0.9793496184275128,0.002258722437545657,7.663306314498186e-05,0.5702182571948203,False,
629,OCNT-2535659,2,CYP2D6,4.9575982093811035,0.0001236739772139117,8.379347127629444e-05,0.0008969518821686506,32,0.9092736797988735,0.003598802722990513,0.00017795870371628553,0.6161115128451531,False,
629,OCNT-2535659,3,CYP3A4,4.657841205596924,3.9330730942310765e-05,4.470348358154297e-08,0.00014676882710773498,32,0.4779334062139383,0.0006016719853505492,0.4625035524368286,0.34584162042061894,False,
630,OCNT-2535660,0,CYP1A2,5.388211727142334,1.0988522262778133e-05,4.805480102731963e-07,4.8171510570682585e-05,32,0.7656635751244215,0.0002694773720577359,0.14425820112228394,0.4741100835391355,False,
630,OCNT-2535660,1,CYP2C9,5.250967025756836,1.1531989912327845e-05,8.940696716308594e-08,5.411233723862097e-05,32,0.6000431210737193,0.00022162213281262666,0.3490752577781677,0.40264948224577685,False,
630,OCNT-2535660,2,CYP2D6,5.043115139007568,6.638818740611896e-05,2.1636978999595158e-06,0.00037979462649673223,32,0.7266531221607928,0.0015439504059031606,0.0003592502907849848,0.5744021722556827,False,
630,OCNT-2535660,3,CYP3A4,4.873661518096924,5.1111426728311926e-05,0.0,0.00019258112297393382,32,0.48082724888377826,0.0007865783991292119,0.43221235275268555,0.3811563378750664,False,
631,OCNT-2535661,0,CYP1A2,5.410693645477295,4.795708264282439e-06,8.940696716308594e-08,2.0981386114726774e-05,32,0.7099360225396977,0.00010917585314018652,0.4170193076133728,0.45012585141730554,False,
631,OCNT-2535661,1,CYP2C9,5.302616119384766,1.099611836252734e-05,8.940696716308594e-08,5.1714461733354256e-05,32,0.621500850750455,0.00021888998162467033,0.34127482771873474,0.4036715441490202,False,
631,OCNT-2535661,2,CYP2D6,5.055448532104492,6.637858314206824e-05,2.1128143998794258e-06,0.0003797535318881273,32,0.7267083787662276,0.001543844467960298,0.00029380619525909424,0.5738209728954833,False,
631,OCNT-2535661,3,CYP3A4,4.932876110076904,5.013583358959295e-05,0.0,0.0001887203543446958,32,0.4791475791145362,0.0007688721525482833,0.43971937894821167,0.37699325280558127,False,
632,OCNT-2535662,0,CYP1A2,5.2694010734558105,0.0009286217391490936,5.5027911002980545e-05,0.005998370703309774,2,1.0060390860872197,0.0018684796523302794,3.4493930343160173e-06,0.7205892251809586,False,
632,OCNT-2535662,1,CYP2C9,5.087895393371582,7.876884774304926e-05,1.6463349311379716e-05,0.00046271938481368124,32,0.9797633070190815,0.002469907980412245,6.574482540600002e-05,0.5693483265474363,False,
632,OCNT-2535662,2,CYP2D6,4.931279182434082,0.00013630477769766003,9.395793313160539e-05,0.00097794143948704,32,0.9081410179817594,0.003961377311497927,0.00017766293603926897,0.6372740638759189,False,
632,OCNT-2535662,3,CYP3A4,4.701333522796631,4.316364720580168e-05,2.9802322387695312e-08,0.00016105128452181816,32,0.4786995763515264,0.0006613506120629609,0.4473220109939575,0.34411294850723023,False,
633,OCNT-2535663,0,CYP1A2,5.374702453613281,3.423031375859864e-05,1.5143832570174709e-05,0.00016164110274985433,32,0.9074133550075129,0.0009942437754943967,3.653448584373109e-05,0.5307314964006435,False,
633,OCNT-2535663,1,CYP2C9,5.17213773727417,1.1218857252970338e-05,8.940696716308594e-08,5.1544691814342514e-05,32,0.5632623561926827,0.00020239336299709976,0.3565303385257721,0.3107889715631963,False,
633,OCNT-2535663,2,CYP2D6,5.067653656005859,5.973483348498121e-05,1.8848643321689451e-06,0.0003417658153921366,32,0.7267393956267374,0.0013894055737182498,0.00031548060360364616,0.5729011250770029,False,
633,OCNT-2535663,3,CYP3A4,4.813582897186279,4.4051332224626094e-05,2.9802322387695312e-08,0.00016530792345292866,32,0.47571083592783125,0.0006707345019094646,0.4397537112236023,0.3747969759096079,False,
634,OCNT-2535664,0,CYP1A2,5.405190944671631,4.543308477877872e-06,8.940696716308594e-08,2.0004581529065035e-05,32,0.7098539199272965,0.00010342988389311358,0.42461028695106506,0.4475384984898516,False,
634,OCNT-2535664,1,CYP2C9,5.298328876495361,1.0418243618914858e-05,8.940696716308594e-08,4.899868508800864e-05,32,0.6214064157425997,0.00020736567967105657,0.34915173053741455,0.40054003835572016,False,
634,OCNT-2535664,2,CYP2D6,5.049160003662109,6.288999429671094e-05,2.0261195459170267e-06,0.0003597494214773178,32,0.7266350307389502,0.001462570857256651,0.0002873178746085614,0.5712608178481083,False,
634,OCNT-2535664,3,CYP3A4,4.928686618804932,4.7381090553244576e-05,5.960464477539063e-08,0.00017547034076415002,32,0.4787835340977939,0.0007260823622345924,0.43980079889297485,0.3836640179447144,False,
635,OCNT-2535665,0,CYP1A2,5.269352436065674,0.000928521913010627,5.44529284525197e-05,0.005999961402267218,2,1.0060392965323481,0.0018682791851460934,3.4665520161070162e-06,0.7210045835763028,False,
635,OCNT-2535665,1,CYP2C9,5.087879180908203,7.878644828451797e-05,1.6345751646440476e-05,0.00046292104525491595,32,0.97964187731457,0.0024701536167412996,6.655671313637868e-05,0.569912415283001,False,
635,OCNT-2535665,2,CYP2D6,4.931328296661377,0.00013589592708740383,9.308697190135717e-05,0.000975325470790267,32,0.908173046864497,0.003949635196477175,0.00017833754827734083,0.6366584677221381,False,
635,OCNT-2535665,3,CYP3A4,4.701181411743164,4.306978371459991e-05,1.4901161193847656e-08,0.00016077655891422182,32,0.4779507322983893,0.000658880453556776,0.4473949670791626,0.3445527517823821,False,
636,OCNT-2535666,0,CYP1A2,4.8820695877075195,0.00015122871263884008,4.573375917971134e-05,0.0006374719669111073,32,0.6726468873165027,0.0032553679775446653,2.7874202714883722e-06,0.4972785845636112,False,
636,OCNT-2535666,1,CYP2C9,4.728034496307373,5.3646735977963544e-06,5.960464477539063e-08,3.5921701055485755e-05,32,0.5607728593669241,9.644707461120561e-05,0.4779210686683655,0.31263319508538623,False,
636,OCNT-2535666,2,CYP2D6,4.892983436584473,4.987479042029008e-05,1.31839487949037e-06,0.0003564396174624562,32,0.7797130380252921,0.0012446662876755,0.0003542936174198985,0.5106690243692134,False,
636,OCNT-2535666,3,CYP3A4,4.330590724945068,3.9268812543014064e-05,0.0,0.00022297934629023075,32,0.47891988830549337,0.0006019649445079267,0.42488253116607666,0.36526276774946176,False,
637,OCNT-2535667,0,CYP1A2,4.821600914001465,0.00014528892643284053,4.428904867381789e-05,0.0006180680356919765,32,0.669502512062031,0.003112895879894495,3.953774921683362e-06,0.4873107846275848,False,
637,OCNT-2535667,1,CYP2C9,4.613651752471924,0.00024032819783315063,2.5024308342835866e-05,0.0019131472799926996,2,1.0027632017175228,0.000482004601508379,0.0001954269246198237,0.6560938141312689,False,
637,OCNT-2535667,2,CYP2D6,4.6536173820495605,5.845253690495156e-05,1.330132135990425e-06,0.0003961861948482692,32,0.7195885490769233,0.0013462071074172854,0.00043100208858959377,0.5106289111775202,False,
637,OCNT-2535667,3,CYP3A4,4.178840160369873,9.325712017016485e-05,2.5320372287751525e-07,0.0007041370845399797,32,0.717225230544354,0.0021405930165201426,0.1520182192325592,0.4135447054406174,False,
638,OCNT-2535668,0,CYP1A2,4.938269138336182,0.00013303125160746276,4.027909380965866e-05,0.0005596299888566136,32,0.6724966427786202,0.002863033441826701,3.7496740787901217e-06,0.5010894028284558,False,
638,OCNT-2535668,1,CYP2C9,4.783738136291504,1.7921747712534852e-05,1.6432542224720237e-06,9.625923848943785e-05,32,0.8322709767962174,0.00047757034189999104,0.00026247085770592093,0.3637880181688419,False,
638,OCNT-2535668,2,CYP2D6,4.815877914428711,0.00016110902652144432,1.2694635188381653e-05,0.0010287456680089235,32,0.927188937100777,0.004780408926308155,9.189500815409701e-06,0.5669200098339955,False,
638,OCNT-2535668,3,CYP3A4,4.347372531890869,3.456900958553888e-05,6.664001972467304e-08,0.00019659991085063666,32,0.47889486927230884,0.0005299107288010418,0.44730648398399353,0.3650023253245921,False,
639,OCNT-2535670,0,CYP1A2,4.956053256988525,0.00023617889382876456,4.255605745129287e-06,0.0011988315964117646,32,0.8051403111006299,0.006085286382585764,0.001084711984731257,0.6924566641170722,False,
639,OCNT-2535670,1,CYP2C9,4.764772415161133,9.391133971803356e-06,2.9802322387695312e-08,6.159102485980839e-05,32,0.5605216459582092,0.0001686252508079633,0.4023594856262207,0.2815995879936282,False,
639,OCNT-2535670,2,CYP2D6,4.6319146156311035,5.0515573093434796e-05,6.196464710228611e-06,0.0003429572388995439,32,0.7770715954506133,0.0012563836062327027,0.0001866370439529419,0.5640759300733185,False,
639,OCNT-2535670,3,CYP3A4,4.328357219696045,1.160010742751183e-05,5.1619135632563484e-08,8.02871145424433e-05,32,0.5696086759953257,0.00021162297343835235,0.439671128988266,0.3849954763748379,False,
640,OCNT-2535671,0,CYP1A2,4.991064548492432,0.0002051063347607851,1.3723217307415325e-05,0.0007846145890653133,32,0.6567696364150251,0.0043108537793159485,0.002591547090560198,0.6994117352136952,False,
640,OCNT-2535671,1,CYP2C9,4.803053379058838,1.9714327208930627e-05,9.834766387939453e-07,0.00011226029164390638,32,0.7622368749612985,0.0004811075050383806,0.0005280759069137275,0.30111235457683444,False,
640,OCNT-2535671,2,CYP2D6,4.646876811981201,0.00015782883565407246,7.189901225501671e-05,0.0009580968180671334,32,0.9239285095967275,0.004666617605835199,1.263121794181643e-05,0.6072941820658118,False,
640,OCNT-2535671,3,CYP3A4,4.345831871032715,1.0785890481201932e-05,0.0,7.640908734174445e-05,32,0.5683423156743963,0.0001963443646673113,0.447343111038208,0.39499247980357455,False,
641,OCNT-2535672,0,CYP1A2,5.408729076385498,4.7966909733077046e-06,1.1920928955078125e-07,2.0988547476008534e-05,32,0.7098000558117961,0.00010917726467596367,0.40949559211730957,0.4518706153848443,False,
641,OCNT-2535672,1,CYP2C9,5.299135208129883,1.0996323908329941e-05,1.7881393432617188e-07,5.1762948714895174e-05,32,0.6214742873461213,0.00021888471383135766,0.34888342022895813,0.3980309734304649,False,
641,OCNT-2535672,2,CYP2D6,5.053125858306885,6.638194463448599e-05,2.1119735720276367e-06,0.0003797661338467151,32,0.7266907083981141,0.0015438850969076157,0.0002761013456620276,0.572760833166831,False,
641,OCNT-2535672,3,CYP3A4,4.925225257873535,5.120336572872475e-05,0.0,0.00019291859643999487,32,0.4812076120972899,0.0007886163657531142,0.432094007730484,0.3779118870565612,False,
642,OCNT-2535673,0,CYP1A2,4.955925464630127,0.0003426274925004691,0.0002906116715166718,0.0015395220834761858,32,0.9429778878128765,0.010339186526834965,0.0013994000619277358,0.829109050081453,True,spectral
642,OCNT-2535673,1,CYP2C9,4.589588642120361,0.00029183313017711043,8.283997885882854e-05,0.001817859592847526,32,0.7952281580688598,0.007426619995385408,0.0002598974679131061,0.44966970755474966,False,
642,OCNT-2535673,2,CYP2D6,4.195569038391113,0.0002943489234894514,0.00043531847768463194,0.0026309057138860226,32,0.8991777774329657,0.00846979208290577,0.00012533998233266175,0.5756922390012675,False,
642,OCNT-2535673,3,CYP3A4,4.072327613830566,6.95881899446249e-05,1.4593479136237875e-05,0.00049797841347754,32,0.7647766110020109,0.0017032661708071828,5.29808530700393e-05,0.5352104918768426,False,
643,OCNT-2535675,0,CYP1A2,4.642258167266846,0.001529698958620429,1.0250710147374775e-06,0.008837344124913216,32,0.9811635450839883,0.04802862927317619,0.0003218005003873259,0.6323889947982049,False,
643,OCNT-2535675,1,CYP2C9,4.4674201011657715,4.1818066165433265e-06,5.960464477539063e-08,2.383498394920025e-05,32,0.5948343720755731,7.978978101164103e-05,0.5235047340393066,0.2772625564647323,False,
643,OCNT-2535675,2,CYP2D6,4.688840389251709,4.6032571844989434e-05,1.0049172942672158e-06,0.00031705742003396153,32,0.7482412939758285,0.0011024305131286383,0.0007373112603090703,0.4409713767272719,False,
643,OCNT-2535675,3,CYP3A4,4.07047176361084,1.4071349141886458e-05,1.2287812012345967e-07,9.864151797955856e-05,32,0.5922999228184692,0.00026689222431741655,0.3942774832248688,0.399899859891878,False,
644,OCNT-2535677,0,CYP1A2,4.855576992034912,0.0007466538809239864,7.08393088189041e-07,0.004794889595359564,2,1.000317144686281,0.001493801362812519,0.030899181962013245,0.7438890088607,False,
644,OCNT-2535677,1,CYP2C9,4.681370258331299,1.3382677934714593e-05,3.5762786865234375e-07,6.492578540928662e-05,32,0.7357269232629813,0.00031530731939710677,0.20484203100204468,0.3827888995285824,False,
644,OCNT-2535677,2,CYP2D6,4.626596927642822,7.99261688371189e-05,1.1542389302121592e-06,0.0005784187815152109,32,0.750166839664843,0.0019188948208466172,0.0005308417021296918,0.48490398157669623,False,
644,OCNT-2535677,3,CYP3A4,4.213237762451172,1.3055530871497467e-05,6.664001972467304e-08,9.290249727200717e-05,32,0.5897853332636128,0.00024658747133798897,0.4094490110874176,0.38188437526051,False,
645,OCNT-2535679,0,CYP1A2,5.272610187530518,0.00026617603725753725,8.940696716308594e-08,0.0010112549643963575,32,0.42196576609793546,0.0035942846443504095,0.4171580970287323,0.357839846375275,False,
645,OCNT-2535679,1,CYP2C9,5.138118743896484,1.2259857612662017e-05,4.470348358154297e-07,5.8776222431333736e-05,32,0.6715341324217068,0.0002636681019794196,0.2131289541721344,0.4244268389645284,False,
645,OCNT-2535679,2,CYP2D6,4.988887310028076,6.071878669899888e-05,1.8895706261901069e-06,0.00034863382461480796,32,0.7270930154226943,0.0014129752526059747,0.000431452295742929,0.5595885593506651,False,
645,OCNT-2535679,3,CYP3A4,4.736754894256592,4.508287020144053e-05,2.9802322387695312e-08,0.00016975123435258865,32,0.4781665064929708,0.0006899808067828417,0.43992289900779724,0.3773857387555588,False,
646,OCNT-2535681,0,CYP1A2,4.799564838409424,0.00039463938446715474,3.7997961044311523e-07,0.00199142936617136,32,0.7006292220223936,0.008848092518746853,0.15968389809131622,0.5567445318564948,False,
646,OCNT-2535681,1,CYP2C9,4.609198093414307,0.00022191432071849704,1.7739719623932615e-05,0.0014731916598975658,32,0.7362858871525614,0.005228791851550341,0.00014568369078915566,0.48656252241998366,False,
646,OCNT-2535681,2,CYP2D6,4.559607028961182,0.0001243286533281207,5.47905256098602e-05,0.0009883047314360738,32,0.9526012871766746,0.003790245158597827,0.00012667702685575932,0.5644303251413303,False,
646,OCNT-2535681,3,CYP3A4,4.354240894317627,1.643111500015948e-05,0.0,0.00010031933197751641,32,0.38094356971961607,0.00020042038522660732,0.6216497421264648,0.2703051150933143,False,
647,OCNT-2535683,0,CYP1A2,4.842745304107666,0.00014717879821546376,1.796109245333355e-05,0.0006714498158544302,32,0.6364576138795137,0.002997741801664233,0.00030419728136621416,0.5286320050032052,False,
647,OCNT-2535683,1,CYP2C9,4.6345295906066895,2.337150181119796e-05,1.372201950289309e-06,0.00013416237197816372,32,0.7878062995770906,0.000589443021453917,0.0004310377698857337,0.32002633106941625,False,
647,OCNT-2535683,2,CYP2D6,4.543443202972412,9.483324538450688e-05,4.9492496145830955e-06,0.0007076034671626985,32,0.8860628637545842,0.0026891864836215973,0.0001040633869706653,0.5781650416945433,False,
647,OCNT-2535683,3,CYP3A4,4.115323066711426,2.907658381445799e-05,2.9802322387695312e-08,0.00019733892986550927,32,0.5021749901858472,0.00046740975813008845,0.4022374451160431,0.3716401951181436,False,
648,OCNT-2535685,0,CYP1A2,4.8242292404174805,0.00012843353033531457,1.1838435966637917e-05,0.0005833501927554607,32,0.5967480221962687,0.002452749526128173,0.0010562186362221837,0.5115213091457707,False,
648,OCNT-2535685,1,CYP2C9,4.599583625793457,2.3495398636441678e-05,1.3415183275355957e-06,0.00013453364954330027,32,0.7855200183784652,0.0005908467574045062,0.0003535381692927331,0.3216750005198828,False,
648,OCNT-2535685,2,CYP2D6,4.529856204986572,9.47824664763175e-05,4.866774816036923e-06,0.0007076088222675025,32,0.8861547286939659,0.0026880253572016954,0.00010501480574021116,0.5822842414109417,False,
648,OCNT-2535685,3,CYP3A4,4.0609822273254395,3.418514097575098e-05,1.492053888796363e-05,0.00023537289234809577,32,0.7764172256102744,0.0008495902875438333,7.807305519236252e-05,0.42060763162022613,False,
649,OCNT-2535686,0,CYP1A2,4.790643692016602,0.00018823833670467138,1.7738866517902352e-05,0.0009309600573033094,32,0.5402650918436117,0.003254528157413006,0.0004586139402817935,0.36408225712313136,False,
649,OCNT-2535686,1,CYP2C9,4.572570323944092,0.00017823123198468238,1.3585414535555174e-06,0.0013952292501926422,32,0.9467284554607186,0.0053998734802007675,0.0006042411550879478,0.5846591040685016,False,
649,OCNT-2535686,2,CYP2D6,4.439552307128906,9.252066229237244e-05,4.652718871511752e-06,0.0006946336943656206,32,0.8449033448549574,0.0025017429143190384,0.00011710732360370457,0.5386322931660807,False,
649,OCNT-2535686,3,CYP3A4,3.9893834590911865,1.561538920213934e-05,2.9802322387695312e-08,0.00010632114572217688,32,0.566648523835844,0.0002833313192240894,0.40943413972854614,0.37847670132783406,False,
650,OCNT-2535687,0,CYP1A2,4.706966876983643,0.0009195455349981785,2.510126932975254e-06,0.006338675040751696,2,1.0022448760577753,0.0018432396464049816,0.00033612819970585406,0.686418844328387,False,
650,OCNT-2535687,1,CYP2C9,4.2337164878845215,0.00028403045143932104,2.156497248506639e-05,0.0024552838876843452,32,0.9753875476207058,0.00886558461934328,0.0004050045390613377,0.6099920973629913,False,
650,OCNT-2535687,2,CYP2D6,4.151989936828613,0.0001280570577364415,8.362629159819335e-05,0.0010708475019782782,32,0.9486885550624246,0.003887864062562585,4.424154758453369e-05,0.6862673553931931,False,
650,OCNT-2535687,3,CYP3A4,3.5459303855895996,4.196432200842537e-05,2.6405029984744033e-06,0.00037053736741654575,32,0.7251789775961198,0.000974044669419527,0.0001330804661847651,0.4583372350547274,False,
651,OCNT-2535688,0,CYP1A2,5.0455827713012695,0.0003432429803069681,5.889745079912245e-05,0.001507692039012909,32,0.6787103137445997,0.007455018814653158,6.823377134423936e-06,0.41829844945200456,False,
651,OCNT-2535688,1,CYP2C9,4.855210781097412,1.63229869940551e-05,8.940696716308594e-08,8.095116936601698e-05,32,0.5165417824104529,0.00026997344684787095,0.44002994894981384,0.31799472301099796,False,
651,OCNT-2535688,2,CYP2D6,4.72915506362915,5.862854595761746e-05,1.9880628769897157e-06,0.0004390398389659822,32,0.8107408885957046,0.001521301339380443,0.000364352366887033,0.4780299539824257,False,
651,OCNT-2535688,3,CYP3A4,4.379974842071533,1.2742207218252588e-05,6.143906006172983e-08,9.64655919233337e-05,32,0.562505273057452,0.00022954188170842826,0.43974238634109497,0.3705411653170055,False,
652,OCNT-2535689,0,CYP1A2,5.312564373016357,0.00011195566912647337,0.0,0.0003624008095357567,32,0.3455398976920742,0.0012380353873595595,0.5987723469734192,0.27629530108792444,False,
652,OCNT-2535689,1,CYP2C9,5.234263896942139,3.9629358070669696e-06,2.9802322387695312e-08,1.6795653209555894e-05,32,0.6530182467479833,8.3020786405541e-05,0.5079448819160461,0.3249021094097754,False,
652,OCNT-2535689,2,CYP2D6,5.062633514404297,3.136845407425426e-05,1.907581463456154e-06,0.0001632615749258548,32,0.47243305283594283,0.0004743750032503158,0.001222602790221572,0.3480437485904999,False,
652,OCNT-2535689,3,CYP3A4,4.949357509613037,1.282266168800561e-07,0.0,7.822981729077583e-07,32,0.2785741645746813,1.2322036582190776e-06,0.9623569846153259,0.13898718140824884,True,curved
653,OCNT-2535690,0,CYP1A2,4.982694625854492,0.000760720984544605,0.0003241861122660339,0.0037975867744535208,32,0.9358173396355268,0.022780967876315117,1.2736880307784304e-05,0.5598321008254143,False,
653,OCNT-2535690,1,CYP2C9,4.636769771575928,0.0001467237016186118,4.6319215471157804e-05,0.0009338189265690744,32,0.8517812614674951,0.003999520558863878,0.0002894013305194676,0.4378794364999975,False,
653,OCNT-2535690,2,CYP2D6,4.269415855407715,0.0003251048328820616,0.0005893929628655314,0.00288259144872427,32,0.9143773580338389,0.009512884542346,6.835207750555128e-05,0.6169973330927379,False,
653,OCNT-2535690,3,CYP3A4,4.179442405700684,6.256629421841353e-05,1.6558042261749506e-05,0.0004463815421331674,32,0.8258058534722663,0.001653627841733396,4.1194936784449965e-05,0.5942206417045507,False,
654,OCNT-2535691,0,CYP1A2,4.9681501388549805,0.0005030538304708898,1.1565950444492046e-05,0.002242240821942687,32,0.6333016676968917,0.01019491720944643,0.0015128192026168108,0.5645782447121753,False,
654,OCNT-2535691,1,CYP2C9,4.722499370574951,8.91998024599161e-06,1.0745380052412656e-07,5.714937287848443e-05,32,0.5618914491383584,0.00016056574531830847,0.4102952480316162,0.2787617337833652,False,
654,OCNT-2535691,2,CYP2D6,4.520357608795166,5.236781362327747e-05,5.781977051810827e-06,0.00035010455758310854,32,0.7458387346013982,0.0012500928714871407,0.00015983301273081452,0.5859776234392824,False,
654,OCNT-2535691,3,CYP3A4,4.269214630126953,1.0886806194321252e-05,0.0,7.657118840143085e-05,32,0.5622080102083321,0.00019604069530032575,0.4472944140434265,0.38103111538285805,False,
655,OCNT-2535692,0,CYP1A2,4.945215225219727,0.0003418310370761901,1.908309968712274e-05,0.0012305317213758826,32,0.5467821286600426,0.005981202237308025,0.0024908275809139013,0.5673560362570158,False,
655,OCNT-2535692,1,CYP2C9,4.742116928100586,1.180135313916253e-05,2.384185791015625e-07,7.370491221081465e-05,32,0.6289575756516058,0.00023772288113832474,0.27354949712753296,0.27512007541901484,False,
655,OCNT-2535692,2,CYP2D6,4.611008167266846,6.221191142685711e-05,6.297182153502945e-06,0.00041142053669318557,32,0.731105450347035,0.001455704914405942,0.00013397859584074467,0.5498417027554632,False,
655,OCNT-2535692,3,CYP3A4,4.264309406280518,1.1683921002259012e-05,0.0,8.233900734921917e-05,32,0.5686772645377794,0.00021280214423313737,0.43983402848243713,0.3850052187557924,False,
656,OCNT-2535693,0,CYP1A2,5.048533916473389,0.00021699813078157604,9.298372788180131e-06,0.0009417185792699456,32,0.7140423646665811,0.0049584959633648396,0.001974713057279587,0.7352817249208411,False,
656,OCNT-2535693,1,CYP2C9,4.865496635437012,1.0118897989741527e-05,9.42432194506182e-08,6.656844925601035e-05,32,0.5556006353503657,0.0001800839090719819,0.38720622658729553,0.2798473525040287,False,
656,OCNT-2535693,2,CYP2D6,4.680997371673584,5.8569159591570497e-05,6.292031685006805e-06,0.00038478587521240115,32,0.7421795012401247,0.0013912400463595986,0.00015210201672744006,0.4674282833447566,False,
656,OCNT-2535693,3,CYP3A4,4.413296222686768,1.1749737495847512e-05,2.9802322387695312e-08,8.235285349655896e-05,32,0.568127270998616,0.00021379288227763027,0.43979763984680176,0.392196544504991,False,
657,OCNT-2535694,0,CYP1A2,4.593914985656738,0.00018230118439532816,2.186281381000299e-05,0.000695688824634999,32,0.7108452261710682,0.004147041123360395,0.00284433551132679,0.7304844151977751,False,
657,OCNT-2535694,1,CYP2C9,4.373904705047607,0.00015098667063284665,8.940696716308594e-08,0.0008124775486066937,32,0.5671333105837493,0.0027403277345001698,0.3340259790420532,0.42068373037554885,False,
657,OCNT-2535694,2,CYP2D6,4.218898773193359,6.771446351194754e-05,6.576664418389555e-06,0.0004937096382491291,32,0.7182216161239453,0.0015565175563097,0.00012674159370362759,0.4906837727858804,False,
657,OCNT-2535694,3,CYP3A4,3.9429068565368652,1.3900349586037919e-05,0.0,9.447941556572914e-05,32,0.4995451948936721,0.00022236314543988556,0.43989017605781555,0.37828681724087015,False,
658,OCNT-2535695,0,CYP1A2,5.007188320159912,0.000395407056203112,1.2426460671122186e-05,0.0016488919500261545,32,0.6236004691352426,0.007890632376074791,0.0018732461612671614,0.6158407914741509,False,
658,OCNT-2535695,1,CYP2C9,4.790953159332275,9.490262527833693e-06,1.1920928955078125e-07,6.121445767348632e-05,32,0.5730287733552504,0.00017420556105207652,0.3800719380378723,0.27802364457603324,False,
658,OCNT-2535695,2,CYP2D6,4.596976280212402,5.560989666264504e-05,5.999674613121897e-06,0.00037139892810955644,32,0.7416971525446548,0.001320099807344377,0.0001539086806587875,0.5497339260326544,False,
658,OCNT-2535695,3,CYP3A4,4.337998390197754,1.12064744826057e-05,6.664001972467304e-08,7.73011997807771e-05,32,0.5674911182073693,0.00020368798868730664,0.4473022520542145,0.3660575831492955,False,
659,OCNT-2535696,0,CYP1A2,4.970514297485352,0.0001945415133377537,1.6893947758944705e-05,0.0007108750287443399,32,0.6293419142785334,0.003918061498552561,0.002667216118425131,0.690140292591785,False,
659,OCNT-2535696,1,CYP2C9,4.787741184234619,9.88783904176671e-06,2.086162567138672e-07,6.290290912147611e-05,32,0.6173100414076366,0.00019552113371901214,0.3113512098789215,0.27780948023374963,False,
659,OCNT-2535696,2,CYP2D6,4.686575412750244,5.178001447347924e-05,5.559311375691323e-06,0.0003483378968667239,32,0.7378456079207354,0.0012228171108290553,0.00016530128777958453,0.538792499453816,False,
659,OCNT-2535696,3,CYP3A4,4.34339714050293,1.0341520464862697e-05,2.9802322387695312e-08,7.290155917871743e-05,32,0.5686089624948216,0.00018835095397662371,0.4548792243003845,0.3851236634633291,False,
660,OCNT-2535700,0,CYP1A2,4.947056293487549,0.00013306313485372812,4.020082633360289e-05,0.0005601065349765122,32,0.6726119618145762,0.002864210633561015,3.7727031667600386e-06,0.5003229708271162,False,
660,OCNT-2535700,1,CYP2C9,4.80055046081543,1.6484762454638258e-05,1.2821927839468117e-06,9.066991333384067e-05,32,0.8408473217450527,0.0004438264586497098,0.00028558706981129944,0.4087958685763494,False,
660,OCNT-2535700,2,CYP2D6,4.812203884124756,3.801558705163188e-05,1.351987862108217e-06,0.00024405657313764095,32,0.8324848052916235,0.0010129831498488784,0.0004622371925506741,0.5582870597379218,False,
660,OCNT-2535700,3,CYP3A4,4.396212577819824,3.46036467817612e-05,8.940696716308594e-08,0.000195822591194883,32,0.4786146075091902,0.0005301311030052602,0.43982604146003723,0.3672318563679422,False,
661,OCNT-2535701,0,CYP1A2,4.831157684326172,0.00018439730047248304,4.193975837551989e-05,0.0007041064091026783,32,0.5887272956166252,0.003474099561572075,3.195621729901177e-06,0.4541366152985591,False,
661,OCNT-2535701,1,CYP2C9,4.668787002563477,7.798525075486396e-06,8.940696716308594e-08,4.729023567051627e-05,32,0.6473765642798194,0.0001617617963347584,0.38690316677093506,0.30494468288843085,False,
661,OCNT-2535701,2,CYP2D6,4.861930847167969,6.23884261585772e-05,1.5571534959235578e-06,0.00044292962411418557,32,0.7424672358828552,0.0014825211837887764,0.0003529276873450726,0.513105216050226,False,
661,OCNT-2535701,3,CYP3A4,4.254595756530762,3.602354263421148e-05,5.960464477539063e-08,0.00020554731599986553,32,0.47873476873817966,0.0005520163103938103,0.43233567476272583,0.36539246546863013,False,
662,OCNT-2535702,0,CYP1A2,5.057499885559082,0.00037015671841800213,2.0503043742792215e-06,0.002012650715187192,32,0.8512046029626671,0.010082803666591644,0.0009348952444270253,0.6462960106717224,False,
662,OCNT-2535702,1,CYP2C9,4.735612392425537,0.00018196646124124527,4.5204600610304624e-05,0.0010960721410810947,32,0.7400508483994261,0.004309498704969883,0.00026328815147280693,0.45898973095330403,False,
662,OCNT-2535702,2,CYP2D6,4.505937099456787,0.00014393343008123338,0.00015130313113331795,0.0011476102517917752,32,0.9273327188177598,0.0042714704759418964,0.0002757870825007558,0.7699891839256732,False,
662,OCNT-2535702,3,CYP3A4,4.306312561035156,2.3821274226065725e-05,2.9802322387695312e-08,0.00016480889462400228,32,0.5757930922417636,0.0004391002585180104,0.3791061341762543,0.3799201043570358,False,
663,OCNT-2535703,0,CYP1A2,4.70338249206543,0.000205181582714431,2.2018472009222023e-05,0.0008717693272046745,32,0.6092716298298827,0.004000557120889425,9.050152584677562e-05,0.516445024582329,False,
663,OCNT-2535703,1,CYP2C9,4.472290992736816,1.6189524103538133e-05,7.46286389130546e-07,9.887226769933477e-05,32,0.7055368755054231,0.00036573957186192274,0.08381004631519318,0.2850760395747492,False,
663,OCNT-2535703,2,CYP2D6,4.5503411293029785,0.00011348976113367826,6.346355348796351e-06,0.0007905628881417215,32,0.8549953476690492,0.003105336567386985,5.615209011011757e-05,0.5752357852460946,False,
663,OCNT-2535703,3,CYP3A4,3.939289093017578,3.026102604053449e-05,1.0991735507559497e-05,0.00021781728719361126,32,0.7680382458762552,0.0007439777837134898,0.00011397762864362448,0.41132234998743805,False,
664,OCNT-2535705,0,CYP1A2,4.961702346801758,0.00032665496109984815,1.7455564375268295e-05,0.0011748145334422588,32,0.5457686733952732,0.005705072078853846,0.002496545435860753,0.5668256950696893,False,
664,OCNT-2535705,1,CYP2C9,4.757624626159668,9.425471216673031e-05,1.6473433788632974e-05,0.0004927203408442438,32,0.9099822097236189,0.002744934754446149,3.0504032110911794e-05,0.40379342969736487,False,
664,OCNT-2535705,2,CYP2D6,4.567104816436768,4.019810148747638e-05,5.4329398153640795e-06,0.00027644060901366174,32,0.8604172744283322,0.0011070638429373503,0.0001586639555171132,0.6045308566920897,False,
664,OCNT-2535705,3,CYP3A4,4.297346115112305,1.121326204156503e-05,9.42432194506182e-08,7.684539014007896e-05,32,0.5695360610548695,0.00020454567857086658,0.43983393907546997,0.4088652962538266,False,
665,OCNT-2535706,0,CYP1A2,4.54274845123291,0.0004930844879709184,7.62476702220738e-05,0.002613967750221491,32,0.7571168426960019,0.01194656454026699,1.9366994820302352e-05,0.5289584292529983,False,
665,OCNT-2535706,1,CYP2C9,4.306601524353027,5.6062930525513366e-05,1.4795382412557956e-05,0.00034346728352829814,6,0.9979406985182794,0.0003357447567395866,0.0001892772561404854,0.5334248493406961,False,
665,OCNT-2535706,2,CYP2D6,4.49075174331665,0.0001400398905389011,4.548648576019332e-05,0.0012823911383748055,32,0.9000594675270498,0.0040337033569812775,0.00012172893912065774,0.5872004442983573,False,
665,OCNT-2535706,3,CYP3A4,3.8379132747650146,1.9796148990280926e-05,9.42432194506182e-08,0.00013595262134913355,32,0.5628873449878461,0.0003567561798263341,0.37913402915000916,0.38531874564191093,False,
666,OCNT-2535708,0,CYP1A2,4.968285083770752,0.000532504462171346,0.0,0.003304903395473957,32,0.9224276586642742,0.015718594193458557,0.24284221231937408,0.5879757174061533,False,
666,OCNT-2535708,1,CYP2C9,4.8130059242248535,0.00021888948685955256,4.674317460739985e-05,0.0017341282218694687,32,0.9443819580332957,0.0066151912324130535,0.00032567931339144707,0.5983809584787393,False,
666,OCNT-2535708,2,CYP2D6,4.610108852386475,5.413508552010171e-05,3.538610144460108e-06,0.0003947264049202204,32,0.6836983300363371,0.0011846049455925822,0.0002430397435091436,0.5198923734687182,False,
666,OCNT-2535708,3,CYP3A4,4.329387187957764,9.562035302224103e-06,1.0745380052412656e-07,6.407520413631573e-05,32,0.5973807970133393,0.00018298080249223858,0.43969738483428955,0.392264630516251,False,
667,OCNT-2535712,0,CYP1A2,4.919917583465576,0.00048313537263311446,1.4222524441720452e-05,0.0023124050348997116,32,0.6352484008860909,0.009821354411542416,0.00218517635948956,0.4440575016517954,False,
667,OCNT-2535712,1,CYP2C9,4.7097649574279785,0.0002504211734049022,1.6449559552711435e-05,0.0021283505484461784,32,0.9652311094009468,0.007735166698694229,0.0002452022163197398,0.6150737474842165,False,
667,OCNT-2535712,2,CYP2D6,4.4978437423706055,0.00011774382437579334,4.7196823288686574e-05,0.0010413335403427482,32,0.9151949716330144,0.0034485666546970606,0.0001451802090741694,0.5819810935101644,False,
667,OCNT-2535712,3,CYP3A4,4.1968255043029785,8.95943958312273e-06,1.115100829451876e-07,5.956019231234677e-05,32,0.5717533176087864,0.00016410581883974373,0.470058798789978,0.4219417148318793,False,
668,OCNT-2535713,0,CYP1A2,4.66874361038208,0.000533949350938201,8.561489084968343e-05,0.003136340994387865,32,0.8994448464493225,0.015368543565273285,1.251426601811545e-05,0.6346944082218197,False,
668,OCNT-2535713,1,CYP2C9,4.409691333770752,2.6663836251827888e-05,1.1928377716685645e-06,0.00018401829584036022,32,0.737569679599321,0.0006295620114542544,0.0007075567846186459,0.5139636902393422,False,
668,OCNT-2535713,2,CYP2D6,4.253620147705078,8.007495489437133e-05,2.123471858794801e-05,0.0005952708888798952,32,0.9395602855045001,0.002407828578725457,2.396106719970703e-05,0.6007936459217906,False,
668,OCNT-2535713,3,CYP3A4,3.799374580383301,0.0001565466372994706,2.6657498892745934e-05,0.0011383588425815105,32,0.8713497740193563,0.004365298897027969,9.152383427135646e-05,0.4970910460681317,False,
669,OCNT-2535715,0,CYP1A2,4.40418815612793,0.0004979445366188884,0.0,0.0026049832813441753,32,0.6365355060729447,0.01014290377497673,0.4170245826244354,0.4940686938007741,False,
669,OCNT-2535715,1,CYP2C9,4.25787878036499,0.00014285095676314086,2.9802322387695312e-08,0.0007739271968603134,32,0.5725235261003861,0.002617320278659463,0.3716757595539093,0.4312561537860313,False,
669,OCNT-2535715,2,CYP2D6,4.293400764465332,5.437892468762584e-05,1.0277481123921461e-06,0.000397069234168157,32,0.6827648670685863,0.0011883151018992066,0.000530241581145674,0.4229900600187535,False,
669,OCNT-2535715,3,CYP3A4,3.889378547668457,1.4571768588211853e-05,7.300048565639372e-08,0.00010330524673918262,32,0.5323336636204223,0.0002483957214280963,0.4020848870277405,0.39792498793499786,False,
670,OCNT-2535717,0,CYP1A2,4.368080139160156,0.0010275356471538544,5.960464477539063e-08,0.005977155175060034,32,0.7989487489922396,0.026270601898431778,0.2805456519126892,0.600713357777318,False,
670,OCNT-2535717,1,CYP2C9,4.195674896240234,3.771435785893118e-06,2.9802322387695312e-08,2.4447121177217923e-05,32,0.5777162630891831,6.990710244281217e-05,0.5461476445198059,0.2906571218889295,False,
670,OCNT-2535717,2,CYP2D6,4.4098286628723145,7.628017920069396e-05,1.841002131186542e-06,0.0005086222663521767,32,0.7810646331051021,0.0019068019464612007,0.00022384343901649117,0.4766984158286366,False,
670,OCNT-2535717,3,CYP3A4,3.6954917907714844,2.4969853257061914e-05,1.0323827126512697e-07,0.0001754319091560319,32,0.5932700830669143,0.0004742335877381265,0.3185003101825714,0.39947574957032345,False,
671,OCNT-2535720,0,CYP1A2,4.714873313903809,0.0003156662278342992,4.621022890205495e-05,0.0015558047452941537,32,0.6184792301305153,0.006247654091566801,0.00013451323320623487,0.5381850925402584,False,
671,OCNT-2535720,1,CYP2C9,4.526601314544678,1.2138962119934149e-05,2.4027400513659813e-07,6.980143371038139e-05,32,0.7168756312558505,0.0002786974364425987,0.25047680735588074,0.28957869498587546,False,
671,OCNT-2535720,2,CYP2D6,4.581263542175293,7.461653149221092e-05,1.2381420901874662e-06,0.00048288298421539366,32,0.6721313218056753,0.0016050825361162424,0.0003758077509701252,0.492237958791127,False,
671,OCNT-2535720,3,CYP3A4,4.0760722160339355,1.1622619240370113e-05,5.960464477539063e-08,8.137393888318911e-05,32,0.5612719062044815,0.00020892999600619078,0.44725680351257324,0.36955325553236634,False,
672,OCNT-2535724,0,CYP1A2,4.616940021514893,0.0007336772396229208,2.0497764126048423e-06,0.004115148913115263,32,0.820612420383236,0.01926633156836033,0.0007936669862829149,0.6355193301436795,False,
672,OCNT-2535724,1,CYP2C9,4.319848537445068,8.505634468747303e-06,2.9802322387695312e-08,5.544304440263659e-05,32,0.43379694344529196,0.00011820979852927849,0.5008504390716553,0.331352800020686,False,
672,OCNT-2535724,2,CYP2D6,4.4212965965271,8.740769408177584e-05,6.725245839334093e-06,0.0006726325373165309,32,0.8281236986592864,0.002316565252840519,8.322930807480589e-05,0.6054237521429263,False,
672,OCNT-2535724,3,CYP3A4,3.771730422973633,2.4564391424064524e-05,1.1397196431062184e-07,0.00017789544654078782,32,0.5829209700853123,0.00045839769882149994,0.3261909484863281,0.39657605866882195,False,
673,OCNT-2535725,0,CYP1A2,4.954843997955322,0.00031975554884411395,0.00034303797292523086,0.0019123877864331007,32,0.9738855907054883,0.009965281933546066,0.0010203380370512605,0.7423909903726194,False,
673,OCNT-2535725,1,CYP2C9,4.7415947914123535,0.00011586678010644391,8.788098057266325e-06,0.0009004109888337553,32,0.9630313321862682,0.003570975037291646,0.00011572964285733178,0.6913836347629987,False,
673,OCNT-2535725,2,CYP2D6,4.415185451507568,4.723932215711102e-05,6.300795121205738e-06,0.0003308765881229192,32,0.8195241902923428,0.0012391027994453907,0.00014678185107186437,0.6122367566110815,False,
673,OCNT-2535725,3,CYP3A4,4.191218376159668,8.279859321191907e-05,1.0803752957144752e-05,0.0005407922435551882,32,0.7688956875170729,0.002037477446720004,0.00014371944416780025,0.4527535068142874,False,
674,OCNT-2535726,0,CYP1A2,4.7696213722229,0.0006607783725485206,2.9802322387695312e-08,0.004179804585874081,32,0.963038647806237,0.020363671705126762,0.2351325899362564,0.639322031944492,False,
674,OCNT-2535726,1,CYP2C9,4.626446723937988,4.5014430725132115e-06,5.960464477539063e-08,2.4625047444715165e-05,32,0.6602739673430166,9.532122930977494e-05,0.4704606533050537,0.2838810138800666,False,
674,OCNT-2535726,2,CYP2D6,4.725353240966797,5.101025817566551e-05,1.0823619049915578e-06,0.0003721750108525157,32,0.7305296862695114,0.001192698022350669,0.0007978316280059516,0.4784506775245355,False,
674,OCNT-2535726,3,CYP3A4,4.180647373199463,3.9784896216588095e-05,1.0745380052412656e-07,0.00023377678007818758,32,0.48556904894120706,0.0006183414370752871,0.3944159150123596,0.38341401676619774,False,
675,OCNT-2535728,0,CYP1A2,4.859799861907959,0.0006675738841295242,7.669047590752598e-06,0.004098806530237198,32,0.9478117010685696,0.020247802138328552,0.00029550446197390556,0.6636449166801676,False,
675,OCNT-2535728,1,CYP2C9,4.712188243865967,0.00010787416977109388,8.054184036154766e-06,0.0008498138631694019,32,0.9580248916634385,0.0033073830418288708,9.258904174203053e-05,0.6916002740636205,False,
675,OCNT-2535728,2,CYP2D6,4.496277332305908,4.46088524768129e-05,9.518098522676155e-07,0.0003243858809582889,32,0.7317260991133081,0.001044760923832655,0.008697343990206718,0.4821755840328176,False,
675,OCNT-2535728,3,CYP3A4,4.191564559936523,7.895463204476982e-05,1.0500466487428639e-05,0.0005195502890273929,32,0.7748069900186069,0.0019578351639211178,0.00013719995331484824,0.45347640034658043,False,
676,OCNT-2535729,0,CYP1A2,5.055141925811768,0.000656419899314642,0.0003039024886675179,0.0032386931125074625,32,0.9264479148970349,0.019460739567875862,1.5421799616888165e-05,0.562619514458197,False,
676,OCNT-2535729,1,CYP2C9,4.796793460845947,6.529408437927486e-06,6.664001972467304e-08,4.103164974367246e-05,32,0.3884544923724364,8.128840272547677e-05,0.6375346183776855,0.3187301092717092,False,
676,OCNT-2535729,2,CYP2D6,4.616037845611572,4.1381244955118746e-05,5.5752848311385605e-06,0.0002896399819292128,32,0.8250543621322434,0.0010928008705377579,0.00014741267659701407,0.6075405492831529,False,
676,OCNT-2535729,3,CYP3A4,4.357460975646973,3.3257918403251097e-05,8.940696716308594e-08,0.00018425012240186334,32,0.4757561285360771,0.0005064773140475154,0.4551273286342621,0.3476552432291756,False,
677,OCNT-2535730,0,CYP1A2,5.181446075439453,0.00026858324417844415,0.00030386741855181754,0.0014980098931118846,32,0.9944989995877607,0.008547702804207802,0.0012747374130412936,0.8221948728406849,False,
677,OCNT-2535730,1,CYP2C9,5.002729892730713,8.9546529125073e-06,5.960464477539063e-08,5.866672290721908e-05,32,0.5566548306309614,0.0001596869551576674,0.402393102645874,0.2778812688735457,False,
677,OCNT-2535730,2,CYP2D6,4.749366283416748,5.084000440547243e-05,5.565698302234523e-06,0.0003414120292291045,32,0.7443289685780266,0.0012111722026020288,0.0001524533290648833,0.5532740844969712,False,
677,OCNT-2535730,3,CYP3A4,4.556623935699463,3.2855019526323304e-05,8.429369557916289e-08,0.00018469823407940567,32,0.477706515696263,0.0005023946869187057,0.44736430048942566,0.3746857121068842,False,
678,OCNT-2535731,0,CYP1A2,4.858828067779541,0.0007977786008268595,1.4901161193847656e-08,0.005040434654802084,32,0.9570097085645619,0.024431725963950157,0.23526453971862793,0.6265478470815677,False,
678,OCNT-2535731,1,CYP2C9,4.706968784332275,5.658497229887871e-06,5.960464477539063e-08,3.099144669249654e-05,32,0.6603286141070615,0.0001197782694362104,0.43244242668151855,0.2857256273553113,False,
678,OCNT-2535731,2,CYP2D6,4.5916056632995605,0.00011995562090305611,1.340773337688006e-06,0.0008033346384763718,32,0.6746869933419852,0.002590055810287595,0.000694961694534868,0.49753990153770555,False,
678,OCNT-2535731,3,CYP3A4,4.155484676361084,5.009140295442194e-05,0.0,0.0002960542915388942,32,0.48617458711446754,0.0007794569246470928,0.35658156871795654,0.3842997445553542,False,
679,OCNT-2535732,0,CYP1A2,5.096620559692383,0.0006910135853104293,1.2449382893464644e-06,0.0050767576321959496,2,1.0053678267836856,0.0013894657604396343,0.0001957217900780961,0.8098905836922712,False,
679,OCNT-2535732,1,CYP2C9,4.8937249183654785,0.00012640180648304522,5.171767043066211e-05,0.0006690513691864908,2,1.0005359537605711,0.00025295911473222077,2.9391412681434304e-06,0.5607361772565093,False,
679,OCNT-2535732,2,CYP2D6,4.564716339111328,8.027508738450706e-05,5.719595355913043e-05,0.0004779968876391649,32,0.8636152171703074,0.0022187335416674614,0.0003927453944925219,0.5200750979107913,False,
679,OCNT-2535732,3,CYP3A4,4.433539867401123,3.119530447293073e-05,2.9802322387695312e-08,0.00018354388885200024,32,0.4845242101939826,0.0004838312161155045,0.4322599172592163,0.38253458992685796,False,
680,OCNT-2535733,0,CYP1A2,4.990232944488525,0.000616628210991621,1.4901161193847656e-08,0.0037928163073956966,32,0.9370873457860047,0.018491003662347794,0.24264219403266907,0.6412677326369584,False,
680,OCNT-2535733,1,CYP2C9,4.856815814971924,7.344589448621264e-06,8.940696716308594e-08,3.534485222189687e-05,32,0.6839983521170495,0.0001609768660273403,0.3868844211101532,0.3058475449784509,False,
680,OCNT-2535733,2,CYP2D6,4.744123935699463,5.5791999329812825e-05,9.452552376387757e-07,0.0003831976791843772,32,0.6777835195781173,0.001210293616168201,0.008563697338104248,0.48124839129300395,False,
680,OCNT-2535733,3,CYP3A4,4.402058124542236,3.503996413201094e-05,1.2287812012345967e-07,0.00020593038061633706,32,0.48538139364885935,0.000544403214007616,0.40207305550575256,0.3833340676556747,False,
681,OCNT-2535734,0,CYP1A2,4.774462699890137,0.0014376752078533173,3.1689063462181366e-07,0.008711663074791431,2,1.0018898635799787,0.0028808044735342264,0.06848873943090439,0.6518363079922948,False,
681,OCNT-2535734,1,CYP2C9,4.601950168609619,4.645369699574076e-06,8.940696716308594e-08,2.6190215066890232e-05,32,0.6169485443208382,9.190795390168205e-05,0.4856489896774292,0.2715257077155885,False,
681,OCNT-2535734,2,CYP2D6,4.729085445404053,0.00014265334175433964,1.0578775118119665e-06,0.0009107947698794305,32,0.6623309826341495,0.0030236912425607443,0.0009754950297065079,0.4388426299967995,False,
681,OCNT-2535734,3,CYP3A4,4.120131969451904,3.813273360719904e-05,5.960464477539063e-08,0.00022569464636035264,32,0.4860411973358393,0.0005932460771873593,0.39447221159935,0.38407743544751755,False,
682,OCNT-2535736,0,CYP1A2,5.098229885101318,0.00029999844264239073,0.0003453114186413586,0.001712774857878685,2,1.0028773567884315,0.0006017433479428291,0.00289916037581861,0.821244526488086,False,
682,OCNT-2535736,1,CYP2C9,4.841211795806885,1.8493929019314237e-05,2.682209014892578e-07,0.00011071584594901651,32,0.5913576994000452,0.00035015810863114893,0.227827787399292,0.278451621001365,False,
682,OCNT-2535736,2,CYP2D6,4.639027118682861,8.158694254234433e-05,6.090256192692323e-06,0.0005393461906351149,32,0.7116104583332385,0.0018580876057967544,0.00014789943816140294,0.5236314422924324,False,
682,OCNT-2535736,3,CYP3A4,4.31088399887085,3.958708475693129e-05,0.0,0.00021929465583525598,32,0.4778276071589227,0.000605458568315953,0.4323335886001587,0.374539203306649,False,
683,OCNT-2535737,0,CYP1A2,4.8429179191589355,0.0007642274140380323,0.0005528515321202576,0.004083116073161364,17,0.9805729263714373,0.012739638797938824,2.014366145886015e-06,0.5270595733714046,False,
683,OCNT-2535737,1,CYP2C9,4.588807106018066,6.770378149667522e-06,2.9802322387695312e-08,4.435348091647029e-05,32,0.4528546444041229,9.825682354858145e-05,0.546416163444519,0.3164790340272382,False,
683,OCNT-2535737,2,CYP2D6,4.486354351043701,9.871510701486841e-05,7.669045589864254e-05,0.0009113746928051114,32,0.909094045356404,0.0028720130212605,0.00016713007062207907,0.638956073728509,False,
683,OCNT-2535737,3,CYP3A4,4.02634859085083,6.599485641345382e-05,1.5363180864369497e-05,0.0004998681251890957,32,0.7523656926045155,0.0015891132643446326,7.281745638465509e-05,0.4655002796976607,False,
684,OCNT-2535738,0,CYP1A2,4.587573051452637,0.0016454397700726986,0.001110431388951838,0.009087981656193733,32,0.969652284137577,0.051056452095508575,2.6655015972210094e-06,0.5937776032685078,False,
684,OCNT-2535738,1,CYP2C9,4.33788537979126,7.250974704220425e-06,5.960464477539063e-08,4.8075205995701253e-05,32,0.4783362882991961,0.00011114200606243685,0.5084512829780579,0.3098091249174458,False,
684,OCNT-2535738,2,CYP2D6,4.153634548187256,0.00014314094732981175,0.00010229174949927256,0.0013306747423484921,32,0.9005255147935556,0.004125154577195644,0.00014447534340433776,0.6259147182554341,False,
684,OCNT-2535738,3,CYP3A4,3.6554040908813477,9.028893691720441e-05,2.1505471522687003e-05,0.0006839217967353761,32,0.7581967453972212,0.0021908595226705074,6.785763252992183e-05,0.4693222182529755,False,
685,OCNT-2535739,0,CYP1A2,4.985375881195068,0.000764552503824234,0.0005363324889913201,0.004211262799799442,2,1.0009676528526925,0.0015306046698242426,2.894889121307642e-06,0.5051032747327503,False,
685,OCNT-2535739,1,CYP2C9,4.754725933074951,6.0166035837028176e-05,1.3407170627033338e-05,0.0003494710836093873,24,0.9901217887517161,0.001429958501830697,5.865999992238358e-05,0.5226200120847868,False,
685,OCNT-2535739,2,CYP2D6,4.496546268463135,8.733899448998272e-05,9.325193241238594e-05,0.000764128053560853,32,0.962927474725132,0.0026915438938885927,0.0016735539538785815,0.6886643720729873,False,
685,OCNT-2535739,3,CYP3A4,4.230137825012207,6.456664414145052e-05,1.6561816664761864e-05,0.00047161371912807226,32,0.7632857584001453,0.0015772938495501876,0.00010554447362665087,0.49386329687788255,False,
686,OCNT-2535740,0,CYP1A2,4.842224597930908,0.0009393575019203126,0.0005453542689792812,0.005701073445379734,2,1.0025224730185986,0.0018834740621969104,9.974746717489325e-07,0.6569747690286423,False,
686,OCNT-2535740,1,CYP2C9,4.563112735748291,8.667935617268085e-05,3.421512883505784e-05,0.0005689355311915278,17,0.9758827186727684,0.0014381769578903913,0.00023376038006972522,0.4357375752063076,False,
686,OCNT-2535740,2,CYP2D6,4.342592239379883,0.00011241516040172428,0.00010369127267040312,0.000837510684505105,32,0.8519981798719775,0.0030651530250906944,0.0005256881122477353,0.6698847315811272,False,
686,OCNT-2535740,3,CYP3A4,3.998284339904785,7.097660272847861e-05,1.597357913851738e-05,0.0005282005295157433,32,0.7422903555531914,0.001686165458522737,7.672607898712158e-05,0.4671045135285228,False,
687,OCNT-2535741,0,CYP1A2,4.852611064910889,0.0006925963098183274,0.0004842655616812408,0.0037366861943155527,2,1.0001815465199604,0.0013854641001671553,3.827792170341127e-06,0.5462344875217097,False,
687,OCNT-2535741,1,CYP2C9,4.574403762817383,9.18973091756925e-06,5.960464477539063e-08,5.801399311167188e-05,32,0.41976647360005587,0.0001235756353707984,0.5615109205245972,0.3398955108895415,False,
687,OCNT-2535741,2,CYP2D6,4.3973469734191895,0.00010852051491383463,7.454992737621069e-05,0.0009930436499416828,32,0.8977962158412532,0.0031180251389741898,0.00011402368545532227,0.6178722764365743,False,
687,OCNT-2535741,3,CYP3A4,4.01170539855957,6.593942816834897e-05,1.5442565199919045e-05,0.0004975558258593082,32,0.7532965181635579,0.0015897431876510382,7.632194319739938e-05,0.4700522038510767,False,
688,OCNT-2535744,0,CYP1A2,4.971233367919922,0.0003064382472075522,0.00032887558336369693,0.0018325301352888346,32,0.9738252453518547,0.00954966526478529,0.0010204920545220375,0.7424039934607565,False,
688,OCNT-2535744,1,CYP2C9,4.759373188018799,0.00011104163422714919,8.424204679613467e-06,0.0008627731003798544,32,0.9631270384390682,0.0034226186107844114,0.00012227892875671387,0.6913246936667838,False,
688,OCNT-2535744,2,CYP2D6,4.454679012298584,4.539221481536515e-05,6.0274414863670245e-06,0.0003180232015438378,32,0.819186788033284,0.0011901726247742772,0.00014529986947309226,0.6158907169478521,False,
688,OCNT-2535744,3,CYP3A4,4.196310043334961,0.00010682114225346595,1.099957080441527e-05,0.0006502468604594469,32,0.670011955450275,0.002290500560775399,0.0001723924360703677,0.4470177647340876,False,
689,OCNT-2535745,0,CYP1A2,5.097827434539795,0.0003675314364954829,2.1796644432470202e-05,0.002251270692795515,26,0.9385923725327997,0.008969261310994625,5.519299975276226e-06,0.7180929981869177,False,
689,OCNT-2535745,1,CYP2C9,4.9347920417785645,7.962533709360287e-05,3.5412296711001545e-05,0.000534061633516103,10,0.9862730538722306,0.0007854218711145222,0.00031568470876663923,0.4950140203210331,False,
689,OCNT-2535745,2,CYP2D6,4.618584156036377,0.00014427321730181575,0.0001322204334428534,0.0010985994013026357,32,0.9424499921625848,0.004351350944489241,0.0003302589466329664,0.7855649493578771,False,
689,OCNT-2535745,3,CYP3A4,4.509661674499512,3.919498703908175e-05,5.960464477539063e-08,0.0002505299053154886,32,0.5121953395402721,0.0006425795727409422,0.37925663590431213,0.3882071908073296,False,
690,OCNT-2535746,0,CYP1A2,4.809751033782959,0.00013038437464274466,4.6023913455428556e-05,0.000718220486305654,32,0.7270047616505667,0.0030335146002471447,6.41418228042312e-05,0.5519424189694184,False,
690,OCNT-2535746,1,CYP2C9,4.654579162597656,0.00011274973076069728,8.79563685884932e-06,0.0008969485061243176,32,0.9706882360066195,0.0035025454126298428,9.264503751182929e-05,0.7063816635083322,False,
690,OCNT-2535746,2,CYP2D6,4.533568382263184,4.179461393505335e-05,1.2573613048516563e-06,0.0002647930523380637,32,0.8163514474256511,0.001092072227038443,0.0005247362423688173,0.4692896265959432,False,
690,OCNT-2535746,3,CYP3A4,4.182316303253174,6.606827082578093e-05,1.0092344382428564e-05,0.0004359573358669877,32,0.8720684169685631,0.00184399273712188,5.583781239693053e-05,0.5175297511243755,False,
691,OCNT-2535747,0,CYP1A2,5.144149303436279,0.00027959744329564273,0.00031604128889739513,0.0015585243236273527,32,0.9937596431299202,0.008891602978110313,0.0013678204268217087,0.8321411291563668,True,spectral
691,OCNT-2535747,1,CYP2C9,4.918349742889404,5.9578876971499994e-05,6.175831367727369e-05,0.00033456095843575895,15,0.9857629871361135,0.000881107640452683,0.0002872975601349026,0.3892125532101151,False,
691,OCNT-2535747,2,CYP2D6,4.529461860656738,4.2587675125105307e-05,5.760758995165816e-06,0.0002965459134429693,32,0.828198793335681,0.0011289389804005623,0.00015726911078672856,0.593071832734019,False,
691,OCNT-2535747,3,CYP3A4,4.42573356628418,3.4215736377518624e-05,5.960464477539063e-08,0.0001917989575304091,32,0.47738640747198136,0.0005228448426350951,0.43994665145874023,0.3775267996015116,False,
692,OCNT-2535748,0,CYP1A2,4.984348297119141,0.0003354073560331017,3.917843514500419e-06,0.001731254393234849,32,0.8181079037957008,0.008781042881309986,0.0008224072516895831,0.6854982073586674,False,
692,OCNT-2535748,1,CYP2C9,4.7439866065979,9.56855910771992e-06,5.960464477539063e-08,6.247153942240402e-05,32,0.4505097732326332,0.0001380875037284568,0.4556502401828766,0.3204480156752957,False,
692,OCNT-2535748,2,CYP2D6,4.675698280334473,5.5506530770799145e-05,7.948565325932577e-06,0.00037828402128070593,32,0.8646099263144497,0.001536004594527185,0.0001230822381330654,0.6274113369645393,False,
692,OCNT-2535748,3,CYP3A4,4.322793483734131,1.4817168448644225e-05,5.960464477539063e-08,0.00010222496348433197,32,0.569876330105476,0.00027038887492381036,0.4094242751598358,0.38653289327762563,False,
693,OCNT-2535749,0,CYP1A2,4.980353355407715,0.00034950944245792925,4.453727342479397e-06,0.0018048662459477782,32,0.8185966647268282,0.009155694395303726,0.0008458657539449632,0.6858100198617987,False,
693,OCNT-2535749,1,CYP2C9,4.766866207122803,9.574131581757683e-06,5.960464477539063e-08,6.347773887682706e-05,32,0.4660125567964346,0.00014292242121882737,0.447939932346344,0.32125623891275334,False,
693,OCNT-2535749,2,CYP2D6,4.640039920806885,5.873517147847451e-05,8.412137503910344e-06,0.0004003244685009122,32,0.8650232503667737,0.0016261100536212325,0.00012060457811458036,0.6289245146951379,False,
693,OCNT-2535749,3,CYP3A4,4.333257675170898,1.5688327039242722e-05,5.960464477539063e-08,0.00010841266339411959,32,0.5698963484840049,0.00028628541622310877,0.40191230177879333,0.38401147595246277,False,
694,OCNT-2535750,0,CYP1A2,4.883595943450928,0.0003051084349863231,2.4394253159698565e-06,0.0015741630923002958,32,0.7866172745452696,0.007680365815758705,0.0009156609885394573,0.660158734431481,False,
694,OCNT-2535750,1,CYP2C9,4.675571918487549,0.00015464510943274945,2.9802322387695312e-08,0.000936249503865838,32,0.6965289454842843,0.0034470963291823864,0.31105300784111023,0.45860342670994325,False,
694,OCNT-2535750,2,CYP2D6,4.484846591949463,4.217175592202693e-05,4.931541297992226e-06,0.00032690211082808673,32,0.8159586412559974,0.001101394183933735,0.00023141007113736123,0.47849948348122545,False,
694,OCNT-2535750,3,CYP3A4,4.29829216003418,3.0812752811471e-05,8.940696716308594e-08,0.0001760301529429853,32,0.4631575250836001,0.00045682527706958354,0.4627199172973633,0.4108051466625132,False,
695,OCNT-2535751,0,CYP1A2,4.8725714683532715,0.0003085473144892603,2.266593583044596e-06,0.0015918186400085688,32,0.7870413088080008,0.007771115284413099,0.0008349188137799501,0.6605211307701501,False,
695,OCNT-2535751,1,CYP2C9,4.645986557006836,0.0001546888961456716,2.9802322387695312e-08,0.0009374972432851791,32,0.6964190428797592,0.0034475282300263643,0.3109668791294098,0.4573251973204513,False,
695,OCNT-2535751,2,CYP2D6,4.481561183929443,4.2102441511815414e-05,4.947813977196347e-06,0.00032678546267561615,32,0.8161012199870504,0.0010997764766216278,0.00020370564016047865,0.48042609256531477,False,
695,OCNT-2535751,3,CYP3A4,4.292512893676758,1.3230678632680792e-05,1.115100829451876e-07,8.858527871780097e-05,32,0.4638425656097716,0.00019653089111670852,0.47781938314437866,0.4163572227629766,False,
696,OCNT-2535753,0,CYP1A2,4.578614234924316,0.0005442195106297731,0.0,0.002895115874707699,32,0.6638200222670608,0.011560654267668724,0.4018252491950989,0.5132803060639781,False,
696,OCNT-2535753,1,CYP2C9,4.440742015838623,3.896939233527519e-06,2.9802322387695312e-08,2.1296342310961336e-05,32,0.632889367082167,7.912512955954298e-05,0.5234105587005615,0.28925242911176147,False,
696,OCNT-2535753,2,CYP2D6,4.637368679046631,0.000129626554553397,1.0469060498508043e-06,0.0008579257410019636,32,0.6562677354422497,0.002722441218793392,0.0007348466897383332,0.4239491742535346,False,
696,OCNT-2535753,3,CYP3A4,4.00358772277832,1.4245039892557543e-05,4.214684778958144e-08,0.00010108792048413306,32,0.5930669792673748,0.00027053419034928083,0.386768102645874,0.4018362329945789,False,
697,OCNT-2535754,0,CYP1A2,4.834509372711182,0.00010121609375346452,1.9030765542993322e-05,0.0003956842119805515,32,0.5119934522162356,0.00165846711024642,0.0022717330139130354,0.48328507339920734,False,
697,OCNT-2535754,1,CYP2C9,4.631526470184326,2.3419919671141542e-05,1.1969259503530338e-06,0.0001308950304519385,32,0.7854541955145937,0.0005889001186005771,0.0004119606746826321,0.3290836047847708,False,
697,OCNT-2535754,2,CYP2D6,4.540553569793701,9.11662500584498e-05,4.68370762973791e-06,0.0006688977591693401,32,0.8549968101097246,0.0024945728946477175,0.00011190681834705174,0.571741238781569,False,
697,OCNT-2535754,3,CYP3A4,4.1115336418151855,2.9049147997284308e-05,8.429369557916289e-08,0.00019669055473059416,32,0.5021975751961688,0.00046698987716808915,0.40198081731796265,0.373333547172088,False,
698,OCNT-2535755,0,CYP1A2,4.128860950469971,0.001218218938447535,4.293664460419677e-05,0.008007529191672802,2,1.0009775043155373,0.0024388395249843597,1.4142556210572366e-05,0.7054997486397464,False,
698,OCNT-2535755,1,CYP2C9,3.778146505355835,0.0002513114013709128,3.561589983291924e-05,0.0023623378947377205,32,0.8347033823187007,0.006712922360748053,0.00028681167168542743,0.5534897340416856,False,
698,OCNT-2535755,2,CYP2D6,3.9634838104248047,0.00014387140981853008,2.5341916625620797e-05,0.0012775494251400232,32,0.8074177169697746,0.0037175167817622423,6.839903653599322e-05,0.5138331846918542,False,
698,OCNT-2535755,3,CYP3A4,2.9389472007751465,0.0001698096311884001,2.212695289927069e-05,0.001301257754676044,32,0.848452194064568,0.004610682837665081,5.574975875788368e-05,0.480207362307974,False,
699,OCNT-2535757,0,CYP1A2,4.976246356964111,0.00039495705277659,2.2724812879459932e-05,0.0024918196722865105,26,0.9502186297871162,0.009757931344211102,5.257852080831071e-06,0.702339198500997,False,
699,OCNT-2535757,1,CYP2C9,4.798439979553223,0.00011142875155201182,4.5702669012825936e-05,0.0007223954889923334,11,0.9900068585795686,0.0012135764118283987,0.00024219579063355923,0.4958649835406699,False,
699,OCNT-2535757,2,CYP2D6,4.6018900871276855,0.00018892787920776755,0.0001674925588304177,0.0014777592150494456,32,0.9437903286964814,0.005706167779862881,0.0002968586632050574,0.7429971436298597,False,
699,OCNT-2535757,3,CYP3A4,4.388919353485107,2.4232804207713343e-05,1.0323827126512697e-07,0.0001655834203120321,32,0.5930179569178674,0.00046004538307897747,0.3641033172607422,0.396259425076408,False,
700,OCNT-2535759,0,CYP1A2,4.886922359466553,0.00031524169025942683,1.8554195776232518e-05,0.001994909718632698,23,0.946466816925292,0.006862631067633629,6.9674215410486795e-06,0.6730068648491461,False,
700,OCNT-2535759,1,CYP2C9,4.664254665374756,8.768844418227673e-05,3.6154357076156884e-05,0.0005677154404111207,14,0.9796424513669829,0.0012027836637571454,0.00026170999626629055,0.48077504226031686,False,
700,OCNT-2535759,2,CYP2D6,4.770362377166748,0.00015008861373644322,0.0001303071330767125,0.00119525077752769,32,0.9382085464128566,0.004506361670792103,0.0002405060949968174,0.71818355683955,False,
700,OCNT-2535759,3,CYP3A4,4.244361877441406,3.734833080670796e-05,3.108790380679238e-08,0.00023902730026748031,32,0.5075736939928348,0.0006067873910069466,0.3869227468967438,0.3837678396699873,False,
701,OCNT-2535760,0,CYP1A2,4.798956871032715,0.0002629708906169981,3.8462607676592597e-07,0.001327776350080967,32,0.742474182190175,0.006248208694159985,0.17468395829200745,0.5965086925721023,False,
701,OCNT-2535760,1,CYP2C9,4.644996166229248,0.00021270534489303827,1.7046540961018763e-05,0.0014122482389211655,32,0.7367419932104653,0.005014922469854355,0.0001454104931326583,0.48744600525182813,False,
701,OCNT-2535760,2,CYP2D6,4.6897759437561035,0.00011922367411898449,5.2448667702265084e-05,0.0009491024538874626,32,0.9522472319697456,0.0036332779563963413,0.00012775171489920467,0.5591164469148964,False,
701,OCNT-2535760,3,CYP3A4,4.411672592163086,1.5079726836120244e-05,0.0,9.18148725759238e-05,32,0.3810883428687092,0.00018401660781819373,0.6291839480400085,0.2697255713578447,False,
702,OCNT-2535761,0,CYP1A2,4.781819820404053,0.00019205040007364005,2.2630802050116472e-05,0.0007207439048215747,32,0.7096757884376174,0.004361619707196951,0.0028424393385648727,0.7398479699034695,False,
702,OCNT-2535761,1,CYP2C9,4.569637775421143,1.0681974345061462e-05,1.1920928955078125e-07,6.979417230468243e-05,32,0.5739699839876876,0.0001963799149962142,0.364376038312912,0.2811601652241298,False,
702,OCNT-2535761,2,CYP2D6,4.580430030822754,6.388717156369239e-05,6.8853682932967786e-06,0.0004377669538371265,32,0.7395569681388761,0.0015121791511774063,0.00014631585509050637,0.5687928064287828,False,
702,OCNT-2535761,3,CYP3A4,4.016769886016846,1.4116208149062004e-05,1.0745380052412656e-07,0.00010346155613660812,32,0.5411286901936055,0.0002446110884193331,0.43215110898017883,0.3727387685537479,False,
703,OCNT-2535762,0,CYP1A2,4.856604099273682,0.00023944034182932228,3.0585182685172185e-05,0.0008652584510855377,32,0.6849277416904964,0.005248197820037603,0.0030357472132891417,0.7164123514784162,False,
703,OCNT-2535762,1,CYP2C9,4.551800727844238,4.371862451080233e-05,1.5875215467531234e-05,0.00022141267254482955,32,0.5858851743119124,0.0008198384894058108,0.0003090473765041679,0.3832105146120027,False,
703,OCNT-2535762,2,CYP2D6,4.4486470222473145,9.611483983462676e-05,0.00010593998013064265,0.0007772310054861009,32,0.8659154103261688,0.002663551364094019,0.00017550948541611433,0.5657003426638461,False,
703,OCNT-2535762,3,CYP3A4,4.00128173828125,0.00010263724834658206,3.2805823138915e-05,0.0007216918747872114,10,0.9963852449595615,0.001022762036882341,5.381215669331141e-05,0.5867216945367962,False,
704,OCNT-2535763,0,CYP1A2,5.185656547546387,0.00027931880322284997,0.00031615610350854695,0.0015577576123178005,32,0.9944393141850124,0.008888817392289639,0.0012710351729765534,0.8213112429498132,False,
704,OCNT-2535763,1,CYP2C9,5.013473033905029,7.118617304513464e-06,2.9802322387695312e-08,4.7131874453043565e-05,32,0.4575970388854604,0.00010438509343657643,0.5086300373077393,0.3077296579821956,False,
704,OCNT-2535763,2,CYP2D6,4.78074836730957,4.2395564378239214e-05,5.776655598310754e-06,0.0002939700207207352,32,0.8302574727643585,0.0011266411747783422,0.0001559022639412433,0.5990298917776428,False,
704,OCNT-2535763,3,CYP3A4,4.616321086883545,1.0739147910499014e-05,4.214684778958144e-08,7.526951958425343e-05,32,0.5688470097509576,0.00019566786068025976,0.44732674956321716,0.38729051335413117,False,
705,OCNT-2535764,0,CYP1A2,5.174681186676025,0.0002793102466966957,0.0003169621923007071,0.0015569007955491543,32,0.9940115267196885,0.00888472143560648,0.0012755886418744922,0.8221842419377159,False,
705,OCNT-2535764,1,CYP2C9,4.995983600616455,9.271457201975863e-06,8.940696716308594e-08,6.0775375459343195e-05,32,0.5569781917454583,0.00016542621597182006,0.39504098892211914,0.27825774776237366,False,
705,OCNT-2535764,2,CYP2D6,4.72609281539917,5.213364420342259e-05,5.813133611809462e-06,0.00034886557841673493,32,0.744992035559525,0.0012430911883711815,0.0001605442084837705,0.5502294484343824,False,
705,OCNT-2535764,3,CYP3A4,4.564566612243652,1.0745057807071134e-05,4.214684778958144e-08,7.545524567831308e-05,32,0.568686221772471,0.0001957201020559296,0.4473111927509308,0.38644490709405716,False,
706,OCNT-2535765,0,CYP1A2,4.976367473602295,0.0001125157141359523,1.6245820006588474e-05,0.0005243290215730667,32,0.7611670260598885,0.0027408276218920946,0.0024806151632219553,0.737632460308949,False,
706,OCNT-2535765,1,CYP2C9,4.709848880767822,0.00015048251952975988,3.7341847928473726e-05,0.0009229014976881444,32,0.73777787261161,0.003552961628884077,0.0002585798501968384,0.44949094770924347,False,
706,OCNT-2535765,2,CYP2D6,4.495560169219971,0.0001475087774451822,0.00012795609654858708,0.001228886190801859,32,0.9489193954297289,0.004479469731450081,0.00022120187350083143,0.7354779602209373,False,
706,OCNT-2535765,3,CYP3A4,4.23892068862915,2.2797215933678672e-05,1.2644053981603065e-07,0.00016686005983501673,32,0.5787952813554466,0.00042242268682457507,0.3640088737010956,0.41622085989295077,False,
707,OCNT-2535766,0,CYP1A2,4.896884918212891,0.0005818538484163582,2.193712134612724e-06,0.0031318427063524723,32,0.8345760543485613,0.015539508312940598,0.0004334747791290283,0.6503736998820092,False,
707,OCNT-2535766,1,CYP2C9,4.567271709442139,0.00015449694183189422,7.917902621557005e-06,0.0008986268076114357,32,0.6529541861131647,0.003228350542485714,0.0002992193913087249,0.3848151805509478,False,
707,OCNT-2535766,2,CYP2D6,4.375061988830566,0.0004849161778111011,0.0002700300537981093,0.0040626851841807365,32,0.9721021266245444,0.015084728598594666,9.733483602758497e-05,0.6882036702188352,False,
707,OCNT-2535766,3,CYP3A4,4.131498336791992,2.545244751672726e-05,9.42432194506182e-08,0.0001632000203244388,32,0.5701046726964074,0.0004645203298423439,0.3716777265071869,0.37750278151339334,False,
708,OCNT-2535767,0,CYP1A2,4.817655086517334,0.0002515483647584915,3.9600379864168644e-07,0.0013327528722584248,32,0.7851885833171058,0.006320664193481207,0.1673862338066101,0.6104720329167903,False,
708,OCNT-2535767,1,CYP2C9,4.663838863372803,0.0002219700691057369,1.7796081010601483e-05,0.0014737872406840324,32,0.7367688501592055,0.005233536008745432,0.00014420575462281704,0.4874962016131693,False,
708,OCNT-2535767,2,CYP2D6,4.667328834533691,0.0001243423466803506,5.47410745639354e-05,0.0009903354803100228,32,0.9526848525841054,0.003790995106101036,0.00012620334746316075,0.5761947758878856,False,
708,OCNT-2535767,3,CYP3A4,4.42480993270874,1.5729527149233036e-05,0.0,9.575218427926302e-05,32,0.38110148755889844,0.00019194743072148412,0.6292171478271484,0.26984314060457343,False,
709,OCNT-2535768,0,CYP1A2,4.817746162414551,0.000248681812081486,4.0046438698482234e-07,0.0013259605038911104,32,0.7908369678316465,0.00629358971491456,0.16722449660301208,0.6117705965384345,False,
709,OCNT-2535768,1,CYP2C9,4.664175987243652,0.00022197060752660036,1.7804264643928036e-05,0.0014737877063453197,32,0.7367685708660234,0.00523354671895504,0.00014476162323262542,0.4875109408292639,False,
709,OCNT-2535768,2,CYP2D6,4.667454242706299,0.00012433009396772832,5.476513979374431e-05,0.000990428146906197,32,0.9527700715320191,0.0037909606471657753,0.00012568813690450042,0.5787308148069952,False,
709,OCNT-2535768,3,CYP3A4,4.423603534698486,1.573296685819514e-05,0.0,9.577281161909923e-05,32,0.3810781290522204,0.00019197761139366776,0.6292240023612976,0.2695251853469237,False,
710,OCNT-2535769,0,CYP1A2,4.939494609832764,0.0004387789231259376,2.01115994968859e-06,0.0020526740700006485,32,0.6371737489124126,0.00894671306014061,0.0007587039144709706,0.5352871506813874,False,
710,OCNT-2535769,1,CYP2C9,4.610980033874512,0.00013202964328229427,2.7907914045499638e-05,0.0007301532314158976,32,0.5976417417159047,0.0025251968763768673,0.00028137772460468113,0.46131507879291034,False,
710,OCNT-2535769,2,CYP2D6,4.42380952835083,0.00023586508177686483,0.00016965443501248956,0.0020599241834133863,32,0.967515127296727,0.0073028067126870155,0.00013454935105983168,0.7272785982654719,False,
710,OCNT-2535769,3,CYP3A4,4.19886589050293,2.4408765966654755e-05,7.300048565639372e-08,0.0001545651612104848,32,0.5767822698169544,0.000450697960332036,0.3714703619480133,0.38829792238189753,False,
711,OCNT-2535770,0,CYP1A2,4.462409019470215,0.0006265098345465958,3.305237328277144e-07,0.004029932897537947,32,0.9334842864192593,0.018715085461735725,0.0684802308678627,0.6911571484085159,False,
711,OCNT-2535770,1,CYP2C9,4.305340766906738,0.00019086395332124084,0.0,0.0011388459242880344,32,0.6872432857377898,0.004197658970952034,0.2959892451763153,0.46864273558042024,False,
711,OCNT-2535770,2,CYP2D6,4.23280668258667,0.00013333243259694427,9.578064054949209e-05,0.0012484348844736814,32,0.8873100888727738,0.0037861147429794073,0.0004215127555653453,0.6540177644290508,False,
711,OCNT-2535770,3,CYP3A4,3.8887829780578613,6.0418955399654806e-05,2.1290454242262058e-05,0.00043888267828151584,32,0.8810903526070746,0.0017037878278642893,0.00014129190822131932,0.5701730708639584,False,
712,OCNT-2535771,0,CYP1A2,4.984780788421631,0.00023769494146108627,1.1403507414797787e-05,0.0009229981224052608,32,0.6373998169114058,0.00484841875731945,0.0023787328973412514,0.6756639929405289,False,
712,OCNT-2535771,1,CYP2C9,4.802408695220947,6.3835746004770044e-06,0.0,3.930935054086149e-05,32,0.37947307901810434,7.763806206639856e-05,0.6746395826339722,0.30526205702500003,False,
712,OCNT-2535771,2,CYP2D6,4.717316150665283,5.0991293392144144e-05,5.701675945601892e-06,0.00045739213237538934,32,0.8203849312784055,0.0013389021623879671,0.00017162796575576067,0.5719175904608871,False,
712,OCNT-2535771,3,CYP3A4,4.371010780334473,3.608281258493662e-05,8.940696716308594e-08,0.00020118753309361637,32,0.47803378446320827,0.000552114681340754,0.4398289620876312,0.3759796479385722,False,
713,OCNT-2535772,0,CYP1A2,4.893339157104492,7.83242576289922e-05,3.453993849689141e-05,0.00033700474887154996,32,0.6756991884020221,0.001693772617727518,0.0028951787389814854,0.6339638956907632,False,
713,OCNT-2535772,1,CYP2C9,4.66772985458374,0.00014983864093665034,5.960464477539063e-08,0.0008556089596822858,32,0.6378786713463102,0.003058728063479066,0.33382371068000793,0.4225621108375758,False,
713,OCNT-2535772,2,CYP2D6,4.542413234710693,5.680538379237987e-05,1.7377591348122223e-06,0.0004493289743550122,32,0.7539216567584841,0.0013706991448998451,0.00035368086537346244,0.4580119577025813,False,
713,OCNT-2535772,3,CYP3A4,4.288257122039795,1.301511929341359e-05,2.9802322387695312e-08,9.555765427649021e-05,32,0.48730925702376754,0.00020311235857661813,0.4630194306373596,0.40153996913465445,False,
714,OCNT-2535773,0,CYP1A2,4.838624954223633,0.0006058057770133018,3.9761258108228503e-07,0.003897174261510372,2,1.000859564032446,0.0012126730289310217,0.0684751495718956,0.7537026665468121,False,
714,OCNT-2535773,1,CYP2C9,4.676414966583252,3.110571014985908e-06,2.9802322387695312e-08,1.7465787095716223e-05,32,0.6167854947799788,6.15911339991726e-05,0.5611311197280884,0.3131506446775205,False,
714,OCNT-2535773,2,CYP2D6,4.605137348175049,5.3397761803353205e-05,1.2534702591437963e-06,0.00039517038385383785,32,0.7576432543888524,0.0012948489747941494,0.000546773720998317,0.5850746306414297,False,
714,OCNT-2535773,3,CYP3A4,4.250621795654297,5.869245796930045e-05,7.066670377753326e-07,0.00045020401012152433,32,0.8326707789988479,0.0015641542850062251,0.045987389981746674,0.5406310679345842,False,
715,OCNT-2535774,0,CYP1A2,4.429859638214111,0.00030503154266625643,4.995834024157375e-05,0.0016175161581486464,32,0.6771837181046596,0.006610213313251734,0.0001330276281805709,0.5624887607035708,False,
715,OCNT-2535774,1,CYP2C9,4.235196590423584,5.621762284135912e-06,5.960464477539063e-08,3.862740413751453e-05,32,0.5337060483211841,9.618257900001481e-05,0.47819384932518005,0.30810430485393503,False,
715,OCNT-2535774,2,CYP2D6,4.6393938064575195,5.5255601182579994e-05,1.5099516303962446e-06,0.00043711334001272917,32,0.7740636146649471,0.0013689309125766158,0.0003921303723473102,0.5144557673787752,False,
715,OCNT-2535774,3,CYP3A4,3.8323912620544434,1.3470091289491393e-05,6.664001972467304e-08,9.616106399334967e-05,32,0.5572549648732745,0.0002403791295364499,0.42453768849372864,0.36817169311190595,False,
716,OCNT-2535775,0,CYP1A2,4.326141834259033,0.001620714901946485,3.1356225917988922e-06,0.010786972939968109,2,1.0017406434664644,0.0032470920123159885,0.00025452583213336766,0.74037204554338,False,
716,OCNT-2535775,1,CYP2C9,3.865354537963867,0.0001283355086343363,1.4665657545265276e-05,0.0010693816002458334,32,0.8956616455855128,0.0036785327829420567,0.0001611497427802533,0.48198363826795865,False,
716,OCNT-2535775,2,CYP2D6,3.8019871711730957,0.0002539919223636389,0.0001390236138831824,0.0021547144278883934,32,0.9099925483736183,0.007396475411951542,0.00024543071049265563,0.6806300261616793,False,
716,OCNT-2535775,3,CYP3A4,3.236431360244751,9.647596743889153e-05,1.8262961020809598e-05,0.0008105929009616375,32,0.8047405186910441,0.0024846773594617844,6.52336748316884e-05,0.5155014531917566,False,
717,OCNT-2535776,0,CYP1A2,4.083553314208984,0.0019433110719546676,3.7033207718195627e-06,0.012926122173666954,2,1.0017237224647373,0.003893341636285186,0.00020701189350802451,0.740203809740301,True,persistent
717,OCNT-2535776,1,CYP2C9,3.537424325942993,0.00014759438636247069,1.762570536811836e-05,0.0012571184197440743,32,0.910958708350321,0.004302768036723137,0.00020189177303109318,0.48459189793747137,False,
717,OCNT-2535776,2,CYP2D6,3.619795560836792,0.00030459382105618715,0.00016669571050442755,0.0025848145596683025,32,0.9102853101167809,0.008872844278812408,0.0002455278008710593,0.6806060230015292,False,
717,OCNT-2535776,3,CYP3A4,2.8600070476531982,0.00011580746649997309,2.1839043256477453e-05,0.0009730865713208914,32,0.8046340413192667,0.002982101636007428,6.309874152066186e-05,0.5151676945567343,False,
718,OCNT-2535777,0,CYP1A2,4.167654037475586,0.002042928244918585,9.676580248196842e-07,0.013353688642382622,2,1.0011465290243897,0.00409056106582284,0.0003498322912491858,0.7542160845700827,True,persistent
718,OCNT-2535777,1,CYP2C9,3.9060304164886475,0.00018412090139463544,1.90955452126218e-05,0.0011264480417594314,32,0.9570765890749593,0.005639276001602411,1.3794862752547488e-05,0.6145975069816858,False,
718,OCNT-2535777,2,CYP2D6,4.242209434509277,0.00031265057623386383,0.0001372467668261379,0.0031004108022898436,32,0.9902905871083242,0.009907994419336319,2.9465916668414138e-05,0.629640189512599,False,
718,OCNT-2535777,3,CYP3A4,3.24476957321167,0.00010566401033429429,2.005782698688563e-05,0.0008961852872744203,32,0.8158841951486123,0.0027589681558310986,7.65224322094582e-05,0.5133796086971141,False,
719,OCNT-2535778,0,CYP1A2,4.083553791046143,0.0019433130510151386,3.6578026083589066e-06,0.012926150113344193,2,1.0017237207093157,0.003893345594406128,0.00019914227596018463,0.7402023725032336,True,persistent
719,OCNT-2535778,1,CYP2C9,3.5374279022216797,0.0001475945027777925,1.7642250895733014e-05,0.0012571283150464296,32,0.9109575955305288,0.004302766174077988,0.00020263953774701804,0.48465979637946355,False,
719,OCNT-2535778,2,CYP2D6,3.6197972297668457,0.000304579472867772,0.0001666765456320718,0.002584718866273761,32,0.9102975187316404,0.008872545324265957,0.00024555670097470284,0.6806074859276934,False,
719,OCNT-2535778,3,CYP3A4,2.860037088394165,0.00011580584396142513,2.1916343030170538e-05,0.0009730789461173117,32,0.8046366443102563,0.002982069505378604,6.311409379122779e-05,0.5151663542326387,False,
720,OCNT-2535779,0,CYP1A2,4.389946460723877,0.0017166787292808294,8.690072945682914e-07,0.01142989844083786,2,1.0017892760240628,0.0034395207185298204,0.008020574226975441,0.7640844925462216,False,
720,OCNT-2535779,1,CYP2C9,4.173230171203613,0.00011716564040398225,3.1363670132122934e-06,0.000720267416909337,32,0.9250176916220043,0.003468465292826295,6.050187585060485e-05,0.6147384541062713,False,
720,OCNT-2535779,2,CYP2D6,4.419308185577393,0.00020583900914061815,0.00010410801041871309,0.0020959661342203617,2,0.9999989258487691,0.0004116975760553032,1.4415292753255926e-05,0.6278211433924873,False,
720,OCNT-2535779,3,CYP3A4,3.5706121921539307,9.833791409619153e-05,1.867462196969427e-05,0.0008351695723831654,32,0.8151704520794445,0.00256545003503561,7.33290653442964e-05,0.5105421060047575,False,
721,OCNT-2535780,0,CYP1A2,4.3234357833862305,0.0015033850213512778,2.853562591553782e-06,0.010029297322034836,2,1.0018621635280227,0.003012389177456498,0.00022345285105984658,0.7411423395645904,False,
721,OCNT-2535780,1,CYP2C9,3.884199619293213,0.00011631621600827202,1.3734894309891388e-05,0.0009710108861327171,32,0.8831739304437022,0.0032875610049813986,0.0001596668444108218,0.47789853269762445,False,
721,OCNT-2535780,2,CYP2D6,3.894196033477783,0.00024061810108833015,0.00012311700265854597,0.002047374378889799,32,0.9163271155569196,0.00705580972135067,0.00025986088439822197,0.6952332269277315,False,
721,OCNT-2535780,3,CYP3A4,3.2890782356262207,8.938383689383045e-05,1.6232324924203567e-05,0.0007530130096711218,32,0.8018985281962953,0.002293913159519434,6.39110803604126e-05,0.5111474065695253,False,
722,OCNT-2535785,0,CYP1A2,5.031367301940918,2.398243850620929e-05,5.96791039697564e-07,0.00013109113206155598,32,0.6148846644983262,0.00047208264004439116,0.08454040437936783,0.39356791239678623,False,
722,OCNT-2535785,1,CYP2C9,4.8507256507873535,5.794804110337282e-06,2.9802322387695312e-08,2.7254014639765956e-05,32,0.5376090225998698,9.986288205254823e-05,0.492973268032074,0.25022073422718377,False,
722,OCNT-2535785,2,CYP2D6,4.574822902679443,3.674814433907159e-05,1.3821982065564953e-06,0.00021078594727441669,32,0.6589335241202993,0.0007750775548629463,0.0006193089648149908,0.5118293716769722,False,
722,OCNT-2535785,3,CYP3A4,4.44818639755249,4.3027568608522415e-05,1.4901161193847656e-08,0.0002924946020357311,32,0.5490036219791027,0.000756088993512094,0.37924739718437195,0.39636666128885567,False,
723,OCNT-2535786,0,CYP1A2,5.124757766723633,0.00012411814532242715,2.5989606911025476e-06,0.0008409625152125955,32,0.9422861111916866,0.0037428552750498056,0.00027898000553250313,0.6883992368691353,False,
723,OCNT-2535786,1,CYP2C9,4.8511247634887695,0.00020183944434393197,5.265849540592171e-05,0.001211277674883604,32,0.7220926771301306,0.004664128180593252,0.0002873819903470576,0.46235948074824995,False,
723,OCNT-2535786,2,CYP2D6,4.457702159881592,0.00019402529869694263,0.00018209581321571022,0.0015597200253978372,32,0.9519901009916752,0.005911029875278473,0.00022050151892472059,0.7522436466810736,False,
723,OCNT-2535786,3,CYP3A4,4.378343105316162,2.526124080759473e-05,0.0,0.000169072620337829,32,0.5929180268459728,0.00047948077553883195,0.36404579877853394,0.395136787194349,False,
724,OCNT-2535787,0,CYP1A2,4.71293306350708,0.0007220254046842456,1.1652908142423257e-05,0.003565368941053748,32,0.6648557313950502,0.015361580066382885,0.0026576577220112085,0.5155766164064501,False,
724,OCNT-2535787,1,CYP2C9,4.493271350860596,0.00022288432228378952,5.771194651060796e-07,0.0017261623870581388,32,0.9665709905591323,0.006894181948155165,0.04576749727129936,0.5726848660691107,False,
724,OCNT-2535787,2,CYP2D6,4.424326419830322,7.312593515962362e-05,5.477063496073242e-06,0.0005691205733455718,32,0.8037056707404019,0.001880952506326139,9.272857278119773e-05,0.4366166807905711,False,
724,OCNT-2535787,3,CYP3A4,3.9014768600463867,3.5584278521128e-05,1.0745380052412656e-07,0.00023651227820664644,32,0.507672832242542,0.0005782479420304298,0.3640730082988739,0.38627964965368156,False,
725,OCNT-2535788,0,CYP1A2,4.209243297576904,0.0009445171453990042,1.043081283569336e-07,0.005318426992744207,32,0.798869759947847,0.024145733565092087,0.1291426718235016,0.6418171203126208,False,
725,OCNT-2535788,1,CYP2C9,4.023155689239502,6.002466398058459e-05,1.565402271808125e-06,0.00034528184914961457,32,0.9172455461036064,0.0017621289007365704,0.0001686030300334096,0.5749823795389464,False,
725,OCNT-2535788,2,CYP2D6,4.487700939178467,0.00012498213618528098,5.919913746765815e-05,0.0012444639578461647,32,0.9922216639203658,0.003968636970967054,4.3046293285442516e-05,0.6052186483680297,False,
725,OCNT-2535788,3,CYP3A4,3.496087074279785,6.283172842813656e-05,8.296575288113672e-06,0.0004635739605873823,32,0.8142020132962098,0.001637307577766478,3.1690255127614364e-05,0.5346513803451064,False,
726,OCNT-2535793,0,CYP1A2,4.1782355308532715,0.0006977946031838655,1.163817913152343e-07,0.00428809504956007,32,0.8456361201283271,0.018882840871810913,0.16683349013328552,0.6273445114819007,False,
726,OCNT-2535793,1,CYP2C9,3.9909861087799072,0.0001238908589584753,4.251508016750449e-06,0.0007410128600895405,32,0.9414413151549529,0.0037326524034142494,4.829059980693273e-05,0.643844719502241,False,
726,OCNT-2535793,2,CYP2D6,4.217591285705566,0.00031412861426360905,0.000561892578843981,0.0020626469049602747,32,0.9002178546622059,0.00904938206076622,0.00016880486509762704,0.5411773826965238,False,
726,OCNT-2535793,3,CYP3A4,3.4562878608703613,9.690625302027911e-05,3.643154559540562e-05,0.000707687227986753,32,0.8933896322446492,0.0027706872206181288,1.7455580746172927e-05,0.576184987519818,False,
727,OCNT-2535795,0,CYP1A2,5.082629680633545,0.00021737186762038618,0.0002218167792307213,0.0012327954173088074,32,0.9999612277084211,0.006955950055271387,0.0009285825653932989,0.7955605008421736,False,
727,OCNT-2535795,1,CYP2C9,4.83911657333374,9.681019582785666e-05,3.1470844987779856e-05,0.0006139722536318004,32,0.8395008015399937,0.0026009802240878344,0.00030937293195165694,0.4374048181336037,False,
727,OCNT-2535795,2,CYP2D6,4.465827465057373,0.00020784506341442466,0.00036294726305641234,0.0018990130629390478,32,0.9169562560130187,0.006099008023738861,0.000146538921399042,0.6002243786174747,False,
727,OCNT-2535795,3,CYP3A4,4.372002124786377,4.4864602386951447e-05,1.1169988283654675e-05,0.0003349560429342091,32,0.8101318365711331,0.0011633390095084906,5.5203836382133886e-05,0.49628633735414435,False,
728,OCNT-2535797,0,CYP1A2,5.185656547546387,0.000279317784588784,0.0003161290951538831,0.001557756680995226,32,0.9944436699872,0.00888882391154766,0.0012690374860540032,0.8213104703683805,False,
728,OCNT-2535797,1,CYP2C9,5.013473033905029,7.120102054614108e-06,2.9802322387695312e-08,4.7127621655818075e-05,32,0.45749939050733207,0.00010438455501571298,0.5085063576698303,0.3072285967869999,False,
728,OCNT-2535797,2,CYP2D6,4.780747890472412,4.2395415221108124e-05,5.809465619677212e-06,0.0002939699625130743,32,0.830249583524146,0.001126626506447792,0.00015723569958936423,0.5984720668013717,False,
728,OCNT-2535797,3,CYP3A4,4.6163201332092285,1.0742078302428126e-05,2.9802322387695312e-08,7.527087291236967e-05,32,0.5686719700860382,0.00019566097762435675,0.4477081894874573,0.38689417724614367,False,
729,OCNT-2535799,0,CYP1A2,5.078054904937744,9.852748917182907e-05,2.349285068703466e-06,0.0006583126378245652,18,0.9079206792337076,0.0016103560337796807,0.0074646552093327045,0.6761394880623363,False,
729,OCNT-2535799,1,CYP2C9,4.806970119476318,0.0001833862770581618,4.7772122343303636e-05,0.001100899069570005,32,0.7228753501740772,0.004242324735969305,0.0002872993645723909,0.46210035584673714,False,
729,OCNT-2535799,2,CYP2D6,4.527380466461182,0.00017557361570652574,0.00016555204638279974,0.0014039160450920463,32,0.9540324430408932,0.005360398907214403,0.00022231583716347814,0.7574901633396975,False,
729,OCNT-2535799,3,CYP3A4,4.363661289215088,2.2976488253334537e-05,6.664001972467304e-08,0.00015371492190752178,32,0.5928802998103937,0.00043610355351120234,0.371669739484787,0.39408995000571895,False,
730,OCNT-2535801,0,CYP1A2,5.178126811981201,0.00012116190191591159,0.00026956244255416095,0.0006147440290078521,32,0.9307906553251929,0.003609141567721963,1.4743570318387356e-05,0.5362766042303454,False,
730,OCNT-2535801,1,CYP2C9,4.975733280181885,8.642844477435574e-05,3.409877899684943e-05,0.0005618828581646085,14,0.9814877283550779,0.0011877358192577958,0.00025869859382510185,0.4803415400427754,False,
730,OCNT-2535801,2,CYP2D6,4.664979457855225,0.00014980675769038498,0.00013076169125270098,0.0012009837664663792,32,0.9381215323264119,0.004497482441365719,0.0002776786277536303,0.7448575889363969,False,
730,OCNT-2535801,3,CYP3A4,4.567056655883789,1.8880049537983723e-05,5.960464477539063e-08,0.00013168127043172717,32,0.5924034777135936,0.00035809699329547584,0.39439302682876587,0.3941639468581957,False,
731,OCNT-2535802,0,CYP1A2,5.1772847175598145,0.000247622694587335,0.00026027834974229336,0.001415650243870914,2,1.003235129174539,0.0004968676366843283,0.0012657168554142118,0.8113862847783715,False,
731,OCNT-2535802,1,CYP2C9,4.953014850616455,0.00011118934344267473,3.654232568806037e-05,0.0007120033260434866,32,0.8474100721903828,0.003015406196936965,0.00032141036354005337,0.44033027626606724,False,
731,OCNT-2535802,2,CYP2D6,4.5024943351745605,0.000249620497925207,0.00047126231947913766,0.0021839162800461054,32,0.9147726754847811,0.007307365071028471,0.0001976490020751953,0.6220473955559425,False,
731,OCNT-2535802,3,CYP3A4,4.461648464202881,6.052928802091628e-05,1.3123380995239131e-05,0.00044095030170865357,32,0.7350724784391321,0.0014240244636312127,0.00010950728028547019,0.51456873241625,False,
732,OCNT-2535804,0,CYP1A2,5.033558368682861,0.0004510837607085705,0.0003727074945345521,0.0023147431202232838,32,0.932028125311284,0.013453826308250427,1.98501538761775e-06,0.5521506935547515,False,
732,OCNT-2535804,1,CYP2C9,4.77668571472168,4.018198887933977e-05,2.2532565708388574e-05,0.0002505105221644044,32,0.7829397444195513,0.0010069729760289192,0.000543412403203547,0.46180176449716626,False,
732,OCNT-2535804,2,CYP2D6,4.549932956695557,0.0002646932553034276,0.00017383808153681457,0.0023449580185115337,32,0.9396439281347644,0.007959257811307907,0.0001737014827085659,0.7010064057466959,False,
732,OCNT-2535804,3,CYP3A4,4.316247463226318,2.2745707610738464e-05,1.0745380052412656e-07,0.00015609221009071916,32,0.5925811412952708,0.0004315073019824922,0.37155643105506897,0.3878343991855029,False,
733,OCNT-2535805,0,CYP1A2,5.147929668426514,0.00010042516805697232,1.652887362979527e-06,0.0006657771300524473,32,0.9139416234938105,0.0029373401775956154,0.0004459655610844493,0.6685383124797126,False,
733,OCNT-2535805,1,CYP2C9,4.835085868835449,0.000368333188816905,0.00010474963346496224,0.0022125702816993,32,0.7475079598260094,0.008810862898826599,0.00029488225118257105,0.46447628674174646,False,
733,OCNT-2535805,2,CYP2D6,4.245626926422119,0.0004949502763338387,7.797314174240455e-05,0.005187314469367266,2,1.0016517251066333,0.000991555629298091,0.00019615257042460144,0.7011369779774418,False,
733,OCNT-2535805,3,CYP3A4,4.342173099517822,7.08565057720989e-05,1.3960225260234438e-05,0.0005106210592202842,32,0.7692793849267995,0.0017445165431126952,6.621533975703642e-05,0.4983085521961348,False,
734,OCNT-2535808,0,CYP1A2,5.069582939147949,0.00012599593901541084,1.614284769857477e-06,0.000699593685567379,32,0.8190592515071485,0.0033026025630533695,0.0008094233926385641,0.637197071271046,False,
734,OCNT-2535808,1,CYP2C9,4.728029727935791,0.00030369870364665985,8.315752347698435e-05,0.0017527041491121054,32,0.6820191858015,0.006628325209021568,0.00030640128534287214,0.46635761938917225,False,
734,OCNT-2535808,2,CYP2D6,4.150895595550537,0.0004371278337202966,9.154482540907338e-05,0.00465383380651474,2,1.001430924513053,0.0008755266899242997,0.0002946013701148331,0.6692542179431233,False,
734,OCNT-2535808,3,CYP3A4,4.212586402893066,6.858950655441731e-05,1.3355732335185166e-05,0.0004927533445879817,32,0.7644282649270268,0.0016780608566477895,6.701187521684915e-05,0.4948815659001726,False,
735,OCNT-2535809,0,CYP1A2,5.141968250274658,0.00010042513895314187,1.670259962338605e-06,0.0006657778285443783,32,0.9139417434447257,0.002937339711934328,0.0005031905602663755,0.6685470760389864,False,
735,OCNT-2535809,1,CYP2C9,4.823507785797119,0.00036841441760770977,0.00010475136514287442,0.002212865510955453,32,0.747407296418292,0.008811619132757187,0.0002946045424323529,0.4644739795492516,False,
735,OCNT-2535809,2,CYP2D6,4.2398552894592285,0.0004949666908942163,7.79766050982289e-05,0.005187444854527712,2,1.0016520231219619,0.0009915888076648116,0.00019612186588346958,0.7011136241470132,False,
735,OCNT-2535809,3,CYP3A4,4.298962116241455,8.479535608785227e-05,1.4029394151293673e-05,0.0006352057680487633,32,0.6987457425091558,0.00189623620826751,0.00011143585288664326,0.46071443944746066,False,
736,OCNT-2535810,0,CYP1A2,4.721587657928467,0.00010607664444250986,4.122038444620557e-05,0.000309861934510991,32,0.6197784578455894,0.002104006940498948,0.008687661960721016,0.7517387293527441,False,
736,OCNT-2535810,1,CYP2C9,4.412430286407471,8.825564873404801e-05,2.0838335331063718e-05,0.0006045949412509799,27,0.9309237661305897,0.0022185519337654114,0.00022926249948795885,0.43954813462686926,False,
736,OCNT-2535810,2,CYP2D6,4.504119396209717,0.0001330809755017981,8.036178041948006e-05,0.0011351087596267462,32,0.9239806922063053,0.003935151733458042,0.00010759993165265769,0.6723410196853392,False,
736,OCNT-2535810,3,CYP3A4,3.875880479812622,5.356363908504136e-05,2.504425992810866e-06,0.00045925736776553094,32,0.6274797207583924,0.0010757239069789648,0.0001864586811279878,0.4306554645108758,False,
737,OCNT-2535811,0,CYP1A2,4.697686195373535,0.00017818114429246634,4.038315819343552e-05,0.0008059721440076828,32,0.5952080565165767,0.003393945749849081,3.853033922496252e-05,0.49909025805301765,False,
737,OCNT-2535811,1,CYP2C9,4.531208515167236,0.00010336562991142273,8.03703187557403e-06,0.0008243825286626816,32,0.9728000573388156,0.0032180421985685825,9.436137770535424e-05,0.7071746913301757,False,
737,OCNT-2535811,2,CYP2D6,4.682097434997559,3.7813450035173446e-05,1.1611438139880192e-06,0.00024361854593735188,32,0.8342552826253006,0.001009741215966642,0.00034940693876706064,0.5526984991908277,False,
737,OCNT-2535811,3,CYP3A4,4.0919880867004395,7.661180279683322e-05,1.0000095244322438e-05,0.0005014061462134123,32,0.7672125438611691,0.001881126663647592,0.00013674344518221915,0.44582044517582314,False,
738,OCNT-2535812,0,CYP1A2,4.999207496643066,0.0005063965218141675,7.665118755539879e-05,0.0022578807547688484,32,0.6780079876441971,0.01098712533712387,5.726109975512372e-06,0.5228207254782973,False,
738,OCNT-2535812,1,CYP2C9,4.816601753234863,7.807611837051809e-05,1.788266672519967e-05,0.0004530709411483258,32,0.9847143819935978,0.0024605607613921165,3.042275238840375e-05,0.5766786576849179,False,
738,OCNT-2535812,2,CYP2D6,4.681055545806885,0.0001987909636227414,5.318403054843657e-05,0.001820763573050499,32,0.9152661605437432,0.005822585429996252,9.604656224837527e-05,0.6054723269617315,False,
738,OCNT-2535812,3,CYP3A4,4.350589752197266,1.1529806215548888e-05,5.960464477539063e-08,7.779472070978954e-05,32,0.5623817004232938,0.0002076728269457817,0.4473104476928711,0.42202311266361936,False,
739,OCNT-2535813,0,CYP1A2,3.794187068939209,0.0006662880768999457,0.0,0.003742671338841319,32,0.6856450252029445,0.014619006775319576,0.28067752718925476,0.49789701182040347,False,
739,OCNT-2535813,1,CYP2C9,3.582801342010498,0.0004662982246372849,3.4279148621862987e-06,0.004009999334812164,32,0.9648090405178871,0.014396748505532742,0.0002266200172016397,0.6176656033003609,False,
739,OCNT-2535813,2,CYP2D6,4.245035171508789,0.00023449136642739177,0.00010799183655763045,0.002330291783437133,32,0.9409730475107132,0.007061102893203497,4.824724965146743e-05,0.5760456089326658,False,
739,OCNT-2535813,3,CYP3A4,2.893301486968994,6.561828195117414e-05,1.1254717719566543e-05,0.00047339292359538376,32,0.8401345685828725,0.0017643708270043135,3.266289422754198e-05,0.5689773166295341,False,
740,OCNT-2535814,0,CYP1A2,4.605635166168213,0.0012275550980120897,1.4503096281259786e-05,0.0076584890484809875,2,1.001102458709609,0.00245783687569201,4.401577098178677e-05,0.6934594390880167,False,
740,OCNT-2535814,1,CYP2C9,4.290335655212402,6.192063301568851e-05,7.4606687121558934e-06,0.0004156764189247042,12,0.9902501766998992,0.0007359218434430659,0.0017958288080990314,0.4445454276658765,False,
740,OCNT-2535814,2,CYP2D6,4.204066753387451,0.00033814081689342856,0.00012036872794851661,0.0030864737927913666,32,0.9841582594031157,0.010649405419826508,0.00010977324564009905,0.7003968009220257,False,
740,OCNT-2535814,3,CYP3A4,3.7323503494262695,4.459007323021069e-05,2.6316961339034606e-06,0.0003966918447986245,32,0.7387311683486818,0.00105431885458529,0.0001507491833763197,0.4766455179508645,False,
741,OCNT-2535815,0,CYP1A2,4.673887729644775,0.0009671528241597116,1.728858296701219e-05,0.006687960121780634,2,1.0042595900334237,0.0019425650825724006,4.340211671660654e-05,0.7440019852112582,False,
741,OCNT-2535815,1,CYP2C9,4.379685401916504,7.926144462544471e-05,4.985281339031644e-05,0.0004978612996637821,19,0.984369362879213,0.0014826152473688126,0.00013258104445412755,0.5026797438743673,False,
741,OCNT-2535815,2,CYP2D6,4.232686519622803,0.0001889897248474881,5.4226184147410095e-05,0.001616721972823143,32,0.9755337142192034,0.005900019314140081,0.00015357136726379395,0.6815614759585669,False,
741,OCNT-2535815,3,CYP3A4,3.7831106185913086,5.451831384561956e-05,3.1709814720670693e-06,0.0004855329461861402,32,0.732877180555671,0.0012788018211722374,9.355806832900271e-05,0.46573157345139293,False,
742,OCNT-2535816,0,CYP1A2,5.101624488830566,0.0003572785062715411,2.131578730768524e-05,0.002181327436119318,27,0.936797999040474,0.009037093259394169,5.226243501965655e-06,0.7168822323409758,False,
742,OCNT-2535816,1,CYP2C9,4.922187328338623,8.379414794035256e-05,3.5256347473477945e-05,0.0005492973141372204,15,0.9729782350515143,0.0012230941792950034,0.00029251340311020613,0.4827285329819719,False,
742,OCNT-2535816,2,CYP2D6,4.706709384918213,0.00016165082342922688,0.00013179297093302011,0.0013362292665988207,32,0.9288458361841401,0.004805055446922779,0.00030939688440412283,0.7582566241531312,False,
742,OCNT-2535816,3,CYP3A4,4.4966254234313965,3.9500591810792685e-05,2.9802322387695312e-08,0.00024878629483282566,32,0.5107453300036722,0.0006457552080973983,0.37917572259902954,0.3878550705650501,False,
743,OCNT-2535817,0,CYP1A2,5.021324634552002,0.0008449734305031598,1.6236112969636451e-06,0.006197779905050993,2,1.0052875085890758,0.0016989025752991438,0.00010321311856387183,0.8051058344521979,False,
743,OCNT-2535817,1,CYP2C9,4.838952541351318,1.6434551071142778e-05,4.5099096723788534e-07,8.345878450199962e-05,32,0.7044428145102223,0.0003706958668772131,0.16719569265842438,0.3510699447574751,False,
743,OCNT-2535817,2,CYP2D6,4.6536946296691895,9.840671555139124e-05,1.3777732874586945e-06,0.0006613212754018605,32,0.7530736592703293,0.0023716811556369066,0.00045205652713775635,0.4909852345340094,False,
743,OCNT-2535817,3,CYP3A4,4.311245918273926,3.979044777224772e-05,0.0,0.00022937770700082183,32,0.4830943391064697,0.0006152758724056184,0.39443808794021606,0.3815426913875798,False,
744,OCNT-2535819,0,CYP1A2,4.22535514831543,0.0008908809977583587,0.0,0.005159338004887104,32,0.813192368865471,0.023182904347777367,0.2502730190753937,0.559406295454353,False,
744,OCNT-2535819,1,CYP2C9,4.06156587600708,2.7724220217351103e-06,0.0,1.8984535927302204e-05,32,0.43960269210925706,3.914112676284276e-05,0.7050690650939941,0.28359234899103114,False,
744,OCNT-2535819,2,CYP2D6,4.545483112335205,7.288444612640887e-05,1.7664004872131045e-06,0.0004789453814737499,32,0.799963506483027,0.0018660126952454448,0.000251130637479946,0.574133325008282,False,
744,OCNT-2535819,3,CYP3A4,3.6378846168518066,2.4769427909632213e-05,1.3978528556890524e-07,0.0001731921365717426,32,0.5912981417524332,0.00046886494965292513,0.3187011182308197,0.396461963398718,False,
745,OCNT-2535820,0,CYP1A2,4.215681076049805,0.0008575609535910189,0.0,0.004965757019817829,32,0.813981413497718,0.022337498143315315,0.25031328201293945,0.5597993660816787,False,
745,OCNT-2535820,1,CYP2C9,4.0486159324646,3.461010010141763e-06,2.9802322387695312e-08,2.33550563280005e-05,32,0.5703296826828529,6.334784120554104e-05,0.554401695728302,0.29054659549138306,False,
745,OCNT-2535820,2,CYP2D6,4.517685413360596,7.097506750142202e-05,1.746934799484734e-06,0.000473236374091357,32,0.7914289934639881,0.0017977484967559576,0.00028226367430761456,0.528715802030859,False,
745,OCNT-2535820,3,CYP3A4,3.6041483879089355,2.3822352886782028e-05,9.42432194506182e-08,0.00016670607146807015,32,0.5912190537103538,0.0004508845158852637,0.3263445496559143,0.3955942470284445,False,
746,OCNT-2535821,0,CYP1A2,4.215453624725342,0.0008570686331950128,2.9802322387695312e-08,0.0049616689793765545,32,0.8129281114181923,0.022295786067843437,0.25037792325019836,0.5594511480776105,False,
746,OCNT-2535821,1,CYP2C9,4.048065185546875,3.6123685731581645e-06,2.9802322387695312e-08,2.4118018700391985e-05,32,0.5940746197944577,6.886263145133853e-05,0.5162773132324219,0.293640911332849,False,
746,OCNT-2535821,2,CYP2D6,4.515539646148682,7.18893061275594e-05,1.7474430933361873e-06,0.0004914774326607585,32,0.785955413212425,0.0018083087634295225,0.0002876560902222991,0.5406352732251124,False,
746,OCNT-2535821,3,CYP3A4,3.6027119159698486,2.3823147785151377e-05,1.2644053981603065e-07,0.00016671452613081783,32,0.5911958623516391,0.0004508818674366921,0.3261739909648895,0.3960285145824374,False,
747,OCNT-2535823,0,CYP1A2,4.239058971405029,0.0008612633682787418,2.980232238769531e-07,0.004982607439160347,32,0.8141855206318297,0.022439561784267426,0.20511500537395477,0.5599131581738561,False,
747,OCNT-2535823,1,CYP2C9,4.034085273742676,6.1571454352815636e-06,2.9802322387695312e-08,3.769856266444549e-05,32,0.6337685826767993,0.00012507337669376284,0.4476258456707001,0.29809039056182485,False,
747,OCNT-2535823,2,CYP2D6,4.4748454093933105,7.344614277826622e-05,1.7057761851901887e-06,0.0005008963053114712,32,0.7728001674932538,0.0018165414221584797,0.00032090238528326154,0.5364837787451475,False,
747,OCNT-2535823,3,CYP3A4,3.554138660430908,2.3825805328669958e-05,9.884312390795458e-08,0.00016668652824591845,32,0.5911623427067444,0.0004509065765887499,0.3262014091014862,0.3968920418680733,False,
748,OCNT-2535824,0,CYP1A2,4.239224910736084,0.0006334202480502427,1.7679234588285908e-05,0.0036116328556090593,32,0.773330784443344,0.01567523553967476,7.932384505693335e-06,0.5604232124035002,False,
748,OCNT-2535824,1,CYP2C9,4.016520977020264,0.00010003686475101858,4.117670687264763e-05,0.0006486601196229458,14,0.9826636269680848,0.001376373809762299,0.00023273310216609389,0.4708435291724959,False,
748,OCNT-2535824,2,CYP2D6,4.408969402313232,0.00018872920190915465,0.00014594366075471044,0.0015034537063911557,32,0.918295731819413,0.005546188913285732,0.0002277850144309923,0.6972512230431523,False,
748,OCNT-2535824,3,CYP3A4,3.5617804527282715,2.9404674933175556e-05,1.3328003944934608e-07,0.00021743621618952602,32,0.5874361180492415,0.0005529357586055994,0.31110239028930664,0.3644493378189615,False,
749,OCNT-2535825,0,CYP1A2,4.239718437194824,0.0006085361819714308,1.697260631772224e-05,0.0034680799581110477,32,0.7729075580992321,0.015051198191940784,7.737766281934455e-06,0.5603338201886474,False,
749,OCNT-2535825,1,CYP2C9,4.021893501281738,9.603642683941871e-05,3.9513113733846694e-05,0.0006227151025086641,14,0.9826504380191597,0.0013213208876550198,0.00023340592451859266,0.4708944151651895,False,
749,OCNT-2535825,2,CYP2D6,4.437987327575684,0.00018122128676623106,0.00014011090388521552,0.0014456948265433311,32,0.9181819140453157,0.005324905272573233,0.0002279498294228688,0.6957065655684385,False,
749,OCNT-2535825,3,CYP3A4,3.580317974090576,2.8229635063325986e-05,1.0745380052412656e-07,0.00020873898756690323,32,0.5874021030693749,0.000530816672835499,0.3188931345939636,0.3645977546590292,False,
