split,fold,molecule_id,cyp_target,experimental_pic50,credible_interval_low,credible_interval_high,base_prediction,residual_target
development_oof,0,OCNT-0022119,CYP1A2,5.40955026,5.2874675,5.5361805,4.833717306666666,0.5758329533333333
development_oof,0,OCNT-0022119,CYP2D6,6.170296065,6.051533,6.288086,5.185565546666667,0.9847305183333326
development_oof,0,OCNT-0022139,CYP2D6,4.698939887,4.572345,4.86590525,4.81249302,-0.11355313299999992
development_oof,0,OCNT-0022237,CYP2D6,5.05540735,4.92113575,5.1646855,5.224495166666666,-0.16908781666666606
development_oof,0,OCNT-0022246,CYP1A2,5.40455451,5.2970825,5.51208,4.9464701,0.45808440999999966
development_oof,0,OCNT-0022246,CYP2D6,5.58116284,5.479809,5.68949425,5.04021526,0.5409475800000001
development_oof,0,OCNT-0022246,CYP3A4,4.831211795,4.7479685,4.92662125,4.734687060000001,0.09652473499999914
development_oof,0,OCNT-0022268,CYP1A2,5.477508187,5.407097,5.550604,5.0144216,0.4630865869999994
development_oof,0,OCNT-0022268,CYP2D6,6.068059857,5.97585,6.16919025,5.27347286,0.7945869969999997
development_oof,0,OCNT-0022269,CYP1A2,4.861767925,4.7202285,4.974073,4.624576813333333,0.2371911116666663
development_oof,0,OCNT-0022269,CYP2D6,5.655250823,5.54252775,5.77266725,4.949203033333333,0.706047789666667
development_oof,0,OCNT-0022288,CYP1A2,5.388658353,5.287896,5.481964,4.776872646666667,0.6117857063333334
development_oof,0,OCNT-0022288,CYP2C9,4.649319785,4.505379,4.811595,4.54418224,0.10513754500000072
development_oof,0,OCNT-0022288,CYP2D6,5.73767089,5.60407975,5.87199325,4.9648097799999995,0.7728611100000009
development_oof,0,OCNT-0022297,CYP2D6,4.35820127,4.268018,4.46033625,5.063828293333334,-0.7056270233333333
development_oof,0,OCNT-0022303,CYP2D6,5.206108255,5.14202475,5.272021,4.845752806666667,0.36035544833333333
development_oof,0,OCNT-0022315,CYP2C9,4.881786123,4.69270775,5.0439625,4.963494046666666,-0.08170792366666557
development_oof,0,OCNT-0022315,CYP2D6,5.916376775,5.83491875,6.005434,5.155606813333334,0.7607699616666661
development_oof,0,OCNT-0022315,CYP3A4,5.245942598,5.15840525,5.33831075,4.988974446666667,0.25696815133333306
development_oof,0,OCNT-0381046,CYP1A2,5.753405707,5.65351275,5.8505955,4.9422071333333335,0.8111985736666663
development_oof,0,OCNT-0381046,CYP2D6,6.27227232,6.209247,6.3371915,4.9595614,1.3127109199999998
development_oof,0,OCNT-0476578,CYP1A2,5.62699618,5.56661825,5.6916005,5.767780780000001,-0.14078460000000081
development_oof,0,OCNT-0476578,CYP2D6,4.493955152,4.441906,4.57435475,5.225216426666667,-0.7312612746666671
development_oof,0,OCNT-0477348,CYP2D6,5.106191628,5.015885,5.1874785,5.3608099933333335,-0.25461836533333315
development_oof,0,OCNT-0478484,CYP2D6,4.793473192,4.632995,4.965686,5.4303566666666665,-0.6368834746666661
development_oof,0,OCNT-0481618,CYP3A4,2.27532321,1.06651425,3.55973175,4.7741921666666665,-2.4988689566666666
development_oof,0,OCNT-0483505,CYP1A2,6.692482703,6.60832,6.78367025,5.551244013333333,1.1412386896666664
development_oof,0,OCNT-0483505,CYP2D6,4.495205617,4.3844155,4.64600475,4.55849368,-0.0632880629999999
development_oof,0,OCNT-0492977,CYP3A4,4.70326415,4.61303725,4.8229005,4.109950133333333,0.5933140166666666
development_oof,0,OCNT-0494023,CYP2D6,4.17417411,3.68914675,4.3734675,5.01464056,-0.8404664500000001
development_oof,0,OCNT-0494023,CYP3A4,4.841854462,4.77511725,4.9205715,4.720235099999999,0.12161936200000056
development_oof,0,OCNT-0495303,CYP1A2,2.099860792,1.05781625,3.472813,5.176285040000001,-3.076424248000001
development_oof,0,OCNT-0495682,CYP1A2,5.616129457,5.50979875,5.714821,6.022478313333333,-0.4063488563333326
development_oof,0,OCNT-0496415,CYP2D6,4.258582557,4.09972975,4.37883175,4.684001366666666,-0.4254188096666658
development_oof,0,OCNT-0498067,CYP2D6,4.252101198,2.84772375,4.473326,4.60300982,-0.3509086219999995
development_oof,0,OCNT-0498121,CYP2C9,4.04949926,3.61248425,4.40701175,5.02194332,-0.9724440599999999
development_oof,0,OCNT-0498121,CYP3A4,2.103773238,1.0573975,3.21548225,4.499106013333334,-2.3953327753333338
development_oof,0,OCNT-0713835,CYP2D6,4.47176306,4.3712585,4.61777875,4.58573998,-0.11397691999999982
development_oof,0,OCNT-1411118,CYP2D6,4.527574418,4.41357925,4.6766625,4.466119933333333,0.06145448466666714
development_oof,0,OCNT-1755345,CYP2C9,5.443798252,5.34040175,5.5426635,4.90313746,0.5406607919999997
development_oof,0,OCNT-1755345,CYP3A4,5.005361857,4.94482375,5.06635,4.589972266666667,0.41538959033333267
development_oof,0,OCNT-2308460,CYP1A2,5.041184842,4.7316005,5.31157325,5.194799193333333,-0.15361435133333323
development_oof,0,OCNT-2308460,CYP3A4,4.770343345,4.628025,4.9893865,4.51393524,0.25640810499999933
development_oof,0,OCNT-2308464,CYP3A4,4.552812463,4.40574475,4.816132,4.228569073333334,0.3242433896666661
development_oof,0,OCNT-2308473,CYP2C9,4.422686977,4.088687,4.8644,4.689478393333333,-0.2667914163333336
development_oof,0,OCNT-2308473,CYP3A4,3.36519394,2.12073025,3.9731845,4.253417686666666,-0.8882237466666663
development_oof,0,OCNT-2308474,CYP1A2,6.01210488,5.90614975,6.1220405,5.456477479999999,0.5556274000000005
development_oof,0,OCNT-2308478,CYP2C9,4.583366505,4.37900875,4.8328765,4.33759124,0.2457752649999998
development_oof,0,OCNT-2308478,CYP2D6,4.977149855,4.806318,5.11481675,4.820843993333333,0.1563058616666675
development_oof,0,OCNT-2308494,CYP2C9,4.372024367,3.980583,4.9538635,4.591620346666668,-0.21959597966666777
development_oof,0,OCNT-2308494,CYP3A4,4.33245308,4.14891,4.76820525,4.224054286666666,0.10839879333333347
development_oof,0,OCNT-2308499,CYP1A2,7.114525278,7.02943,7.197181,5.58586086,1.528664418
development_oof,0,OCNT-2308499,CYP2D6,4.561984723,4.44112975,4.71984175,4.910545686666667,-0.34856096366666645
development_oof,0,OCNT-2308506,CYP1A2,4.867253745,4.700189,5.04335925,4.277669300000001,0.589584444999999
development_oof,0,OCNT-2308522,CYP2C9,3.37551358,1.744615,4.12126425,4.15371114,-0.7781975600000006
development_oof,0,OCNT-2308523,CYP2D6,4.37545704,4.2391055,4.5178015,4.302836699999999,0.07262034000000028
development_oof,0,OCNT-2308531,CYP3A4,4.95944273,4.8768155,5.0533285,4.391337806666668,0.5681049233333324
development_oof,0,OCNT-2308560,CYP3A4,4.55159178,4.442628,4.7302365,4.613092666666667,-0.061500886666666865
development_oof,0,OCNT-2308588,CYP1A2,5.273967155,5.13678425,5.38810225,4.67312074,0.6008464150000004
development_oof,0,OCNT-2308588,CYP2C9,4.06119356,3.66828875,4.6021305,4.451709933333333,-0.390516373333333
development_oof,0,OCNT-2308588,CYP2D6,5.612441365,5.510716,5.7312915,4.884460080000001,0.7279812849999985
development_oof,0,OCNT-2308588,CYP3A4,4.594022655,4.5020955,4.740554,4.342311126666667,0.2517115283333329
development_oof,0,OCNT-2308599,CYP2D6,2.025409553,1.06066025,3.3881375,4.796011646666667,-2.770602093666667
development_oof,0,OCNT-2308601,CYP3A4,4.686252178,4.6033445,4.81634,4.1694317,0.5168204780000005
development_oof,0,OCNT-2308609,CYP2D6,4.795514462,4.6816335,4.90560225,5.145947146666667,-0.350432684666667
development_oof,0,OCNT-2308614,CYP3A4,2.010199325,1.0502915,3.36227525,3.4045827933333337,-1.3943834683333338
development_oof,0,OCNT-2308626,CYP1A2,2.508812232,1.10286875,3.70303225,4.371345286666666,-1.8625330546666663
development_oof,0,OCNT-2308638,CYP1A2,5.211921692,5.00382925,5.39736925,5.253283366666667,-0.041361674666667625
development_oof,0,OCNT-2308638,CYP2D6,4.740541735,4.34510725,5.38331175,4.869867393333333,-0.12932565833333332
development_oof,0,OCNT-2308646,CYP1A2,4.668175377,4.4775175,4.88867125,4.309209906666667,0.3589654703333327
development_oof,0,OCNT-2308646,CYP3A4,5.498045242,5.42013925,5.56855125,3.6449730599999994,1.8530721820000005
development_oof,0,OCNT-2308674,CYP2C9,5.519434882,5.31507375,5.65699525,5.190567386666666,0.32886749533333326
development_oof,0,OCNT-2308674,CYP3A4,5.075595437,5.017479,5.13510125,4.961386186666667,0.11420925033333251
development_oof,0,OCNT-2308690,CYP3A4,2.206256075,1.057422,3.58158775,2.9621421000000003,-0.7558860250000001
development_oof,0,OCNT-2308707,CYP1A2,2.098388835,1.0554595,3.245185,4.736730280000001,-2.6383414450000005
development_oof,0,OCNT-2308772,CYP2C9,3.722566127,2.83108425,4.284898,4.45046982,-0.7279036930000005
development_oof,0,OCNT-2308773,CYP2C9,5.046452268,4.8785765,5.17130075,4.916301020000001,0.13015124799999978
development_oof,0,OCNT-2308773,CYP3A4,4.31170627,4.2040575,4.45431025,4.673705606666667,-0.36199933666666695
development_oof,0,OCNT-2308798,CYP2D6,4.282659655,4.118958,4.39132025,4.590667173333333,-0.3080075183333335
development_oof,0,OCNT-2308798,CYP3A4,3.846268418,3.51613375,4.14955,4.4872255333333335,-0.6409571153333333
development_oof,0,OCNT-2308810,CYP2D6,3.131869342,1.149056,4.1642575,4.9531402133333335,-1.8212708713333337
development_oof,0,OCNT-2308847,CYP1A2,3.98482508,3.57708475,4.523651,4.160321813333333,-0.17549673333333304
development_oof,0,OCNT-2308847,CYP3A4,3.789451435,3.4340115,4.09133575,3.6893234733333338,0.10012796166666638
development_oof,0,OCNT-2308850,CYP3A4,4.550130438,4.449938,4.6941795,4.129243506666667,0.42088693133333344
development_oof,0,OCNT-2308860,CYP1A2,6.142259447,6.04347,6.2389275,5.4038686,0.7383908469999998
development_oof,0,OCNT-2308860,CYP2C9,4.434269245,3.86219,5.200069,5.038708080000001,-0.6044388350000007
development_oof,0,OCNT-2308860,CYP3A4,3.621380278,3.265437,3.98305325,4.48205332,-0.8606730420000002
development_oof,0,OCNT-2308866,CYP1A2,4.71698677,4.5006475,4.993365,4.863925313333333,-0.14693854333333256
development_oof,0,OCNT-2308874,CYP2C9,3.713054535,3.06810025,4.2548605,4.093190353333333,-0.3801358183333332
development_oof,0,OCNT-2308874,CYP3A4,2.587130662,1.134616,3.740053,3.827288586666667,-1.2401579246666672
development_oof,0,OCNT-2308890,CYP2C9,2.324801003,1.073117,3.6842725,3.8833781466666664,-1.5585771436666662
development_oof,0,OCNT-2308900,CYP1A2,4.902761188,4.71260925,5.1117005,4.67452712,0.2282340680000008
development_oof,0,OCNT-2308908,CYP1A2,4.97390783,4.79596925,5.1146645,5.02331468,-0.049406850000000446
development_oof,0,OCNT-2308925,CYP1A2,5.585823915,5.50701075,5.66837025,4.840605053333333,0.7452188616666664
development_oof,0,OCNT-2308938,CYP3A4,3.691492082,3.21584675,4.11599825,5.0395405066666665,-1.3480484246666666
development_oof,0,OCNT-2308951,CYP3A4,3.479948305,2.63090525,3.98395675,4.1866639333333335,-0.7067156283333333
development_oof,0,OCNT-2308952,CYP1A2,5.513475127,5.4182835,5.59744075,5.265626553333333,0.24784857366666735
development_oof,0,OCNT-2308952,CYP2D6,4.806376463,4.64668925,4.969385,5.409562393333333,-0.6031859303333329
development_oof,0,OCNT-2309000,CYP2D6,4.671842395,4.55760725,4.819612,5.100583220000001,-0.4287408250000011
development_oof,0,OCNT-2309000,CYP3A4,3.736996632,3.31221625,4.08527175,4.16830882,-0.43131218800000015
development_oof,0,OCNT-2309014,CYP1A2,4.737715497,4.51206175,5.00210875,4.5094973199999995,0.22821817700000047
development_oof,0,OCNT-2309014,CYP2C9,4.201528598,3.82605575,4.7299235,4.350779106666667,-0.14925050866666645
development_oof,0,OCNT-2309014,CYP2D6,5.679755865,5.5858815,5.7745705,4.355713166666667,1.3240426983333329
development_oof,0,OCNT-2309014,CYP3A4,4.337483833,4.214827,4.50091475,3.8122803666666663,0.525203466333334
development_oof,0,OCNT-2309024,CYP3A4,2.180249755,1.06247,3.4402705,2.8053647733333333,-0.6251150183333332
development_oof,0,OCNT-2309039,CYP1A2,3.434587342,2.33674175,4.077581,4.5433039666666675,-1.1087166246666675
development_oof,0,OCNT-2309039,CYP2C9,4.468207203,4.11757875,4.956071,4.344520940000001,0.12368626299999974
development_oof,0,OCNT-2309039,CYP3A4,4.680828975,4.5854075,4.83574325,4.025956853333333,0.6548721216666671
development_oof,0,OCNT-2309057,CYP2D6,4.60538449,4.48477825,4.7916355,4.45862876,0.14675572999999975
development_oof,0,OCNT-2309070,CYP1A2,5.78048507,5.66842975,5.8910935,4.92420154,0.8562835299999998
development_oof,0,OCNT-2309102,CYP3A4,4.48511985,4.39156225,4.669344,4.538318186666666,-0.05319833666666618
development_oof,0,OCNT-2309110,CYP1A2,5.114729933,4.933995,5.2244005,5.427839213333334,-0.3131092803333342
development_oof,0,OCNT-2309115,CYP3A4,4.381841257,4.2364565,4.55038425,4.07372642,0.30811483699999975
development_oof,0,OCNT-2309156,CYP3A4,2.024335245,1.03641175,3.39376475,3.7252610200000005,-1.7009257750000004
development_oof,0,OCNT-2309174,CYP2D6,4.517965167,4.34569525,4.7924765,4.756326053333334,-0.23836088633333397
development_oof,0,OCNT-2309179,CYP1A2,5.41586177,5.28660775,5.52169675,5.2269056266666665,0.18895614333333377
development_oof,0,OCNT-2309179,CYP2D6,5.208824898,5.11047575,5.30994325,4.630168393333333,0.5786565046666663
development_oof,0,OCNT-2309181,CYP2D6,5.497688715,5.4249795,5.57194325,4.788218993333334,0.7094697216666654
development_oof,0,OCNT-2309198,CYP2C9,3.7787182,2.99797325,4.345082,3.957379726666667,-0.17866152666666668
development_oof,0,OCNT-2309214,CYP2C9,4.839729637,4.44596475,5.176269,4.637433773333333,0.20229586366666652
development_oof,0,OCNT-2309214,CYP2D6,5.034287603,4.91941125,5.1180195,4.8851892333333335,0.14909836966666656
development_oof,0,OCNT-2309243,CYP1A2,5.328740902,5.107286,5.587215,4.379758806666667,0.9489820953333332
development_oof,0,OCNT-2309246,CYP1A2,4.57543194,4.24114775,5.0436905,4.958246539999999,-0.38281459999999967
development_oof,0,OCNT-2309246,CYP2D6,4.421305337,4.04713875,4.7099245,4.773171746666667,-0.35186640966666705
development_oof,0,OCNT-2309292,CYP1A2,4.535458238,4.31629525,4.83024875,4.579684346666666,-0.044226108666665986
development_oof,0,OCNT-2309292,CYP2C9,4.633100738,4.328926,5.0169855,4.5312448,0.10185593800000081
development_oof,0,OCNT-2309292,CYP2D6,5.004099337,4.78878875,5.18601075,4.7557414666666675,0.2483578703333329
development_oof,0,OCNT-2309368,CYP2C9,5.681304782,5.54410475,5.816738,4.53385946,1.1474453219999994
development_oof,0,OCNT-2309368,CYP2D6,5.279088677,5.073621,5.44210325,4.1726764733333335,1.1064122036666664
development_oof,0,OCNT-2309396,CYP1A2,1.90962809,1.03617525,3.11936025,4.449380533333333,-2.5397524433333327
development_oof,0,OCNT-2309396,CYP3A4,5.053744907,4.9340915,5.156607,3.8747740666666672,1.1789708403333323
development_oof,0,OCNT-2309425,CYP2C9,4.860595378,4.6091865,5.105692,4.610004600000001,0.2505907779999994
development_oof,0,OCNT-2309425,CYP3A4,3.82393098,3.4592925,4.11987475,4.229602226666667,-0.40567124666666654
development_oof,0,OCNT-2309430,CYP1A2,2.657626473,1.14860425,3.7647785,4.482777573333333,-1.8251511003333332
development_oof,0,OCNT-2309430,CYP2C9,4.19545985,3.8432465,4.704845,4.3133957333333335,-0.11793588333333371
development_oof,0,OCNT-2309430,CYP3A4,3.717094888,3.313929,4.059895,3.99357688,-0.2764819919999999
development_oof,0,OCNT-2309443,CYP1A2,4.876238563,4.63372125,5.05114425,4.682374286666667,0.19386427633333359
development_oof,0,OCNT-2309443,CYP3A4,4.832719388,4.7760885,4.8985525,4.098054799999999,0.7346645880000011
development_oof,0,OCNT-2309470,CYP2C9,2.57356297,1.10627375,3.78056925,4.059489593333334,-1.485926623333334
development_oof,0,OCNT-2309470,CYP3A4,2.177398278,1.0631805,3.24005,3.52147168,-1.3440734019999998
development_oof,0,OCNT-2309518,CYP1A2,4.999545695,4.83336825,5.15588025,4.826401193333334,0.17314450166666617
development_oof,0,OCNT-2309518,CYP2C9,4.69958671,4.4594055,4.97208175,4.54193262,0.1576540900000003
development_oof,0,OCNT-2309518,CYP2D6,4.763546113,4.506828,5.047399,4.5660804399999995,0.19746567300000084
development_oof,0,OCNT-2309518,CYP3A4,5.356649293,5.25036925,5.45672225,4.1516896800000005,1.2049596129999998
development_oof,0,OCNT-2309536,CYP1A2,5.18596381,4.97678925,5.40604325,4.793090133333333,0.3928736766666665
development_oof,0,OCNT-2309583,CYP2C9,4.230006555,3.91233625,4.607455,4.192302433333333,0.0377041216666667
development_oof,0,OCNT-2309583,CYP3A4,3.690696482,3.24448625,4.04732625,3.7110741266666665,-0.020377644666666583
development_oof,0,OCNT-2309602,CYP1A2,4.777768225,4.58949875,4.9902985,5.195981686666666,-0.4182134616666664
development_oof,0,OCNT-2309602,CYP2C9,5.409439815,5.18875775,5.5911175,4.988947373333334,0.4204924416666662
development_oof,0,OCNT-2309602,CYP2D6,4.276122025,4.11326625,4.4452765,4.335031306666667,-0.05890928166666676
development_oof,0,OCNT-2309696,CYP2C9,4.278445673,3.823957,4.946224,4.6276043399999995,-0.3491586669999993
development_oof,0,OCNT-2309746,CYP3A4,2.298208105,1.07333575,3.54729725,3.94809592,-1.649887815
development_oof,0,OCNT-2309754,CYP2C9,4.836496233,4.6061665,5.08533,4.490988886666667,0.34550734633333313
development_oof,0,OCNT-2309762,CYP2C9,5.648088162,5.554007,5.751514,5.016488913333333,0.6315992486666664
development_oof,0,OCNT-2309780,CYP1A2,5.42342565,5.3122705,5.51794225,5.179873986666667,0.24355166333333322
development_oof,0,OCNT-2309780,CYP2C9,5.554866537,5.46498525,5.64606,4.911681446666667,0.6431850903333327
development_oof,0,OCNT-2309782,CYP1A2,4.459346655,4.20397925,4.8397115,4.336734493333333,0.12261216166666689
development_oof,0,OCNT-2309810,CYP1A2,4.237526648,3.784309,4.99763575,4.7757305,-0.5382038519999996
development_oof,0,OCNT-2309810,CYP3A4,5.258509235,5.21614225,5.3001025,4.804319473333333,0.454189761666667
development_oof,0,OCNT-2309811,CYP1A2,5.5868905,5.48321875,5.684334,4.8959444733333335,0.6909460266666665
development_oof,0,OCNT-2309813,CYP2C9,5.276880095,5.03811975,5.4673955,4.785832559999999,0.49104753500000076
development_oof,0,OCNT-2309813,CYP3A4,4.42198301,4.27433075,4.683878,4.472750553333333,-0.05076754333333344
development_oof,0,OCNT-2309840,CYP2C9,4.709497835,4.45704875,4.99108875,4.7616377,-0.05213986500000001
development_oof,0,OCNT-2309858,CYP3A4,4.859908095,4.76771125,4.982236,4.82413032,0.03577777499999968
development_oof,0,OCNT-2309864,CYP2D6,4.437198148,4.2707765,4.613388,4.590375979999999,-0.15317783199999901
development_oof,0,OCNT-2309883,CYP1A2,5.031979407,4.87173725,5.1653895,4.838822073333334,0.1931573336666661
development_oof,0,OCNT-2309900,CYP2D6,5.4999317,5.322684,5.6564415,4.83104286,0.6688888400000002
development_oof,0,OCNT-2309900,CYP3A4,4.788579197,4.6903485,4.932152,4.401919100000001,0.38666009699999915
development_oof,0,OCNT-2309924,CYP2C9,4.763958335,4.3080335,5.151381,4.43395356,0.3300047749999999
development_oof,0,OCNT-2309933,CYP2C9,4.947919975,4.77054725,5.1187175,4.765898273333333,0.18202170166666676
development_oof,0,OCNT-2309933,CYP3A4,5.228164608,5.157697,5.3044495,4.462038006666667,0.7661266013333332
development_oof,0,OCNT-2309991,CYP1A2,5.17612895,4.9977285,5.3514625,5.29140034,-0.1152713900000002
development_oof,0,OCNT-2310005,CYP2C9,3.775382437,3.04073425,4.20339175,4.542979753333334,-0.7675973163333341
development_oof,0,OCNT-2310036,CYP1A2,5.809098493,5.69878975,5.922263,5.739334659999999,0.06976383300000055
development_oof,0,OCNT-2310036,CYP2C9,5.603263942,5.0138,6.05141225,5.456849633333333,0.1464143086666665
development_oof,0,OCNT-2310067,CYP2D6,6.041477758,5.9605945,6.129341,4.97828558,1.0631921780000004
development_oof,0,OCNT-2310067,CYP3A4,5.332954717,5.26332,5.401771,5.009330933333334,0.3236237836666662
development_oof,0,OCNT-2310076,CYP2D6,5.355084695,5.213534,5.48514225,4.667082913333333,0.6880017816666673
development_oof,0,OCNT-2310095,CYP2D6,5.200771175,5.09216325,5.2843115,5.167721833333333,0.03304934166666662
development_oof,0,OCNT-2310097,CYP3A4,4.300932767,4.116929,4.627092,4.731664459999999,-0.43073169299999936
development_oof,0,OCNT-2310101,CYP3A4,3.84640374,3.46114475,4.12990325,3.623960806666666,0.22244293333333376
development_oof,0,OCNT-2310121,CYP3A4,2.790967568,1.15844175,3.87183675,3.5817303600000003,-0.7907627920000002
development_oof,0,OCNT-2310137,CYP3A4,5.461775043,5.4137965,5.50994625,4.464936006666667,0.9968390363333333
development_oof,0,OCNT-2310153,CYP1A2,5.743245413,5.65311325,5.83780075,4.698741673333333,1.0445037396666672
development_oof,0,OCNT-2310153,CYP2D6,4.78452492,4.66899475,4.90629425,4.370393493333333,0.4141314266666667
development_oof,0,OCNT-2310163,CYP1A2,5.006135698,4.6177565,5.28551875,4.718025213333333,0.28811048466666644
development_oof,0,OCNT-2310163,CYP2C9,4.827437525,4.53296775,5.151282,4.577195333333334,0.2502421916666657
development_oof,0,OCNT-2310220,CYP3A4,2.225750435,1.042811,3.594979,2.9652420200000003,-0.7394915850000001
development_oof,0,OCNT-2310252,CYP2D6,3.21653553,1.14389525,4.15554025,4.407487726666667,-1.1909521966666672
development_oof,0,OCNT-2310306,CYP2C9,4.36371063,4.163119,4.64320425,4.290109286666667,0.07360134333333335
development_oof,0,OCNT-2310316,CYP1A2,5.877808642,5.78341375,5.9808605,5.600821553333334,0.2769870886666661
development_oof,0,OCNT-2310353,CYP1A2,5.17906553,5.0189815,5.3128125,5.04350456,0.13556097000000022
development_oof,0,OCNT-2310353,CYP2D6,4.91651345,4.73961975,5.0599915,4.683263873333333,0.23324957666666712
development_oof,0,OCNT-2310353,CYP3A4,4.99666658,4.93177675,5.0632115,4.503773746666665,0.4928928333333351
development_oof,0,OCNT-2310365,CYP1A2,5.195463408,5.029128,5.33110075,5.0303318,0.16513160800000026
development_oof,0,OCNT-2310376,CYP1A2,2.100920668,1.05602075,3.39617,4.136037926666667,-2.035117258666667
development_oof,0,OCNT-2310380,CYP1A2,5.203664612,5.04565125,5.320574,4.9604321733333325,0.24323243866666733
development_oof,0,OCNT-2310389,CYP3A4,2.741962335,1.0895045,3.8273655,3.5892952200000003,-0.8473328850000001
development_oof,0,OCNT-2310396,CYP1A2,3.641610983,3.02601275,4.19666475,4.754983439999999,-1.1133724569999992
development_oof,0,OCNT-2310409,CYP1A2,5.165969945,5.0121675,5.29462725,4.331231506666667,0.8347384383333329
development_oof,0,OCNT-2310409,CYP3A4,3.597721745,3.0136945,4.007033,3.7475451866666667,-0.14982344166666683
development_oof,0,OCNT-2310428,CYP2C9,3.963667168,3.52531825,4.4831405,4.613135446666666,-0.6494682786666659
development_oof,0,OCNT-2310436,CYP1A2,5.72623009,5.6164905,5.82984325,5.66850308,0.0577270099999998
development_oof,0,OCNT-2310436,CYP2D6,4.65242682,4.53440725,4.79476475,4.85474664,-0.20231982000000048
development_oof,0,OCNT-2310455,CYP2C9,3.993795637,3.53514675,4.644265,4.646825646666666,-0.6530300096666659
development_oof,0,OCNT-2310455,CYP3A4,3.656923358,3.27967225,3.99412725,4.34628248,-0.6893591220000004
development_oof,0,OCNT-2310473,CYP3A4,3.759346945,3.35587625,4.04445075,4.2995703,-0.5402233550000002
development_oof,0,OCNT-2310487,CYP2C9,5.32677768,5.18091025,5.45405675,4.659472646666667,0.6673050333333332
development_oof,0,OCNT-2310516,CYP2C9,4.274925795,4.019047,4.612007,4.264467993333334,0.0104578016666661
development_oof,0,OCNT-2310528,CYP2C9,5.42706087,5.221709,5.62803075,5.343874833333333,0.08318603666666746
development_oof,0,OCNT-2310555,CYP2C9,4.486457515,4.26716675,4.762969,4.42400454,0.062452974999999356
development_oof,0,OCNT-2310555,CYP2D6,3.457433948,1.19957825,4.334473,4.282722486666667,-0.8252885386666668
development_oof,0,OCNT-2310555,CYP3A4,4.900167553,4.78880925,5.043677,3.9758438333333332,0.9243237196666669
development_oof,0,OCNT-2310562,CYP2C9,5.32258185,5.146827,5.46548375,4.857596833333334,0.4649850166666658
development_oof,0,OCNT-2310562,CYP2D6,4.484070133,4.23045725,4.72257775,4.682714166666666,-0.19864403366666572
development_oof,0,OCNT-2310579,CYP2C9,4.071066123,3.6857525,4.61476475,4.442306153333333,-0.3712400303333334
development_oof,0,OCNT-2310605,CYP1A2,5.76041133,5.637013,5.8757395,5.355896546666668,0.40451478333333224
development_oof,0,OCNT-2310605,CYP2D6,5.83714999,5.70474675,5.96431175,4.553624353333333,1.283525636666667
development_oof,0,OCNT-2310606,CYP1A2,5.64305967,5.54416925,5.73885225,5.520605699999999,0.12245397000000136
development_oof,0,OCNT-2310606,CYP2D6,2.08517502,1.05729625,3.50528025,4.7567226866666665,-2.6715476666666667
development_oof,0,OCNT-2310606,CYP3A4,5.955765657,5.86636275,6.0478765,5.192395333333333,0.7633703236666669
development_oof,0,OCNT-2310629,CYP3A4,4.156398017,3.9841965,4.2947505,4.551433873333334,-0.39503585633333405
development_oof,0,OCNT-2310635,CYP2C9,4.607570447,4.403095,4.8389935,4.6800604266666666,-0.07248997966666693
development_oof,0,OCNT-2310635,CYP2D6,4.32772043,4.1633255,4.4593305,4.749649246666667,-0.42192881666666704
development_oof,0,OCNT-2310667,CYP3A4,3.162989765,1.402616,3.84252,4.173120806666667,-1.010131041666667
development_oof,0,OCNT-2310693,CYP3A4,3.568803318,3.13671,3.97828375,3.39489952,0.173903798
development_oof,0,OCNT-2310732,CYP3A4,4.493550495,4.40213,4.64745275,3.6962195199999996,0.7973309750000004
development_oof,0,OCNT-2310742,CYP3A4,5.14380517,5.08789575,5.20446025,3.7029862666666666,1.4408189033333336
development_oof,0,OCNT-2310746,CYP2C9,3.694519695,3.16509925,4.20250825,4.06491612,-0.3703964250000005
development_oof,0,OCNT-2310797,CYP2C9,2.48787512,1.074271,3.76267,4.08557214,-1.59769702
development_oof,0,OCNT-2310797,CYP3A4,2.227404855,1.07866225,3.24567475,3.545084373333333,-1.3176795183333327
development_oof,0,OCNT-2310822,CYP2C9,4.502336038,4.252362,4.80497075,4.7566707133333335,-0.2543346753333333
development_oof,0,OCNT-2310822,CYP3A4,4.965897785,4.8731755,5.096738,4.666056206666666,0.2998415783333339
development_oof,0,OCNT-2310826,CYP2D6,5.837251747,5.71954525,5.9594085,4.6291223666666665,1.2081293803333333
development_oof,0,OCNT-2310826,CYP3A4,4.214249813,4.07418025,4.382649,3.86095478,0.3532950330000002
development_oof,0,OCNT-2310829,CYP2D6,5.394531835,5.24446975,5.5262045,4.689208153333333,0.705323681666667
development_oof,0,OCNT-2310839,CYP3A4,4.221361153,4.06254725,4.38667125,4.322649986666667,-0.10128883366666663
development_oof,0,OCNT-2310864,CYP2D6,6.555268827,6.414009,6.702482,4.399639606666667,2.155629220333333
development_oof,0,OCNT-2310867,CYP3A4,4.257986495,4.10799375,4.42948275,3.5991511133333334,0.6588353816666666
development_oof,0,OCNT-2310878,CYP1A2,5.270082415,5.102644,5.4139605,5.1394238,0.13065861499999976
development_oof,0,OCNT-2310888,CYP1A2,5.09731991,4.945859,5.22296525,5.01173952,0.0855803900000005
development_oof,0,OCNT-2310904,CYP3A4,2.25979485,1.098797,3.237536,3.3592397133333334,-1.0994448633333334
development_oof,0,OCNT-2310905,CYP1A2,5.428192405,5.292449,5.55739325,4.770323766666667,0.6578686383333325
development_oof,0,OCNT-2310905,CYP2C9,4.775703208,4.59678775,4.96022175,4.639568093333333,0.1361351146666676
development_oof,0,OCNT-2310907,CYP3A4,3.65180618,3.254415,4.01363975,4.57436586,-0.9225596800000004
development_oof,0,OCNT-2310910,CYP3A4,3.572555593,3.17321025,3.9669735,3.6252233933333335,-0.0526678003333334
development_oof,0,OCNT-2310917,CYP2C9,4.686231272,3.9867415,5.3247885,4.664809513333333,0.021421758666666513
development_oof,0,OCNT-2310917,CYP3A4,4.301574933,4.08125475,4.79862825,4.237249686666667,0.06432524633333347
development_oof,0,OCNT-2310932,CYP1A2,6.030363112,5.90572325,6.16081475,5.22920424,0.8011588720000002
development_oof,0,OCNT-2310932,CYP3A4,3.700532,3.33803225,4.06949675,4.145304879999999,-0.4447728799999995
development_oof,0,OCNT-2310968,CYP1A2,4.326796585,4.06594325,4.7217105,4.284026493333333,0.04277009166666712
development_oof,0,OCNT-2310968,CYP3A4,3.902560783,3.60880075,4.1471735,3.8937156800000006,0.008845102999999632
development_oof,0,OCNT-2310969,CYP3A4,4.077384698,3.8856095,4.26435575,4.366306166666666,-0.2889214686666657
development_oof,0,OCNT-2310994,CYP1A2,4.889479397,4.7088805,5.08189,5.162433453333334,-0.2729540563333339
development_oof,0,OCNT-2310997,CYP1A2,3.778208625,3.336603,4.43371225,4.413875673333334,-0.635667048333334
development_oof,0,OCNT-2310997,CYP2D6,4.370187193,4.20706925,4.506638,4.826535413333334,-0.456348220333334
development_oof,0,OCNT-2311028,CYP3A4,4.133092572,3.922809,4.3444,3.582949726666667,0.5501428453333328
development_oof,0,OCNT-2311052,CYP2C9,4.385489642,4.06795225,4.80609075,4.060475773333334,0.32501386866666593
development_oof,0,OCNT-2311052,CYP2D6,5.552312315,5.4486315,5.65273025,4.94781502,0.6044972949999998
development_oof,0,OCNT-2311070,CYP2C9,4.70664125,4.5172445,4.9029665,4.587736746666666,0.1189045033333338
development_oof,0,OCNT-2311072,CYP2C9,4.549163078,4.263666,4.89508875,4.646199033333334,-0.09703595533333331
development_oof,0,OCNT-2311106,CYP2D6,4.558680257,4.4419895,4.7152945,4.487330213333333,0.07135004366666653
development_oof,0,OCNT-2311132,CYP2D6,3.531004917,1.33076775,4.21702175,4.37433478,-0.8433298629999997
development_oof,0,OCNT-2311132,CYP3A4,4.428010695,4.3220845,4.61335675,3.7870928866666667,0.6409178083333336
development_oof,0,OCNT-2311134,CYP3A4,4.987116077,4.9417585,5.03570025,4.554369913333333,0.43274616366666674
development_oof,0,OCNT-2311148,CYP1A2,4.59512341,4.39045925,4.87458725,5.005562106666667,-0.41043869666666666
development_oof,0,OCNT-2311148,CYP2C9,4.839412248,4.62202675,5.05448375,4.774726106666668,0.06468614133333261
development_oof,0,OCNT-2311148,CYP2D6,7.284201227,7.209359,7.37449075,4.982547206666666,2.3016540203333333
development_oof,0,OCNT-2311166,CYP1A2,4.466695553,4.24395675,4.78458275,4.770146893333334,-0.3034513403333339
development_oof,0,OCNT-2311166,CYP3A4,3.655340798,3.225192,4.00773075,3.7904536999999996,-0.13511290199999948
development_oof,0,OCNT-2311180,CYP3A4,4.370502635,4.2816185,4.5026595,4.0358545999999995,0.33464803500000073
development_oof,0,OCNT-2311194,CYP2D6,5.731684008,5.6339205,5.8336785,4.860685546666667,0.8709984613333335
development_oof,0,OCNT-2311239,CYP3A4,4.08648127,3.859511,4.345354,4.085715493333334,0.0007657766666664401
development_oof,0,OCNT-2311245,CYP2D6,4.824752185,4.6681355,4.99406325,4.903855066666667,-0.07910288166666657
development_oof,0,OCNT-2311252,CYP1A2,3.750006455,3.19708175,4.1737995,4.88390684,-1.133900385
development_oof,0,OCNT-2311252,CYP2C9,3.993991235,3.548727,4.49403375,4.569931733333333,-0.5759404983333329
development_oof,0,OCNT-2311252,CYP3A4,4.144754125,3.95950875,4.32666175,4.340844026666667,-0.1960899016666664
development_oof,0,OCNT-2311281,CYP2C9,4.17308728,3.7778455,4.7308445,4.900151786666667,-0.7270645066666672
development_oof,0,OCNT-2311294,CYP3A4,2.033033305,1.0480895,3.20043625,2.304092626666667,-0.2710593216666668
development_oof,0,OCNT-2311313,CYP1A2,5.23788083,5.0656685,5.37550175,4.412797193333333,0.8250836366666672
development_oof,0,OCNT-2311336,CYP1A2,5.615887133,5.4973595,5.72300875,4.921826233333333,0.6940608996666668
development_oof,0,OCNT-2311336,CYP2C9,5.04963975,4.78894375,5.256342,4.680655140000001,0.36898460999999916
development_oof,0,OCNT-2311336,CYP2D6,5.27231291,5.13138875,5.379495,4.7073927399999995,0.5649201700000006
development_oof,0,OCNT-2311351,CYP2D6,4.66315949,4.5442025,4.8168005,5.091744820000001,-0.42858533000000065
development_oof,0,OCNT-2311387,CYP1A2,5.03445958,4.84659025,5.17683025,5.557037633333333,-0.5225780533333326
development_oof,0,OCNT-2311413,CYP1A2,5.312041045,5.1574005,5.4423485,4.777987293333334,0.5340537516666659
development_oof,0,OCNT-2311413,CYP2C9,4.065137697,3.681911,4.5313855,4.559796526666667,-0.4946588296666672
development_oof,0,OCNT-2311435,CYP3A4,4.409767783,4.318615,4.564466,4.4847180133333335,-0.07495023033333315
development_oof,0,OCNT-2311436,CYP2C9,3.495170632,2.7687615,4.0612025,4.115031706666667,-0.6198610746666664
development_oof,0,OCNT-2311438,CYP2D6,4.564544742,4.47090675,4.71066,4.721598046666667,-0.15705330466666734
development_oof,0,OCNT-2311447,CYP3A4,4.38444001,4.269761,4.5804605,4.134635586666667,0.24980442333333297
development_oof,0,OCNT-2311453,CYP1A2,5.628743607,5.514906,5.7347625,5.61704298,0.011700626999999741
development_oof,0,OCNT-2311478,CYP2C9,3.637740767,2.80801925,4.18996,4.265654593333333,-0.6279138263333333
development_oof,0,OCNT-2311525,CYP2D6,5.563581747,5.4840095,5.65135975,4.884058253333334,0.6795234936666654
development_oof,0,OCNT-2311547,CYP1A2,5.191699465,4.975388,5.35444075,5.30030444,-0.10860497499999955
development_oof,0,OCNT-2311574,CYP1A2,4.795568815,4.294924,5.1695415,4.96306488,-0.16749606499999992
development_oof,0,OCNT-2311615,CYP2C9,4.950076558,4.7129185,5.1462855,4.7792226200000005,0.1708539379999996
development_oof,0,OCNT-2311615,CYP3A4,4.299874642,4.14146675,4.462839,4.43498908,-0.13511443800000045
development_oof,0,OCNT-2311616,CYP2C9,2.9614402,1.18963875,3.96364625,3.669422346666667,-0.7079821466666667
development_oof,0,OCNT-2311620,CYP3A4,2.886437125,1.175158,3.8692315,3.94771652,-1.0612793950000001
development_oof,0,OCNT-2311637,CYP2D6,4.699461678,4.51059725,5.01642325,4.700702026666667,-0.0012403486666672237
development_oof,0,OCNT-2311637,CYP3A4,5.205857342,5.15611825,5.25629025,5.023546153333333,0.18231118866666662
development_oof,0,OCNT-2311664,CYP3A4,3.4912619,2.92950075,3.9592505,4.034996420000001,-0.5437345200000006
development_oof,0,OCNT-2311678,CYP2C9,5.225713437,4.9718555,5.498266,5.078401226666666,0.1473122103333333
development_oof,0,OCNT-2311682,CYP2C9,4.036613815,3.59894225,4.5692355,5.06340016,-1.0267863449999997
development_oof,0,OCNT-2311687,CYP2D6,4.483276883,4.41899975,4.579462,4.298063819999999,0.18521306300000084
development_oof,0,OCNT-2311689,CYP1A2,5.401922305,5.28722925,5.503352,5.303016906666667,0.09890539833333367
development_oof,0,OCNT-2311711,CYP2D6,4.311468568,4.1914775,4.429597,4.826512986666667,-0.5150444186666672
development_oof,0,OCNT-2311721,CYP2C9,4.851856495,4.71796825,4.98994475,5.110733726666666,-0.2588772316666663
development_oof,0,OCNT-2311721,CYP3A4,5.291962068,5.234967,5.353371,4.90104456,0.39091750800000025
development_oof,0,OCNT-2311724,CYP2C9,4.98615881,4.71228975,5.25046575,4.0675566666666665,0.9186021433333336
development_oof,0,OCNT-2311727,CYP2D6,4.370195025,4.239435,4.5107505,4.657615033333334,-0.28742000833333403
development_oof,0,OCNT-2311731,CYP1A2,4.81363868,4.619334,5.04332325,4.560864193333335,0.2527744866666657
development_oof,0,OCNT-2311731,CYP3A4,5.580164198,5.5125035,5.648324,4.173238993333333,1.406925204666667
development_oof,0,OCNT-2311748,CYP1A2,6.231112135,5.94330575,6.4930315,5.716806293333333,0.5143058416666673
development_oof,0,OCNT-2311748,CYP2D6,4.659826113,4.54871625,4.8230355,5.015734553333334,-0.3559084403333337
development_oof,0,OCNT-2311758,CYP3A4,2.835372463,1.15087925,3.90428725,3.589063986666667,-0.7536915236666668
development_oof,0,OCNT-2311760,CYP2D6,5.742236473,5.68797975,5.8030665,4.796635913333333,0.9456005596666675
development_oof,0,OCNT-2311766,CYP2D6,6.142876515,6.06204375,6.23585625,5.272244860000001,0.8706316549999995
development_oof,0,OCNT-2311777,CYP2C9,7.47301149,7.38578725,7.56300125,5.075311346666667,2.397700143333333
development_oof,0,OCNT-2311777,CYP2D6,5.740053708,5.63542625,5.84849125,4.531726633333333,1.2083270746666663
development_oof,0,OCNT-2311780,CYP2C9,4.98963898,4.5719125,5.3075405,4.038945726666666,0.9506932533333332
development_oof,0,OCNT-2311782,CYP2C9,4.079999642,3.703523,4.490951,4.278958973333333,-0.19895933133333354
development_oof,0,OCNT-2311782,CYP3A4,4.329659763,4.17668575,4.52405075,4.008329013333333,0.3213307496666671
development_oof,0,OCNT-2311792,CYP3A4,2.941186973,1.180369,3.93137375,4.3123065,-1.3711195269999998
development_oof,0,OCNT-2311801,CYP1A2,5.916388262,5.82245725,6.00611625,5.652459479999999,0.2639287820000007
development_oof,0,OCNT-2311801,CYP2D6,6.225275585,6.080191,6.3645915,4.840469873333334,1.384805711666666
development_oof,0,OCNT-2311808,CYP1A2,5.225217865,5.16800925,5.28649125,5.166289893333333,0.058927971666666856
development_oof,0,OCNT-2311808,CYP2D6,4.723302005,4.64550625,4.809844,4.59442078,0.12888122499999977
development_oof,0,OCNT-2311823,CYP3A4,4.683888738,4.54680425,4.9018355,3.416239006666667,1.2676497313333335
development_oof,0,OCNT-2311840,CYP2D6,5.254083777,5.1472045,5.35681825,4.321690966666667,0.932392810333333
development_oof,0,OCNT-2311856,CYP2D6,5.451932175,5.33024575,5.5705405,4.84081244,0.6111197349999999
development_oof,0,OCNT-2311887,CYP3A4,4.851009367,4.78177725,4.9380455,4.439875553333333,0.4111338136666669
development_oof,0,OCNT-2311908,CYP1A2,5.514505087,5.434539,5.59768875,5.703615293333334,-0.18911020633333386
development_oof,0,OCNT-2311908,CYP2D6,4.395510632,4.28728,4.52355375,4.640222933333333,-0.24471230133333322
development_oof,0,OCNT-2311916,CYP1A2,5.215246547,5.04472675,5.36339325,5.27645612,-0.061209573000000184
development_oof,0,OCNT-2311937,CYP2D6,4.555822607,4.475569,4.6645065,4.864651173333334,-0.3088285663333341
development_oof,0,OCNT-2311956,CYP1A2,4.080652048,3.72129025,4.618171,4.83278904,-0.7521369919999996
development_oof,0,OCNT-2311956,CYP2D6,3.568499173,1.46360325,4.17663675,4.458414673333333,-0.8899155003333332
development_oof,0,OCNT-2311958,CYP3A4,3.642061443,2.70617825,4.05964475,3.8664318333333325,-0.22437039033333273
development_oof,0,OCNT-2311990,CYP2C9,5.457623433,5.35642675,5.55791,4.868327046666666,0.5892963863333343
development_oof,0,OCNT-2311990,CYP2D6,4.257638745,4.047061,4.381759,4.484841433333334,-0.22720268833333357
development_oof,0,OCNT-2312002,CYP3A4,4.431101178,4.31988275,4.6248595,5.270745826666667,-0.8396446486666678
development_oof,0,OCNT-2312004,CYP1A2,4.105272955,3.74131825,4.559268,4.877425126666667,-0.7721521716666668
development_oof,0,OCNT-2312021,CYP1A2,5.180322875,4.97970875,5.3276955,5.078595833333333,0.1017270416666669
development_oof,0,OCNT-2312021,CYP2D6,4.29467453,4.1466315,4.40962775,4.989667720000001,-0.6949931900000008
development_oof,0,OCNT-2312027,CYP1A2,4.273069245,3.9650225,4.75035025,4.708517026666667,-0.4354477816666664
development_oof,0,OCNT-2312027,CYP3A4,4.25994229,4.143342,4.39930275,4.2686872466666665,-0.008744956666666859
development_oof,0,OCNT-2312044,CYP1A2,5.6930762,5.52077,5.8079105,4.694990786666667,0.9980854133333334
development_oof,0,OCNT-2312044,CYP2D6,4.823458625,4.638977,5.00757075,4.782620013333334,0.04083861166666569
development_oof,0,OCNT-2312047,CYP1A2,5.466814633,5.35109775,5.5675305,5.180397813333334,0.2864168196666661
development_oof,0,OCNT-2312053,CYP3A4,5.011346778,4.93091,5.102701,3.9867470733333334,1.0245997046666666
development_oof,0,OCNT-2312074,CYP1A2,6.414860137,6.333787,6.49827375,5.060597826666667,1.3542623103333327
development_oof,0,OCNT-2312095,CYP2D6,4.548565443,4.3741805,4.75001025,5.119678246666666,-0.571112803666666
development_oof,0,OCNT-2312106,CYP1A2,3.43923395,2.05650075,4.04554675,4.9466575200000005,-1.5074235700000003
development_oof,0,OCNT-2312106,CYP3A4,3.82609471,3.3370625,4.108915,4.0894411,-0.26334639000000015
development_oof,0,OCNT-2312108,CYP2D6,5.162601472,4.935182,5.34635125,4.755360593333334,0.40724087866666636
development_oof,0,OCNT-2312136,CYP1A2,5.967058107,5.8877255,6.04467075,5.7499946133333335,0.21706349366666622
development_oof,0,OCNT-2312136,CYP2D6,4.872831338,4.69880725,5.08038475,5.359589140000001,-0.4867578020000005
development_oof,0,OCNT-2312140,CYP1A2,5.13349855,4.97867975,5.2688995,5.41130414,-0.2778055900000007
development_oof,0,OCNT-2312140,CYP2D6,6.384082805,6.30542,6.4580615,5.0550328066666665,1.3290499983333337
development_oof,0,OCNT-2312162,CYP2C9,5.328754942,5.2558605,5.39874075,5.15225104,0.17650390199999944
development_oof,0,OCNT-2312165,CYP2D6,5.038156475,4.85975025,5.2003415,5.036168773333333,0.00198770166666673
development_oof,0,OCNT-2312227,CYP3A4,5.31885993,5.2560475,5.38213075,3.8769985066666663,1.441861423333334
development_oof,0,OCNT-2312236,CYP3A4,4.105142895,3.89749025,4.28098875,4.617936773333332,-0.5127938783333317
development_oof,0,OCNT-2312237,CYP2C9,4.002201203,3.588094,4.50392075,4.39262536,-0.390424157
development_oof,0,OCNT-2312237,CYP3A4,4.87490824,4.776154,5.0142755,4.09090212,0.7840061199999999
development_oof,0,OCNT-2312239,CYP3A4,5.008325502,4.9295755,5.094514,4.782957673333334,0.22536782866666627
development_oof,0,OCNT-2312277,CYP1A2,5.379924618,5.26215675,5.478853,4.536869566666666,0.8430550513333346
development_oof,0,OCNT-2312315,CYP2D6,4.451750093,4.37808975,4.56125575,4.827098153333333,-0.3753480603333328
development_oof,0,OCNT-2312331,CYP2C9,3.841522412,3.263857,4.252429,5.089573433333333,-1.2480510213333331
development_oof,0,OCNT-2312331,CYP3A4,4.235373165,4.128738,4.34304825,4.973134206666667,-0.7377610416666665
development_oof,0,OCNT-2312337,CYP1A2,5.22074284,5.0706955,5.3529305,5.49117188,-0.2704290399999998
development_oof,0,OCNT-2312337,CYP2C9,6.059388985,5.93801425,6.17679975,5.277796866666667,0.7815921183333332
development_oof,0,OCNT-2312337,CYP2D6,4.654289807,4.5170045,4.85971475,4.633659606666667,0.020630200333332738
development_oof,0,OCNT-2312337,CYP3A4,5.675257702,5.598308,5.75089275,4.968290493333333,0.7069672086666667
development_oof,0,OCNT-2312342,CYP1A2,5.584115377,5.469705,5.694302,5.654444113333333,-0.07032873633333292
development_oof,0,OCNT-2312385,CYP2D6,4.632342335,4.508664,4.7962385,4.356846506666667,0.27549582833333286
development_oof,0,OCNT-2312388,CYP2C9,4.9248229,4.72036925,5.148442,4.999189666666667,-0.07436676666666742
development_oof,0,OCNT-2312396,CYP2C9,4.521206545,4.2498585,4.85372575,4.07614778,0.44505876499999975
development_oof,0,OCNT-2312417,CYP1A2,5.649098728,5.56904625,5.72544575,4.763059279999999,0.8860394480000009
development_oof,0,OCNT-2312417,CYP2C9,4.971206132,4.80945825,5.1162675,4.64045776,0.3307483719999995
development_oof,0,OCNT-2312422,CYP2C9,4.456454853,4.19011125,4.79504,4.157570093333333,0.2988847596666675
development_oof,0,OCNT-2312443,CYP2C9,5.214428902,5.13458,5.293361,4.892360073333334,0.32206882866666575
development_oof,0,OCNT-2312444,CYP3A4,4.710454785,4.626857,4.81644775,4.3751314,0.3353233849999997
development_oof,0,OCNT-2312454,CYP3A4,4.313959628,4.222049,4.438937,3.2725171000000004,1.0414425279999997
development_oof,0,OCNT-2312456,CYP3A4,5.17296535,5.05543875,5.29273125,4.959791826666668,0.2131735233333325
development_oof,0,OCNT-2312463,CYP2D6,4.700553132,4.5565475,4.8857075,5.077670206666666,-0.3771170746666668
development_oof,0,OCNT-2312476,CYP1A2,5.646948558,5.55938975,5.73636975,5.987856,-0.3409074419999998
development_oof,0,OCNT-2312476,CYP2D6,4.466487648,4.38684925,4.58939325,5.13758704,-0.6710993919999995
development_oof,0,OCNT-2312511,CYP3A4,3.84602739,3.4822775,4.12657925,3.7730894200000002,0.07293796999999991
development_oof,0,OCNT-2312555,CYP3A4,3.5822512,3.1718965,3.9690045,3.8018359000000004,-0.2195847000000004
development_oof,0,OCNT-2312558,CYP3A4,2.66668324,1.11785775,3.7336385,3.2789063133333336,-0.6122230733333338
development_oof,0,OCNT-2312575,CYP2D6,4.695429247,4.56154625,4.8668,4.52631084,0.16911840700000003
development_oof,0,OCNT-2312607,CYP1A2,4.878171885,4.728522,5.0275935,5.18736942,-0.30919753499999914
development_oof,0,OCNT-2312607,CYP2D6,4.50614178,4.38292775,4.65348025,4.859700273333333,-0.3535584933333329
development_oof,0,OCNT-2312630,CYP3A4,4.169420973,3.95260075,4.478341,4.27381822,-0.10439724699999964
development_oof,0,OCNT-2312638,CYP3A4,3.589565958,2.590275,4.04156425,3.8200891866666664,-0.2305232286666663
development_oof,0,OCNT-2312641,CYP1A2,1.953003667,1.0544675,3.14757,4.4896898,-2.536686133
development_oof,0,OCNT-2312659,CYP1A2,5.015109437,4.87268575,5.11733125,4.861434786666666,0.1536746503333335
development_oof,0,OCNT-2312662,CYP2C9,4.393144755,4.1610885,4.721428,4.13698748,0.25615727499999963
development_oof,0,OCNT-2312662,CYP2D6,5.058286792,4.86519075,5.22052,4.855039446666666,0.20324734533333366
development_oof,0,OCNT-2312662,CYP3A4,4.65893179,4.56096875,4.84371075,3.8912433666666666,0.767688423333333
development_oof,0,OCNT-2312702,CYP2D6,4.823165943,4.6953,4.9553645,4.402063166666666,0.42110277633333393
development_oof,0,OCNT-2312704,CYP1A2,5.746111453,5.6216685,5.86070125,4.374749313333334,1.3713621396666662
development_oof,0,OCNT-2312704,CYP2D6,4.583397205,4.48228875,4.722995,4.726791920000001,-0.14339471500000123
development_oof,0,OCNT-2312707,CYP2C9,4.856377337,4.63915725,5.04900825,4.247105840000001,0.609271496999999
development_oof,0,OCNT-2312707,CYP3A4,4.598900168,4.479791,4.82028925,4.002929613333334,0.5959705546666658
development_oof,0,OCNT-2312722,CYP1A2,2.913836933,1.161106,3.8856385,4.521179460000001,-1.607342527000001
development_oof,0,OCNT-2312735,CYP1A2,5.361970285,5.18815425,5.49072375,5.596190486666666,-0.23422020166666613
development_oof,0,OCNT-2312735,CYP2D6,4.86856131,4.738198,5.03600625,4.729276893333333,0.13928441666666647
development_oof,0,OCNT-2312755,CYP1A2,4.98014009,4.807246,5.144888,4.890586573333334,0.08955351666666633
development_oof,0,OCNT-2312755,CYP2C9,5.049355885,4.8870965,5.2209735,4.695062793333333,0.35429309166666645
development_oof,0,OCNT-2312755,CYP3A4,4.713501417,4.61847525,4.87691375,4.243473546666666,0.4700278703333334
development_oof,0,OCNT-2312794,CYP2C9,4.174445888,3.818645,4.5878455,4.103820033333333,0.07062585466666693
development_oof,0,OCNT-2312797,CYP2C9,5.292960675,5.1382055,5.43241,4.311709753333334,0.9812509216666658
development_oof,0,OCNT-2312800,CYP2D6,6.105134497,5.987269,6.239841,4.9886554400000005,1.1164790569999994
development_oof,0,OCNT-2312800,CYP3A4,4.64335551,4.49624875,4.95424125,4.638778400000001,0.004577109999998719
development_oof,0,OCNT-2312818,CYP3A4,3.137748022,1.37696475,3.92636925,3.4165259999999997,-0.2787779779999999
development_oof,0,OCNT-2312851,CYP2D6,5.296282905,5.1871245,5.3995915,5.143105133333334,0.15317777166666602
development_oof,0,OCNT-2312851,CYP3A4,4.405505878,4.321892,4.55953775,4.073094486666667,0.3324113913333324
development_oof,0,OCNT-2312862,CYP2C9,4.119982493,3.71938275,4.6059595,4.557828806666667,-0.4378463136666664
development_oof,0,OCNT-2312862,CYP3A4,3.849639655,3.524592,4.13843225,3.9332302999999995,-0.08359064499999969
development_oof,0,OCNT-2312873,CYP2C9,4.702120372,4.47947275,4.96385325,4.111049566666667,0.5910708053333336
development_oof,0,OCNT-2312890,CYP1A2,5.018746865,4.822562,5.21490275,4.7716636800000005,0.24708318499999926
development_oof,0,OCNT-2312890,CYP2D6,5.225659653,5.092576,5.3522945,4.678691753333334,0.546967899666666
development_oof,0,OCNT-2312897,CYP1A2,5.052475848,4.865579,5.2124915,4.894072733333333,0.15840311466666712
development_oof,0,OCNT-2312903,CYP2C9,4.995659032,4.82909375,5.13719975,4.572038040000001,0.42362099199999914
development_oof,0,OCNT-2312915,CYP2C9,4.695278873,4.44907075,4.9396405,4.068758446666667,0.6265204263333333
development_oof,0,OCNT-2312937,CYP2C9,4.681629485,4.507558,4.871672,4.47128126,0.2103482250000006
development_oof,0,OCNT-2312980,CYP3A4,1.948869072,1.050313,3.13498675,3.841556793333333,-1.892687721333333
development_oof,0,OCNT-2312985,CYP1A2,5.281324363,5.12498075,5.421943,5.380865233333333,-0.0995408703333327
development_oof,0,OCNT-2312995,CYP1A2,4.937863275,4.76014875,5.0634495,4.979482926666666,-0.04161965166666626
development_oof,0,OCNT-2312995,CYP2D6,4.94468207,4.74231975,5.149861,5.227857806666667,-0.2831757366666672
development_oof,0,OCNT-2313008,CYP1A2,4.788514433,4.63876825,4.9591405,4.373485706666666,0.41502872633333343
development_oof,0,OCNT-2313008,CYP3A4,4.350963965,4.20711775,4.54161225,4.075865666666667,0.275098298333333
development_oof,0,OCNT-2313032,CYP1A2,5.241748822,5.08682775,5.37551725,5.451671066666667,-0.2099222446666671
development_oof,0,OCNT-2313032,CYP2D6,4.231444813,2.86765825,4.4094415,4.64845376,-0.41700894699999935
development_oof,0,OCNT-2313046,CYP2D6,4.948981785,4.80290625,5.08192075,5.0937299000000005,-0.1447481150000005
development_oof,0,OCNT-2313080,CYP2D6,4.890751172,4.73353825,5.01639525,4.564096593333334,0.32665457866666614
development_oof,0,OCNT-2313094,CYP3A4,3.193913503,1.84132775,3.88780025,3.2941971600000004,-0.1002836570000003
development_oof,0,OCNT-2313097,CYP3A4,2.149771208,1.05804275,3.241564,2.7800702799999994,-0.6302990719999992
development_oof,0,OCNT-2313098,CYP1A2,3.662254772,2.94184775,4.11963475,4.378383966666666,-0.7161291946666664
development_oof,0,OCNT-2313098,CYP2C9,4.7849691,4.549768,5.00539775,4.224214460000001,0.560754639999999
development_oof,0,OCNT-2313136,CYP1A2,3.332604767,1.5523495,4.0475495,4.391966600000001,-1.059361833000001
development_oof,0,OCNT-2313151,CYP2C9,4.241167078,3.96416625,4.57385875,4.308741786666666,-0.06757470866666626
development_oof,0,OCNT-2313151,CYP3A4,4.10103707,3.88249775,4.32619925,3.812357506666667,0.28867956333333344
development_oof,0,OCNT-2313161,CYP1A2,4.940097645,4.76449875,5.10889025,4.952966426666667,-0.012868781666667495
development_oof,0,OCNT-2313161,CYP2D6,4.888509808,4.71571825,5.05082425,4.796375759999999,0.09213404800000102
development_oof,0,OCNT-2313173,CYP2D6,4.530712933,4.43962075,4.64926525,4.609419193333333,-0.07870626033333306
development_oof,0,OCNT-2313174,CYP2C9,5.033315338,4.90878,5.17339025,4.728267593333333,0.30504774466666706
development_oof,0,OCNT-2313174,CYP3A4,5.199354095,5.07381625,5.3133035,4.209395906666666,0.9899581883333344
development_oof,0,OCNT-2313179,CYP3A4,3.867745165,3.439295,4.128592,3.64247566,0.22526950499999998
development_oof,0,OCNT-2313203,CYP2C9,3.237929513,1.45827275,4.00912675,4.10952954,-0.8716000269999995
development_oof,0,OCNT-2313203,CYP3A4,3.151742175,1.25141975,3.9747605,3.40269036,-0.25094818499999993
development_oof,0,OCNT-2313219,CYP3A4,4.049433908,3.78977025,4.257513,3.725725126666666,0.3237087813333339
development_oof,0,OCNT-2313251,CYP2D6,5.132540715,5.06208575,5.20655775,4.5525288066666665,0.5800119083333337
development_oof,0,OCNT-2313251,CYP3A4,4.31156113,4.21323625,4.43337,4.969815566666666,-0.6582544366666658
development_oof,0,OCNT-2313267,CYP2C9,3.701444767,2.894926,4.2046575,3.7335235266666666,-0.032078759666666734
development_oof,0,OCNT-2313267,CYP3A4,2.006495287,1.04953175,3.17300625,3.046222366666666,-1.0397270796666662
development_oof,0,OCNT-2313319,CYP2C9,3.8263668,3.2932765,4.232931,4.460572073333333,-0.634205273333333
development_oof,0,OCNT-2313345,CYP3A4,4.498467292,4.39968,4.66883075,4.109351853333333,0.38911543866666687
development_oof,0,OCNT-2313363,CYP3A4,4.23196836,4.10309725,4.3994415,4.568178986666666,-0.33621062666666646
development_oof,0,OCNT-2313374,CYP2D6,4.323496842,4.16912425,4.4778505,4.76629994,-0.44280309799999973
development_oof,0,OCNT-2313400,CYP2D6,4.82414302,4.66825125,5.023853,4.994115233333334,-0.16997221333333368
development_oof,0,OCNT-2313421,CYP2C9,4.422366165,4.19002775,4.72247625,4.6335931466666676,-0.21122698166666787
development_oof,0,OCNT-2313421,CYP3A4,4.36320036,4.20184975,4.60460675,4.122401286666667,0.24079907333333317
development_oof,0,OCNT-2313427,CYP3A4,4.731058982,4.59141625,5.0007275,4.403301526666667,0.3277574553333338
development_oof,0,OCNT-2313441,CYP1A2,5.01047352,4.90944725,5.11934975,5.66206332,-0.6515898
development_oof,0,OCNT-2313441,CYP2C9,5.269704675,5.14894925,5.3931935,5.29367434,-0.023969665000000084
development_oof,0,OCNT-2313441,CYP3A4,4.932542547,4.85927375,5.009435,5.096245866666667,-0.1637033196666673
development_oof,0,OCNT-2313474,CYP3A4,4.215949635,4.044426,4.39211,4.312821513333334,-0.09687187833333333
development_oof,0,OCNT-2313486,CYP1A2,6.643057535,6.5693575,6.7164735,5.406599773333333,1.2364577616666663
development_oof,0,OCNT-2313506,CYP3A4,5.017321528,4.9382075,5.10927175,4.328285133333334,0.6890363946666662
development_oof,0,OCNT-2313507,CYP2C9,4.119751338,3.7880755,4.5132855,4.28711554,-0.1673642019999999
development_oof,0,OCNT-2313507,CYP3A4,4.73647948,4.637897,4.8979675,4.093792633333333,0.6426868466666669
development_oof,0,OCNT-2313521,CYP2C9,4.974282858,4.85526525,5.07742,4.7017541,0.272528758
development_oof,0,OCNT-2313529,CYP3A4,5.790067677,5.7144395,5.86290025,4.556041246666666,1.2340264303333335
development_oof,0,OCNT-2313535,CYP2C9,4.698640435,4.4360455,4.988762,4.16305704,0.5355833949999997
development_oof,0,OCNT-2313565,CYP1A2,4.798317928,4.63974675,4.98029,4.7414158466666665,0.056902081333333854
development_oof,0,OCNT-2313586,CYP1A2,4.87605709,4.70736875,5.0401085,4.8867059600000005,-0.010648870000000699
development_oof,0,OCNT-2313620,CYP3A4,3.982128397,3.66152625,4.176259,4.41188738,-0.4297589829999997
development_oof,0,OCNT-2313624,CYP2C9,4.191658603,3.8185,4.62187975,4.566774373333334,-0.3751157703333341
development_oof,0,OCNT-2313642,CYP3A4,4.784948885,4.69492925,4.9180425,3.6407365266666667,1.1442123583333337
development_oof,0,OCNT-2313666,CYP2D6,4.496569798,4.38859875,4.66729075,4.606842833333333,-0.11027303533333299
development_oof,0,OCNT-2313679,CYP2C9,5.843404918,5.76197875,5.92255725,4.457180200000001,1.3862247179999994
development_oof,0,OCNT-2313679,CYP3A4,4.989170973,4.87746525,5.13379025,4.069531353333334,0.9196396196666665
development_oof,0,OCNT-2313682,CYP1A2,3.771370683,3.265317,4.27283975,4.5479778133333335,-0.7766071303333337
development_oof,0,OCNT-2313683,CYP2D6,4.249133468,4.04441325,4.3682065,4.473904206666666,-0.22477073866666597
development_oof,0,OCNT-2313684,CYP1A2,5.303198938,5.08598275,5.462755,5.563954493333334,-0.2607555553333336
development_oof,0,OCNT-2313696,CYP3A4,4.118239693,3.90218325,4.270936,4.162971053333334,-0.04473136033333436
development_oof,0,OCNT-2313720,CYP3A4,4.514640392,4.43195975,4.62668825,4.080635006666666,0.4340053853333332
development_oof,0,OCNT-2313726,CYP1A2,4.493009942,4.23298725,4.87909025,4.681369366666667,-0.18835942466666733
development_oof,0,OCNT-2313726,CYP2D6,5.025232475,4.8238435,5.22944425,4.4951611,0.5300713750000003
development_oof,0,OCNT-2313802,CYP2C9,3.981641483,3.52647125,4.4632865,4.423359993333333,-0.4417185103333332
development_oof,0,OCNT-2313807,CYP3A4,4.596748068,4.5130485,4.74930725,4.590067993333333,0.006680074666666869
development_oof,0,OCNT-2313811,CYP3A4,3.45135129,2.3441925,3.99308525,4.1363720866666664,-0.6850207966666666
development_oof,0,OCNT-2313826,CYP2C9,4.98591391,4.8524985,5.08982025,4.479878673333333,0.5060352366666665
development_oof,0,OCNT-2313826,CYP2D6,5.63901553,5.5849985,5.693961,4.484414066666666,1.154601463333334
development_oof,0,OCNT-2313845,CYP1A2,6.07951315,5.98161,6.1758715,5.3998354,0.6796777500000006
development_oof,0,OCNT-2313859,CYP3A4,2.095021727,1.05145925,3.1990815,3.11785438,-1.022832653
development_oof,0,OCNT-2313865,CYP1A2,4.458827477,4.17273125,4.9445135,4.707623413333334,-0.24879593633333386
development_oof,0,OCNT-2313865,CYP3A4,5.196100575,5.1120395,5.29119225,4.26951436,0.9265862150000004
development_oof,0,OCNT-2313875,CYP3A4,2.11736658,1.05329875,3.21330075,2.932819486666667,-0.8154529066666667
development_oof,0,OCNT-2313880,CYP3A4,2.113175098,1.0523255,3.43941825,2.65884374,-0.5456686419999999
development_oof,0,OCNT-2313881,CYP2C9,4.127431312,3.76110425,4.6400515,4.463267053333333,-0.3358357413333337
development_oof,0,OCNT-2313909,CYP3A4,5.30634373,5.23947,5.37010275,3.82583012,1.48051361
development_oof,0,OCNT-2313919,CYP2D6,4.1664496,3.96668875,4.2847255,3.715232446666667,0.4512171533333329
development_oof,0,OCNT-2313949,CYP3A4,4.543620233,4.46296425,4.686815,3.4168311866666663,1.126789046333334
development_oof,0,OCNT-2313983,CYP2C9,4.328677935,4.05813,4.72025725,4.230828600000001,0.09784933499999937
development_oof,0,OCNT-2313989,CYP1A2,4.977921315,4.785245,5.18935925,5.0154101933333335,-0.03748887833333381
development_oof,0,OCNT-2313989,CYP2C9,4.769103968,4.61869575,4.90988775,4.599796553333333,0.1693074146666662
development_oof,0,OCNT-2314010,CYP3A4,2.27816596,1.06520275,3.61305,3.6800028733333336,-1.4018369133333337
development_oof,0,OCNT-2314012,CYP2C9,4.666424627,4.504908,4.83867875,4.59144622,0.07497840699999969
development_oof,0,OCNT-2314017,CYP2C9,5.378218732,5.157519,5.568504,4.614263573333334,0.7639551586666657
development_oof,0,OCNT-2314020,CYP2D6,4.663499348,4.505938,4.8997975,4.738207986666667,-0.07470863866666644
development_oof,0,OCNT-2314032,CYP1A2,5.142250608,5.022046,5.2390925,4.979599893333334,0.16265071466666647
development_oof,0,OCNT-2314033,CYP3A4,3.42603752,2.72967225,3.95066075,3.6589804799999994,-0.23294295999999948
development_oof,0,OCNT-2314120,CYP1A2,5.45362818,5.3541975,5.546415,5.992592393333334,-0.5389642133333341
development_oof,0,OCNT-2314120,CYP2D6,4.131899835,2.474992,4.400617,5.091952613333333,-0.960052778333333
development_oof,0,OCNT-2314140,CYP1A2,4.3257124,4.017745,4.79933025,4.2627266200000005,0.0629857799999991
development_oof,0,OCNT-2314140,CYP3A4,2.455774487,1.10632025,3.70604575,3.383929766666667,-0.928155279666667
development_oof,0,OCNT-2314176,CYP2D6,5.766621612,5.66589575,5.87233175,4.64533456,1.1212870519999996
development_oof,0,OCNT-2314176,CYP3A4,5.433292397,5.34471525,5.506202,4.46500718,0.968285217
development_oof,0,OCNT-2314221,CYP3A4,4.305505958,4.1948895,4.44456025,4.000806306666666,0.3046996513333342
development_oof,0,OCNT-2314222,CYP2C9,3.825464348,3.33469075,4.34728125,4.683443166666667,-0.8579788186666666
development_oof,0,OCNT-2314226,CYP1A2,7.444914285,7.34896975,7.538026,4.9471292600000005,2.4977850249999998
development_oof,0,OCNT-2314226,CYP2D6,4.834340362,4.69380775,4.96841825,4.431656133333333,0.40268422866666675
development_oof,0,OCNT-2314254,CYP1A2,4.873584605,4.66857675,5.049036,5.030503786666666,-0.15691918166666685
development_oof,0,OCNT-2314254,CYP2C9,4.57276891,4.37218925,4.81235025,4.9413546466666665,-0.3685857366666667
development_oof,0,OCNT-2314254,CYP2D6,5.645484288,5.58434225,5.708754,4.837611746666666,0.8078725413333334
development_oof,0,OCNT-2314254,CYP3A4,4.923383753,4.8598045,5.00131025,4.755028006666667,0.16835574633333383
development_oof,0,OCNT-2314263,CYP1A2,5.682462058,5.5637025,5.7932355,6.130234926666668,-0.447772868666668
development_oof,0,OCNT-2314263,CYP2D6,4.524866402,4.4326895,4.65238425,5.1116478,-0.5867813980000003
development_oof,0,OCNT-2314266,CYP1A2,4.976558362,4.82979,5.1165415,4.775880353333333,0.2006780086666664
development_oof,0,OCNT-2314266,CYP2D6,4.79503947,4.64631875,4.976914,4.589804393333334,0.20523507666666596
development_oof,0,OCNT-2314271,CYP2D6,5.222860963,5.13098725,5.32501925,5.033798293333334,0.18906266966666596
development_oof,0,OCNT-2314279,CYP2C9,4.696315893,4.51101625,4.9133915,4.846886513333333,-0.15057062033333235
development_oof,0,OCNT-2314279,CYP3A4,4.755211538,4.6673475,4.88630775,4.5455772733333335,0.20963426466666668
development_oof,0,OCNT-2314301,CYP1A2,3.736200485,3.179735,4.4157815,4.7969467266666665,-1.0607462416666666
development_oof,0,OCNT-2314307,CYP1A2,5.657668365,5.56262875,5.75155675,4.79430224,0.8633661249999998
development_oof,0,OCNT-2314353,CYP2C9,4.64849597,4.37361525,4.95622675,4.190933346666666,0.45756262333333364
development_oof,0,OCNT-2314357,CYP2C9,5.298671545,5.0169415,5.493421,4.357891926666667,0.940779618333333
development_oof,0,OCNT-2314360,CYP1A2,4.503792502,4.23580325,4.87647525,4.945959340000001,-0.4421668380000012
development_oof,0,OCNT-2314360,CYP2D6,4.393644702,4.33922875,4.48042325,4.7513085466666665,-0.3576638446666669
development_oof,0,OCNT-2314390,CYP3A4,3.339706515,2.23324375,3.933173,3.94216646,-0.6024599450000001
development_oof,0,OCNT-2314403,CYP2C9,4.689225493,4.4469035,4.9527345,5.112561433333334,-0.42333594033333366
development_oof,0,OCNT-2314436,CYP1A2,2.05886211,1.05881075,3.4272975,4.273652,-2.21478989
development_oof,0,OCNT-2314452,CYP3A4,3.7820209,3.41490175,4.08591925,3.9339928800000004,-0.15197198000000034
development_oof,0,OCNT-2314454,CYP1A2,3.90601283,3.485328,4.49597,4.863048726666667,-0.9570358966666674
development_oof,0,OCNT-2314454,CYP2C9,4.71073224,4.47842675,4.96123125,4.449324473333333,0.2614077666666663
development_oof,0,OCNT-2314454,CYP3A4,4.18621691,4.01966,4.34946825,3.5764177666666668,0.609799143333333
development_oof,0,OCNT-2314467,CYP2D6,4.479598365,4.35842175,4.63803225,4.827270806666666,-0.3476724416666661
development_oof,0,OCNT-2314481,CYP1A2,4.971627888,4.75476675,5.1831115,5.420371666666666,-0.4487437786666657
development_oof,0,OCNT-2314484,CYP2C9,5.294196572,5.1413285,5.42168075,4.996182966666666,0.29801360533333376
development_oof,0,OCNT-2314484,CYP2D6,4.411374415,4.3399795,4.51052025,4.768093113333333,-0.35671869833333325
development_oof,0,OCNT-2314484,CYP3A4,5.414823933,5.37026825,5.46160375,4.535803526666667,0.8790204063333329
development_oof,0,OCNT-2314492,CYP3A4,4.48071232,4.36760875,4.6676695,4.370466933333334,0.11024538666666661
development_oof,0,OCNT-2314500,CYP1A2,5.341003912,5.232166,5.43643275,4.6893695,0.6516344119999999
development_oof,0,OCNT-2314500,CYP2D6,4.818200187,4.70633925,4.9273205,4.528042040000001,0.29015814699999964
development_oof,0,OCNT-2314508,CYP2C9,3.2569073,1.568002,3.9739665,4.75663104,-1.4997237400000003
development_oof,0,OCNT-2314508,CYP3A4,3.067235793,1.42757475,3.8847315,4.21800324,-1.1507674469999998
development_oof,0,OCNT-2314515,CYP2C9,3.771417367,3.2280855,4.2199815,3.9986230933333333,-0.22720572633333314
development_oof,0,OCNT-2314515,CYP3A4,3.559019998,3.13584625,3.9460715,3.4217188800000002,0.1373011179999999
development_oof,0,OCNT-2314532,CYP1A2,4.816643603,4.562479,5.14505475,5.21797528,-0.40133167699999994
development_oof,0,OCNT-2314536,CYP1A2,5.513695345,5.40975,5.61276775,5.465027233333333,0.04866811166666718
development_oof,0,OCNT-2314537,CYP2C9,3.574130547,2.89415975,4.10647625,4.18278064,-0.6086500929999996
development_oof,0,OCNT-2314582,CYP1A2,5.62132827,5.53905825,5.7012875,5.064316866666667,0.5570114033333331
development_oof,0,OCNT-2314586,CYP3A4,2.428004025,1.084633,3.6070555,3.4061889733333333,-0.9781849483333334
development_oof,0,OCNT-2314606,CYP3A4,2.142887003,1.06612325,3.21738725,3.4034175866666665,-1.2605305836666667
development_oof,0,OCNT-2314619,CYP3A4,2.966886657,1.26379425,3.83518325,4.020514086666667,-1.0536274296666672
development_oof,0,OCNT-2314624,CYP1A2,4.974948185,4.77744925,5.15959875,4.8472648,0.1276833850000001
development_oof,0,OCNT-2314630,CYP2D6,5.322884998,5.1772325,5.43288175,5.02587626,0.2970087379999997
development_oof,0,OCNT-2314632,CYP2D6,4.482440838,4.38473625,4.631412,4.325584173333334,0.15685666466666603
development_oof,0,OCNT-2314639,CYP1A2,5.54379485,5.46443,5.6237645,5.105454126666666,0.43834072333333385
development_oof,0,OCNT-2314639,CYP2C9,5.390880708,5.281495,5.48771475,4.8883295733333325,0.5025511346666676
development_oof,0,OCNT-2314639,CYP2D6,4.35521201,4.2354545,4.47724475,4.3830466800000005,-0.027834670000000727
development_oof,0,OCNT-2314683,CYP1A2,2.710978327,1.1105235,3.82217125,5.496756899999999,-2.7857785729999995
development_oof,0,OCNT-2314695,CYP1A2,5.186929785,5.0021465,5.34763225,5.024431546666667,0.16249823833333288
development_oof,0,OCNT-2314695,CYP2D6,5.545770915,5.44256825,5.6439805,4.783397993333334,0.7623729216666666
development_oof,0,OCNT-2314715,CYP3A4,3.364755675,2.195198,3.95261175,4.001911659999999,-0.6371559849999993
development_oof,0,OCNT-2314781,CYP2D6,4.656436292,4.53405,4.80862825,4.828097766666667,-0.17166147466666626
development_oof,0,OCNT-2314799,CYP2D6,5.134060717,5.04775725,5.2082755,4.774833573333334,0.35922714366666586
development_oof,0,OCNT-2314802,CYP2D6,5.278456785,5.1598685,5.391511,4.921756346666666,0.3567004383333341
development_oof,0,OCNT-2314812,CYP1A2,5.780750562,5.68059,5.883413,5.224016433333334,0.5567341286666654
development_oof,0,OCNT-2314812,CYP2D6,4.377796763,4.24385375,4.4990965,5.163791113333334,-0.7859943503333335
development_oof,0,OCNT-2314818,CYP3A4,4.617135968,4.53380975,4.7442235,4.236511453333334,0.3806245146666667
development_oof,0,OCNT-2314824,CYP2D6,6.174025712,6.0880165,6.269615,5.13289682,1.0411288919999997
development_oof,0,OCNT-2314845,CYP2C9,4.816918858,4.6386385,4.994198,5.39658176,-0.5796629019999999
development_oof,0,OCNT-2314877,CYP3A4,5.515822192,5.364597,5.63717175,4.594540699999999,0.9212814920000012
development_oof,0,OCNT-2314884,CYP1A2,6.840346737,6.72470475,6.9653075,5.182571313333333,1.657775423666667
development_oof,0,OCNT-2314884,CYP2C9,5.480493273,5.40888775,5.5537915,4.7740843066666665,0.7064089663333339
development_oof,0,OCNT-2314884,CYP3A4,5.129911368,5.068127,5.19666175,4.363346586666667,0.766564781333333
development_oof,0,OCNT-2314905,CYP1A2,4.814014597,4.62742175,5.02245225,4.665613186666667,0.14840141033333332
development_oof,0,OCNT-2314919,CYP2D6,5.225372408,5.140577,5.31069325,5.144398586666666,0.08097382133333397
development_oof,0,OCNT-2314924,CYP2C9,4.473722868,4.2227645,4.815525,4.65682962,-0.1831067519999996
development_oof,0,OCNT-2314924,CYP3A4,4.374533585,4.20605725,4.6241845,4.448925486666667,-0.07439190166666698
development_oof,0,OCNT-2314977,CYP1A2,5.870257998,5.7818095,5.963953,5.179816493333334,0.6904415046666657
development_oof,0,OCNT-2315039,CYP1A2,5.81602332,5.71960725,5.913777,5.7708123533333335,0.045210966666666685
development_oof,0,OCNT-2315050,CYP2C9,5.806825863,5.642858,5.962325,4.28129882,1.5255270430000003
development_oof,0,OCNT-2315071,CYP2C9,5.434820112,5.29749475,5.56629225,4.854988853333333,0.5798312586666663
development_oof,0,OCNT-2315089,CYP2C9,4.390676375,4.0393735,4.87216875,4.481704053333333,-0.09102767833333303
development_oof,0,OCNT-2315089,CYP3A4,4.079953387,3.85313575,4.40527825,3.798458046666666,0.28149534033333357
development_oof,0,OCNT-2315122,CYP2D6,4.441242615,4.3556495,4.559265,4.7124263200000005,-0.27118370500000033
development_oof,0,OCNT-2315131,CYP2C9,5.10604324,4.88689575,5.260525,4.831274913333333,0.27476832666666695
development_oof,0,OCNT-2315139,CYP1A2,5.262298323,5.1033815,5.39782025,4.7811838,0.48111452300000046
development_oof,0,OCNT-2315147,CYP3A4,3.566373487,2.96924125,3.99869125,3.91042032,-0.34404683300000016
development_oof,0,OCNT-2315172,CYP2C9,5.100281912,4.87527875,5.28629975,4.542997146666667,0.5572847653333328
development_oof,0,OCNT-2315175,CYP1A2,5.324971995,5.134317,5.47951225,4.7963303066666665,0.5286416883333338
development_oof,0,OCNT-2315175,CYP3A4,3.442916252,2.65268325,3.97647225,4.31280364,-0.8698873880000004
development_oof,0,OCNT-2315178,CYP2C9,2.908698258,1.1331965,3.9567745,4.75648082,-1.8477825620000004
development_oof,0,OCNT-2315193,CYP3A4,5.613314305,5.56079125,5.66571275,5.133792686666665,0.47952161833333484
development_oof,0,OCNT-2315212,CYP1A2,5.799003935,5.71947825,5.88065825,5.391126333333333,0.40787760166666676
development_oof,0,OCNT-2315218,CYP2D6,3.894826983,2.4386125,4.23586025,4.927220806666666,-1.0323938236666659
development_oof,0,OCNT-2315263,CYP1A2,4.34719136,4.07993525,4.70573825,5.056764973333333,-0.7095736133333332
development_oof,0,OCNT-2315263,CYP2C9,5.46891255,5.30872925,5.6112365,4.875272453333333,0.5936400966666664
development_oof,0,OCNT-2315270,CYP3A4,4.180143682,4.0004335,4.4020935,3.8572503600000005,0.3228933219999992
development_oof,0,OCNT-2315291,CYP2C9,3.76229973,3.2138335,4.19581275,4.17026194,-0.40796220999999955
development_oof,0,OCNT-2315318,CYP2D6,4.502267348,4.42359825,4.6208255,4.559431166666666,-0.05716381866666609
development_oof,0,OCNT-2315321,CYP2D6,4.42952973,4.372226,4.52390575,4.27000316,0.1595265699999997
development_oof,0,OCNT-2315321,CYP3A4,3.59988098,2.9544845,4.0405965,3.5842421,0.01563888000000002
development_oof,0,OCNT-2315324,CYP2D6,4.33602246,4.134541,4.4774015,4.790454286666667,-0.45443182666666715
development_oof,0,OCNT-2315329,CYP3A4,4.836769645,4.770249,4.91596775,4.709686906666667,0.12708273833333372
development_oof,0,OCNT-2315332,CYP1A2,6.110307123,6.00260975,6.21823125,5.498127813333333,0.6121793096666668
development_oof,0,OCNT-2315340,CYP1A2,4.016106385,3.630725,4.49723625,4.478649886666667,-0.46254350166666747
development_oof,0,OCNT-2315340,CYP2C9,4.512599342,4.33878,4.74740025,4.2436503199999995,0.26894902200000015
development_oof,0,OCNT-2315342,CYP3A4,4.644875938,4.507121,4.9193395,3.893247,0.7516289380000001
development_oof,0,OCNT-2315368,CYP2C9,5.713666525,5.6048415,5.81457825,4.79085294,0.9228135850000001
development_oof,0,OCNT-2315368,CYP3A4,5.117736675,5.063446,5.17665125,4.687368579999999,0.4303680950000004
development_oof,0,OCNT-2315387,CYP1A2,6.064568935,5.744821,6.3431965,5.205291600000001,0.8592773349999989
development_oof,0,OCNT-2315387,CYP2D6,2.679489873,1.09953425,4.03834875,4.718287713333333,-2.038797840333333
development_oof,0,OCNT-2315389,CYP1A2,5.990778608,5.8626795,6.11655025,4.729305399999999,1.2614732080000008
development_oof,0,OCNT-2315389,CYP2D6,5.44679821,5.3912135,5.50591575,4.999876833333333,0.4469213766666664
development_oof,0,OCNT-2315417,CYP2D6,4.583395132,4.44461875,4.7699345,4.817151326666666,-0.23375619466666642
development_oof,0,OCNT-2315417,CYP3A4,2.754289857,1.15314725,3.7445025,4.052176726666667,-1.2978868696666668
development_oof,0,OCNT-2315444,CYP2D6,4.719826353,4.55923975,4.927954,4.969788046666666,-0.2499616936666662
development_oof,0,OCNT-2315447,CYP3A4,3.261156718,2.31077925,3.834957,3.91709102,-0.6559343019999999
development_oof,0,OCNT-2315457,CYP3A4,1.98943914,1.0426525,3.334673,3.00585612,-1.0164169799999998
development_oof,0,OCNT-2315472,CYP3A4,4.636902988,4.48030125,4.92552625,3.954829893333333,0.6820730946666673
development_oof,0,OCNT-2315513,CYP3A4,2.326213823,1.0622785,3.66440175,3.4869751333333334,-1.1607613103333336
development_oof,0,OCNT-2315543,CYP1A2,5.40621425,5.26561525,5.521277,5.4411587599999995,-0.03494450999999987
development_oof,0,OCNT-2315554,CYP2D6,5.120050242,4.96014625,5.26517125,4.709513693333333,0.41053654866666633
development_oof,0,OCNT-2315568,CYP2D6,6.738610118,6.63941,6.8414015,4.8201035,1.9185066180000003
development_oof,0,OCNT-2315589,CYP3A4,4.596498785,4.514696,4.71739025,5.352659073333333,-0.7561602883333336
development_oof,0,OCNT-2315590,CYP2C9,4.646084325,4.47266125,4.8462725,4.194425193333333,0.45165913166666716
development_oof,0,OCNT-2315591,CYP2C9,4.14718139,3.76361275,4.658094,4.81486634,-0.6676849499999999
development_oof,0,OCNT-2315615,CYP3A4,4.174989627,3.99578375,4.37499775,3.43106346,0.7439261670000006
development_oof,0,OCNT-2315616,CYP1A2,5.403267787,5.28731525,5.50438,5.236319020000001,0.16694876699999917
development_oof,0,OCNT-2315632,CYP2C9,5.656788533,5.540119,5.767031,4.965089473333333,0.691699059666667
development_oof,0,OCNT-2315633,CYP1A2,5.384656588,5.244143,5.510605,4.1139916,1.270664988
development_oof,0,OCNT-2315645,CYP3A4,3.74622023,3.192697,4.0836535,3.0492609,0.6969593299999999
development_oof,0,OCNT-2315702,CYP3A4,2.357468963,1.09971625,3.68289725,3.255134533333333,-0.8976655703333329
development_oof,0,OCNT-2315717,CYP1A2,4.71772916,4.61384875,4.83904575,5.275735586666666,-0.5580064266666662
development_oof,0,OCNT-2315717,CYP2D6,5.177992225,5.09791625,5.2535005,4.6990702,0.47892202499999925
development_oof,0,OCNT-2315725,CYP3A4,2.305296658,1.0597265,3.619911,3.0339422333333337,-0.7286455753333336
development_oof,0,OCNT-2315765,CYP1A2,5.507745453,5.3963015,5.60921375,5.087108466666667,0.42063698633333324
development_oof,0,OCNT-2315770,CYP2D6,2.051381348,1.04580175,3.45512725,4.787719026666666,-2.736337678666666
development_oof,0,OCNT-2315779,CYP2D6,5.164927912,5.008191,5.29527025,4.579636466666668,0.5852914453333318
development_oof,0,OCNT-2315816,CYP1A2,2.06571136,1.0544365,3.20357925,4.2648027666666675,-2.1990914066666676
development_oof,0,OCNT-2315832,CYP2D6,5.32838954,5.2263965,5.439447,5.146414,0.18197553999999982
development_oof,0,OCNT-2315832,CYP3A4,4.526358505,4.448258,4.6628135,4.264211193333333,0.26214731166666727
development_oof,0,OCNT-2315838,CYP1A2,4.047338095,3.6587395,4.326852,3.8224846533333334,0.22485344166666632
development_oof,0,OCNT-2315838,CYP2C9,4.738098785,4.61564,4.876064,3.7920080599999997,0.9460907250000004
development_oof,0,OCNT-2315838,CYP3A4,4.868253535,4.79463,4.93250075,3.1231812,1.7450723350000001
development_oof,0,OCNT-2315875,CYP1A2,5.938020847,5.8506525,6.02685675,5.773701373333333,0.16431947366666666
development_oof,0,OCNT-2315875,CYP2D6,4.93260486,4.80735,5.03065375,5.10692032,-0.17431546000000075
development_oof,0,OCNT-2315886,CYP1A2,4.138903642,3.79511,4.702586,4.782532706666666,-0.6436290646666665
development_oof,0,OCNT-2315886,CYP3A4,5.360840558,5.28045775,5.435803,4.3053532400000005,1.055487317999999
development_oof,0,OCNT-2315900,CYP3A4,3.177873855,1.71662675,3.878936,3.9147203599999996,-0.7368465049999995
development_oof,0,OCNT-2315906,CYP2C9,5.71915394,5.5878545,5.8428175,5.13630696,0.5828469800000002
development_oof,0,OCNT-2315906,CYP3A4,6.313210545,6.231359,6.392551,4.664462286666667,1.6487482583333328
development_oof,0,OCNT-2315910,CYP1A2,5.18777888,5.0198325,5.33328025,4.930898706666666,0.2568801733333341
development_oof,0,OCNT-2315910,CYP2C9,4.630324435,4.398457,4.88652375,4.760517046666666,-0.13019261166666585
development_oof,0,OCNT-2315912,CYP2C9,4.59367183,4.3830015,4.8356925,4.440757986666667,0.1529138433333328
development_oof,0,OCNT-2315916,CYP3A4,3.24355174,2.33217075,3.83477175,4.086006579999999,-0.8424548399999994
development_oof,0,OCNT-2315938,CYP2C9,3.737686862,3.1731685,4.20457625,4.200888093333334,-0.463201231333334
development_oof,0,OCNT-2315938,CYP3A4,3.13753483,1.44312425,3.91627675,3.6255870466666673,-0.4880522166666674
development_oof,0,OCNT-2315944,CYP2D6,4.44739936,4.3951295,4.5353135,4.745494326666666,-0.2980949666666657
development_oof,0,OCNT-2315953,CYP2C9,4.716332523,4.4990435,4.94810375,4.997844813333333,-0.2815122903333327
development_oof,0,OCNT-2315960,CYP2C9,4.226813665,3.870871,4.69866475,4.589171753333334,-0.36235808833333394
development_oof,0,OCNT-2315960,CYP2D6,5.583346703,5.457797,5.70831025,4.730368086666667,0.852978616333333
development_oof,0,OCNT-2315960,CYP3A4,5.641604007,5.58787775,5.6969315,4.297779673333332,1.3438243336666673
development_oof,0,OCNT-2315973,CYP3A4,2.517685372,1.11462525,3.7098055,2.7195836066666663,-0.20189823466666645
development_oof,0,OCNT-2315974,CYP2D6,4.382508442,4.23938425,4.53709325,4.575285113333334,-0.1927766713333341
development_oof,0,OCNT-2315978,CYP1A2,3.227332695,1.49438275,3.98583325,5.9105240000000006,-2.6831913050000007
development_oof,0,OCNT-2315978,CYP2C9,6.492068782,6.37329625,6.61503725,5.56008646,0.9319823219999996
development_oof,0,OCNT-2315982,CYP2C9,5.305736432,5.2286585,5.37878225,4.3589721,0.9467643319999999
development_oof,0,OCNT-2316001,CYP1A2,5.572693235,5.44809775,5.6866475,4.694657133333333,0.8780361016666669
development_oof,0,OCNT-2316031,CYP1A2,3.791733778,3.1162585,4.2195465,4.634910346666667,-0.8431765686666663
development_oof,0,OCNT-2316035,CYP3A4,3.416008155,2.5924015,3.97416175,3.5923469666666663,-0.1763388116666662
development_oof,0,OCNT-2316081,CYP2C9,4.718607175,4.55772875,4.90153125,4.662501813333334,0.05610536166666602
development_oof,0,OCNT-2316089,CYP2D6,3.661052918,1.88512125,4.14152225,4.343642239999999,-0.6825893219999992
development_oof,0,OCNT-2316093,CYP2C9,5.030292222,4.9217465,5.127331,5.037212293333333,-0.0069200713333330555
development_oof,0,OCNT-2316093,CYP3A4,6.075636388,6.02349975,6.13112225,4.839748726666667,1.2358876613333338
development_oof,0,OCNT-2316105,CYP3A4,3.59407185,3.0441655,4.0115155,4.074529893333333,-0.48045804333333253
development_oof,0,OCNT-2316112,CYP3A4,1.962093413,1.0464,3.30818975,2.6157661266666667,-0.6536727136666667
development_oof,0,OCNT-2316136,CYP2D6,4.007371477,3.503794,4.247581,4.623689333333333,-0.6163178563333327
development_oof,0,OCNT-2316148,CYP3A4,4.583025637,4.4584115,4.83742075,4.434846206666666,0.14817943033333414
development_oof,0,OCNT-2316175,CYP2D6,4.49226884,4.36706975,4.64566775,4.6920595533333325,-0.1997907133333321
development_oof,0,OCNT-2316175,CYP3A4,4.829044793,4.74719375,4.94074,3.6878297333333334,1.1412150596666661
development_oof,0,OCNT-2316204,CYP1A2,5.071397317,4.89592,5.2207025,4.96063242,0.11076489700000014
development_oof,0,OCNT-2316240,CYP2D6,4.831614755,4.72756875,4.922607,4.752434806666667,0.07917994833333353
development_oof,0,OCNT-2316253,CYP2C9,5.030913983,4.81389725,5.24113575,5.2618003133333335,-0.23088633033333394
development_oof,0,OCNT-2316253,CYP2D6,4.67788391,4.508944,4.896305,4.864738126666667,-0.18685421666666713
development_oof,0,OCNT-2316254,CYP1A2,5.40192366,5.26812375,5.5249805,4.442862173333333,0.9590614866666662
development_oof,0,OCNT-2316287,CYP2D6,7.36190698,7.312629,7.41487125,5.138498333333333,2.223408646666667
development_oof,0,OCNT-2316337,CYP2C9,3.943921112,3.53140675,4.43524575,3.7887727533333333,0.15514835866666665
development_oof,0,OCNT-2316398,CYP2D6,5.447034673,5.3398065,5.54804125,4.752936573333334,0.6940980996666664
development_oof,0,OCNT-2316403,CYP3A4,4.446449742,4.3328065,4.63283025,3.8960081933333335,0.550441548666667
development_oof,0,OCNT-2316432,CYP3A4,5.955409647,5.90119925,6.00923325,5.099459520000001,0.855950126999999
development_oof,0,OCNT-2316445,CYP2C9,3.699893772,2.9847455,4.22100825,4.424829306666667,-0.7249355346666673
development_oof,0,OCNT-2316445,CYP3A4,2.408920215,1.0849405,3.71184275,3.7088360333333332,-1.299915818333333
development_oof,0,OCNT-2316493,CYP2D6,5.704810842,5.6166305,5.80045575,4.786704553333333,0.9181062886666664
development_oof,0,OCNT-2316494,CYP1A2,5.04772748,4.85061175,5.24598075,4.805818213333334,0.24190926666666623
development_oof,0,OCNT-2316497,CYP2D6,4.444697468,4.34820725,4.60983,5.148084826666667,-0.7033873586666664
development_oof,0,OCNT-2316560,CYP2C9,5.332874845,5.11703375,5.5034295,4.073089773333333,1.2597850716666672
development_oof,0,OCNT-2316592,CYP2C9,5.467756697,5.3510115,5.57500525,4.603083886666667,0.8646728103333334
development_oof,0,OCNT-2316604,CYP2C9,5.325529552,5.0757895,5.4852565,3.913689706666667,1.4118398453333327
development_oof,0,OCNT-2316630,CYP2D6,4.205234993,3.9984875,4.339201,4.638720233333333,-0.4334852403333329
development_oof,0,OCNT-2316650,CYP2C9,4.57588223,4.3106985,4.88925175,4.35090378,0.22497845000000005
development_oof,0,OCNT-2316654,CYP1A2,6.102473162,6.00966525,6.19600325,5.512766106666667,0.5897070553333332
development_oof,0,OCNT-2316654,CYP2C9,6.027333925,5.94206775,6.10882375,5.211641513333333,0.8156924116666664
development_oof,0,OCNT-2316654,CYP2D6,3.854059883,1.68557325,4.34828675,4.487837706666666,-0.6337778236666662
development_oof,0,OCNT-2316654,CYP3A4,6.116331845,6.06361525,6.175151,4.855528493333333,1.2608033516666675
development_oof,0,OCNT-2316662,CYP3A4,4.265591472,4.077722,4.54026175,4.063003853333333,0.20258761866666664
development_oof,0,OCNT-2316666,CYP2C9,4.145047972,3.81036325,4.55086975,4.227367226666666,-0.08231925466666556
development_oof,0,OCNT-2316666,CYP3A4,3.788497435,3.34139675,4.10680325,3.8422152400000003,-0.05371780500000023
development_oof,0,OCNT-2316708,CYP3A4,4.49443749,4.41166175,4.61625375,4.737464613333334,-0.24302712333333343
development_oof,0,OCNT-2316722,CYP2C9,4.190566768,3.8953345,4.558873,4.566320060000001,-0.3757532920000006
development_oof,0,OCNT-2316737,CYP3A4,4.86275608,4.75479675,5.02707625,3.5862935133333336,1.276462566666666
development_oof,0,OCNT-2316746,CYP3A4,4.44835762,4.361518,4.59804625,4.455378080000001,-0.007020460000000561
development_oof,0,OCNT-2316765,CYP3A4,2.764280053,1.2482565,3.76893175,3.7694804999999993,-1.0052004469999996
development_oof,0,OCNT-2316766,CYP3A4,2.729272685,1.187029,3.74203775,3.8306098866666667,-1.1013372016666665
development_oof,0,OCNT-2316796,CYP1A2,5.459759287,5.34017725,5.56955375,5.392450780000001,0.06730850699999902
development_oof,0,OCNT-2316796,CYP2D6,5.649233217,5.4854975,5.79790025,5.0051571133333335,0.6440761036666665
development_oof,0,OCNT-2316822,CYP2C9,5.03410339,4.893944,5.1542435,5.417102513333333,-0.38299912333333275
development_oof,0,OCNT-2316822,CYP2D6,4.309038885,4.06363425,4.48678675,5.140923493333333,-0.8318846083333336
development_oof,0,OCNT-2316834,CYP2C9,4.476746913,4.2796685,4.7314225,4.750209326666666,-0.2734624136666657
development_oof,0,OCNT-2316834,CYP2D6,4.313423043,4.097577,4.466303,4.374009673333333,-0.06058663033333289
development_oof,0,OCNT-2316834,CYP3A4,3.876297028,3.472903,4.1344425,4.227861933333333,-0.35156490533333296
development_oof,0,OCNT-2316855,CYP2C9,3.75208373,2.99055075,4.2408465,4.011347906666666,-0.2592641766666661
development_oof,0,OCNT-2316855,CYP3A4,2.27828584,1.08336825,3.25377075,3.40910614,-1.1308203
development_oof,0,OCNT-2316861,CYP2D6,4.49057665,4.334299,4.697468,4.868972373333333,-0.37839572333333304
development_oof,0,OCNT-2316877,CYP1A2,3.913808465,3.49149225,4.54212175,4.813771126666667,-0.8999626616666676
development_oof,0,OCNT-2316884,CYP3A4,2.71402715,1.16887075,3.78410625,3.748172133333333,-1.034144983333333
development_oof,0,OCNT-2316890,CYP2C9,2.77796887,1.1518265,3.92804325,4.068893466666667,-1.2909245966666671
development_oof,0,OCNT-2316907,CYP2C9,4.12634415,3.64327675,4.672796,4.62007862,-0.4937344699999997
development_oof,0,OCNT-2316909,CYP3A4,2.852250885,1.2197185,3.789374,3.459688166666667,-0.6074372816666669
development_oof,0,OCNT-2316912,CYP2C9,4.330530315,4.03370625,4.74415375,4.125353306666667,0.20517700833333308
development_oof,0,OCNT-2316913,CYP1A2,6.69641439,6.5974295,6.79381575,4.452120166666667,2.244294223333333
development_oof,0,OCNT-2316921,CYP2D6,4.13319688,3.32708925,4.3430205,4.942673853333334,-0.809476973333334
development_oof,0,OCNT-2316921,CYP3A4,4.65552182,4.52184975,4.896151,4.03784026,0.6176815599999994
development_oof,0,OCNT-2316922,CYP1A2,5.083360365,4.8493825,5.32316675,4.759591686666667,0.3237686783333329
development_oof,0,OCNT-2316962,CYP3A4,2.02355393,1.04637875,3.1878685,3.157581553333333,-1.134027623333333
development_oof,0,OCNT-2316975,CYP1A2,5.13316963,4.93405725,5.293395,4.957484953333333,0.1756846766666671
development_oof,0,OCNT-2316975,CYP2D6,5.857924225,5.77290875,5.94861575,5.000796633333334,0.8571275916666661
development_oof,0,OCNT-2316975,CYP3A4,6.128164072,5.99067925,6.26342375,4.790113033333334,1.3380510386666655
development_oof,0,OCNT-2317040,CYP2D6,4.321618355,4.10494375,4.4697105,4.4472320666666665,-0.12561371166666646
development_oof,0,OCNT-2317044,CYP3A4,3.18994724,1.92855475,3.84979025,3.7621338799999995,-0.5721866399999995
development_oof,0,OCNT-2317066,CYP3A4,2.11706234,1.06228225,3.2166945,3.437090346666667,-1.320028006666667
development_oof,0,OCNT-2317072,CYP2C9,4.236852312,3.8104705,4.86567325,4.624404659999999,-0.38755234799999894
development_oof,0,OCNT-2317072,CYP3A4,4.228604095,4.07388925,4.40801,4.285485706666666,-0.05688161166666639
development_oof,0,OCNT-2317087,CYP2C9,3.32344013,1.70552325,4.00590125,3.8745703866666665,-0.5511302566666667
development_oof,0,OCNT-2317099,CYP2C9,4.20069064,3.846137,4.64046825,4.00570176,0.19498888000000036
development_oof,0,OCNT-2317099,CYP2D6,4.84487538,4.7249655,4.97387025,4.954705560000001,-0.10983018000000033
development_oof,0,OCNT-2317114,CYP3A4,2.452434113,1.0962575,3.69384625,3.2304973400000003,-0.7780632270000005
development_oof,0,OCNT-2317127,CYP3A4,4.490067515,4.41464175,4.622623,3.9305648266666666,0.5595026883333332
development_oof,0,OCNT-2317143,CYP3A4,2.695901525,1.16464225,3.7339635,3.97194046,-1.2760389349999999
development_oof,0,OCNT-2317148,CYP2C9,4.57430423,4.3976155,4.79586025,4.5807239866666665,-0.0064197566666663874
development_oof,0,OCNT-2317156,CYP3A4,1.9755053,1.04708625,3.1459745,2.7554268533333337,-0.7799215533333337
development_oof,0,OCNT-2317157,CYP2C9,4.567392068,4.3081365,4.90347475,4.6491698800000005,-0.08177781200000034
development_oof,0,OCNT-2317158,CYP2D6,5.463469922,5.3698165,5.55743175,5.210266906666668,0.253203015333332
development_oof,0,OCNT-2317170,CYP2C9,4.687822172,4.462854,4.93465875,4.806402493333334,-0.11858032133333385
development_oof,0,OCNT-2317170,CYP2D6,4.452146105,4.3334385,4.6045175,4.8673922266666665,-0.41524612166666675
development_oof,0,OCNT-2317170,CYP3A4,4.967530553,4.896583,5.04694225,4.677259299999999,0.29027125300000023
development_oof,0,OCNT-2317171,CYP1A2,4.644571005,4.370595,4.97074575,5.136583646666667,-0.49201264166666636
development_oof,0,OCNT-2317172,CYP2D6,4.545994402,4.39369775,4.741643,4.40464684,0.14134756199999998
development_oof,0,OCNT-2317172,CYP3A4,4.239084615,4.074683,4.44973575,3.88454628,0.3545383350000004
development_oof,0,OCNT-2317183,CYP3A4,4.072594987,3.7898155,4.22684175,4.383446173333334,-0.3108511863333332
development_oof,0,OCNT-2317186,CYP2D6,4.52202745,4.31793925,4.7836405,4.935604039999999,-0.413576589999999
development_oof,0,OCNT-2317197,CYP2D6,5.152435898,5.00385475,5.255081,4.97041712,0.18201877800000066
development_oof,0,OCNT-2317220,CYP1A2,4.328047555,4.07093525,4.678294,4.831918433333334,-0.5038708783333332
development_oof,0,OCNT-2317227,CYP2C9,3.820649195,3.312701,4.3220925,4.463792866666667,-0.643143671666667
development_oof,0,OCNT-2317227,CYP2D6,5.044180693,4.9312295,5.132192,4.7737428133333335,0.2704378796666669
development_oof,0,OCNT-2317227,CYP3A4,5.35169879,5.309169,5.39373075,4.387507253333333,0.9641915366666671
development_oof,0,OCNT-2317229,CYP2D6,4.423673192,4.18526825,4.5919545,4.524554453333335,-0.10088126133333475
development_oof,0,OCNT-2317253,CYP2C9,5.099208407,4.92523675,5.23015175,4.453241286666666,0.6459671203333341
development_oof,0,OCNT-2317253,CYP3A4,4.840242042,4.76059425,4.94555225,4.33245858,0.5077834619999999
development_oof,0,OCNT-2317275,CYP1A2,5.650434745,5.56909875,5.740479,5.423130986666666,0.22730375833333394
development_oof,0,OCNT-2317275,CYP2D6,5.450793185,5.38613775,5.51642475,5.0092968466666665,0.4414963383333337
development_oof,0,OCNT-2317281,CYP1A2,5.295166005,5.09267575,5.44291,4.947974820000001,0.3471911849999989
development_oof,0,OCNT-2317299,CYP2D6,4.596181878,4.4368665,4.794513,4.963112113333333,-0.36693023533333236
development_oof,0,OCNT-2317310,CYP2C9,4.869058563,4.6619195,5.07604325,4.5189484,0.3501101630000001
development_oof,0,OCNT-2317310,CYP2D6,4.587084697,4.4584225,4.7772605,4.637372793333332,-0.05028809633333253
development_oof,0,OCNT-2317314,CYP3A4,4.56882444,4.481437,4.69026325,3.962930833333334,0.6058936066666663
development_oof,0,OCNT-2317323,CYP2C9,4.001206448,3.58021525,4.48148775,4.34751726,-0.34631081200000047
development_oof,0,OCNT-2317326,CYP2D6,4.14454944,2.766068,4.4197405,4.6745776,-0.5300281600000005
development_oof,0,OCNT-2317326,CYP3A4,4.176999242,4.01977375,4.34422275,3.878888606666666,0.2981106353333338
development_oof,0,OCNT-2317346,CYP1A2,5.270342785,5.14670975,5.374812,4.982260806666667,0.2880819783333335
development_oof,0,OCNT-2317346,CYP2D6,6.40809461,6.28912825,6.529776,5.001841746666666,1.406252863333334
development_oof,0,OCNT-2317383,CYP2D6,5.194830892,5.03850525,5.33201425,5.200390893333333,-0.005560001333333453
development_oof,0,OCNT-2317384,CYP2C9,4.160976365,3.7953445,4.56702025,4.2389991600000005,-0.07802279500000076
development_oof,0,OCNT-2317384,CYP3A4,3.417528122,2.059938,3.9940865,3.70264424,-0.28511611800000036
development_oof,0,OCNT-2317398,CYP2C9,4.371812288,4.05208675,4.792527,4.71599138,-0.3441790920000001
development_oof,0,OCNT-2317409,CYP2C9,4.720976613,4.543545,4.91809625,4.873741313333333,-0.152764700333333
development_oof,0,OCNT-2317409,CYP3A4,4.805716305,4.7119195,4.95081375,4.465443826666666,0.3402724783333335
development_oof,0,OCNT-2317418,CYP2C9,3.330570925,1.3647495,4.0550245,3.8957958466666667,-0.5652249216666667
development_oof,0,OCNT-2317418,CYP3A4,3.905343752,3.541455,4.1348825,3.682278693333333,0.2230650586666667
development_oof,0,OCNT-2317425,CYP2D6,4.38597256,4.225664,4.52905425,4.717993953333334,-0.332021393333334
development_oof,0,OCNT-2317446,CYP2D6,4.20283119,3.50190625,4.400179,4.8509633800000005,-0.6481321900000001
development_oof,0,OCNT-2317449,CYP2D6,2.498528228,1.07136725,3.9057555,4.378570926666667,-1.8800426986666667
development_oof,0,OCNT-2317465,CYP3A4,4.96755517,4.9153495,5.0234745,4.0959821,0.8715730700000002
development_oof,0,OCNT-2317493,CYP2D6,5.027558338,4.8685215,5.15644525,4.924850573333334,0.10270776466666653
development_oof,0,OCNT-2317498,CYP3A4,3.162757072,1.6926075,3.88608775,3.566774673333333,-0.4040176013333334
development_oof,0,OCNT-2317512,CYP3A4,4.444998257,4.35180825,4.602491,4.4151243933333335,0.029873863666666445
development_oof,0,OCNT-2317530,CYP3A4,3.826717955,3.45913075,4.12923375,3.5754112399999998,0.2513067150000001
development_oof,0,OCNT-2317536,CYP2D6,4.750324003,4.574356,4.93810775,4.836454726666667,-0.08613072366666685
development_oof,0,OCNT-2317536,CYP3A4,5.844603215,5.78380625,5.905455,4.7122134933333335,1.1323897216666667
development_oof,0,OCNT-2317538,CYP1A2,4.292626017,3.95900775,4.7819235,4.601394146666666,-0.30876812966666645
development_oof,0,OCNT-2317538,CYP2C9,4.766018687,4.60730775,4.93137075,4.556474540000001,0.20954414699999901
development_oof,0,OCNT-2317538,CYP3A4,4.998017023,4.8983,5.10176825,4.377029879999999,0.6209871430000007
development_oof,0,OCNT-2317569,CYP3A4,3.610169047,3.0354795,4.02742425,3.898521253333334,-0.28835220633333414
development_oof,0,OCNT-2317579,CYP1A2,6.312730238,6.22255175,6.3994425,5.2402529866666665,1.0724772513333338
development_oof,0,OCNT-2317579,CYP2D6,4.343583405,4.09732925,4.5801265,5.289543226666667,-0.9459598216666665
development_oof,0,OCNT-2317599,CYP2D6,6.116139112,6.002808,6.23455625,5.071475713333333,1.0446633986666667
development_oof,0,OCNT-2317601,CYP1A2,5.311281385,5.1601995,5.4529115,4.272929313333334,1.038352071666666
development_oof,0,OCNT-2317612,CYP1A2,5.272180182,5.165747,5.36806525,4.9987204599999995,0.2734597220000001
development_oof,0,OCNT-2317628,CYP2C9,4.574708653,4.3535095,4.8211245,5.088887779999999,-0.5141791269999993
development_oof,0,OCNT-2317646,CYP3A4,2.508849932,1.10990725,3.70700175,3.4753496866666667,-0.9664997546666667
development_oof,0,OCNT-2317648,CYP2D6,4.697481608,4.52168275,4.90228375,5.05629282,-0.358811212
development_oof,0,OCNT-2317654,CYP2D6,4.471142268,4.37523325,4.6370885,4.884158179999999,-0.41301591199999876
development_oof,0,OCNT-2317655,CYP3A4,6.550253937,6.4972915,6.601961,4.522895213333333,2.0273587236666666
development_oof,0,OCNT-2317662,CYP2D6,5.27955207,5.19052725,5.36082625,5.063537220000001,0.21601484999999965
development_oof,0,OCNT-2317662,CYP3A4,4.779306445,4.646149,4.9949135,4.269267573333333,0.5100388716666666
development_oof,0,OCNT-2317664,CYP2C9,3.91979456,3.43902025,4.4194215,3.62932006,0.2904745000000002
development_oof,0,OCNT-2317664,CYP3A4,2.777157692,1.15429975,3.83256275,3.0343535066666667,-0.25719581466666686
development_oof,0,OCNT-2317668,CYP3A4,4.59553415,4.47951075,4.796669,4.381379373333333,0.2141547766666667
development_oof,0,OCNT-2317681,CYP2C9,4.391836107,4.02679375,4.90172175,4.296369073333333,0.09546703366666698
development_oof,0,OCNT-2317711,CYP2C9,3.957722187,3.54000125,4.42115875,4.12291512,-0.16519293300000015
development_oof,0,OCNT-2317716,CYP1A2,5.47197679,5.391789,5.55320175,4.955831659999999,0.5161451300000008
development_oof,0,OCNT-2317716,CYP2C9,4.637412722,4.51071375,4.7769295,4.8021502133333325,-0.16473749133333282
development_oof,0,OCNT-2317749,CYP2C9,5.175510265,5.04598725,5.287122,5.07131262,0.10419764500000017
development_oof,0,OCNT-2317759,CYP2C9,4.379170112,4.092784,4.768527,4.227464986666666,0.1517051253333337
development_oof,0,OCNT-2317759,CYP3A4,3.45316264,2.5667755,3.9670925,3.848467386666667,-0.39530474666666704
development_oof,0,OCNT-2317796,CYP1A2,4.087172012,3.73578975,4.487991,5.0820944866666675,-0.9949224746666676
development_oof,0,OCNT-2317817,CYP3A4,3.73456672,3.2381315,4.0683555,3.5909298066666673,0.14363691333333284
development_oof,0,OCNT-2317824,CYP2C9,3.79157462,3.23371,4.2395175,4.520548233333333,-0.7289736133333329
development_oof,0,OCNT-2317850,CYP2C9,5.287962765,5.1549475,5.41559675,5.04033398,0.24762878499999985
development_oof,0,OCNT-2317854,CYP3A4,3.279842945,2.06392275,3.9155245,3.1778546333333333,0.10198831166666666
development_oof,0,OCNT-2317868,CYP2C9,4.979475275,4.82847975,5.1294225,4.69311596,0.28635931500000034
development_oof,0,OCNT-2317868,CYP3A4,4.72710295,4.6618645,4.81347175,4.4114852933333335,0.3156176566666664
development_oof,0,OCNT-2317879,CYP3A4,2.090719552,1.04738375,3.22771375,3.8311836733333338,-1.7404641213333338
development_oof,0,OCNT-2317887,CYP2C9,4.137693738,3.7431155,4.73559175,4.701248673333334,-0.5635549353333333
development_oof,0,OCNT-2317891,CYP1A2,4.033201865,3.61493,4.59009475,4.7535134800000005,-0.7203116150000008
development_oof,0,OCNT-2317901,CYP1A2,4.767536028,4.58477425,4.97665125,4.81752596,-0.049989931999999904
development_oof,0,OCNT-2317901,CYP2C9,5.151539188,5.01492325,5.276791,4.79554216,0.355997028
development_oof,0,OCNT-2317901,CYP2D6,4.989080673,4.8621495,5.08809075,4.908557466666666,0.08052320633333387
development_oof,0,OCNT-2317914,CYP2C9,5.376227573,5.27267625,5.47249575,4.555018513333333,0.8212090596666677
development_oof,0,OCNT-2317931,CYP3A4,2.376397743,1.082536,3.7018315,3.2750127866666667,-0.8986150436666667
development_oof,0,OCNT-2317952,CYP2C9,2.495478845,1.06669625,3.76675975,3.7963368733333334,-1.3008580283333333
development_oof,0,OCNT-2317961,CYP1A2,6.157135228,6.035287,6.27410525,4.979439853333334,1.1776953746666656
development_oof,0,OCNT-2317963,CYP1A2,5.39319309,5.260219,5.50653375,5.4944814866666665,-0.10128839666666689
development_oof,0,OCNT-2317987,CYP3A4,4.89270878,4.76866,5.05341525,4.417541113333334,0.47516766666666665
development_oof,0,OCNT-2318030,CYP3A4,2.522295142,1.109048,3.75183175,2.97408756,-0.45179241800000014
development_oof,0,OCNT-2318048,CYP3A4,4.476775887,4.365589,4.643253,4.437398306666667,0.039377580333332496
development_oof,0,OCNT-2318049,CYP2C9,4.629140947,4.4439195,4.853649,5.075822086666667,-0.44668113966666745
development_oof,0,OCNT-2318082,CYP2D6,5.032755748,4.898115,5.124143,4.96588618,0.06686956799999955
development_oof,0,OCNT-2318091,CYP2D6,4.641711945,4.472387,4.8910865,5.039583973333333,-0.39787202833333346
development_oof,0,OCNT-2318098,CYP1A2,5.857997395,5.7609655,5.9507445,5.2140798933333325,0.6439175016666674
development_oof,0,OCNT-2318099,CYP1A2,5.275323868,5.14992925,5.379221,5.36390998,-0.08858611199999977
development_oof,0,OCNT-2318099,CYP2D6,5.48545835,5.382525,5.5866845,4.95833818,0.5271201699999999
development_oof,0,OCNT-2318112,CYP1A2,6.774244237,6.6791585,6.8654375,5.033819719999999,1.7404245170000001
development_oof,0,OCNT-2318112,CYP2D6,4.492220057,4.39810925,4.62918775,4.921334386666667,-0.4291143296666666
development_oof,0,OCNT-2318120,CYP3A4,3.850817802,3.534481,4.11581275,4.26921922,-0.4184014180000002
development_oof,0,OCNT-2318153,CYP2C9,5.06948446,4.91377275,5.2142205,4.471767906666667,0.5977165533333331
development_oof,0,OCNT-2318169,CYP3A4,4.099458248,3.8783675,4.29323725,3.2851756199999995,0.8142826280000008
development_oof,0,OCNT-2318171,CYP1A2,5.264790103,5.0759175,5.433402,5.013298026666666,0.25149207633333415
development_oof,0,OCNT-2318171,CYP2C9,4.604067557,4.4066045,4.831236,4.854227206666667,-0.25015964966666715
development_oof,0,OCNT-2318171,CYP2D6,4.40038701,4.26215925,4.521544,4.630507199999999,-0.23012018999999917
development_oof,0,OCNT-2318198,CYP3A4,1.941309998,1.03750675,3.13770275,3.961979013333333,-2.020669015333333
development_oof,0,OCNT-2318216,CYP1A2,5.420178495,5.1846175,5.62891875,5.4507273000000005,-0.030548805000000456
development_oof,0,OCNT-2318216,CYP2C9,5.540528757,5.452371,5.629044,5.306303819999999,0.23422493700000047
development_oof,0,OCNT-2318216,CYP2D6,4.477070882,4.303535,4.726608,4.70116824,-0.22409735800000075
development_oof,0,OCNT-2318253,CYP2C9,4.86659431,4.658769,5.04385275,5.057020166666666,-0.1904258566666659
development_oof,0,OCNT-2318253,CYP3A4,4.847706835,4.7749145,4.9304795,4.870589406666666,-0.022882571666666074
development_oof,0,OCNT-2318254,CYP2C9,2.529692298,1.0580155,3.78894375,3.9053052066666667,-1.3756129086666666
development_oof,0,OCNT-2318259,CYP2C9,4.725947345,4.54529075,4.91904825,4.667666933333333,0.058280411666666865
development_oof,0,OCNT-2318260,CYP2D6,2.638721835,1.132835,3.91181275,4.401980713333334,-1.7632588783333336
development_oof,0,OCNT-2318270,CYP1A2,6.080035933,5.989696,6.16871875,5.0311955866666676,1.048840346333332
development_oof,0,OCNT-2318305,CYP1A2,5.135640943,4.9852165,5.2601705,4.608705613333333,0.5269353296666672
development_oof,0,OCNT-2318306,CYP1A2,5.960365405,5.844399,6.07365025,5.415732126666666,0.5446332783333343
development_oof,0,OCNT-2318306,CYP2D6,5.063962137,4.900747,5.260047,4.561387686666667,0.5025744503333325
development_oof,0,OCNT-2318316,CYP1A2,5.339870455,5.15769,5.516944,5.42923994,-0.08936948500000064
development_oof,0,OCNT-2318322,CYP3A4,2.237063018,1.0767655,3.52364525,3.75337502,-1.5163120019999998
development_oof,0,OCNT-2318350,CYP2C9,5.150496282,4.99946375,5.28785225,4.6166395866666665,0.5338566953333332
development_oof,0,OCNT-2318359,CYP2D6,5.373045545,5.2526085,5.48618175,4.7883190466666665,0.5847264983333336
development_oof,0,OCNT-2318379,CYP3A4,1.991322242,1.0509655,3.18724275,3.619289873333334,-1.6279676313333338
development_oof,0,OCNT-2318394,CYP1A2,5.539309995,5.40880575,5.65817825,5.142735786666668,0.3965742083333321
development_oof,0,OCNT-2318449,CYP2C9,2.609108175,1.14575875,3.844424,3.9222040399999996,-1.3130958649999998
development_oof,0,OCNT-2318449,CYP3A4,2.630309202,1.10586725,3.844326,3.065367813333333,-0.435058611333333
development_oof,0,OCNT-2318479,CYP2D6,4.349825218,4.16995375,4.52707875,4.707776453333333,-0.3579512353333323
development_oof,0,OCNT-2318494,CYP2D6,5.487999562,5.407314,5.570686,4.573448646666667,0.9145509153333329
development_oof,0,OCNT-2318523,CYP2D6,4.555777323,4.429038,4.73779625,4.90289244,-0.34711511699999953
development_oof,0,OCNT-2318541,CYP2D6,2.297016283,1.07690175,3.78857425,4.8176525266666665,-2.5206362436666665
development_oof,0,OCNT-2318546,CYP2C9,4.807603055,4.6438845,4.97287225,4.669547026666667,0.13805602833333364
development_oof,0,OCNT-2318547,CYP2C9,4.8195112,4.691999,4.95101375,4.906294053333334,-0.08678285333333413
development_oof,0,OCNT-2318547,CYP3A4,4.632743245,4.5257485,4.817744,4.49615276,0.13659048500000015
development_oof,0,OCNT-2318561,CYP3A4,5.444706208,5.369819,5.52121275,4.709924286666666,0.734781921333334
development_oof,0,OCNT-2318566,CYP1A2,5.352664358,5.17996925,5.508524,4.86767178,0.48499257799999995
development_oof,0,OCNT-2318566,CYP2D6,4.357622783,4.245405,4.4777125,4.325244073333333,0.03237870966666723
development_oof,0,OCNT-2318566,CYP3A4,4.85246666,4.7253895,5.03300875,4.057075733333333,0.7953909266666672
development_oof,0,OCNT-2318623,CYP2D6,4.703375953,4.545758,4.92560025,5.318441653333333,-0.6150657003333331
development_oof,0,OCNT-2318633,CYP1A2,5.111750823,4.88882425,5.2932495,5.38672688,-0.27497605699999994
development_oof,0,OCNT-2318634,CYP1A2,5.297514047,5.10992325,5.4702155,4.992099053333334,0.30541499366666613
development_oof,0,OCNT-2318634,CYP2D6,5.144033692,4.92074775,5.36094025,4.77422932,0.36980437199999994
development_oof,0,OCNT-2318635,CYP3A4,4.130032315,3.92318975,4.37313025,3.8055486666666667,0.32448364833333354
development_oof,0,OCNT-2318668,CYP1A2,5.730354147,5.6054085,5.85285375,5.147396546666667,0.5829576003333328
development_oof,0,OCNT-2318675,CYP2D6,4.361894418,4.1381195,4.52331,4.0125512400000005,0.3493431779999998
development_oof,0,OCNT-2328321,CYP2C9,5.431467965,5.22896325,5.5893125,4.119413473333333,1.3120544916666672
development_oof,0,OCNT-2328329,CYP1A2,5.681076177,5.62288975,5.7407215,5.2702140533333335,0.4108621236666661
development_oof,0,OCNT-2328329,CYP2D6,4.657537605,4.54260975,4.7974165,5.2568855800000005,-0.5993479750000006
development_oof,0,OCNT-2328332,CYP3A4,2.626332057,1.14805675,3.76727275,3.21888644,-0.592554383
development_oof,0,OCNT-2328352,CYP2C9,3.938473065,3.457225,4.42948925,4.45397572,-0.5155026549999997
development_oof,0,OCNT-2328352,CYP3A4,3.925884955,3.65750525,4.1526315,4.196076553333333,-0.2701915983333327
development_oof,0,OCNT-2328380,CYP3A4,3.830362768,3.46164175,4.12478325,3.90700182,-0.07663905199999999
development_oof,0,OCNT-2328411,CYP2D6,4.356363405,4.257263,4.48258425,4.08052092,0.2758424850000001
development_oof,0,OCNT-2328416,CYP1A2,5.951552982,5.870102,6.0394815,5.8282729133333335,0.12328006866666641
development_oof,0,OCNT-2328416,CYP2C9,4.807877162,4.601831,4.985826,5.3328787066666665,-0.5250015446666669
development_oof,0,OCNT-2328416,CYP3A4,4.36386332,4.2759365,4.4987745,5.480632753333333,-1.1167694333333333
development_oof,0,OCNT-2328449,CYP2C9,3.795196638,3.11431125,4.2103415,4.514228366666667,-0.7190317286666668
development_oof,0,OCNT-2328475,CYP2D6,4.46087779,4.35354875,4.61041425,3.9910100066666674,0.46986778333333223
development_oof,0,OCNT-2328488,CYP1A2,5.737422975,5.66171,5.813775,6.231029826666667,-0.49360685166666673
development_oof,0,OCNT-2328488,CYP2D6,5.383769273,5.30596925,5.465816,5.385429719999999,-0.0016604469999990101
development_oof,0,OCNT-2328503,CYP2C9,5.211837372,5.0979695,5.31124125,4.923396166666666,0.28844120533333406
development_oof,0,OCNT-2328503,CYP3A4,4.591719858,4.5102545,4.71373475,4.754495493333333,-0.1627756353333325
development_oof,0,OCNT-2328510,CYP1A2,4.66854407,4.570109,4.777489,4.705504433333333,-0.03696036333333286
development_oof,0,OCNT-2328525,CYP3A4,3.71669341,3.41095425,4.05280525,4.21710608,-0.5004126699999998
development_oof,0,OCNT-2328553,CYP1A2,5.06714608,4.85396375,5.23915625,4.468153633333333,0.5989924466666663
development_oof,0,OCNT-2328631,CYP2C9,2.21271684,1.06963,3.24593125,3.2412349533333336,-1.0285181133333334
development_oof,0,OCNT-2328659,CYP2C9,3.735123157,3.185236,4.15138525,5.221441513333334,-1.4863183563333338
development_oof,0,OCNT-2328659,CYP2D6,4.9796016,4.840417,5.10514225,5.06530606,-0.08570446000000054
development_oof,0,OCNT-2328666,CYP1A2,5.246598397,5.10529475,5.36652175,6.328840453333333,-1.0822420563333335
development_oof,0,OCNT-2328666,CYP2D6,5.184403735,5.09516125,5.275545,5.427651226666667,-0.2432474916666667
development_oof,0,OCNT-2328670,CYP2D6,5.456808057,5.37692125,5.5458545,4.705657493333334,0.7511505636666662
development_oof,0,OCNT-2328673,CYP1A2,7.189312418,7.09876425,7.2795925,5.4703527266666665,1.7189596913333336
development_oof,0,OCNT-2328673,CYP2C9,5.21959919,5.073931,5.329932,5.082910366666666,0.13668882333333432
development_oof,0,OCNT-2328726,CYP1A2,5.322439375,5.1586165,5.4610935,5.246838246666668,0.07560112833333221
development_oof,0,OCNT-2328759,CYP1A2,4.34430153,3.950383,5.01322075,5.789357313333333,-1.4450557833333333
development_oof,0,OCNT-2328767,CYP2C9,4.703912005,4.44621975,5.03286825,3.9449642800000007,0.7589477249999996
development_oof,0,OCNT-2328781,CYP2D6,5.45634698,5.39727925,5.51613075,4.730230193333333,0.7261167866666671
development_oof,0,OCNT-2328789,CYP1A2,6.62409317,6.53890975,6.707766,5.738724446666667,0.8853687233333334
development_oof,0,OCNT-2328789,CYP3A4,2.28847508,1.09548075,3.24237475,5.3633843866666675,-3.0749093066666675
development_oof,0,OCNT-2328794,CYP1A2,4.241668605,3.814983,5.0119925,4.36899662,-0.1273280149999998
development_oof,0,OCNT-2328857,CYP3A4,2.10376344,1.064308,3.2036,0.04527492866666666,2.058488511333333
development_oof,0,OCNT-2328869,CYP2C9,4.030732687,3.608517,4.444758,3.837147566666667,0.19358512033333364
development_oof,0,OCNT-2328869,CYP3A4,2.897205487,1.3225695,3.7995595,3.3973330333333336,-0.5001275463333337
development_oof,0,OCNT-2328898,CYP2D6,4.502435625,4.38751675,4.6766575,5.201887626666666,-0.6994520016666659
development_oof,0,OCNT-2328911,CYP2D6,5.231456247,5.1764595,5.28388,4.660635673333333,0.5708205736666665
development_oof,0,OCNT-2328936,CYP3A4,6.24090818,6.17304925,6.31374325,4.903434320000001,1.3374738599999993
development_oof,0,OCNT-2328938,CYP1A2,5.325893385,5.2071245,5.42375575,5.358854873333334,-0.03296148833333401
development_oof,0,OCNT-2328938,CYP3A4,5.745036395,5.6546885,5.830978,5.51153044,0.23350595500000004
development_oof,0,OCNT-2328958,CYP1A2,5.63758462,5.52023575,5.74548225,6.381157633333333,-0.7435730133333331
development_oof,0,OCNT-2328958,CYP2D6,4.566635015,4.46485825,4.69893925,5.1067626399999995,-0.5401276249999993
development_oof,0,OCNT-2328990,CYP2D6,5.01765964,4.85996325,5.15927225,4.919676206666667,0.09798343333333293
development_oof,0,OCNT-2328999,CYP3A4,4.32425443,4.19768975,4.52082225,4.833362413333333,-0.5091079833333332
development_oof,0,OCNT-2395285,CYP3A4,5.731906275,5.61871025,5.8090245,4.375687446666666,1.3562188283333336
development_oof,0,OCNT-2395286,CYP3A4,4.384895125,4.2870995,4.55700875,3.6246335533333336,0.7602615716666663
development_oof,0,OCNT-2395289,CYP3A4,2.655530887,1.110109,3.7899035,4.536674580000001,-1.8811436930000007
development_oof,0,OCNT-2395301,CYP3A4,2.457888615,1.08693825,3.7384355,3.3071080200000003,-0.8492194050000004
development_oof,0,OCNT-2395302,CYP3A4,4.744152048,4.6589025,4.856394,4.391346593333333,0.352805454666667
development_oof,0,OCNT-2395308,CYP3A4,4.751167857,4.68809925,4.83254375,4.184498226666667,0.5666696303333332
development_oof,0,OCNT-2395316,CYP3A4,4.931118263,4.891178,4.97351075,4.221673406666667,0.7094448563333335
development_oof,0,OCNT-2395318,CYP3A4,3.094681512,1.40775475,3.90831225,3.5599196466666667,-0.4652381346666665
development_oof,0,OCNT-2395338,CYP3A4,3.19121677,1.4069775,3.91790575,3.5511264266666673,-0.3599096566666673
development_oof,0,OCNT-2395343,CYP3A4,2.245221262,1.04932725,3.62460875,3.2537026133333335,-1.0084813513333337
development_oof,0,OCNT-2395355,CYP3A4,4.463125545,4.3714325,4.624056,4.538131586666667,-0.07500604166666758
development_oof,0,OCNT-2395360,CYP3A4,4.618701045,4.52492375,4.76025775,5.170200673333333,-0.5514996283333335
development_oof,0,OCNT-2395369,CYP3A4,4.434343132,4.3152245,4.61006175,4.085534146666666,0.34880898533333404
development_oof,0,OCNT-2395371,CYP3A4,4.458540315,4.354962,4.64062825,3.875305806666667,0.5832345083333328
development_oof,0,OCNT-2395372,CYP3A4,5.978168057,5.915654,6.04219625,4.065109873333332,1.913058183666668
development_oof,0,OCNT-2395388,CYP3A4,4.450572252,4.35600575,4.60080325,3.52148728,0.9290849719999996
development_oof,0,OCNT-2395391,CYP3A4,4.789582925,4.68609725,4.94998125,3.8308909399999997,0.9586919850000006
development_oof,0,OCNT-2395395,CYP3A4,5.033908597,4.94687675,5.13309,3.9023885666666667,1.1315200303333333
development_oof,0,OCNT-2395404,CYP3A4,2.39752221,1.06885475,3.7092945,2.8748850066666667,-0.4773627966666667
development_oof,0,OCNT-2395408,CYP3A4,5.853626023,5.7956185,5.91072275,4.149881540000001,1.7037444829999995
development_oof,0,OCNT-2395411,CYP3A4,4.170636845,3.991388,4.371758,4.91488284,-0.744245995
development_oof,0,OCNT-2395415,CYP3A4,4.963924383,4.8150145,5.169832,4.757048813333332,0.20687556966666776
development_oof,0,OCNT-2395418,CYP3A4,4.5722972,4.4904365,4.715796,4.156388006666667,0.4159091933333334
development_oof,0,OCNT-2395419,CYP3A4,4.924192827,4.83553725,5.03747175,3.965665786666667,0.9585270403333328
development_oof,0,OCNT-2395424,CYP3A4,6.376078055,6.30248875,6.448016,4.892689066666667,1.483388988333333
development_oof,0,OCNT-2395429,CYP3A4,4.540503295,4.45125925,4.68163575,3.981571773333333,0.5589315216666666
development_oof,0,OCNT-2395443,CYP3A4,5.359680305,5.1661215,5.52029575,4.757657973333334,0.6020223316666664
development_oof,0,OCNT-2395446,CYP3A4,3.509074313,2.10019275,4.0696175,3.8043471866666665,-0.2952728736666663
development_oof,0,OCNT-2395449,CYP3A4,5.110449832,5.04753075,5.181192,4.50816672,0.6022831119999994
development_oof,0,OCNT-2395461,CYP3A4,4.22850119,4.12163475,4.340415,4.085228453333333,0.14327273666666684
development_oof,0,OCNT-2395463,CYP3A4,4.091947927,3.87911625,4.2845705,3.8950808799999996,0.19686704700000002
development_oof,0,OCNT-2395473,CYP3A4,3.693297252,3.32855575,4.01983275,3.220649226666667,0.4726480253333327
development_oof,0,OCNT-2395479,CYP3A4,4.176698538,3.9866965,4.34861475,4.299328193333333,-0.12262965533333325
development_oof,0,OCNT-2395482,CYP3A4,2.09983156,1.04157775,3.23358925,3.7517270333333337,-1.6518954733333335
development_oof,0,OCNT-2395504,CYP3A4,5.250205875,5.1851815,5.320771,4.489260426666667,0.7609454483333327
development_oof,0,OCNT-2395510,CYP3A4,5.290375023,5.2180115,5.36320525,4.177091219999999,1.1132838030000007
development_oof,0,OCNT-2395515,CYP3A4,4.424826845,4.3132085,4.6072535,4.390490346666667,0.03433649833333341
development_oof,0,OCNT-2395526,CYP3A4,4.737636343,4.6131775,4.93874975,4.575186433333333,0.16244990966666695
development_oof,0,OCNT-2395527,CYP3A4,4.063649153,3.7988585,4.2621535,4.323733353333333,-0.260084200333333
development_oof,0,OCNT-2395531,CYP3A4,5.156498607,5.1046795,5.21226225,4.2913547066666675,0.8651439003333321
development_oof,0,OCNT-2395545,CYP3A4,4.164731677,3.9882695,4.42714,4.717803213333334,-0.5530715363333343
development_oof,0,OCNT-2395549,CYP3A4,4.47172079,4.36971625,4.64497775,4.05707862,0.4146421699999996
development_oof,0,OCNT-2395551,CYP3A4,1.94737139,1.0355175,3.169393,2.9790281666666667,-1.0316567766666667
development_oof,0,OCNT-2395559,CYP3A4,6.171894857,6.0963265,6.24907025,4.656285226666666,1.5156096303333335
development_oof,0,OCNT-2395564,CYP3A4,4.863756022,4.76194975,5.008795,4.414390046666667,0.44936597533333256
development_oof,0,OCNT-2395572,CYP3A4,5.283430907,5.2108585,5.3585895,5.1436603000000005,0.1397706069999991
development_oof,0,OCNT-2395593,CYP3A4,5.00895778,4.35896425,5.5679455,4.517296386666667,0.4916613933333336
development_oof,0,OCNT-2395625,CYP3A4,2.869463802,1.1471425,3.889227,4.32758532,-1.458121518
development_oof,0,OCNT-2395628,CYP3A4,3.533098777,2.9797305,3.98084675,3.7362334400000003,-0.20313466300000016
development_oof,0,OCNT-2395632,CYP3A4,3.68222437,3.1895655,4.04116025,3.72050886,-0.03828448999999967
development_oof,0,OCNT-2395652,CYP3A4,4.944225128,4.8120455,5.09124225,4.300175806666667,0.6440493213333331
development_oof,0,OCNT-2395656,CYP3A4,3.347266452,1.73876275,3.9803765,3.7879605133333336,-0.44069406133333366
development_oof,0,OCNT-2395684,CYP3A4,5.258613602,5.2155065,5.3030155,4.611427286666666,0.6471863153333333
development_oof,0,OCNT-2395688,CYP3A4,5.46602375,5.40779975,5.52741075,4.152235406666667,1.313788343333333
development_oof,0,OCNT-2395701,CYP3A4,4.34861851,4.23131475,4.4897155,4.8991487933333335,-0.5505302833333339
development_oof,0,OCNT-2395707,CYP3A4,3.823097905,3.50010625,4.0940915,4.320025206666666,-0.4969273016666662
development_oof,0,OCNT-2395716,CYP3A4,4.183870363,3.988209,4.459115,3.404658033333334,0.7792123296666658
development_oof,0,OCNT-2395720,CYP3A4,3.219694877,1.687356,3.9009765,3.6562897399999996,-0.43659486299999983
development_oof,0,OCNT-2395736,CYP3A4,4.88265345,4.7473825,5.08391925,4.303035913333333,0.5796175366666674
development_oof,0,OCNT-2395740,CYP3A4,5.388053982,5.3378965,5.4385205,4.291398626666667,1.0966553553333327
development_oof,0,OCNT-2395744,CYP3A4,5.051615703,4.98161975,5.12823475,4.425868893333333,0.6257468096666674
development_oof,0,OCNT-2395745,CYP3A4,5.044628075,4.982058,5.1133615,3.9783734333333336,1.0662546416666667
development_oof,0,OCNT-2395747,CYP3A4,3.171157898,1.569605,3.90731325,3.836910566666666,-0.6657526686666659
development_oof,0,OCNT-2395752,CYP3A4,4.842778378,4.726459,5.021898,4.04247194,0.8003064379999998
development_oof,0,OCNT-2395753,CYP3A4,2.073384172,1.05528675,3.2111355,3.2876199666666666,-1.2142357946666666
development_oof,0,OCNT-2395755,CYP3A4,4.303729255,4.1282495,4.52021,4.835208326666666,-0.5314790716666655
development_oof,0,OCNT-2395759,CYP3A4,4.550641833,4.45147175,4.714404,4.2896935,0.260948333
development_oof,0,OCNT-2395766,CYP3A4,4.192558305,4.034589,4.355268,4.080530866666667,0.1120274383333335
development_oof,0,OCNT-2395781,CYP3A4,4.594338315,4.44530875,4.84516175,4.779014706666667,-0.18467639166666672
development_oof,0,OCNT-2395787,CYP3A4,4.330737265,4.1875885,4.51662175,4.32047192,0.010265344999999648
development_oof,0,OCNT-2395793,CYP3A4,2.190418007,1.049117,3.25174725,3.2960573600000003,-1.1056393530000004
development_oof,0,OCNT-2395798,CYP3A4,4.384382063,4.270116,4.54890975,4.080280053333333,0.3041020096666669
development_oof,1,OCNT-0021946,CYP2C9,4.810827898,4.4012,5.1803305,4.438974573333334,0.37185332466666665
development_oof,1,OCNT-0022012,CYP2D6,5.16473218,5.08813975,5.243851,5.5111872066666665,-0.34645502666666683
development_oof,1,OCNT-0022127,CYP2D6,4.515749103,4.3940255,4.68899975,4.828305599999999,-0.3125564969999992
development_oof,1,OCNT-0022129,CYP1A2,3.86440727,3.398772,4.4576375,4.810693126666667,-0.946285856666667
development_oof,1,OCNT-0022129,CYP3A4,4.323056245,4.2056725,4.45501125,4.7501170733333336,-0.4270608283333335
development_oof,1,OCNT-0022281,CYP2D6,5.695252392,5.51558925,5.86544175,4.81700252,0.8782498720000005
development_oof,1,OCNT-0022281,CYP3A4,3.00105295,1.33313125,3.81163775,4.18036044,-1.1793074900000002
development_oof,1,OCNT-0436875,CYP1A2,5.249563868,5.15387525,5.3281875,4.676564566666666,0.5729993013333337
development_oof,1,OCNT-0476452,CYP3A4,2.232554135,1.08106975,3.54251625,2.90618844,-0.6736343050000002
development_oof,1,OCNT-0493664,CYP2D6,4.995767028,4.794946,5.11813425,4.126227706666667,0.8695393213333338
development_oof,1,OCNT-0493664,CYP3A4,2.214196058,1.0703115,3.59595975,4.0493047466666665,-1.8351086886666663
development_oof,1,OCNT-0494162,CYP2C9,5.231331972,5.05052775,5.35679525,4.7300035,0.5013284720000009
development_oof,1,OCNT-0494166,CYP2D6,4.560219538,4.442191,4.72141475,4.92566202,-0.36544248199999974
development_oof,1,OCNT-0497798,CYP2C9,5.543143527,5.453316,5.6408305,4.877470773333334,0.6656727536666658
development_oof,1,OCNT-0497798,CYP3A4,4.006448953,3.662193,4.20115775,4.513576313333333,-0.5071273603333335
development_oof,1,OCNT-0498127,CYP3A4,3.687954215,3.09178675,4.06273675,3.0553596933333336,0.6325945216666664
development_oof,1,OCNT-2308466,CYP2D6,2.830466513,1.09675475,4.07231025,4.87079342,-2.040326907
development_oof,1,OCNT-2308492,CYP3A4,4.83706575,4.70589875,5.03017325,3.804402973333333,1.0326627766666667
development_oof,1,OCNT-2308502,CYP3A4,3.2337988,2.2085715,3.81657475,3.837603993333333,-0.6038051933333328
development_oof,1,OCNT-2308520,CYP1A2,5.379134973,5.24217775,5.50013725,5.15787498,0.22125999300000032
development_oof,1,OCNT-2308520,CYP2D6,5.012302395,4.85132725,5.112602,4.624444586666668,0.38785780833333217
development_oof,1,OCNT-2308529,CYP1A2,5.021356355,4.8814065,5.11244725,4.5970505133333335,0.4243058416666665
development_oof,1,OCNT-2308537,CYP2D6,4.533113725,4.4223855,4.690391,5.073960946666666,-0.5408472216666667
development_oof,1,OCNT-2308537,CYP3A4,3.689226253,3.23379675,4.0508985,4.48293774,-0.7937114869999995
development_oof,1,OCNT-2308553,CYP1A2,5.15728653,5.04877525,5.247212,4.474145086666667,0.6831414433333336
development_oof,1,OCNT-2308554,CYP1A2,3.235258265,1.60911525,3.9932845,4.563253073333334,-1.3279948083333335
development_oof,1,OCNT-2308592,CYP3A4,2.86790216,1.20793625,3.81736575,4.04831194,-1.1804097799999997
development_oof,1,OCNT-2308624,CYP2C9,4.43455903,4.12865875,4.876771,4.5079724400000005,-0.07341341000000057
development_oof,1,OCNT-2308624,CYP2D6,4.532522875,4.39435975,4.71060175,4.710411853333333,-0.17788897833333284
development_oof,1,OCNT-2308630,CYP2D6,3.826484278,2.31834725,4.18443,4.577936920000001,-0.7514526420000007
development_oof,1,OCNT-2308635,CYP1A2,5.796193795,5.65829775,5.93163125,4.889674520000001,0.9065192749999991
development_oof,1,OCNT-2308676,CYP2D6,4.945531675,4.7788175,5.062432,4.582941186666667,0.36259048833333285
development_oof,1,OCNT-2308682,CYP1A2,6.125472485,6.00954975,6.243253,4.9587032933333335,1.166769191666667
development_oof,1,OCNT-2308682,CYP2D6,2.714225955,1.090608,4.02585125,4.29410372,-1.579877765
development_oof,1,OCNT-2308683,CYP2D6,4.45826283,4.35987825,4.57943575,4.529341153333334,-0.0710783233333343
development_oof,1,OCNT-2308710,CYP2D6,4.343477857,4.14119175,4.499762,4.57953276,-0.23605490300000032
development_oof,1,OCNT-2308711,CYP3A4,3.76069906,3.0294195,4.10421,4.718989280000001,-0.9582902200000007
development_oof,1,OCNT-2308758,CYP1A2,3.942125723,3.5131115,4.55593225,5.326322060000001,-1.3841963370000006
development_oof,1,OCNT-2308758,CYP2C9,4.499651285,4.26989725,4.804953,4.995105166666667,-0.49545388166666715
development_oof,1,OCNT-2308760,CYP2C9,4.15754825,3.7905775,4.59373125,4.494490659999999,-0.3369424099999998
development_oof,1,OCNT-2308760,CYP3A4,4.543412782,4.448394,4.69624725,4.18726944,0.3561433420000002
development_oof,1,OCNT-2308762,CYP1A2,3.794313387,3.238498,4.277137,5.673760686666666,-1.8794472996666665
development_oof,1,OCNT-2308775,CYP2D6,4.904511807,4.7454365,5.00901325,4.857043186666667,0.047468620333332545
development_oof,1,OCNT-2308783,CYP2C9,3.654502347,3.08730875,4.1975795,4.703960973333333,-1.0494586263333332
development_oof,1,OCNT-2308783,CYP3A4,4.46958539,4.36635925,4.6685885,4.312212493333333,0.15737289666666676
development_oof,1,OCNT-2308800,CYP2D6,4.808035037,4.669266,4.94725175,4.721949619999999,0.0860854170000005
development_oof,1,OCNT-2308808,CYP1A2,3.846529133,3.423197,4.363946,4.878046413333333,-1.031517280333333
development_oof,1,OCNT-2308817,CYP3A4,4.764848807,4.66145975,4.9111505,4.407209993333334,0.35763881366666617
development_oof,1,OCNT-2308839,CYP2D6,2.445397223,1.07601725,3.87691875,4.9320614,-2.486664177
development_oof,1,OCNT-2308840,CYP3A4,3.061471862,1.297055,3.94197775,4.030086746666667,-0.9686148846666671
development_oof,1,OCNT-2308851,CYP2C9,4.420736525,4.121241,4.79529625,4.155800346666667,0.2649361783333326
development_oof,1,OCNT-2308851,CYP2D6,4.957006015,4.8369415,5.0566055,4.62529526,0.33171075500000047
development_oof,1,OCNT-2308867,CYP1A2,2.183939,1.071362,3.24519775,5.046785766666667,-2.862846766666667
development_oof,1,OCNT-2308873,CYP3A4,4.07606824,3.836131,4.249095,4.82792418,-0.7518559400000004
development_oof,1,OCNT-2308899,CYP1A2,6.44116655,6.355414,6.53171575,5.654653266666666,0.7865132833333339
development_oof,1,OCNT-2308899,CYP2D6,4.397846657,4.26814725,4.54938675,4.760098013333334,-0.36225135633333405
development_oof,1,OCNT-2308903,CYP1A2,5.943690125,5.83902075,6.04750325,5.141985146666666,0.8017049783333334
development_oof,1,OCNT-2308903,CYP2D6,6.056284738,5.9078605,6.20638825,4.72167412,1.3346106179999992
development_oof,1,OCNT-2308967,CYP3A4,4.80801563,4.71803975,4.9200425,4.0949188,0.7130968299999996
development_oof,1,OCNT-2308972,CYP2C9,3.992841445,3.536804,4.45372875,4.209013813333334,-0.21617236833333386
development_oof,1,OCNT-2308972,CYP3A4,3.030799528,1.380551,3.85400825,3.6868745466666666,-0.6560750186666664
development_oof,1,OCNT-2308995,CYP1A2,5.266856083,5.127467,5.3772085,5.3044501933333335,-0.03759411033333304
development_oof,1,OCNT-2309042,CYP1A2,4.096998445,3.7352795,4.63813575,5.066550153333333,-0.9695517083333334
development_oof,1,OCNT-2309042,CYP3A4,3.29203998,2.06895325,3.928431,3.94435044,-0.6523104599999998
development_oof,1,OCNT-2309065,CYP1A2,5.617261335,5.52892125,5.70386775,5.5839920933333325,0.03326924166666778
development_oof,1,OCNT-2309065,CYP2D6,4.35484073,4.2225245,4.45952475,5.0029416,-0.6481008699999995
development_oof,1,OCNT-2309071,CYP2C9,6.045035507,5.91686975,6.1657815,4.758860820000001,1.286174686999999
development_oof,1,OCNT-2309077,CYP1A2,5.30529893,5.171327,5.41458075,4.26140126,1.0438976699999998
development_oof,1,OCNT-2309111,CYP1A2,3.896427225,3.446077,4.3044215,4.56749418,-0.6710669549999997
development_oof,1,OCNT-2309111,CYP2C9,3.932196203,3.404601,4.648483,4.448317579999999,-0.5161213769999993
development_oof,1,OCNT-2309111,CYP3A4,3.622686865,2.98680775,4.03189475,4.21827742,-0.5955905549999998
development_oof,1,OCNT-2309138,CYP1A2,5.58659819,5.496862,5.67991575,5.4845494666666665,0.10204872333333359
development_oof,1,OCNT-2309139,CYP2D6,6.002880787,5.8171685,6.1761215,4.563715186666666,1.4391656003333333
development_oof,1,OCNT-2309157,CYP2D6,4.500912945,4.391911,4.6687365,4.654428173333334,-0.1535152283333341
development_oof,1,OCNT-2309184,CYP2C9,4.3014934,3.950103,4.7891955,4.565091133333333,-0.2635977333333326
development_oof,1,OCNT-2309185,CYP3A4,3.936863152,3.66008275,4.1900705,4.44231074,-0.505447588
development_oof,1,OCNT-2309200,CYP2C9,4.575785995,4.34239225,4.8502135,5.065300593333333,-0.4895145983333329
development_oof,1,OCNT-2309200,CYP3A4,4.672194613,4.5919995,4.79399625,4.959601940000001,-0.2874073270000004
development_oof,1,OCNT-2309229,CYP2C9,4.422668727,4.10848,4.85121775,4.353494246666667,0.06917448033333251
development_oof,1,OCNT-2309290,CYP2C9,4.968570472,4.7860425,5.1656595,4.76305866,0.20551181199999924
development_oof,1,OCNT-2309290,CYP3A4,4.7267301,4.64018,4.85079925,4.55699106,0.1697390400000005
development_oof,1,OCNT-2309293,CYP2C9,4.002191877,3.55530275,4.4951585,4.5882538466666665,-0.5860619696666669
development_oof,1,OCNT-2309325,CYP3A4,3.916030493,3.58572325,4.17640275,3.262139346666667,0.6538911463333332
development_oof,1,OCNT-2309345,CYP2C9,4.967071435,4.801882,5.129423,4.485357906666667,0.4817135283333336
development_oof,1,OCNT-2309347,CYP2C9,3.655002367,3.06801475,4.14498125,4.437222093333333,-0.7822197263333335
development_oof,1,OCNT-2309355,CYP1A2,4.03319713,3.6405165,4.40368625,4.78732976,-0.7541326300000009
development_oof,1,OCNT-2309355,CYP3A4,3.724375873,3.27477,4.06114025,4.583893653333333,-0.8595177803333329
development_oof,1,OCNT-2309356,CYP3A4,5.431020372,5.352185,5.51185325,4.742453326666667,0.6885670453333326
development_oof,1,OCNT-2309424,CYP2D6,4.272804338,4.09081175,4.3896715,4.9324343666666675,-0.6596300286666672
development_oof,1,OCNT-2309424,CYP3A4,4.410240222,4.324569,4.55892075,4.151134146666666,0.2591060753333334
development_oof,1,OCNT-2309439,CYP2D6,4.284685697,4.05571575,4.4462985,4.825220986666666,-0.5405352896666669
development_oof,1,OCNT-2309449,CYP1A2,5.212759145,5.03991175,5.3841515,5.1834727,0.02928644499999944
development_oof,1,OCNT-2309466,CYP2D6,4.458210463,4.34098425,4.59890625,4.711037706666667,-0.2528272436666663
development_oof,1,OCNT-2309476,CYP2D6,4.673651312,4.54857125,4.85864175,4.86874536,-0.19509404800000052
development_oof,1,OCNT-2309483,CYP2D6,4.437077415,4.2418265,4.59389275,4.678984566666666,-0.2419071516666662
development_oof,1,OCNT-2309499,CYP2C9,4.934191203,4.73360475,5.1406405,4.763087893333333,0.17110330966666698
development_oof,1,OCNT-2309503,CYP1A2,5.269682055,5.07875625,5.42611025,5.002365653333333,0.26731640166666626
development_oof,1,OCNT-2309509,CYP3A4,2.368360845,1.09696475,3.69808375,3.682623986666667,-1.3142631416666668
development_oof,1,OCNT-2309524,CYP2C9,4.38695762,4.0117505,4.92321575,4.251812973333333,0.13514464666666637
development_oof,1,OCNT-2309524,CYP3A4,4.649680508,4.5502905,4.8062905,4.083075286666667,0.566605221333333
development_oof,1,OCNT-2309527,CYP2D6,4.418213612,4.34187675,4.52380375,4.440438486666666,-0.022224874666666672
development_oof,1,OCNT-2309539,CYP2D6,5.380498507,5.302253,5.4619715,4.995144286666667,0.38535422033333333
development_oof,1,OCNT-2309550,CYP2C9,4.56426993,4.32569925,4.86476925,4.234591233333334,0.32967869666666605
development_oof,1,OCNT-2309565,CYP2D6,4.969772243,4.821618,5.09576625,5.0475649266666665,-0.07779268366666603
development_oof,1,OCNT-2309577,CYP2D6,4.34909046,4.0674205,4.5157015,4.775956546666667,-0.42686608666666714
development_oof,1,OCNT-2309619,CYP1A2,5.14139961,4.866296,5.33401625,4.610589706666667,0.5308099033333331
development_oof,1,OCNT-2309635,CYP1A2,5.309551372,5.150656,5.4351405,4.865019086666667,0.44453228533333267
development_oof,1,OCNT-2309645,CYP3A4,2.789160905,1.19332225,3.79030125,3.6523107866666664,-0.8631498816666663
development_oof,1,OCNT-2309659,CYP1A2,6.538059178,6.430423,6.651831,5.889031026666666,0.6490281513333338
development_oof,1,OCNT-2309661,CYP1A2,5.190142685,5.031594,5.31105975,5.773171586666667,-0.5830289016666672
development_oof,1,OCNT-2309661,CYP2C9,5.578610865,5.443783,5.6954195,5.496553033333334,0.08205783166666603
development_oof,1,OCNT-2309661,CYP2D6,3.403934743,1.21456475,4.191971,4.78568002,-1.3817452769999998
development_oof,1,OCNT-2309671,CYP3A4,2.408528185,1.067158,3.69057,3.813083746666666,-1.4045555616666658
development_oof,1,OCNT-2309684,CYP1A2,3.929221478,3.512783,4.35472325,4.6901210466666665,-0.7608995686666664
development_oof,1,OCNT-2309684,CYP2C9,3.820606745,3.37147175,4.33583425,4.690707779999999,-0.8701010349999994
development_oof,1,OCNT-2309684,CYP3A4,2.581972495,1.09369225,3.72326775,4.593047173333334,-2.0110746783333338
development_oof,1,OCNT-2309689,CYP3A4,5.395813947,5.34447375,5.44837675,5.020827893333333,0.3749860536666665
development_oof,1,OCNT-2309709,CYP2C9,2.881516308,1.189048,3.890279,4.237278566666667,-1.355762258666667
development_oof,1,OCNT-2309711,CYP3A4,2.028918637,1.04819525,3.198057,3.41554852,-1.3866298830000003
development_oof,1,OCNT-2309736,CYP1A2,5.024121013,4.88474725,5.1521525,4.73725492,0.28686609300000043
development_oof,1,OCNT-2309736,CYP2C9,5.051511395,4.77908025,5.229925,4.5770915,0.4744198950000005
development_oof,1,OCNT-2309755,CYP2D6,4.395583258,4.267407,4.53763225,4.840840399999999,-0.4452571419999991
development_oof,1,OCNT-2309792,CYP3A4,2.467173532,1.086946,3.6903025,3.4253776799999995,-0.9582041479999996
development_oof,1,OCNT-2309817,CYP2D6,4.965197052,4.7900955,5.1038815,5.02823974,-0.06304268800000035
development_oof,1,OCNT-2309844,CYP2D6,5.284160867,5.176248,5.383267,4.838568446666667,0.445592420333333
development_oof,1,OCNT-2309844,CYP3A4,6.04559205,5.978878,6.10988075,4.399118193333333,1.6464738566666668
development_oof,1,OCNT-2309859,CYP3A4,4.131585155,3.88436575,4.31702275,4.7787250199999995,-0.6471398649999998
development_oof,1,OCNT-2309878,CYP3A4,4.13016765,3.941016,4.296305,3.0623639333333332,1.0678037166666665
development_oof,1,OCNT-2309905,CYP2C9,4.973133423,4.72355725,5.142561,4.177380453333333,0.7957529696666672
development_oof,1,OCNT-2309936,CYP2C9,3.993005258,3.4941505,4.3603955,4.96545256,-0.972447302
development_oof,1,OCNT-2309936,CYP2D6,4.480524932,4.39290275,4.61905475,5.002040813333334,-0.5215158813333343
development_oof,1,OCNT-2309948,CYP2C9,4.891473783,4.7131185,5.0809075,4.37689516,0.5145786230000002
development_oof,1,OCNT-2309957,CYP3A4,2.02041593,1.044843,3.2025835,4.134243226666666,-2.1138272966666665
development_oof,1,OCNT-2309961,CYP2C9,4.756405192,4.5922985,4.9112335,4.84519506,-0.0887898680000001
development_oof,1,OCNT-2309963,CYP2D6,4.91648705,4.77162975,5.04376025,4.608209173333334,0.30827787666666584
development_oof,1,OCNT-2309995,CYP1A2,3.955306943,3.472446,4.286817,4.0085021266666665,-0.053195183666666424
development_oof,1,OCNT-2309995,CYP2C9,4.402859193,4.08288575,4.84467275,4.024067366666666,0.37879182633333386
development_oof,1,OCNT-2309997,CYP3A4,5.75675987,5.7059795,5.80942025,4.102398293333333,1.654361576666667
development_oof,1,OCNT-2310018,CYP1A2,5.32895928,5.218908,5.42058075,5.0405952266666665,0.2883640533333338
development_oof,1,OCNT-2310018,CYP2D6,3.165873505,1.21629825,4.14893,4.473489473333332,-1.3076159683333324
development_oof,1,OCNT-2310045,CYP1A2,3.9816744,3.59168825,4.55478025,5.038207493333333,-1.056533093333333
development_oof,1,OCNT-2310045,CYP3A4,5.0768823,5.01814375,5.142415,4.16172122,0.9151610799999998
development_oof,1,OCNT-2310059,CYP3A4,2.090409895,1.068305,3.46395275,3.5379671333333333,-1.4475572383333333
development_oof,1,OCNT-2310061,CYP2D6,4.454191563,4.294929,4.649062,4.566397226666667,-0.11220566366666684
development_oof,1,OCNT-2310083,CYP1A2,5.383637797,5.24671975,5.50266225,4.29377888,1.089858917
development_oof,1,OCNT-2310084,CYP1A2,3.906673188,3.4591685,4.415319,3.8291843533333334,0.07748883466666667
development_oof,1,OCNT-2310087,CYP3A4,1.955119468,1.043767,3.1578745,5.084518446666666,-3.1293989786666665
development_oof,1,OCNT-2310122,CYP3A4,1.966218385,1.03058425,3.17881675,3.819049006666667,-1.852830621666667
development_oof,1,OCNT-2310136,CYP2D6,2.076707695,1.05405875,3.51295725,4.5814928466666665,-2.5047851516666664
development_oof,1,OCNT-2310155,CYP2C9,5.123199592,4.8965195,5.28516725,4.776223933333333,0.3469756586666666
development_oof,1,OCNT-2310188,CYP2D6,2.35053275,1.04987425,3.91012725,4.749632266666667,-2.3990995166666664
development_oof,1,OCNT-2310199,CYP3A4,5.539790922,5.47938925,5.60168225,4.0922192,1.4475717220000002
development_oof,1,OCNT-2310202,CYP1A2,6.267360323,6.14288825,6.38791,5.732155406666667,0.535204916333333
development_oof,1,OCNT-2310210,CYP2C9,3.69496527,3.09311225,4.18108,3.9452938533333337,-0.25032858333333374
development_oof,1,OCNT-2310227,CYP2C9,4.27031047,3.92372175,4.7312755,4.068641726666668,0.2016687433333324
development_oof,1,OCNT-2310240,CYP2C9,4.67125837,3.99082625,5.41866625,5.356451739999999,-0.6851933699999986
development_oof,1,OCNT-2310249,CYP3A4,2.433856025,1.081342,3.67453575,4.150669406666666,-1.7168133816666664
development_oof,1,OCNT-2310261,CYP3A4,5.03215361,4.97308775,5.09784175,4.553476473333333,0.47867713666666667
development_oof,1,OCNT-2310317,CYP1A2,4.376919622,4.1824875,4.69673375,4.7968929933333335,-0.41997337133333357
development_oof,1,OCNT-2310343,CYP3A4,4.01074426,3.67597175,4.2124615,3.704396786666667,0.3063474733333331
development_oof,1,OCNT-2310368,CYP1A2,7.069229052,6.983649,7.15433675,5.63501314,1.434215912
development_oof,1,OCNT-2310374,CYP2C9,4.37488172,4.08934275,4.747922,4.1455210933333335,0.2293606266666668
development_oof,1,OCNT-2310374,CYP2D6,4.832850535,4.64941875,5.04322075,4.40054604,0.43230449500000034
development_oof,1,OCNT-2310393,CYP1A2,3.75245673,3.23733875,4.2869545,4.6094859066666665,-0.8570291766666664
development_oof,1,OCNT-2310393,CYP2C9,4.441652063,4.1096565,4.874214,4.510877833333334,-0.06922577033333344
development_oof,1,OCNT-2310398,CYP2D6,4.655835553,4.4070485,5.08902025,5.000875573333333,-0.34504002033333325
development_oof,1,OCNT-2310401,CYP2D6,5.908671838,5.8119595,6.0073915,4.646275533333333,1.2623963046666669
development_oof,1,OCNT-2310411,CYP1A2,3.003373938,1.23378575,3.90548575,4.424987706666666,-1.4216137686666661
development_oof,1,OCNT-2310427,CYP2C9,4.1164149,3.69460675,4.773956,4.541522766666667,-0.425107866666667
development_oof,1,OCNT-2310427,CYP3A4,4.102454097,3.8680545,4.272642,4.281369733333333,-0.17891563633333352
development_oof,1,OCNT-2310432,CYP3A4,2.454188187,1.06994675,3.73264975,4.570958433333333,-2.1167702463333327
development_oof,1,OCNT-2310452,CYP2C9,4.299749357,4.05382775,4.668625,4.693614966666667,-0.3938656096666673
development_oof,1,OCNT-2310470,CYP2D6,6.446488673,6.353444,6.5413165,5.008136453333333,1.4383522196666672
development_oof,1,OCNT-2310471,CYP2C9,3.718629245,3.16694175,4.19915325,4.474317166666667,-0.7556879216666674
development_oof,1,OCNT-2310471,CYP3A4,2.812038865,1.21230575,3.79498075,4.050343873333334,-1.2383050083333345
development_oof,1,OCNT-2310479,CYP3A4,3.447156023,2.192849,3.9961165,3.5010193333333333,-0.05386331033333347
development_oof,1,OCNT-2310488,CYP1A2,7.520682635,7.4068485,7.63654325,5.446992313333333,2.0736903216666667
development_oof,1,OCNT-2310488,CYP2C9,6.112180515,6.002438,6.23168025,5.2120859600000005,0.9000945549999999
development_oof,1,OCNT-2310491,CYP2C9,5.563282045,5.36245975,5.74537725,5.243965413333333,0.31931663166666713
development_oof,1,OCNT-2310494,CYP2C9,4.376080668,4.0589655,4.8042725,4.564866926666666,-0.1887862586666662
development_oof,1,OCNT-2310494,CYP2D6,4.850859632,4.6756735,5.05815525,4.600851246666666,0.25000838533333347
development_oof,1,OCNT-2310498,CYP2D6,4.90725313,4.7650685,5.01753225,5.5394677,-0.6322145700000004
development_oof,1,OCNT-2310513,CYP2C9,5.010029225,4.77421925,5.21558125,4.58068062,0.4293486050000004
development_oof,1,OCNT-2310513,CYP2D6,4.804007323,4.69348975,4.91666225,4.4999689133333325,0.30403840966666795
development_oof,1,OCNT-2310513,CYP3A4,5.248705098,5.14446975,5.373253,4.291450846666667,0.9572542513333335
development_oof,1,OCNT-2310514,CYP1A2,5.17198792,4.991633,5.31826525,5.34992326,-0.17793533999999944
development_oof,1,OCNT-2310514,CYP2D6,6.788253808,6.71124925,6.866572,4.850626813333333,1.937626994666667
development_oof,1,OCNT-2310518,CYP1A2,4.956533548,4.7762195,5.1351345,5.107539586666666,-0.15100603866666606
development_oof,1,OCNT-2310518,CYP2D6,5.015409928,4.88333725,5.14992025,4.62102968,0.39438024800000004
development_oof,1,OCNT-2310527,CYP2C9,4.562186845,4.29502525,4.8686425,3.9454737399999997,0.6167131050000005
development_oof,1,OCNT-2310534,CYP1A2,6.196405395,6.102786,6.291371,5.2420801133333335,0.9543252816666667
development_oof,1,OCNT-2310534,CYP3A4,4.914309425,4.85360525,4.981277,4.568256446666667,0.3460529783333328
development_oof,1,OCNT-2310565,CYP2C9,5.073080528,4.80716575,5.3624445,4.9888657,0.08421482800000035
development_oof,1,OCNT-2310565,CYP3A4,4.825178802,4.73248975,4.95424075,4.817723133333333,0.007455668666667137
development_oof,1,OCNT-2310581,CYP1A2,5.79079,5.696516,5.88539075,5.344114673333333,0.446675326666667
development_oof,1,OCNT-2310581,CYP2D6,6.626563685,6.465419,6.79912625,4.537576853333333,2.0889868316666664
development_oof,1,OCNT-2310583,CYP2D6,4.086618592,3.46496275,4.281822,4.500372493333335,-0.4137539013333349
development_oof,1,OCNT-2310610,CYP1A2,4.411099625,4.12573975,4.8369445,4.802126293333333,-0.39102666833333277
development_oof,1,OCNT-2310611,CYP2C9,4.304121037,4.01813775,4.7048465,4.6618052,-0.35768416300000005
development_oof,1,OCNT-2310611,CYP2D6,4.546951897,4.43634475,4.69434075,4.5792433133333335,-0.03229141633333388
development_oof,1,OCNT-2310611,CYP3A4,4.965954425,4.90289775,5.03661125,4.2793590733333335,0.6865953516666661
development_oof,1,OCNT-2310637,CYP3A4,3.873931203,3.47090975,4.122878,3.723534073333333,0.15039712966666707
development_oof,1,OCNT-2310641,CYP3A4,3.49645816,2.10261975,4.03444,4.244455426666667,-0.7479972666666668
development_oof,1,OCNT-2310643,CYP3A4,2.078993408,1.047534,3.402388,3.7769995466666666,-1.6980061386666665
development_oof,1,OCNT-2310650,CYP1A2,5.152074687,4.954051,5.29500725,5.167693313333333,-0.015618626333333552
development_oof,1,OCNT-2310650,CYP2D6,4.485690115,4.271219,4.7334905,4.982170513333334,-0.49648039833333435
development_oof,1,OCNT-2310657,CYP3A4,2.61695506,1.13002925,3.72855325,4.009817513333333,-1.3928624533333331
development_oof,1,OCNT-2310670,CYP1A2,5.914179695,5.8110685,6.01139025,5.08588646,0.8282932349999994
development_oof,1,OCNT-2310677,CYP2C9,5.451195148,5.30387775,5.58657875,4.699134733333333,0.7520604146666674
development_oof,1,OCNT-2310677,CYP3A4,5.131701908,5.04824925,5.227251,4.388361073333333,0.7433408346666672
development_oof,1,OCNT-2310692,CYP2C9,4.167401557,3.8050125,4.60283725,4.58988074,-0.4224791830000001
development_oof,1,OCNT-2310692,CYP3A4,3.6074426,3.01580175,4.03767775,4.30908892,-0.7016463199999996
development_oof,1,OCNT-2310716,CYP1A2,5.197002985,5.030395,5.33567075,4.482002666666666,0.7150003183333338
development_oof,1,OCNT-2310722,CYP3A4,2.124743468,1.04441875,3.48941525,3.3206873533333336,-1.1959438853333335
development_oof,1,OCNT-2310747,CYP3A4,4.970871237,4.90858775,5.037461,4.222099333333333,0.7487719036666665
development_oof,1,OCNT-2310759,CYP2C9,2.572745283,1.10304625,3.81421225,3.862739546666667,-1.2899942636666668
development_oof,1,OCNT-2310795,CYP1A2,6.155750862,6.058512,6.2546705,5.073829646666666,1.0819212153333337
development_oof,1,OCNT-2310795,CYP3A4,5.876030575,5.12047225,6.239481,4.352408200000001,1.5236223749999986
development_oof,1,OCNT-2310801,CYP1A2,4.5183961,4.33625175,4.7562755,4.508792593333334,0.009603506666666206
development_oof,1,OCNT-2310808,CYP2C9,3.679634403,3.03068225,4.21893725,4.71755536,-1.0379209570000003
development_oof,1,OCNT-2310815,CYP3A4,3.626193213,3.107262,4.01640725,4.101026086666667,-0.4748328736666667
development_oof,1,OCNT-2310816,CYP1A2,3.778090123,3.15280675,4.18585125,4.869255239999999,-1.0911651169999992
development_oof,1,OCNT-2310816,CYP2D6,4.372450732,4.22650875,4.52169275,4.709589866666666,-0.3371391346666659
development_oof,1,OCNT-2310833,CYP2D6,4.483622207,4.37437875,4.6196415,4.667534906666667,-0.18391269966666712
development_oof,1,OCNT-2310833,CYP3A4,4.522788958,4.41940725,4.68882875,4.524494653333333,-0.0017056953333334235
development_oof,1,OCNT-2310851,CYP3A4,3.836926565,3.3890835,4.11159125,4.526569126666667,-0.6896425616666666
development_oof,1,OCNT-2310873,CYP2D6,4.64620933,4.52484475,4.78801425,4.451342953333333,0.19486637666666695
development_oof,1,OCNT-2310885,CYP2C9,3.698235332,3.0084035,4.15425125,3.9732769333333335,-0.27504160133333366
development_oof,1,OCNT-2310885,CYP3A4,4.342342805,4.19605875,4.54587025,3.6839788400000004,0.6583639649999999
development_oof,1,OCNT-2310886,CYP2D6,5.81857972,5.728267,5.92219425,4.989847173333333,0.8287325466666671
development_oof,1,OCNT-2310909,CYP2D6,5.10595923,4.96087175,5.24845525,4.55311364,0.5528455899999996
development_oof,1,OCNT-2310935,CYP2C9,4.824329507,4.62769825,5.031754,4.768648673333333,0.055680833666666985
development_oof,1,OCNT-2310935,CYP3A4,5.10643106,5.047217,5.1648225,4.587075919999999,0.5193551400000009
development_oof,1,OCNT-2310944,CYP1A2,3.258222873,1.53183875,3.99455125,5.020011826666666,-1.7617889536666662
development_oof,1,OCNT-2310944,CYP2D6,4.601958462,4.49622825,4.74854875,5.064084733333333,-0.46212627133333317
development_oof,1,OCNT-2310952,CYP3A4,2.03758533,1.0464665,3.202236,3.7717853,-1.7341999699999997
development_oof,1,OCNT-2310983,CYP1A2,4.515012138,4.31683675,4.7748875,4.20326982,0.3117423180000003
development_oof,1,OCNT-2310987,CYP3A4,4.017989577,3.720492,4.21440025,4.3419176,-0.32392802300000056
development_oof,1,OCNT-2310989,CYP3A4,5.552376012,5.485717,5.62171125,3.841999966666667,1.7103760453333328
development_oof,1,OCNT-2311003,CYP1A2,3.827603117,3.3533555,4.3552795,5.110666426666667,-1.2830633096666664
development_oof,1,OCNT-2311010,CYP2C9,3.434805407,2.50738725,4.0323005,4.083161033333333,-0.6483556263333332
development_oof,1,OCNT-2311024,CYP3A4,2.251027623,1.086849,3.2364435,3.8058140066666666,-1.5547863836666664
development_oof,1,OCNT-2311034,CYP3A4,3.810000637,3.45800825,4.08843925,4.048579073333333,-0.23857843633333342
development_oof,1,OCNT-2311058,CYP1A2,4.408572057,4.07874375,4.9184255,4.862983413333334,-0.45441135633333385
development_oof,1,OCNT-2311081,CYP3A4,4.553555337,4.467871,4.69249025,3.9596602866666664,0.5938950503333333
development_oof,1,OCNT-2311083,CYP1A2,4.965834915,4.8013605,5.14605125,4.66393684,0.30189807500000043
development_oof,1,OCNT-2311083,CYP2C9,4.845993327,4.62388725,5.0832185,4.63051528,0.2154780470000004
development_oof,1,OCNT-2311083,CYP2D6,4.360058657,4.2067625,4.51194975,4.685124433333333,-0.3250657763333331
development_oof,1,OCNT-2311101,CYP2D6,4.965271618,4.79092175,5.0923025,4.522815133333333,0.44245648466666676
development_oof,1,OCNT-2311105,CYP2C9,4.275581293,3.87655175,4.863187,5.0738380533333345,-0.7982567603333344
development_oof,1,OCNT-2311117,CYP3A4,5.746158982,5.6873255,5.807348,2.941457693333333,2.8047012886666667
development_oof,1,OCNT-2311121,CYP1A2,4.94613967,4.72075375,5.15577975,5.27248026,-0.32634059000000004
development_oof,1,OCNT-2311121,CYP2D6,5.74590107,5.61318775,5.87878,4.740961153333334,1.0049399166666664
development_oof,1,OCNT-2311135,CYP1A2,3.527385155,2.54999925,4.1111975,5.193342633333333,-1.6659574783333326
development_oof,1,OCNT-2311135,CYP2C9,4.485032617,4.253668,4.786128,4.74722134,-0.2621887230000004
development_oof,1,OCNT-2311135,CYP3A4,4.903122243,4.82617475,5.00550275,4.292288853333334,0.6108333896666664
development_oof,1,OCNT-2311145,CYP2C9,6.06606089,5.90093075,6.221732,5.291176393333332,0.7748844966666679
development_oof,1,OCNT-2311152,CYP3A4,4.89535215,4.82796,4.97486075,3.684519006666666,1.2108331433333337
development_oof,1,OCNT-2311159,CYP1A2,3.81494932,3.312918,4.40294325,4.573943586666667,-0.7589942666666669
development_oof,1,OCNT-2311182,CYP3A4,4.033958317,3.73739525,4.202055,4.47464012,-0.44068180300000037
development_oof,1,OCNT-2311191,CYP2C9,3.319901993,1.51968925,4.042364,3.673489553333333,-0.3535875603333327
development_oof,1,OCNT-2311205,CYP1A2,5.90486086,5.8089865,5.9986905,5.01972852,0.8851323400000002
development_oof,1,OCNT-2311213,CYP2C9,4.623044613,4.1088525,5.30371925,4.495563213333333,0.12748139966666727
development_oof,1,OCNT-2311215,CYP2C9,5.497380995,5.11108125,5.753747,5.08051478,0.41686621500000065
development_oof,1,OCNT-2311215,CYP3A4,5.012589525,4.74438575,5.327307,4.736628633333334,0.27596089166666626
development_oof,1,OCNT-2311220,CYP3A4,3.745900537,3.27288125,4.08892025,4.070795446666667,-0.3248949096666669
development_oof,1,OCNT-2311225,CYP1A2,5.238585815,5.0394995,5.3953055,4.742034986666666,0.4965508283333344
development_oof,1,OCNT-2311225,CYP2D6,5.129891667,4.922673,5.31194675,4.645802686666667,0.4840889803333326
development_oof,1,OCNT-2311234,CYP2C9,5.347435468,5.15752375,5.49083225,4.848780553333333,0.498654914666667
development_oof,1,OCNT-2311256,CYP2D6,6.337925372,6.28801,6.38960375,4.893583953333334,1.4443414186666663
development_oof,1,OCNT-2311263,CYP2D6,4.41334503,4.32355675,4.52615975,4.32623506,0.0871099700000002
development_oof,1,OCNT-2311263,CYP3A4,2.061155022,1.049535,3.18912675,3.308356053333333,-1.2472010313333333
development_oof,1,OCNT-2311279,CYP1A2,4.621964258,4.41104,4.9033155,5.137579606666667,-0.5156153486666666
development_oof,1,OCNT-2311283,CYP2D6,4.5401842,4.46121125,4.64436925,5.183531986666667,-0.6433477866666673
development_oof,1,OCNT-2311303,CYP3A4,2.237064005,1.077538,3.24911225,3.714392233333333,-1.4773282283333327
development_oof,1,OCNT-2311325,CYP2C9,3.215336372,1.511242,3.97512025,4.159321826666667,-0.9439854546666671
development_oof,1,OCNT-2311379,CYP3A4,2.00208499,1.03790225,3.16869275,2.7340494866666663,-0.7319644966666661
development_oof,1,OCNT-2311391,CYP2D6,4.71568365,4.616849,4.82756775,4.498309140000001,0.21737450999999908
development_oof,1,OCNT-2311397,CYP2D6,4.48363485,4.29677675,4.71038975,4.543682899999999,-0.0600480499999998
development_oof,1,OCNT-2311405,CYP2D6,4.374424728,4.232643,4.51833,5.0030880333333325,-0.6286633053333324
development_oof,1,OCNT-2311419,CYP3A4,4.402646615,4.28365275,4.62540625,4.29300488,0.1096417350000003
development_oof,1,OCNT-2311462,CYP2C9,4.14926292,3.805757,4.560745,4.539695406666667,-0.39043248666666663
development_oof,1,OCNT-2311474,CYP3A4,4.02577647,3.786113,4.1932115,4.2394342400000005,-0.2136577700000002
development_oof,1,OCNT-2311493,CYP1A2,4.534677523,4.278383,4.98264975,4.891664386666667,-0.3569868636666671
development_oof,1,OCNT-2311588,CYP1A2,3.274629818,1.497635,3.99270875,4.232009286666666,-0.9573794686666659
development_oof,1,OCNT-2311590,CYP2D6,5.05628105,4.78455275,5.24509825,4.912839146666666,0.14344190333333362
development_oof,1,OCNT-2311623,CYP2D6,4.936492515,4.826919,5.01136575,4.982308626666667,-0.04581611166666644
development_oof,1,OCNT-2311624,CYP2D6,4.610946355,4.49217725,4.78998925,4.794581559999999,-0.18363520499999897
development_oof,1,OCNT-2311635,CYP3A4,5.785632915,5.71921875,5.85817325,4.4329397,1.3526932149999995
development_oof,1,OCNT-2311651,CYP1A2,6.545058893,6.46323375,6.62659375,5.3997026,1.1453562929999999
development_oof,1,OCNT-2311652,CYP1A2,4.87538144,4.6577965,5.10737075,4.72135012,0.15403131999999964
development_oof,1,OCNT-2311652,CYP2D6,6.388281633,6.25798725,6.51792875,5.036412413333332,1.3518692196666677
development_oof,1,OCNT-2311681,CYP2C9,4.573711272,4.1863395,5.030807,4.885802953333334,-0.3120916813333343
development_oof,1,OCNT-2311681,CYP3A4,4.866574908,4.80209925,4.94294875,4.434263666666667,0.4323112413333323
development_oof,1,OCNT-2311751,CYP1A2,4.796654733,4.585785,4.9910495,5.020455313333333,-0.22380058033333317
development_oof,1,OCNT-2311751,CYP2C9,5.166700572,5.037269,5.269834,4.7997254,0.36697517200000007
development_oof,1,OCNT-2311751,CYP2D6,4.856693532,4.6939495,5.0181715,4.769940553333333,0.08675297866666742
development_oof,1,OCNT-2311751,CYP3A4,4.934695963,4.881599,4.991893,4.415250899999999,0.5194450630000009
development_oof,1,OCNT-2311762,CYP3A4,4.15447882,3.9655605,4.2941525,4.0346107,0.11986811999999958
development_oof,1,OCNT-2311771,CYP3A4,2.299154908,1.1009595,3.60470175,3.8542675799999997,-1.5551126719999995
development_oof,1,OCNT-2311773,CYP3A4,3.756496772,3.26871825,4.08676275,3.9415455333333336,-0.18504876133333337
development_oof,1,OCNT-2311783,CYP1A2,5.76846985,5.680404,5.8510315,5.395014073333334,0.37345577666666596
development_oof,1,OCNT-2311797,CYP1A2,6.030438043,5.9390295,6.12149075,5.287761059999999,0.7426769830000008
development_oof,1,OCNT-2311797,CYP2C9,4.271329742,3.99010225,4.62588475,4.889735126666666,-0.6184053846666666
development_oof,1,OCNT-2311802,CYP2D6,5.268248465,5.1492395,5.37402225,4.904613913333333,0.36363455166666725
development_oof,1,OCNT-2311817,CYP2C9,4.874973953,4.7351085,5.01468375,4.824115106666666,0.05085884633333393
development_oof,1,OCNT-2311826,CYP3A4,2.872159712,1.2217925,3.81760225,3.791910166666667,-0.9197504546666666
development_oof,1,OCNT-2311832,CYP3A4,5.849145293,5.80213575,5.89786225,5.061815706666667,0.7873295863333336
development_oof,1,OCNT-2311886,CYP3A4,3.721936057,3.2014435,4.08410675,3.2758841,0.44605195700000033
development_oof,1,OCNT-2311902,CYP2C9,3.434061672,2.2970375,4.02326775,4.28457774,-0.8505160679999997
development_oof,1,OCNT-2311902,CYP3A4,3.813084453,3.491547,4.088732,3.8008670133333333,0.012217439666666774
development_oof,1,OCNT-2311929,CYP2D6,4.60632349,4.51890375,4.71017025,4.932897653333333,-0.32657416333333256
development_oof,1,OCNT-2311935,CYP1A2,3.07186669,1.3997635,3.89744075,5.020722733333333,-1.948856043333333
development_oof,1,OCNT-2311938,CYP3A4,2.518610175,1.0859325,3.719999,3.4062115866666667,-0.8876014116666666
development_oof,1,OCNT-2311971,CYP1A2,5.56245139,5.450119,5.66249775,5.6709626066666665,-0.10851121666666685
development_oof,1,OCNT-2311971,CYP2D6,4.784759337,4.61510925,4.99076625,4.695024226666666,0.0897351103333337
development_oof,1,OCNT-2311986,CYP2D6,4.25698696,3.999677,4.42709175,4.623198739999999,-0.36621177999999954
development_oof,1,OCNT-2311993,CYP3A4,4.578677465,4.482349,4.745652,4.731380366666667,-0.15270290166666722
development_oof,1,OCNT-2312011,CYP1A2,6.085568015,5.97612725,6.191413,5.361996133333333,0.7235718816666665
development_oof,1,OCNT-2312012,CYP2C9,3.927284073,3.50713675,4.44922125,4.608493766666667,-0.6812096936666672
development_oof,1,OCNT-2312016,CYP2D6,4.879640272,4.660144,5.08488575,4.732821293333333,0.1468189786666665
development_oof,1,OCNT-2312020,CYP2D6,5.88890636,5.795685,5.989962,4.7290315,1.1598748600000004
development_oof,1,OCNT-2312029,CYP3A4,5.223583302,5.14829975,5.31119875,4.642846666666666,0.5807366353333334
development_oof,1,OCNT-2312046,CYP2C9,4.462325437,4.23250675,4.7805785,4.636430306666666,-0.1741048696666665
development_oof,1,OCNT-2312046,CYP3A4,3.273931933,2.239956,3.89765025,4.236866106666667,-0.9629341736666666
development_oof,1,OCNT-2312048,CYP2C9,3.771137847,3.29774475,4.25235925,4.52146352,-0.7503256730000003
development_oof,1,OCNT-2312049,CYP2D6,5.294942247,5.1648895,5.42702675,4.853166213333333,0.44177603366666673
development_oof,1,OCNT-2312058,CYP1A2,5.72226015,5.6491695,5.79579025,5.305900373333333,0.4163597766666669
development_oof,1,OCNT-2312068,CYP2C9,5.512771585,5.4315175,5.59287075,4.790887979999999,0.7218836050000013
development_oof,1,OCNT-2312068,CYP2D6,4.849254652,4.7308175,4.95509075,4.94070604,-0.0914513880000003
development_oof,1,OCNT-2312098,CYP2D6,4.540271162,4.46515975,4.644892,5.155221533333333,-0.6149503713333333
development_oof,1,OCNT-2312103,CYP1A2,3.432893792,2.5330485,4.03106325,5.034906633333334,-1.6020128413333334
development_oof,1,OCNT-2312103,CYP2D6,4.435025592,4.366147,4.5462615,4.682802246666666,-0.24777665466666665
development_oof,1,OCNT-2312131,CYP1A2,5.236326228,5.02908575,5.432292,4.5910091133333335,0.6453171146666667
development_oof,1,OCNT-2312144,CYP1A2,3.01734311,1.2147505,3.92068825,4.591874453333334,-1.574531343333334
development_oof,1,OCNT-2312144,CYP2C9,4.28038426,3.9977225,4.691468,4.5787113,-0.2983270400000002
development_oof,1,OCNT-2312156,CYP1A2,6.011393107,5.92241375,6.09286575,4.87597332,1.135419787
development_oof,1,OCNT-2312156,CYP2C9,5.653026855,5.564546,5.74410275,4.9089773999999995,0.7440494550000007
development_oof,1,OCNT-2312156,CYP2D6,5.495574588,5.40187975,5.589925,5.060019193333333,0.43555539466666726
development_oof,1,OCNT-2312156,CYP3A4,5.433437555,5.3609675,5.4997435,4.64372974,0.7897078149999999
development_oof,1,OCNT-2312206,CYP2D6,5.956214795,5.840626,6.0752455,4.455771220000001,1.5004435749999994
development_oof,1,OCNT-2312209,CYP1A2,5.280704205,5.15067675,5.39027225,5.211697726666666,0.06900647833333373
development_oof,1,OCNT-2312209,CYP2D6,4.51855207,4.44947975,4.62693025,4.909589260000001,-0.3910371900000005
development_oof,1,OCNT-2312210,CYP1A2,5.59920017,5.4771485,5.70908625,5.05945958,0.5397405899999992
development_oof,1,OCNT-2312210,CYP2C9,5.467638065,5.40144875,5.53263625,4.79112936,0.6765087049999998
development_oof,1,OCNT-2312211,CYP1A2,4.52243452,4.2937795,4.85642075,5.228793913333332,-0.7063593933333321
development_oof,1,OCNT-2312233,CYP1A2,4.485371895,4.3030935,4.75509825,4.562234373333334,-0.07686247833333404
development_oof,1,OCNT-2312233,CYP2C9,3.27195598,1.27574575,4.181207,4.576436899999999,-1.3044809199999992
development_oof,1,OCNT-2312233,CYP3A4,2.955284793,1.34396825,3.81503375,4.08455972,-1.1292749269999995
development_oof,1,OCNT-2312288,CYP1A2,4.817996628,4.610838,5.04520275,5.694026166666666,-0.8760295386666659
development_oof,1,OCNT-2312288,CYP3A4,5.484399145,5.41438925,5.54856375,5.424629146666667,0.05976999833333352
development_oof,1,OCNT-2312293,CYP1A2,5.696156368,5.612589,5.7803855,5.21734698,0.4788093879999993
development_oof,1,OCNT-2312293,CYP2C9,5.334248703,5.21606575,5.440696,4.960423493333333,0.3738252096666672
development_oof,1,OCNT-2312293,CYP2D6,4.713948522,4.60872575,4.82512075,4.66136896,0.052579562000000024
development_oof,1,OCNT-2312293,CYP3A4,5.29286125,5.2424385,5.34545475,4.520210266666667,0.7726509833333326
development_oof,1,OCNT-2312322,CYP2C9,5.17491209,5.11171425,5.2385825,4.915875586666667,0.2590365033333333
development_oof,1,OCNT-2312322,CYP3A4,4.952473562,4.87757825,5.03527475,4.7710992,0.18137436199999968
development_oof,1,OCNT-2312348,CYP3A4,6.06245664,5.99695625,6.1293965,4.621182606666666,1.4412740333333334
development_oof,1,OCNT-2312358,CYP1A2,5.39763518,5.24172,5.53145125,4.852490006666667,0.5451451733333332
development_oof,1,OCNT-2312358,CYP2D6,4.528372735,4.44901525,4.6433915,4.420057519999999,0.10831521500000019
development_oof,1,OCNT-2312367,CYP3A4,3.21024772,1.450749,3.92626025,3.6163524666666667,-0.40610474666666674
development_oof,1,OCNT-2312389,CYP2D6,5.589666425,5.52712925,5.65256325,4.919855966666667,0.6698104583333331
development_oof,1,OCNT-2312410,CYP2D6,6.230587455,6.0960595,6.3644245,5.042936040000001,1.1876514149999995
development_oof,1,OCNT-2312411,CYP2D6,5.025922762,4.87593275,5.152483,4.601431666666667,0.42449109533333385
development_oof,1,OCNT-2312435,CYP3A4,6.251219898,6.14399925,6.35448125,3.4422682799999995,2.808951618000001
development_oof,1,OCNT-2312441,CYP2C9,4.047274208,3.63946225,4.50496975,4.102861953333333,-0.05558774533333288
development_oof,1,OCNT-2312441,CYP3A4,3.910460825,3.56687425,4.161757,4.00041128,-0.08995045499999987
development_oof,1,OCNT-2312460,CYP3A4,3.747001085,3.2723395,4.11885025,4.049206413333333,-0.3022053283333328
development_oof,1,OCNT-2312465,CYP2C9,6.18117439,6.05030825,6.31609225,4.666525386666667,1.514649003333333
development_oof,1,OCNT-2312465,CYP2D6,5.729430405,5.6259145,5.83856875,4.138125186666667,1.591305218333333
development_oof,1,OCNT-2312465,CYP3A4,4.662518838,4.590488,4.76350125,4.151214753333333,0.5113040846666674
development_oof,1,OCNT-2312472,CYP2D6,4.425515273,4.27757,4.59333225,4.7064648,-0.28094952699999975
development_oof,1,OCNT-2312481,CYP2C9,4.571889525,4.4071315,4.77223275,4.538391026666666,0.033498498333333515
development_oof,1,OCNT-2312485,CYP1A2,5.168842752,5.0245185,5.29288175,5.214305966666666,-0.045463214666666474
development_oof,1,OCNT-2312485,CYP2D6,4.86974198,4.73120975,5.01593375,4.496019519999999,0.37372246000000064
development_oof,1,OCNT-2312495,CYP1A2,4.5556559,4.36162825,4.82298325,5.525811653333333,-0.9701557533333336
development_oof,1,OCNT-2312495,CYP3A4,4.787617433,4.70960525,4.87321475,4.755997893333333,0.031619539666666974
development_oof,1,OCNT-2312526,CYP2D6,4.34777003,4.24120975,4.4852135,4.734884620000001,-0.38711459000000037
development_oof,1,OCNT-2312537,CYP2C9,4.525902473,4.3594965,4.742683,4.592136506666667,-0.06623403366666647
development_oof,1,OCNT-2312542,CYP3A4,4.82513654,4.740528,4.94316525,4.472358426666666,0.35277811333333364
development_oof,1,OCNT-2312545,CYP2C9,4.49338727,4.2550175,4.81658975,4.26746502,0.22592225
development_oof,1,OCNT-2312587,CYP2C9,5.33245104,4.837977,5.75733325,5.314418926666667,0.018032113333332767
development_oof,1,OCNT-2312592,CYP1A2,4.889644845,4.72966725,5.04798325,4.860261646666667,0.029383198333333027
development_oof,1,OCNT-2312592,CYP2C9,4.61190489,4.37965575,4.89761125,4.5111684400000005,0.10073644999999942
development_oof,1,OCNT-2312598,CYP3A4,4.574394202,4.48071675,4.735897,3.8519185333333334,0.7224756686666662
development_oof,1,OCNT-2312600,CYP1A2,5.561736565,5.4632625,5.65505175,5.386971793333334,0.17476477166666626
development_oof,1,OCNT-2312604,CYP1A2,5.749749935,5.658147,5.84535225,5.412318,0.3374319349999997
development_oof,1,OCNT-2312604,CYP2C9,4.935522373,4.7748625,5.0905455,5.047094159999999,-0.11157178699999903
development_oof,1,OCNT-2312604,CYP3A4,5.248214565,5.13961925,5.37687675,4.6532787,0.5949358649999992
development_oof,1,OCNT-2312612,CYP1A2,4.620563847,4.41158,4.87041825,5.5470045400000005,-0.9264406930000009
development_oof,1,OCNT-2312612,CYP2C9,4.989477733,4.8554595,5.133938,5.162875213333333,-0.1733974803333327
development_oof,1,OCNT-2312612,CYP3A4,5.053911242,4.997814,5.115962,4.9234142400000005,0.13049700199999936
development_oof,1,OCNT-2312732,CYP3A4,4.07472714,3.837699,4.32827375,4.399660233333334,-0.32493309333333364
development_oof,1,OCNT-2312738,CYP2D6,4.750360095,4.59454825,4.95005975,4.281172153333333,0.4691879416666662
development_oof,1,OCNT-2312741,CYP1A2,4.85582982,4.703504,5.021406,5.387152873333333,-0.5313230533333329
development_oof,1,OCNT-2312744,CYP2C9,5.401598977,5.30826675,5.4929635,4.742261433333333,0.6593375436666671
development_oof,1,OCNT-2312760,CYP1A2,5.507424165,5.380073,5.61983225,5.29676604,0.21065812500000014
development_oof,1,OCNT-2312805,CYP3A4,4.542753272,4.44694,4.699272,4.246294193333334,0.29645907866666565
development_oof,1,OCNT-2312836,CYP2D6,5.387947622,5.23860625,5.52432125,4.967380026666667,0.4205675953333339
development_oof,1,OCNT-2312847,CYP1A2,5.38314478,5.28171675,5.4800435,4.55682962,0.82631516
development_oof,1,OCNT-2312847,CYP2D6,4.17702443,3.82549425,4.3243205,5.264281273333333,-1.087256843333333
development_oof,1,OCNT-2312847,CYP3A4,5.275000722,5.21051775,5.345075,4.593089413333333,0.6819113086666668
development_oof,1,OCNT-2312850,CYP2D6,4.797526185,4.614587,5.0088075,4.081119793333334,0.7164063916666654
development_oof,1,OCNT-2312860,CYP2C9,3.993219433,3.49679075,4.39618025,4.058104133333334,-0.06488470033333371
development_oof,1,OCNT-2312882,CYP3A4,4.398702007,4.32307525,4.54151225,4.458530573333333,-0.059828566333333555
development_oof,1,OCNT-2312894,CYP2C9,4.71717884,4.56570875,4.89501925,4.700980986666666,0.01619785333333379
development_oof,1,OCNT-2312929,CYP3A4,2.47539676,1.09516325,3.69569125,3.5035030266666665,-1.0281062666666663
development_oof,1,OCNT-2312932,CYP1A2,7.457530822,7.36961475,7.549295,5.075509366666667,2.3820214553333328
development_oof,1,OCNT-2312932,CYP2D6,6.033006278,5.9249975,6.148268,4.7934128000000005,1.2395934779999997
development_oof,1,OCNT-2313014,CYP3A4,4.273543913,4.10129925,4.58220275,4.804016086666666,-0.5304721736666655
development_oof,1,OCNT-2313053,CYP2C9,4.364331173,4.06696,4.80210075,5.039234240000001,-0.6749030670000007
development_oof,1,OCNT-2313053,CYP2D6,5.608274595,5.506148,5.70712,5.27485186,0.3334227350000001
development_oof,1,OCNT-2313058,CYP1A2,4.857063137,4.68525975,5.03416225,4.704011266666667,0.153051870333333
development_oof,1,OCNT-2313058,CYP2D6,5.552559793,5.409767,5.690305,4.93628104,0.6162787530000005
development_oof,1,OCNT-2313058,CYP3A4,5.121493932,5.02051375,5.2211415,4.323758933333334,0.797734998666666
development_oof,1,OCNT-2313060,CYP1A2,4.808401395,4.63878675,5.0046065,5.008138400000001,-0.19973700500000113
development_oof,1,OCNT-2313062,CYP2D6,4.56037505,4.4368635,4.7733855,4.756689533333333,-0.19631448333333257
development_oof,1,OCNT-2313087,CYP3A4,3.885736442,3.545997,4.17737225,4.323989586666666,-0.43825314466666665
development_oof,1,OCNT-2313088,CYP2D6,4.694257665,4.608036,4.80950475,4.542935293333334,0.15132237166666673
development_oof,1,OCNT-2313103,CYP1A2,4.68350962,4.4684985,4.956299,3.9897456266666667,0.693763993333333
development_oof,1,OCNT-2313103,CYP2C9,4.71600943,4.434359,5.0125465,3.949447646666667,0.7665617833333327
development_oof,1,OCNT-2313103,CYP3A4,3.950815683,3.6719455,4.177864,3.5457302666666664,0.4050854163333337
development_oof,1,OCNT-2313104,CYP2C9,4.808916437,4.607087,5.030965,4.696216326666667,0.11270011033333294
development_oof,1,OCNT-2313117,CYP1A2,5.647003413,5.52135125,5.76903325,5.014904626666667,0.6320987863333336
development_oof,1,OCNT-2313117,CYP2D6,4.554106922,4.43644675,4.734483,4.439401266666666,0.1147056553333341
development_oof,1,OCNT-2313133,CYP3A4,4.363863925,4.23248975,4.541949,3.766786273333333,0.5970776516666674
development_oof,1,OCNT-2313143,CYP2D6,5.750609368,5.62414225,5.87896925,4.548996219999999,1.2016131480000007
development_oof,1,OCNT-2313145,CYP1A2,5.27268283,5.061995,5.4369135,4.773621346666667,0.49906148333333267
development_oof,1,OCNT-2313145,CYP2C9,4.683517623,4.50122075,4.8986015,4.484380866666667,0.19913675633333305
development_oof,1,OCNT-2313147,CYP1A2,4.21399346,3.9794785,4.54880925,4.072467733333333,0.14152572666666696
development_oof,1,OCNT-2313147,CYP3A4,5.13874227,5.06771675,5.21199425,3.9083877933333335,1.2303544766666663
development_oof,1,OCNT-2313157,CYP2C9,4.54587754,4.36077875,4.7774735,5.223741133333333,-0.677863593333333
development_oof,1,OCNT-2313177,CYP1A2,5.462130645,5.3287255,5.584243,5.556956953333333,-0.0948263083333325
development_oof,1,OCNT-2313177,CYP2C9,4.962655853,4.829214,5.07894375,5.30750884,-0.34485298699999944
development_oof,1,OCNT-2313177,CYP3A4,4.972708687,4.90206,5.06236,5.0995600733333335,-0.1268513863333336
development_oof,1,OCNT-2313195,CYP2D6,4.789957305,4.62651725,4.961242,5.320355846666667,-0.530398541666667
development_oof,1,OCNT-2313211,CYP2D6,4.836033357,4.64307225,5.02149425,4.509400333333334,0.32663302366666613
development_oof,1,OCNT-2313217,CYP2C9,4.541609525,4.2745395,4.876821,4.533200533333334,0.00840899166666631
development_oof,1,OCNT-2313221,CYP1A2,5.029824152,4.863267,5.170402,5.381656253333333,-0.35183210133333365
development_oof,1,OCNT-2313274,CYP2D6,4.675714062,4.5645095,4.80878075,5.297344106666666,-0.6216300446666665
development_oof,1,OCNT-2313277,CYP3A4,4.784348923,4.68697,4.9021935,4.227897553333333,0.5564513696666662
development_oof,1,OCNT-2313281,CYP3A4,4.205970705,3.936369,5.00494,3.8482890600000004,0.357681645
development_oof,1,OCNT-2313294,CYP2D6,4.951603272,4.75698925,5.15414825,4.695995086666667,0.2556081853333332
development_oof,1,OCNT-2313299,CYP3A4,2.033877163,1.03628275,3.2151265,2.9424249333333337,-0.9085477703333336
development_oof,1,OCNT-2313305,CYP2D6,4.539199395,4.4397085,4.6811925,4.545460273333333,-0.006260878333333331
development_oof,1,OCNT-2313307,CYP3A4,4.71636974,4.62340675,4.8564635,3.5442449866666665,1.1721247533333337
development_oof,1,OCNT-2313318,CYP3A4,4.60005939,4.50955725,4.74807925,4.257733673333334,0.3423257166666662
development_oof,1,OCNT-2313361,CYP1A2,5.117560838,4.9422965,5.294745,4.909853926666666,0.20770691133333408
development_oof,1,OCNT-2313361,CYP2C9,5.108237555,4.95545875,5.244029,4.697985040000001,0.41025251499999893
development_oof,1,OCNT-2313368,CYP1A2,5.305833905,5.132369,5.4548015,5.659348513333333,-0.3535146083333327
development_oof,1,OCNT-2313368,CYP2C9,5.501646812,5.41582275,5.60089575,5.32632016,0.17532665199999986
development_oof,1,OCNT-2313389,CYP2D6,4.7499652,4.613674,4.89951875,4.899813206666667,-0.14984800666666676
development_oof,1,OCNT-2313429,CYP2C9,4.75475225,4.56643825,4.96713775,4.449816966666667,0.3049352833333332
development_oof,1,OCNT-2313429,CYP3A4,6.120009353,6.06731075,6.17217175,4.046986266666667,2.0730230863333334
development_oof,1,OCNT-2313432,CYP3A4,2.16511723,1.05000825,3.53305,3.339691966666666,-1.1745747366666661
development_oof,1,OCNT-2313447,CYP3A4,2.039378205,1.038575,3.468822,3.31799132,-1.2786131149999997
development_oof,1,OCNT-2313477,CYP1A2,4.96220564,4.779067,5.12565675,3.973317899999999,0.9888877400000005
development_oof,1,OCNT-2313514,CYP3A4,2.28030019,1.0642345,3.62892825,3.49997288,-1.21967269
development_oof,1,OCNT-2313522,CYP2C9,6.408664265,6.29216875,6.5311055,4.892148353333333,1.5165159116666667
development_oof,1,OCNT-2313522,CYP2D6,4.51859299,4.39637575,4.6860435,4.6778347,-0.15924170999999987
development_oof,1,OCNT-2313532,CYP1A2,6.87456773,6.794196,6.95733775,5.26419434,1.6103733899999995
development_oof,1,OCNT-2313539,CYP2C9,5.46761329,5.28299475,5.6295565,4.836438273333334,0.6311750166666661
development_oof,1,OCNT-2313539,CYP3A4,5.659422285,5.3802145,5.8773355,4.571018313333333,1.0884039716666667
development_oof,1,OCNT-2313554,CYP3A4,3.92268027,3.56747325,4.14564575,3.9959319200000003,-0.07325165000000045
development_oof,1,OCNT-2313571,CYP1A2,4.236307218,3.9649505,4.61957175,4.1396790999999995,0.09662811800000082
development_oof,1,OCNT-2313573,CYP1A2,5.57377753,5.462107,5.6766325,4.845068886666667,0.7287086433333334
development_oof,1,OCNT-2313573,CYP2C9,5.46376313,5.3421705,5.5886655,4.6727484200000005,0.7910147099999998
development_oof,1,OCNT-2313596,CYP3A4,3.627796287,2.9181335,4.05646275,3.6586460333333335,-0.030849746333333705
development_oof,1,OCNT-2313632,CYP2C9,3.303955812,1.3507165,4.0469815,4.281903853333334,-0.9779480413333337
development_oof,1,OCNT-2313638,CYP3A4,3.623927055,2.99678625,4.0251115,3.8868809866666667,-0.2629539316666669
development_oof,1,OCNT-2313645,CYP1A2,5.202375707,5.0006185,5.354382,5.46502874,-0.2626530330000003
development_oof,1,OCNT-2313667,CYP3A4,3.721186487,3.24152475,4.05619225,3.5055578400000003,0.21562864699999995
development_oof,1,OCNT-2313672,CYP2C9,4.501823733,4.2429805,4.83700325,4.770679046666666,-0.26885531366666626
development_oof,1,OCNT-2313675,CYP3A4,3.339705603,1.9074495,3.9706,3.840144793333333,-0.5004391903333327
development_oof,1,OCNT-2313689,CYP1A2,5.99235015,5.8963595,6.08636175,5.3106658866666665,0.6816842633333335
development_oof,1,OCNT-2313698,CYP1A2,4.696802475,4.4374055,5.02768025,4.793814506666666,-0.09701203166666605
development_oof,1,OCNT-2313719,CYP3A4,3.908834795,3.60266275,4.13962125,4.119950546666667,-0.21111575166666663
development_oof,1,OCNT-2313736,CYP3A4,2.563085898,1.15864825,3.700364,3.5938385599999996,-1.0307526619999994
development_oof,1,OCNT-2313756,CYP2C9,6.249375022,5.88499125,6.63636775,4.43110804,1.818266982
development_oof,1,OCNT-2313756,CYP2D6,4.813807308,4.56920925,5.04608925,4.817463593333334,-0.0036562853333332868
development_oof,1,OCNT-2313785,CYP1A2,4.137496055,3.75581975,4.569057,4.382124766666666,-0.24462871166666655
development_oof,1,OCNT-2313799,CYP1A2,5.82772761,5.7263405,5.93594125,5.213408713333333,0.6143188966666671
development_oof,1,OCNT-2313799,CYP2D6,4.419100412,4.34065825,4.54738,4.923931186666667,-0.5048307746666669
development_oof,1,OCNT-2313804,CYP3A4,2.06857737,1.057098,3.22067075,3.8499878333333335,-1.7814104633333336
development_oof,1,OCNT-2313831,CYP1A2,4.441024328,4.10993325,4.95567225,4.835368093333333,-0.3943437653333328
development_oof,1,OCNT-2313832,CYP2C9,4.431757222,4.162659,4.790599,4.0896462399999995,0.34211098200000034
development_oof,1,OCNT-2313842,CYP3A4,2.372585658,1.07377525,3.6577985,3.450041753333333,-1.077456095333333
development_oof,1,OCNT-2313858,CYP2C9,4.33119492,4.03166775,4.738223,4.048918006666666,0.2822769133333338
development_oof,1,OCNT-2313858,CYP3A4,4.864202275,4.7498685,5.0248695,3.6485435199999996,1.2156587550000006
development_oof,1,OCNT-2313891,CYP2D6,4.597468725,4.4905295,4.74989525,4.69367612,-0.09620739500000042
development_oof,1,OCNT-2313948,CYP1A2,3.274140225,1.81569325,3.96108625,5.086716346666668,-1.8125761216666678
development_oof,1,OCNT-2313948,CYP3A4,2.75306095,1.158318,3.8346735,4.03827426,-1.2852133099999996
development_oof,1,OCNT-2313954,CYP2C9,3.96776234,3.50412675,4.3518025,4.33127184,-0.36350950000000015
development_oof,1,OCNT-2313956,CYP2C9,5.01984021,4.84452,5.170577,4.6619430600000005,0.35789714999999944
development_oof,1,OCNT-2313972,CYP3A4,3.987420957,3.7329165,4.201122,4.2235256,-0.23610464300000045
development_oof,1,OCNT-2313992,CYP3A4,3.504104825,2.654662,4.006858,3.7851918466666667,-0.28108702166666655
development_oof,1,OCNT-2314011,CYP3A4,5.088045437,5.0255165,5.1456705,4.400357919999999,0.6876875170000005
development_oof,1,OCNT-2314028,CYP1A2,5.189623607,5.00323525,5.37517175,5.021487673333334,0.16813593366666613
development_oof,1,OCNT-2314028,CYP2D6,4.641966668,4.56077075,4.74229125,4.83431598,-0.19234931200000016
development_oof,1,OCNT-2314029,CYP3A4,4.767516247,4.68723875,4.88773025,3.88871308,0.8788031669999996
development_oof,1,OCNT-2314042,CYP2C9,2.172735368,1.077678,3.56010925,4.20169536,-2.0289599920000003
development_oof,1,OCNT-2314076,CYP3A4,2.477014355,1.06999,3.67283575,4.38993176,-1.9129174049999995
development_oof,1,OCNT-2314103,CYP1A2,5.737406968,5.65318725,5.821298,5.660054100000001,0.0773528679999993
development_oof,1,OCNT-2314117,CYP3A4,2.171114993,1.07018825,3.228215,3.443603886666667,-1.272488893666667
development_oof,1,OCNT-2314136,CYP1A2,5.092065247,4.94721,5.2322085,5.154489953333334,-0.06242470633333408
development_oof,1,OCNT-2314136,CYP2D6,4.984880085,4.83397825,5.10072175,4.804808773333333,0.18007131166666746
development_oof,1,OCNT-2314148,CYP1A2,4.62330209,4.40838925,4.90190375,5.104117173333334,-0.4808150833333338
development_oof,1,OCNT-2314148,CYP3A4,5.07529613,5.0062755,5.15186275,4.951693833333334,0.12360229666666633
development_oof,1,OCNT-2314169,CYP2D6,5.124832377,4.96088975,5.28125525,4.410030746666666,0.7148016303333335
development_oof,1,OCNT-2314197,CYP1A2,5.76322843,5.68153725,5.84924275,5.639342093333333,0.12388633666666671
development_oof,1,OCNT-2314201,CYP3A4,4.610624227,4.521226,4.745594,3.484606926666667,1.126017300333333
development_oof,1,OCNT-2314207,CYP1A2,2.075823873,1.0432465,3.21058325,5.03174368,-2.955919807
development_oof,1,OCNT-2314208,CYP1A2,4.88711199,4.72917175,5.07551175,5.044252186666666,-0.15714019666666612
development_oof,1,OCNT-2314208,CYP2C9,5.568218563,5.47912825,5.6562605,4.990310973333334,0.5779075896666663
development_oof,1,OCNT-2314208,CYP3A4,5.705788037,5.6423225,5.7675655,4.783308159999999,0.9224798770000007
development_oof,1,OCNT-2314234,CYP1A2,4.939029643,4.7339535,5.169774,4.042199500000001,0.896830142999999
development_oof,1,OCNT-2314234,CYP3A4,2.399733262,1.0999345,3.63483725,3.45483946,-1.0551061980000003
development_oof,1,OCNT-2314257,CYP1A2,4.433970477,4.1978315,4.7713325,5.118638686666667,-0.6846682096666674
development_oof,1,OCNT-2314262,CYP2D6,4.465121873,4.38642575,4.592406,4.8219869200000005,-0.3568650470000003
development_oof,1,OCNT-2314267,CYP1A2,5.478312372,5.383688,5.56983225,4.657727873333333,0.8205844986666673
development_oof,1,OCNT-2314267,CYP2D6,5.242811918,5.157277,5.333134,4.51227948,0.730532438
development_oof,1,OCNT-2314269,CYP2C9,4.203007505,3.7712255,4.85598725,4.862296926666667,-0.6592894216666663
development_oof,1,OCNT-2314269,CYP3A4,4.048873108,3.844337,4.23474525,4.397275886666668,-0.34840277866666725
development_oof,1,OCNT-2314273,CYP1A2,5.572826473,5.476115,5.6680105,4.7032783333333334,0.8695481396666667
development_oof,1,OCNT-2314295,CYP2C9,4.794174375,4.5230045,5.102822,4.643407573333333,0.15076680166666723
development_oof,1,OCNT-2314295,CYP3A4,4.378331307,4.253744,4.585734,4.252152973333333,0.1261783336666671
development_oof,1,OCNT-2314296,CYP2D6,5.212197905,5.05299125,5.3427535,4.50660194,0.7055959649999997
development_oof,1,OCNT-2314300,CYP3A4,6.428566638,6.345623,6.50969025,5.219441326666667,1.2091253113333336
development_oof,1,OCNT-2314310,CYP1A2,4.770727645,4.0398855,5.48322925,5.39092168,-0.6201940349999999
development_oof,1,OCNT-2314311,CYP3A4,3.815467795,3.34795975,4.1016225,3.975174333333334,-0.15970653833333381
development_oof,1,OCNT-2314324,CYP2D6,4.37692649,4.31086975,4.47504575,4.647022486666667,-0.27009599666666695
development_oof,1,OCNT-2314329,CYP1A2,5.298937333,5.1018585,5.435942,5.415784006666667,-0.11684667366666712
development_oof,1,OCNT-2314329,CYP2D6,4.628636855,4.56546775,4.717402,4.76600318,-0.13736632500000034
development_oof,1,OCNT-2314373,CYP1A2,6.519893535,6.4262835,6.6174045,5.549274326666667,0.9706192083333329
development_oof,1,OCNT-2314381,CYP1A2,5.607921522,5.471155,5.7351245,5.410266853333333,0.19765466866666692
development_oof,1,OCNT-2314381,CYP2D6,4.513393755,4.42806925,4.62748,4.928182866666667,-0.4147891116666669
development_oof,1,OCNT-2314385,CYP3A4,3.289258232,1.9171985,3.95663625,3.8563062866666664,-0.5670480546666665
development_oof,1,OCNT-2314387,CYP2C9,5.960118485,5.84056325,6.06847775,4.5422837933333335,1.4178346916666662
development_oof,1,OCNT-2314427,CYP3A4,2.04207704,1.05663425,3.19143925,2.820985626666667,-0.7789085866666667
development_oof,1,OCNT-2314439,CYP3A4,2.02647341,1.0492575,3.19959975,2.819707833333333,-0.7932344233333333
development_oof,1,OCNT-2314478,CYP2D6,4.599470948,4.47923825,4.792556,4.444678359999999,0.1547925880000003
development_oof,1,OCNT-2314480,CYP2C9,4.628559415,4.3853505,4.8949715,4.655021993333333,-0.026462578333333653
development_oof,1,OCNT-2314480,CYP2D6,4.515234905,4.41725875,4.66222825,4.654636146666666,-0.13940124166666656
development_oof,1,OCNT-2314480,CYP3A4,3.940609063,3.6680365,4.177013,4.515940246666667,-0.575331183666667
development_oof,1,OCNT-2314511,CYP3A4,4.203086397,4.0622795,4.36753275,2.835018813333334,1.368067583666666
development_oof,1,OCNT-2314553,CYP3A4,4.897850725,4.767779,5.0920165,4.490800093333334,0.40705063166666555
development_oof,1,OCNT-2314554,CYP2C9,4.603520292,4.35856175,4.88763075,4.447831806666667,0.15568848533333313
development_oof,1,OCNT-2314559,CYP2D6,6.40053131,6.27094275,6.536243,4.937598233333333,1.4629330766666673
development_oof,1,OCNT-2314561,CYP3A4,3.998607307,3.664659,4.1884915,3.902379486666667,0.0962278203333331
development_oof,1,OCNT-2314570,CYP2C9,4.358722135,4.14198075,4.65693975,4.6471657933333335,-0.28844365833333363
development_oof,1,OCNT-2314575,CYP3A4,4.123829245,3.91725,4.277337,3.8736868066666665,0.25014243833333305
development_oof,1,OCNT-2314583,CYP3A4,3.563062267,3.00825975,4.006264,3.8416857533333335,-0.27862348633333367
development_oof,1,OCNT-2314607,CYP2D6,4.787198853,4.66551225,4.92554175,5.104853526666667,-0.31765467366666744
development_oof,1,OCNT-2314631,CYP3A4,2.080469738,1.058777,3.2142805,3.461613366666667,-1.381143628666667
development_oof,1,OCNT-2314663,CYP1A2,5.018145305,4.84848825,5.21424575,4.580192246666666,0.437953058333334
development_oof,1,OCNT-2314674,CYP1A2,5.114508545,4.92966525,5.283402,4.9415697199999995,0.17293882500000013
development_oof,1,OCNT-2314692,CYP1A2,4.02754536,3.61321575,4.456268,4.136511293333333,-0.10896593333333282
development_oof,1,OCNT-2314705,CYP1A2,5.432151835,5.28971575,5.547014,4.2829299999999995,1.1492218350000005
development_oof,1,OCNT-2314708,CYP2C9,4.520361398,4.311599,4.78758275,4.773914166666668,-0.2535527686666672
development_oof,1,OCNT-2314726,CYP3A4,1.98395145,1.05043,3.16751875,3.3614595199999995,-1.3775080699999995
development_oof,1,OCNT-2314757,CYP1A2,5.951268233,5.8665155,6.03349225,4.885578199999999,1.065690033000001
development_oof,1,OCNT-2314757,CYP2D6,4.876253692,4.7363775,5.0067185,4.775634866666667,0.1006188253333331
development_oof,1,OCNT-2314763,CYP2C9,6.634048078,6.5301475,6.7390385,4.0572306466666666,2.5768174313333336
development_oof,1,OCNT-2314763,CYP2D6,4.24919818,4.093032,4.358673,4.70501176,-0.45581358000000005
development_oof,1,OCNT-2314763,CYP3A4,4.856294702,4.7578865,4.997926,3.7178688066666665,1.138425895333333
development_oof,1,OCNT-2314777,CYP1A2,6.328517175,6.222693,6.4324855,5.39849078,0.9300263949999996
development_oof,1,OCNT-2314777,CYP2D6,4.341341117,4.24943425,4.452247,5.264973173333334,-0.923632056333334
development_oof,1,OCNT-2314800,CYP3A4,4.761407988,4.669602,4.8986815,4.571423273333333,0.1899847146666671
development_oof,1,OCNT-2314805,CYP2C9,4.507726435,4.28748725,4.77231,4.283866420000001,0.22386001499999963
development_oof,1,OCNT-2314820,CYP3A4,1.92663114,1.037042,3.1263825,4.512117046666667,-2.585485906666667
development_oof,1,OCNT-2314866,CYP2D6,4.715383212,4.526159,4.9673925,4.542742126666666,0.17264108533333378
development_oof,1,OCNT-2314903,CYP1A2,1.94001595,1.04495325,3.1215085,5.068115253333334,-3.1280993033333333
development_oof,1,OCNT-2314910,CYP3A4,3.23126642,1.83756025,3.8196615,4.075881933333333,-0.8446155133333333
development_oof,1,OCNT-2314968,CYP1A2,3.79530019,3.27873375,4.247472,4.654247979999999,-0.8589477899999993
development_oof,1,OCNT-2314968,CYP2C9,5.50988637,5.287954,5.74641625,4.6913900066666665,0.8184963633333338
development_oof,1,OCNT-2314968,CYP3A4,4.934840957,4.8390665,5.064316,4.53855592,0.3962850369999993
development_oof,1,OCNT-2314985,CYP3A4,3.4981825,2.40192875,4.02051175,3.928720513333333,-0.43053801333333297
development_oof,1,OCNT-2314988,CYP3A4,2.339968912,1.0845385,3.64155075,3.565766813333333,-1.2257979013333333
development_oof,1,OCNT-2315007,CYP2C9,5.697183942,5.519731,5.8588975,4.629749553333333,1.0674343886666664
development_oof,1,OCNT-2315007,CYP3A4,4.085128685,3.83548,4.27267325,4.256552266666667,-0.1714235816666667
development_oof,1,OCNT-2315017,CYP2D6,3.963849222,2.64691225,4.3327225,4.261094006666666,-0.2972447846666664
development_oof,1,OCNT-2315034,CYP1A2,6.252203423,6.164725,6.34218325,5.0101784333333335,1.2420249896666666
development_oof,1,OCNT-2315052,CYP1A2,5.769169795,5.63931125,5.8781885,5.443582426666667,0.32558736833333324
development_oof,1,OCNT-2315087,CYP2C9,4.363102817,4.07276925,4.7506935,4.552365406666667,-0.18926258966666687
development_oof,1,OCNT-2315092,CYP1A2,5.579016197,5.4541475,5.696706,5.031549853333333,0.5474663436666667
development_oof,1,OCNT-2315105,CYP2D6,5.420927847,5.3483995,5.49606575,4.6659886,0.7549392469999994
development_oof,1,OCNT-2315120,CYP3A4,3.276763837,2.57029525,3.858063,3.241254,0.035509836999999767
development_oof,1,OCNT-2315148,CYP1A2,7.76335634,7.666681,7.858203,5.346993153333333,2.4163631866666666
development_oof,1,OCNT-2315153,CYP1A2,2.744313135,1.11959125,3.8746855,4.215371313333334,-1.4710581783333336
development_oof,1,OCNT-2315155,CYP2C9,4.316033938,4.06708525,4.646731,4.148678080000001,0.16735585799999964
development_oof,1,OCNT-2315157,CYP2D6,6.041904175,5.967262,6.13073075,4.721287200000001,1.3206169749999992
development_oof,1,OCNT-2315166,CYP2D6,4.423325173,4.27125575,4.5947415,4.739033673333333,-0.31570850033333286
development_oof,1,OCNT-2315202,CYP3A4,4.783223722,4.720737,4.8620305,4.037938013333333,0.7452857086666667
development_oof,1,OCNT-2315215,CYP3A4,4.796851405,4.72216775,4.891321,4.52800158,0.2688498250000002
development_oof,1,OCNT-2315233,CYP3A4,4.78964746,4.71975025,4.87305075,4.566720346666667,0.22292711333333326
development_oof,1,OCNT-2315236,CYP1A2,4.907665685,4.63997125,5.19309375,3.91818782,0.9894778650000005
development_oof,1,OCNT-2315246,CYP2C9,4.00862591,3.59428825,4.4341105,4.524585126666667,-0.5159592166666664
development_oof,1,OCNT-2315271,CYP2C9,4.692787228,4.4621405,4.9363965,4.81550112,-0.12271389200000016
development_oof,1,OCNT-2315271,CYP2D6,5.630972565,5.531097,5.736594,4.896095946666668,0.7348766183333328
development_oof,1,OCNT-2315276,CYP3A4,4.647690202,4.563789,4.77678325,4.17584138,0.4718488220000001
development_oof,1,OCNT-2315280,CYP1A2,4.192617702,3.8984635,4.53182925,4.51817974,-0.32556203800000016
development_oof,1,OCNT-2315280,CYP2C9,4.40062726,4.155044,4.764932,4.47007038,-0.06944311999999986
development_oof,1,OCNT-2315280,CYP3A4,4.545108273,4.457965,4.678818,4.267079566666667,0.2780287063333331
development_oof,1,OCNT-2315285,CYP2D6,5.210147088,5.1431,5.27561225,4.500316286666667,0.7098308013333332
development_oof,1,OCNT-2315288,CYP2C9,4.28646041,4.039778,4.6437245,4.22803516,0.058425249999999984
development_oof,1,OCNT-2315293,CYP3A4,3.14349923,1.32222525,3.92850975,4.223518313333334,-1.0800190833333336
development_oof,1,OCNT-2315294,CYP2C9,5.045262232,4.846008,5.22104475,4.149891473333334,0.8953707586666662
development_oof,1,OCNT-2315294,CYP3A4,4.52305964,4.4219355,4.70223075,3.46894776,1.0541118799999998
development_oof,1,OCNT-2315327,CYP3A4,4.99004783,4.91218875,5.0737005,4.901407033333333,0.08864079666666669
development_oof,1,OCNT-2315331,CYP1A2,5.693697885,5.503627,5.88284375,5.427101680000001,0.26659620499999903
development_oof,1,OCNT-2315363,CYP1A2,3.80990544,3.3277645,4.34469875,4.6858093599999995,-0.8759039199999994
development_oof,1,OCNT-2315365,CYP2C9,4.077661932,3.6904085,4.44382425,4.037304613333333,0.040357318666666586
development_oof,1,OCNT-2315370,CYP3A4,5.43474031,5.35659825,5.521479,4.722418473333334,0.7123218366666659
development_oof,1,OCNT-2315395,CYP3A4,3.368762803,1.5420755,3.99677875,3.657808993333333,-0.289046190333333
development_oof,1,OCNT-2315401,CYP3A4,1.93753613,1.04431975,3.12397325,3.6481042933333336,-1.7105681633333336
development_oof,1,OCNT-2315408,CYP2C9,6.86453859,6.76758125,6.95771325,4.096351226666668,2.7681873633333325
development_oof,1,OCNT-2315408,CYP2D6,3.58770821,1.40193,4.25450225,4.218661573333334,-0.6309533633333335
development_oof,1,OCNT-2315433,CYP2D6,4.470653097,4.37815775,4.599793,4.95299442,-0.482341323
development_oof,1,OCNT-2315466,CYP2C9,3.868494742,3.353288,4.318573,4.396619486666667,-0.528124744666667
development_oof,1,OCNT-2315502,CYP2D6,4.561342823,4.485696,4.6739105,5.383163866666667,-0.8218210436666666
development_oof,1,OCNT-2315508,CYP3A4,2.79644159,1.17591975,3.81267125,3.6034858266666667,-0.8070442366666666
development_oof,1,OCNT-2315509,CYP3A4,2.861527915,1.25476625,3.84508075,3.396000666666667,-0.5344727516666672
development_oof,1,OCNT-2315538,CYP2C9,4.511105465,4.267159,4.83211625,4.901784926666667,-0.3906794616666671
development_oof,1,OCNT-2315538,CYP3A4,3.49402962,2.02116375,4.01372,4.7442998733333335,-1.2502702533333334
development_oof,1,OCNT-2315539,CYP2C9,4.843844922,4.56486025,5.11965925,4.54370142,0.30014350200000006
development_oof,1,OCNT-2315539,CYP2D6,5.341752797,5.24583775,5.430193,4.85062856,0.4911242370000002
development_oof,1,OCNT-2315545,CYP2C9,4.669884363,4.333576,5.04323625,3.8825507999999997,0.7873335630000007
development_oof,1,OCNT-2315548,CYP2D6,5.03008099,4.91340425,5.104891,4.211709086666667,0.8183719033333334
development_oof,1,OCNT-2315548,CYP3A4,4.65121589,4.54722125,4.82495325,4.0139725933333334,0.6372432966666661
development_oof,1,OCNT-2315556,CYP3A4,4.400874178,4.27182875,4.6063475,3.6612552533333327,0.7396189246666669
development_oof,1,OCNT-2315567,CYP3A4,4.037111138,3.79651625,4.28150175,3.875883446666667,0.16122769133333303
development_oof,1,OCNT-2315575,CYP3A4,5.772226727,5.69731475,5.84688575,4.911126879999999,0.8610998470000002
development_oof,1,OCNT-2315605,CYP1A2,5.812149652,5.6947515,5.925024,4.067695433333333,1.7444542186666672
development_oof,1,OCNT-2315605,CYP3A4,5.024742918,4.92868925,5.134043,3.4235592333333336,1.6011836846666667
development_oof,1,OCNT-2315610,CYP1A2,5.16980186,5.00750775,5.298008,4.749996986666666,0.4198048733333337
development_oof,1,OCNT-2315612,CYP2D6,2.063591292,1.0424475,3.47433575,4.40152026,-2.337928968
development_oof,1,OCNT-2315640,CYP1A2,5.14686754,5.03920325,5.23389075,5.174250406666667,-0.02738286666666756
development_oof,1,OCNT-2315653,CYP3A4,4.310096775,4.1406855,4.5275675,3.86784422,0.44225255500000005
development_oof,1,OCNT-2315679,CYP2C9,4.673295933,4.45168725,4.9291945,4.913910586666667,-0.24061465366666646
development_oof,1,OCNT-2315679,CYP3A4,5.695400875,5.607119,5.7778205,4.699266173333333,0.9961347016666666
development_oof,1,OCNT-2315700,CYP2C9,5.390214842,4.9080015,5.65592425,5.0146312066666665,0.3755836353333333
development_oof,1,OCNT-2315716,CYP1A2,5.68151948,5.54366825,5.8094105,5.104119233333333,0.5774002466666674
development_oof,1,OCNT-2315716,CYP3A4,3.633658937,3.22701975,4.03958525,4.8655531199999995,-1.2318941829999996
development_oof,1,OCNT-2315734,CYP2D6,2.040057763,1.042505,3.1938025,4.257467933333333,-2.2174101703333333
development_oof,1,OCNT-2315734,CYP3A4,3.533409043,2.78935725,4.0232205,4.56531962,-1.0319105770000006
development_oof,1,OCNT-2315738,CYP2C9,4.96286487,4.82429175,5.1121925,4.900789313333333,0.06207555666666664
development_oof,1,OCNT-2315738,CYP3A4,3.88369952,3.580485,4.12397875,4.5818260933333335,-0.6981265733333335
development_oof,1,OCNT-2315748,CYP2C9,4.686238868,4.55887675,4.8290035,4.548093346666667,0.13814552133333358
development_oof,1,OCNT-2315748,CYP3A4,2.76789295,1.1635505,3.733062,4.048926673333334,-1.281033723333334
development_oof,1,OCNT-2315749,CYP3A4,3.05670292,1.314216,3.91326125,4.073351226666667,-1.0166483066666672
development_oof,1,OCNT-2315757,CYP2D6,5.138365075,4.9995695,5.26022075,5.34520214,-0.20683706499999932
development_oof,1,OCNT-2315758,CYP2C9,5.306912353,5.1571605,5.449114,4.7456519,0.561260453
development_oof,1,OCNT-2315778,CYP2C9,5.56587871,5.44778625,5.67895825,4.775275426666667,0.7906032833333327
development_oof,1,OCNT-2315778,CYP2D6,4.64361605,4.524595,4.78529425,4.546284986666667,0.09733106333333374
development_oof,1,OCNT-2315799,CYP2D6,4.479045725,4.3672975,4.630289,5.088782453333333,-0.609736728333333
development_oof,1,OCNT-2315799,CYP3A4,4.506671895,4.3980075,4.70025625,3.8912258066666667,0.6154460883333335
development_oof,1,OCNT-2315826,CYP1A2,4.900587587,4.6864005,5.09975075,5.28157488,-0.38098729299999956
development_oof,1,OCNT-2315826,CYP3A4,4.97033459,4.88177275,5.07884125,4.4980906733333335,0.47224391666666676
development_oof,1,OCNT-2315840,CYP2D6,5.100084612,5.01360625,5.168515,4.844501559999999,0.2555830520000004
development_oof,1,OCNT-2315859,CYP1A2,5.48680374,5.378178,5.590684,4.639833086666666,0.8469706533333339
development_oof,1,OCNT-2315866,CYP2C9,5.131516197,4.983034,5.26372575,4.319336006666666,0.8121801903333337
development_oof,1,OCNT-2315877,CYP1A2,5.79552609,5.6884815,5.90068625,5.61260272,0.18292337000000014
development_oof,1,OCNT-2315891,CYP2D6,4.914337807,4.7794895,5.03756575,4.701490533333333,0.21284727366666711
development_oof,1,OCNT-2315895,CYP2D6,4.996869803,4.847329,5.09212,4.395431833333333,0.6014379696666667
development_oof,1,OCNT-2315903,CYP1A2,4.593450417,4.30812025,4.98991025,4.302764526666667,0.29068589033333225
development_oof,1,OCNT-2315930,CYP2D6,4.578452718,4.44402975,4.78401,4.678379706666667,-0.09992698866666672
development_oof,1,OCNT-2315950,CYP2C9,5.224300215,5.10089375,5.32743925,4.98075812,0.24354209500000046
development_oof,1,OCNT-2315950,CYP2D6,3.71467155,1.54938475,4.229229,4.66269956,-0.9480280100000003
development_oof,1,OCNT-2315950,CYP3A4,5.16842578,5.10851875,5.226882,4.7603526,0.4080731799999997
development_oof,1,OCNT-2315975,CYP2D6,3.918949335,2.6638745,4.22408625,4.200531093333334,-0.28158175833333354
development_oof,1,OCNT-2315990,CYP2D6,2.381666575,1.06825425,3.77602475,4.6824917133333335,-2.3008251383333334
development_oof,1,OCNT-2315994,CYP1A2,5.74547179,5.646065,5.84754475,5.464971753333334,0.2805000366666661
development_oof,1,OCNT-2315994,CYP2D6,5.803041605,5.69550975,5.911619,4.498164560000001,1.3048770449999987
development_oof,1,OCNT-2316012,CYP2D6,6.357498732,6.2613395,6.45102625,5.451927566666667,0.9055711653333329
development_oof,1,OCNT-2316079,CYP1A2,4.780055948,4.6073285,4.9636,4.396544266666667,0.38351168133333324
development_oof,1,OCNT-2316079,CYP2C9,4.795075902,4.583135,5.006044,4.209090286666667,0.5859856153333327
development_oof,1,OCNT-2316079,CYP3A4,4.222630207,4.0265995,4.392201,3.808739286666667,0.41389092033333297
development_oof,1,OCNT-2316141,CYP3A4,5.199269245,5.030439,5.34738325,4.063520053333333,1.135749191666667
development_oof,1,OCNT-2316176,CYP2D6,5.134718152,4.969567,5.24922,4.979809433333334,0.15490871866666556
development_oof,1,OCNT-2316176,CYP3A4,4.870506967,4.7810795,4.98445325,3.558591653333333,1.3119153136666668
development_oof,1,OCNT-2316180,CYP1A2,5.00016572,4.85077675,5.1842715,5.20970374,-0.2095380200000001
development_oof,1,OCNT-2316180,CYP2D6,4.737508,4.61366775,4.8813305,5.2610819866666665,-0.5235739866666664
development_oof,1,OCNT-2316186,CYP2C9,2.819178187,1.141848,3.868756,3.963299320000001,-1.144121133000001
development_oof,1,OCNT-2316194,CYP3A4,4.552659145,4.459724,4.70681175,4.007109959999999,0.5455491850000005
development_oof,1,OCNT-2316212,CYP2D6,4.88419591,4.66451975,5.10145575,4.66303138,0.22116453000000025
development_oof,1,OCNT-2316222,CYP3A4,4.271523163,4.05263025,4.69943075,4.125008233333333,0.14651492966666702
development_oof,1,OCNT-2316236,CYP2C9,3.868267795,3.39471825,4.44263775,3.9205352466666668,-0.0522674516666668
development_oof,1,OCNT-2316236,CYP3A4,2.25192644,1.0692065,3.243732,3.285147133333333,-1.033220693333333
development_oof,1,OCNT-2316256,CYP2D6,4.777623605,4.67523975,4.89432325,4.70211942,0.07550418499999978
development_oof,1,OCNT-2316256,CYP3A4,4.992441115,4.91611725,5.07856075,4.5029401600000005,0.48950095499999957
development_oof,1,OCNT-2316278,CYP2C9,4.192898545,3.90343575,4.5289965,4.680746906666666,-0.487848361666666
development_oof,1,OCNT-2316278,CYP3A4,4.24217269,4.1079,4.3935785,4.375724433333334,-0.1335517433333333
development_oof,1,OCNT-2316288,CYP2C9,3.347611093,2.1664425,3.98996725,4.474733473333334,-1.1271223803333341
development_oof,1,OCNT-2316288,CYP2D6,5.960969445,5.8538835,6.07354125,4.512113926666666,1.4488555183333336
development_oof,1,OCNT-2316311,CYP2C9,5.387715215,5.3280495,5.4572625,4.705521586666667,0.6821936283333327
development_oof,1,OCNT-2316311,CYP3A4,5.159158775,5.11230975,5.20277,4.379230766666668,0.7799280083333322
development_oof,1,OCNT-2316319,CYP1A2,4.83589907,4.597328,5.11769875,4.47657702,0.3593220500000003
development_oof,1,OCNT-2316319,CYP2C9,4.22619845,3.861911,4.69862975,4.278905746666667,-0.05270729666666707
development_oof,1,OCNT-2316320,CYP2C9,4.789169343,4.6167715,4.96761125,4.505003786666667,0.28416555633333296
development_oof,1,OCNT-2316329,CYP1A2,4.668983018,4.4357475,4.968198,4.564965713333334,0.10401730466666592
development_oof,1,OCNT-2316329,CYP3A4,4.44528248,4.3384225,4.6146645,4.29577292,0.14950956000000026
development_oof,1,OCNT-2316339,CYP3A4,4.049907037,3.81881725,4.27159325,4.141623406666667,-0.09171636966666696
development_oof,1,OCNT-2316352,CYP3A4,4.627867098,4.542458,4.76337425,4.301658633333333,0.3262084646666672
development_oof,1,OCNT-2316354,CYP2D6,4.098416347,3.21989375,4.37163625,4.630813146666666,-0.5323967996666665
development_oof,1,OCNT-2316356,CYP2D6,4.557998455,4.4323565,4.73228125,4.7507237333333325,-0.19272527833333264
development_oof,1,OCNT-2316372,CYP1A2,4.3684706,4.092716,4.77856825,4.827608966666667,-0.4591383666666671
development_oof,1,OCNT-2316400,CYP1A2,5.986175903,5.898028,6.0721305,4.647203453333334,1.3389724496666666
development_oof,1,OCNT-2316402,CYP2D6,4.455343455,4.35721525,4.578644,4.763947473333333,-0.30860401833333295
development_oof,1,OCNT-2316408,CYP1A2,4.953476455,4.74475925,5.18940875,5.24391712,-0.2904406650000002
development_oof,1,OCNT-2316408,CYP2D6,3.121213235,1.23863575,4.1427125,4.487047166666667,-1.3658339316666668
development_oof,1,OCNT-2316408,CYP3A4,4.687366985,4.59749775,4.8189845,4.747298933333333,-0.059931948333333374
development_oof,1,OCNT-2316431,CYP2C9,4.543253922,4.3055665,4.829122,4.19934138,0.343912542
development_oof,1,OCNT-2316431,CYP2D6,4.905353235,4.755885,5.05018375,4.385238039999999,0.5201151950000007
development_oof,1,OCNT-2316438,CYP3A4,4.968702988,4.8608195,5.1085525,4.158026053333334,0.8106769346666667
development_oof,1,OCNT-2316441,CYP1A2,4.611475032,4.488817,4.76614425,5.034189226666667,-0.4227141946666668
development_oof,1,OCNT-2316441,CYP2C9,5.042204528,4.94697975,5.129341,4.979729439999999,0.06247508800000112
development_oof,1,OCNT-2316444,CYP2D6,4.701276348,4.608087,4.80466025,4.9035828666666665,-0.20230651866666616
development_oof,1,OCNT-2316451,CYP3A4,2.601646085,1.15993875,3.74519625,3.6096538600000003,-1.0080077750000003
development_oof,1,OCNT-2316543,CYP1A2,6.178681818,6.08273675,6.28196975,5.450269239999999,0.7284125780000013
development_oof,1,OCNT-2316543,CYP2D6,3.53637959,1.27317625,4.221647,4.9661396,-1.4297600099999999
development_oof,1,OCNT-2316551,CYP3A4,2.038925782,1.05211475,3.37009,3.2092698266666666,-1.1703440446666664
development_oof,1,OCNT-2316589,CYP1A2,5.282838313,5.09792625,5.43611125,4.57836864,0.7044696730000002
development_oof,1,OCNT-2316589,CYP3A4,3.568440847,2.80321025,4.011484,3.843210933333333,-0.27477008633333266
development_oof,1,OCNT-2316591,CYP1A2,5.550957252,5.416853,5.67865675,4.623710260000001,0.9272469919999988
development_oof,1,OCNT-2316594,CYP2D6,4.480490055,4.28477675,4.70197675,4.4946551066666665,-0.014165051666666706
development_oof,1,OCNT-2316606,CYP1A2,5.184045455,4.9940045,5.347282,4.660152993333334,0.5238924616666658
development_oof,1,OCNT-2316636,CYP1A2,6.496477975,6.405856,6.58613425,5.668184093333333,0.8282938816666672
development_oof,1,OCNT-2316636,CYP2C9,5.368831337,5.28817975,5.4519395,5.1216127799999995,0.24721855700000006
development_oof,1,OCNT-2316636,CYP3A4,5.933411468,5.8767995,5.99501675,4.598631733333333,1.3347797346666672
development_oof,1,OCNT-2316644,CYP2D6,4.628217455,4.50731,4.7859615,4.740204913333333,-0.11198745833333312
development_oof,1,OCNT-2316669,CYP1A2,5.596873645,5.4178825,5.767717,5.478787826666667,0.11808581833333243
development_oof,1,OCNT-2316679,CYP2C9,3.654124673,2.96754325,4.206661,4.059434573333333,-0.40530990033333314
development_oof,1,OCNT-2316684,CYP3A4,2.095675728,1.058821,3.198187,3.19296728,-1.0972915520000002
development_oof,1,OCNT-2316700,CYP1A2,1.981587095,1.04615,3.17115625,4.7445280400000005,-2.7629409450000004
development_oof,1,OCNT-2316702,CYP2C9,2.941937397,1.21627525,3.9093,3.995552666666667,-1.0536152696666674
development_oof,1,OCNT-2316702,CYP3A4,2.348349242,1.08026025,3.71153325,3.7053499199999997,-1.357000678
development_oof,1,OCNT-2316703,CYP1A2,5.586410905,5.492937,5.681855,4.933483733333333,0.6529271716666676
development_oof,1,OCNT-2316720,CYP2D6,5.557577818,5.4712965,5.6502805,4.555149460000001,1.0024283579999995
development_oof,1,OCNT-2316720,CYP3A4,5.07417144,5.020189,5.1247115,4.4417505266666675,0.6324209133333323
development_oof,1,OCNT-2316754,CYP2C9,2.692314272,1.124194,3.908827,3.5689149066666666,-0.8766006346666666
development_oof,1,OCNT-2316754,CYP3A4,2.083278458,1.05257875,3.216741,3.1213522133333336,-1.0380737553333335
development_oof,1,OCNT-2316767,CYP3A4,4.897643767,4.805499,5.02396775,4.123578986666667,0.7740647803333331
development_oof,1,OCNT-2316771,CYP2C9,3.206611173,1.38581975,4.01824475,3.7741076866666665,-0.5674965136666663
development_oof,1,OCNT-2316774,CYP1A2,3.759990563,3.276673,4.2420125,4.996953966666667,-1.236963403666667
development_oof,1,OCNT-2316774,CYP3A4,2.02545452,1.044553,3.20833475,4.3916752133333326,-2.3662206933333327
development_oof,1,OCNT-2316775,CYP2C9,4.368059097,3.9813905,4.923068,3.9447658600000004,0.4232932369999993
development_oof,1,OCNT-2316787,CYP2C9,4.914745873,4.769669,5.04827225,4.73807338,0.17667249299999987
development_oof,1,OCNT-2316823,CYP2D6,4.223853327,3.96860375,4.375156,4.564136946666667,-0.34028361966666765
development_oof,1,OCNT-2316848,CYP1A2,5.276943913,5.12226225,5.41236725,5.043831686666667,0.23311222633333362
development_oof,1,OCNT-2316872,CYP1A2,5.656823848,5.55527375,5.758472,5.16834276,0.48848108800000034
development_oof,1,OCNT-2316874,CYP2C9,4.940116185,4.78636725,5.0696595,5.377425366666667,-0.43730918166666743
development_oof,1,OCNT-2316874,CYP2D6,6.668145182,6.5413575,6.800182,5.27174168,1.396403502
development_oof,1,OCNT-2316879,CYP3A4,5.014764858,4.94053925,5.09286525,3.774400946666667,1.2403639113333336
development_oof,1,OCNT-2316923,CYP2C9,3.910433075,3.45022175,4.442691,4.404313373333333,-0.49388029833333347
development_oof,1,OCNT-2316937,CYP3A4,2.107960063,1.05460875,3.2330595,3.111626326666667,-1.0036662636666667
development_oof,1,OCNT-2316951,CYP2D6,4.973568197,4.86802,5.087971,4.6059505000000005,0.36761769699999913
development_oof,1,OCNT-2316967,CYP2C9,4.609218515,4.32972725,4.95851125,4.601702073333334,0.007516441666666651
development_oof,1,OCNT-2317014,CYP2C9,5.014810697,4.8264385,5.2221655,4.592095806666667,0.4227148903333324
development_oof,1,OCNT-2317020,CYP2C9,4.788199762,4.65689825,4.9263055,4.992410260000001,-0.20421049800000102
development_oof,1,OCNT-2317023,CYP3A4,5.23919741,5.1865755,5.294813,3.6849292066666663,1.5542682033333337
development_oof,1,OCNT-2317065,CYP3A4,3.188994638,1.56264475,3.8977195,2.65927628,0.5297183580000002
development_oof,1,OCNT-2317090,CYP2D6,4.345175722,4.05395775,4.56456475,4.911825886666667,-0.5666501646666671
development_oof,1,OCNT-2317092,CYP3A4,4.767247157,4.68064525,4.89102,3.7848857799999998,0.9823613770000001
development_oof,1,OCNT-2317101,CYP3A4,3.610829595,2.89370425,4.0272055,3.654560446666667,-0.043730851666667014
development_oof,1,OCNT-2317126,CYP3A4,5.29543816,5.15132625,5.4341105,4.15898966,1.1364485000000002
development_oof,1,OCNT-2317130,CYP2D6,5.245386277,5.15073925,5.340802,4.8900823466666665,0.3553039303333332
development_oof,1,OCNT-2317134,CYP3A4,5.00127224,4.9368495,5.06843025,4.538814173333333,0.46245806666666667
development_oof,1,OCNT-2317154,CYP3A4,4.956704597,4.89035725,5.028513,4.4748886866666675,0.4818159103333324
development_oof,1,OCNT-2317177,CYP3A4,2.970991978,1.27347825,3.82435825,3.971072173333333,-1.0000801953333331
development_oof,1,OCNT-2317215,CYP2C9,4.215352828,3.909625,4.599186,4.21012642,0.005226408000000404
development_oof,1,OCNT-2317216,CYP2D6,4.44872674,4.28430075,4.6188515,4.765837413333333,-0.31711067333333354
development_oof,1,OCNT-2317221,CYP2D6,6.23984959,6.0644195,6.4130465,4.938361766666667,1.3014878233333338
development_oof,1,OCNT-2317221,CYP3A4,4.538610545,4.4449985,4.6802715,4.8481888133333335,-0.30957826833333346
development_oof,1,OCNT-2317271,CYP2D6,6.019379387,5.92340525,6.12678225,5.1311628,0.8882165869999996
development_oof,1,OCNT-2317285,CYP1A2,5.70202841,5.5717515,5.8340885,4.9114902066666675,0.7905382033333321
development_oof,1,OCNT-2317285,CYP2D6,5.594525605,5.5255105,5.671996,4.890576180000001,0.7039494249999994
development_oof,1,OCNT-2317295,CYP3A4,2.480391085,1.090348,3.6756575,3.1457860666666666,-0.6653949816666667
development_oof,1,OCNT-2317297,CYP2C9,5.153533138,4.9718855,5.33599075,4.476299173333333,0.6772339646666676
development_oof,1,OCNT-2317297,CYP2D6,4.50800909,4.3955775,4.6488405,4.946325073333334,-0.4383159833333341
development_oof,1,OCNT-2317298,CYP3A4,5.180752603,5.05194725,5.3154115,4.304111473333333,0.876641129666667
development_oof,1,OCNT-2317300,CYP1A2,4.63884534,4.46843725,4.850305,4.848307906666667,-0.20946256666666763
development_oof,1,OCNT-2317300,CYP2C9,4.885038618,4.77921375,4.98202125,4.775828673333334,0.10920994466666656
development_oof,1,OCNT-2317300,CYP2D6,4.722456262,4.59065275,4.86971275,4.709788893333334,0.012667368666665624
development_oof,1,OCNT-2317300,CYP3A4,4.915645308,4.8574475,4.97832575,4.525801586666666,0.38984372133333434
development_oof,1,OCNT-2317337,CYP3A4,4.147997518,3.9752695,4.3446845,4.3855153399999995,-0.23751782199999916
development_oof,1,OCNT-2317340,CYP1A2,2.099288893,1.05825225,3.4932585,3.8105863466666667,-1.7112974536666665
development_oof,1,OCNT-2317340,CYP3A4,2.079461535,1.05133325,3.2327915,3.4955168333333333,-1.4160552983333332
development_oof,1,OCNT-2317350,CYP1A2,5.000559035,4.8383825,5.15800325,4.914702273333333,0.08585676166666723
development_oof,1,OCNT-2317350,CYP2C9,4.365602938,4.15177625,4.66509775,4.683829960000001,-0.3182270220000003
development_oof,1,OCNT-2317361,CYP1A2,4.905113985,4.7878715,5.01834525,4.54253246,0.3625815249999995
development_oof,1,OCNT-2317361,CYP2C9,5.01264329,4.79516225,5.2163505,4.681866706666667,0.33077658333333293
development_oof,1,OCNT-2317361,CYP2D6,5.98184202,5.89464625,6.070088,5.5758134733333335,0.40602854666666666
development_oof,1,OCNT-2317361,CYP3A4,4.723480428,4.6576365,4.8009095,4.748310186666666,-0.024829758666665924
development_oof,1,OCNT-2317371,CYP2D6,4.563517455,4.4434395,4.7192235,4.843011626666668,-0.27949417166666723
development_oof,1,OCNT-2317389,CYP2C9,2.59861806,1.1252475,3.7957445,4.511482866666666,-1.9128648066666663
development_oof,1,OCNT-2317408,CYP2C9,2.504007355,1.11189875,3.718284,3.9610230066666667,-1.4570156516666666
development_oof,1,OCNT-2317414,CYP2D6,4.402160077,4.26552725,4.55261475,4.66568826,-0.263528183
development_oof,1,OCNT-2317452,CYP3A4,3.70605219,3.389209,4.015364,4.391140413333334,-0.685088223333334
development_oof,1,OCNT-2317458,CYP1A2,5.589169127,5.4541615,5.708851,5.454763160000001,0.1344059669999993
development_oof,1,OCNT-2317458,CYP2D6,4.589815827,4.4118395,4.8232305,4.768753013333333,-0.1789371863333331
development_oof,1,OCNT-2317482,CYP2C9,4.464804055,4.23241325,4.76196875,4.501976746666667,-0.037172691666667035
development_oof,1,OCNT-2317489,CYP2D6,4.119364112,2.40181925,4.472016,5.118384646666667,-0.9990205346666663
development_oof,1,OCNT-2317504,CYP1A2,2.827367675,1.127795,3.9357825,3.967668666666667,-1.1403009916666669
development_oof,1,OCNT-2317504,CYP2C9,4.525801118,4.29964675,4.8033185,4.262353606666666,0.2634475113333341
development_oof,1,OCNT-2317505,CYP1A2,5.53182385,5.432236,5.63177075,5.41241422,0.11940963000000071
development_oof,1,OCNT-2317505,CYP2D6,5.375135187,5.31237975,5.4444905,4.535245866666666,0.8398893203333335
development_oof,1,OCNT-2317570,CYP2C9,3.890240293,3.38355725,4.45675575,4.67107454,-0.780834247
development_oof,1,OCNT-2317570,CYP2D6,4.489519002,4.404643,4.613701,4.849803493333334,-0.36028449133333407
development_oof,1,OCNT-2317570,CYP3A4,4.762171262,4.620368,4.99307425,4.4977662333333335,0.2644050286666664
development_oof,1,OCNT-2317652,CYP2C9,4.840467225,4.7041995,4.966323,4.66405372,0.1764135050000002
development_oof,1,OCNT-2317682,CYP3A4,4.326032575,4.20380025,4.482712,4.668422373333334,-0.3423897983333335
development_oof,1,OCNT-2317694,CYP3A4,4.137715555,3.93000925,4.309159,3.8363056466666663,0.3014099083333335
development_oof,1,OCNT-2317705,CYP3A4,2.287121508,1.06388675,3.65323475,3.5069906466666665,-1.2198691386666667
development_oof,1,OCNT-2317724,CYP2D6,5.101080647,4.8974445,5.24936475,4.666447846666666,0.4346328003333335
development_oof,1,OCNT-2317729,CYP2D6,5.003302423,4.800589,5.22547875,4.64088056,0.3624218629999998
development_oof,1,OCNT-2317758,CYP3A4,2.25515684,1.05654725,3.60015275,3.1201172533333335,-0.8649604133333333
development_oof,1,OCNT-2317761,CYP1A2,5.91937032,5.81805,6.01809475,5.422806326666666,0.4965639933333339
development_oof,1,OCNT-2317761,CYP2C9,5.33067279,5.2068025,5.440833,5.033661220000001,0.29701156999999956
development_oof,1,OCNT-2317761,CYP2D6,4.26816038,3.991263,4.45488675,4.4277386,-0.15957821999999933
development_oof,1,OCNT-2317783,CYP1A2,5.659574443,5.54055725,5.7874255,4.67427528,0.9852991630000005
development_oof,1,OCNT-2317789,CYP1A2,5.546292627,5.35754425,5.7104235,4.5573029866666666,0.9889896403333331
development_oof,1,OCNT-2317790,CYP2D6,6.900962065,6.79785825,7.0022675,4.874767473333334,2.026194591666666
development_oof,1,OCNT-2317813,CYP1A2,4.919132803,4.7211835,5.09851925,4.912050466666667,0.007082336333333217
development_oof,1,OCNT-2317813,CYP2D6,5.059765247,4.9106785,5.18681,5.013841986666668,0.04592326033333194
development_oof,1,OCNT-2317832,CYP1A2,4.680251915,4.5005375,4.903005,5.102641613333333,-0.4223896983333324
development_oof,1,OCNT-2317832,CYP2D6,4.37778035,4.1727075,4.55751175,4.812168706666666,-0.4343883566666662
development_oof,1,OCNT-2317832,CYP3A4,5.203477128,5.1272485,5.2856675,4.98516648,0.2183106480000001
development_oof,1,OCNT-2317862,CYP3A4,3.798798075,3.07581125,4.1018005,3.988467706666667,-0.18966963166666684
development_oof,1,OCNT-2317864,CYP3A4,4.338803627,4.22765,4.5177455,4.333757013333334,0.005046613666666033
development_oof,1,OCNT-2317878,CYP3A4,3.64998434,3.03348825,4.0568835,3.9425470799999998,-0.2925627399999997
development_oof,1,OCNT-2317923,CYP2D6,4.480360058,4.3877795,4.6039255,4.485722126666667,-0.005362068666667774
development_oof,1,OCNT-2317943,CYP2C9,4.702331753,4.558549,4.86676075,4.506049113333333,0.19628263966666726
development_oof,1,OCNT-2317943,CYP3A4,5.14990793,5.069296,5.2249615,4.240590966666666,0.9093169633333344
development_oof,1,OCNT-2317970,CYP2C9,3.587227655,2.1632365,4.16554125,3.9064599533333335,-0.31923229833333355
development_oof,1,OCNT-2317970,CYP2D6,4.53366045,4.4481145,4.65963175,4.78862888,-0.2549684299999999
development_oof,1,OCNT-2317974,CYP2C9,3.95257361,3.494744,4.40227375,4.30220412,-0.3496305099999999
development_oof,1,OCNT-2317974,CYP3A4,3.647261208,3.0332445,4.03570875,3.8601222066666665,-0.2128609986666663
development_oof,1,OCNT-2317979,CYP3A4,3.015870505,1.22118475,3.8705545,4.23832776,-1.2224572549999997
development_oof,1,OCNT-2318020,CYP2D6,4.412228638,4.30955425,4.54458175,4.640885886666667,-0.22865724866666692
development_oof,1,OCNT-2318020,CYP3A4,4.888316,4.7805385,5.0329305,3.9493746,0.9389413999999996
development_oof,1,OCNT-2318022,CYP2D6,4.52967986,4.46042975,4.642107,4.536651553333334,-0.006971693333333917
development_oof,1,OCNT-2318023,CYP3A4,5.063002635,4.998484,5.12808775,4.312236286666666,0.7507663483333342
development_oof,1,OCNT-2318034,CYP3A4,2.30666154,1.07906725,3.60117425,3.0412814666666668,-0.7346199266666669
development_oof,1,OCNT-2318042,CYP2C9,4.152542152,3.7476595,4.7685305,4.030605953333334,0.12193619866666605
development_oof,1,OCNT-2318042,CYP2D6,5.214272323,5.1411945,5.29082825,5.1571950866666665,0.057077236333333836
development_oof,1,OCNT-2318042,CYP3A4,4.709805063,4.64078575,4.8187835,4.015287033333333,0.6945180296666669
development_oof,1,OCNT-2318060,CYP3A4,3.204665177,1.39708,3.93796175,3.743737886666666,-0.5390727096666663
development_oof,1,OCNT-2318061,CYP2C9,4.328460103,4.01014375,4.81094175,4.231758786666667,0.09670131633333323
development_oof,1,OCNT-2318074,CYP3A4,4.926295198,4.82132775,5.066894,4.333921626666666,0.5923735713333338
development_oof,1,OCNT-2318123,CYP2C9,4.014755577,3.632278,4.5170625,4.3868950600000005,-0.37213948300000066
development_oof,1,OCNT-2318123,CYP2D6,4.29660807,4.04742675,4.46777475,4.636064693333333,-0.3394566233333336
development_oof,1,OCNT-2318123,CYP3A4,3.818094625,3.51379825,4.15217,3.9722248000000007,-0.1541301750000006
development_oof,1,OCNT-2318133,CYP1A2,4.39448162,4.116826,4.79224925,4.49759534,-0.10311372000000052
development_oof,1,OCNT-2318133,CYP2D6,5.552233995,5.46070625,5.643778,4.696190246666666,0.8560437483333336
development_oof,1,OCNT-2318157,CYP3A4,2.642457115,1.119929,3.77102625,3.259713093333333,-0.6172559783333331
development_oof,1,OCNT-2318165,CYP1A2,4.647417068,4.404922,4.95011125,5.361264073333333,-0.7138470053333332
development_oof,1,OCNT-2318165,CYP2D6,5.170745015,5.1072795,5.24092275,4.741431673333333,0.429313341666667
development_oof,1,OCNT-2318165,CYP3A4,5.10318846,5.0680395,5.1406415,5.054772419999999,0.048416040000001104
development_oof,1,OCNT-2318174,CYP3A4,3.3679012,1.54911775,4.0152535,3.1869819133333332,0.18091928666666668
development_oof,1,OCNT-2318176,CYP3A4,4.23033225,4.05668975,4.44862375,3.7546210199999996,0.4757112300000004
development_oof,1,OCNT-2318183,CYP1A2,3.571617155,2.382439,4.07796225,4.160053226666666,-0.5884360716666661
development_oof,1,OCNT-2318185,CYP1A2,5.050444355,4.86693975,5.23307825,3.7747572333333337,1.275687121666666
development_oof,1,OCNT-2318213,CYP2D6,4.4757793,4.36305925,4.63609075,4.679175066666667,-0.2033957666666666
development_oof,1,OCNT-2318213,CYP3A4,4.862843715,4.74992525,5.021396,4.2218060133333335,0.6410377016666668
development_oof,1,OCNT-2318220,CYP2D6,2.41859686,1.08900325,3.864951,4.893769700000001,-2.475172840000001
development_oof,1,OCNT-2318241,CYP3A4,3.269365642,1.9758535,3.940549,3.510768173333333,-0.24140253133333323
development_oof,1,OCNT-2318281,CYP1A2,5.575110592,5.48991725,5.65836075,5.61885704,-0.04374644800000027
development_oof,1,OCNT-2318281,CYP2D6,5.653717428,5.4332625,5.81042025,5.065654253333333,0.5880631746666669
development_oof,1,OCNT-2318294,CYP2C9,5.693059887,5.60815925,5.782451,4.936872466666666,0.7561874203333341
development_oof,1,OCNT-2318294,CYP3A4,5.100891905,4.593259,5.333327,4.7556898,0.34520210500000026
development_oof,1,OCNT-2318299,CYP2D6,4.393742115,4.2771785,4.5589775,4.604132866666666,-0.2103907516666661
development_oof,1,OCNT-2318311,CYP3A4,4.995765805,4.90463975,5.1035625,5.0046363,-0.008870495000000034
development_oof,1,OCNT-2318347,CYP1A2,4.814454977,4.55548875,5.051727,4.807978499999999,0.006476477000000536
development_oof,1,OCNT-2318347,CYP3A4,4.401026328,4.26378175,4.6029385,4.411879093333334,-0.010852765333333458
development_oof,1,OCNT-2318388,CYP2C9,4.445425165,4.1673725,4.7926145,4.384225606666666,0.06119955833333357
development_oof,1,OCNT-2318388,CYP3A4,4.361907122,4.26369525,4.50867075,4.025443706666667,0.33646341533333324
development_oof,1,OCNT-2318390,CYP2D6,4.62512744,4.489343,4.83652175,4.65578044,-0.03065300000000004
development_oof,1,OCNT-2318392,CYP2C9,5.45155657,5.369858,5.53732075,4.618060813333334,0.8334957566666663
development_oof,1,OCNT-2318392,CYP3A4,5.170513438,5.11126625,5.23452075,4.345429333333334,0.8250841046666668
development_oof,1,OCNT-2318405,CYP1A2,4.664680495,4.4422185,4.92801725,5.3149561599999995,-0.6502756649999997
development_oof,1,OCNT-2318405,CYP2C9,5.134713935,5.03420925,5.224012,5.119240193333333,0.015473741666666818
development_oof,1,OCNT-2318405,CYP2D6,6.64007608,6.52505775,6.759223,5.165363099999999,1.4747129800000014
development_oof,1,OCNT-2318405,CYP3A4,4.962174565,4.91403825,5.01556125,5.008838346666666,-0.04666378166666618
development_oof,1,OCNT-2318448,CYP1A2,5.958262605,5.85261,6.064628,4.914233366666666,1.0440292383333336
development_oof,1,OCNT-2318451,CYP1A2,3.558287917,2.8377365,4.049187,3.353195526666666,0.2050923903333337
development_oof,1,OCNT-2318451,CYP3A4,2.2280043,1.07485025,3.24958375,2.5501544666666662,-0.3221501666666664
development_oof,1,OCNT-2318486,CYP2D6,2.121980253,1.04625925,3.5843135,4.582501626666668,-2.460521373666668
development_oof,1,OCNT-2318539,CYP2C9,3.714084918,3.0531915,4.17212225,4.0568083,-0.34272338199999997
development_oof,1,OCNT-2318540,CYP1A2,2.08595201,1.05655925,3.232583,4.79754918,-2.7115971699999997
development_oof,1,OCNT-2318557,CYP1A2,5.390144205,5.26866275,5.49220075,4.886183539999999,0.503960665000001
development_oof,1,OCNT-2318576,CYP2D6,5.172627055,5.09765525,5.24859625,4.763784686666667,0.40884236833333354
development_oof,1,OCNT-2318590,CYP1A2,5.627750905,5.5237775,5.727211,4.698371973333334,0.9293789316666663
development_oof,1,OCNT-2318603,CYP2C9,3.791073985,3.294774,4.30679675,4.049660439999999,-0.2585864549999992
development_oof,1,OCNT-2318622,CYP3A4,5.19356833,5.11466075,5.2841345,5.1944450333333325,-0.0008767033333327845
development_oof,1,OCNT-2318628,CYP1A2,3.903030512,3.45840375,4.4009945,4.582497693333333,-0.6794671813333331
development_oof,1,OCNT-2318639,CYP1A2,4.919269393,4.75614875,5.079001,4.72427404,0.19499535300000037
development_oof,1,OCNT-2318657,CYP1A2,4.864228155,4.717181,5.025103,4.8653454400000005,-0.001117285000000301
development_oof,1,OCNT-2318657,CYP3A4,4.849004965,4.72527975,5.02304075,4.608633246666667,0.24037171833333293
development_oof,1,OCNT-2318670,CYP2C9,5.835539912,5.76918875,5.90445325,4.503855446666667,1.3316844653333328
development_oof,1,OCNT-2318670,CYP3A4,4.447054045,4.330957,4.6360775,4.200418313333333,0.2466357316666672
development_oof,1,OCNT-2328317,CYP1A2,5.214993472,5.080957,5.33354125,5.377488273333333,-0.1624948013333336
development_oof,1,OCNT-2328326,CYP2C9,4.63541701,4.37905225,4.907652,5.507877639999999,-0.8724606299999991
development_oof,1,OCNT-2328331,CYP2D6,4.364339587,4.11824425,4.55419625,4.808883486666667,-0.44454389966666685
development_oof,1,OCNT-2328341,CYP2C9,3.989116638,3.56985575,4.48502525,4.22264774,-0.23353110200000016
development_oof,1,OCNT-2328360,CYP1A2,1.988384528,1.0368375,3.35622325,4.879180206666666,-2.8907956786666658
development_oof,1,OCNT-2328368,CYP2D6,5.614934733,5.52186875,5.7212315,5.449333726666667,0.16560100633333352
development_oof,1,OCNT-2328382,CYP2D6,7.10658219,7.018696,7.1931505,5.7149443600000005,1.3916378299999996
development_oof,1,OCNT-2328418,CYP2D6,4.968844087,4.77256825,5.15582,4.74973136,0.21911272699999973
development_oof,1,OCNT-2328429,CYP2D6,4.802958643,4.6410785,4.991195,5.1937522666666665,-0.39079362366666626
development_oof,1,OCNT-2328429,CYP3A4,3.897803425,3.5212005,4.1511235,5.716595073333333,-1.8187916483333328
development_oof,1,OCNT-2328450,CYP2D6,4.634141485,4.536376,4.76121225,5.025440033333334,-0.3912985483333342
development_oof,1,OCNT-2328471,CYP2C9,4.478891253,4.1295325,4.904363,5.235875233333333,-0.7569839803333336
development_oof,1,OCNT-2328472,CYP2D6,5.047745925,4.99280975,5.1028125,5.081618893333333,-0.0338729683333332
development_oof,1,OCNT-2328496,CYP1A2,3.997762027,3.52266325,4.55751375,5.417589913333333,-1.4198278863333331
development_oof,1,OCNT-2328499,CYP2D6,4.343276145,4.123981,4.49637525,3.8759715399999997,0.46730460500000026
development_oof,1,OCNT-2328552,CYP1A2,5.644207448,5.55978775,5.725689,5.4082655,0.23594194800000068
development_oof,1,OCNT-2328552,CYP2D6,7.061533755,6.96494975,7.15919425,5.150866353333333,1.9106674016666672
development_oof,1,OCNT-2328555,CYP1A2,5.289767528,5.11122025,5.4671085,3.4915343133333336,1.798233214666666
development_oof,1,OCNT-2328565,CYP1A2,4.116783042,3.7634505,4.45348075,5.58252496,-1.465741918
development_oof,1,OCNT-2328599,CYP2C9,2.78048389,1.215867,3.83805125,5.161155326666667,-2.380671436666667
development_oof,1,OCNT-2328599,CYP2D6,4.74751141,4.621569,4.89087175,4.887707806666667,-0.14019639666666617
development_oof,1,OCNT-2328599,CYP3A4,3.604846617,3.16604825,3.97490325,5.198841853333334,-1.5939952363333334
development_oof,1,OCNT-2328771,CYP2C9,4.533667937,4.338258,4.78774075,3.9971131333333334,0.5365548036666663
development_oof,1,OCNT-2328771,CYP3A4,4.697796678,4.5847495,4.897271,3.768246586666667,0.9295500913333328
development_oof,1,OCNT-2328787,CYP1A2,4.77122071,4.6791955,4.866684,5.0688896533333345,-0.2976689433333348
development_oof,1,OCNT-2328787,CYP2D6,5.881872337,5.7313305,6.0387305,5.7284004333333325,0.1534719036666674
development_oof,1,OCNT-2328791,CYP1A2,4.550166535,4.4562,4.6718135,5.274127866666666,-0.7239613316666667
development_oof,1,OCNT-2328791,CYP2D6,5.161966472,5.0880665,5.237494,5.4934673866666675,-0.33150091466666787
development_oof,1,OCNT-2328827,CYP1A2,5.103808697,4.90876575,5.28727525,4.412122206666667,0.6916864903333328
development_oof,1,OCNT-2328829,CYP2D6,4.699538255,4.62477675,4.7842345,4.516951239999999,0.18258701500000107
development_oof,1,OCNT-2328829,CYP3A4,2.392591655,1.10321475,3.68112425,3.9556279933333336,-1.5630363383333337
development_oof,1,OCNT-2328931,CYP1A2,4.867967003,4.7584735,4.97171675,5.62035518,-0.7523881769999994
development_oof,1,OCNT-2328952,CYP3A4,4.239855262,4.0871285,4.42290225,3.0183989133333333,1.2214563486666665
development_oof,1,OCNT-2328962,CYP1A2,5.378086843,5.249309,5.484814,5.256644493333334,0.12144234966666634
development_oof,1,OCNT-2328980,CYP1A2,4.342669123,4.0114695,4.8629115,2.98060602,1.362063103
development_oof,1,OCNT-2328994,CYP2C9,3.962793613,3.46661325,4.36949,5.08012992,-1.117336307
development_oof,1,OCNT-2328994,CYP2D6,4.694479227,4.49612825,4.97881425,4.861523953333332,-0.1670447263333319
development_oof,1,OCNT-2328994,CYP3A4,4.34668792,4.151428,4.8187695,5.038692813333333,-0.6920048933333334
development_oof,1,OCNT-2395288,CYP3A4,4.919013703,4.83572025,5.02006075,4.178770253333334,0.7402434496666661
development_oof,1,OCNT-2395293,CYP3A4,4.647910397,4.4676675,5.013003,3.87881638,0.7690940170000005
development_oof,1,OCNT-2395305,CYP3A4,4.832499002,4.7549455,4.936482,4.762722393333333,0.06977660866666646
development_oof,1,OCNT-2395312,CYP3A4,5.344907917,5.2797875,5.41337675,4.591461893333333,0.7534460236666662
development_oof,1,OCNT-2395332,CYP3A4,3.57392645,2.97834075,4.023247,4.836734253333333,-1.2628078033333328
development_oof,1,OCNT-2395334,CYP3A4,4.996639828,4.92881625,5.0773505,4.414180953333333,0.582458874666667
development_oof,1,OCNT-2395340,CYP3A4,5.030308093,4.928659,5.14828525,4.421259446666666,0.609048646333334
development_oof,1,OCNT-2395345,CYP3A4,4.572286692,4.478963,4.7237175,4.385765253333334,0.1865214386666656
development_oof,1,OCNT-2395351,CYP3A4,4.622410685,4.4682705,4.8772345,4.490176180000001,0.13223450499999956
development_oof,1,OCNT-2395361,CYP3A4,3.526464638,2.8628885,4.0010975,4.138081013333333,-0.611616375333333
development_oof,1,OCNT-2395370,CYP3A4,2.358005528,1.0798015,3.63672075,3.515754366666667,-1.157748838666667
development_oof,1,OCNT-2395378,CYP3A4,2.733737248,1.174825,3.84995125,3.656791213333334,-0.9230539653333336
development_oof,1,OCNT-2395383,CYP3A4,5.233174372,5.101869,5.397045,4.2076121,1.0255622719999993
development_oof,1,OCNT-2395387,CYP3A4,4.640744168,4.55619,4.77234575,4.394983826666667,0.2457603413333329
development_oof,1,OCNT-2395392,CYP3A4,4.538755025,4.4188475,4.7271595,3.6356941666666662,0.9030608583333342
development_oof,1,OCNT-2395393,CYP3A4,3.805039413,3.3790185,4.1168005,4.027476133333333,-0.22243672033333306
development_oof,1,OCNT-2395397,CYP3A4,4.588731053,4.48128925,4.78285075,4.151798879999999,0.43693217300000065
development_oof,1,OCNT-2395400,CYP3A4,3.39431766,2.6527075,3.95666175,3.897385106666667,-0.5030674466666669
development_oof,1,OCNT-2395402,CYP3A4,4.003423502,3.77275975,4.30904025,4.301922846666667,-0.2984993446666664
development_oof,1,OCNT-2395403,CYP3A4,4.747038658,4.6669985,4.8510585,4.693073373333334,0.05396528466666606
development_oof,1,OCNT-2395406,CYP3A4,4.818110925,4.7471195,4.91219525,4.803723106666666,0.01438781833333369
development_oof,1,OCNT-2395427,CYP3A4,6.57682035,6.5234075,6.631265,4.66046008,1.9163602700000002
development_oof,1,OCNT-2395433,CYP3A4,4.966451915,4.89162825,5.04429175,4.011291353333334,0.9551605616666663
development_oof,1,OCNT-2395434,CYP3A4,2.61790481,1.125749,3.77356075,3.868157813333333,-1.250253003333333
development_oof,1,OCNT-2395453,CYP3A4,5.470744555,5.4209175,5.5204235,4.638703806666667,0.8320407483333323
development_oof,1,OCNT-2395460,CYP3A4,5.29994507,5.21761,5.38606925,4.330297346666667,0.9696477233333329
development_oof,1,OCNT-2395466,CYP3A4,4.931869915,4.85636225,5.025833,3.997547733333333,0.9343221816666669
development_oof,1,OCNT-2395468,CYP3A4,4.130074675,3.8942345,4.2882475,3.721524006666667,0.40855066833333353
development_oof,1,OCNT-2395490,CYP3A4,4.185763455,3.99361375,4.36613725,4.502510986666666,-0.3167475316666657
development_oof,1,OCNT-2395493,CYP3A4,4.056752767,3.83637925,4.23487425,4.107749786666667,-0.05099701966666714
development_oof,1,OCNT-2395495,CYP3A4,4.788202948,4.71215925,4.8845025,4.3670987666666665,0.4211041813333338
development_oof,1,OCNT-2395507,CYP3A4,4.760331325,4.6667085,4.902733,4.12587032,0.6344610050000004
development_oof,1,OCNT-2395532,CYP3A4,4.938750935,4.8639765,5.02452425,4.9983275066666675,-0.05957657166666763
development_oof,1,OCNT-2395538,CYP3A4,4.12491944,3.9272965,4.38850425,4.496837126666668,-0.37191768666666736
development_oof,1,OCNT-2395563,CYP3A4,2.076511913,1.044631,3.42625875,2.7540014000000004,-0.6774894870000003
development_oof,1,OCNT-2395568,CYP3A4,4.95387548,4.89007225,5.02448475,4.20845876,0.7454167199999997
development_oof,1,OCNT-2395569,CYP3A4,2.187934527,1.06631525,3.23138075,3.409036953333333,-1.2211024263333332
development_oof,1,OCNT-2395573,CYP3A4,4.205072515,3.98370625,4.4418975,3.9427037866666668,0.2623687283333336
development_oof,1,OCNT-2395579,CYP3A4,4.746138913,4.6818335,4.83097775,4.63603698,0.11010193300000015
development_oof,1,OCNT-2395585,CYP3A4,4.609398255,4.50595875,4.78392975,4.336113006666666,0.2732852483333339
development_oof,1,OCNT-2395589,CYP3A4,4.10892818,3.91958525,4.275192,3.9615879733333337,0.1473402066666667
development_oof,1,OCNT-2395598,CYP3A4,5.48175593,5.41824925,5.54369175,5.361232333333333,0.12052359666666757
development_oof,1,OCNT-2395602,CYP3A4,5.46015369,5.4070975,5.51357125,5.3420319,0.11812179
development_oof,1,OCNT-2395603,CYP3A4,4.88203187,4.809899,4.96635375,4.70536264,0.1766692299999999
development_oof,1,OCNT-2395630,CYP3A4,4.223294652,4.01485,4.4517885,4.5036636733333335,-0.28036902133333363
development_oof,1,OCNT-2395647,CYP3A4,4.211382767,4.01629825,4.40025125,3.279929946666667,0.931452820333333
development_oof,1,OCNT-2395649,CYP3A4,4.217003818,3.98167125,4.60476925,4.2495647,-0.0325608819999994
development_oof,1,OCNT-2395665,CYP3A4,5.191766043,5.071971,5.3221015,4.646566373333333,0.5451996696666672
development_oof,1,OCNT-2395666,CYP3A4,4.210004452,4.06625625,4.38066075,4.3898635,-0.17985904799999997
development_oof,1,OCNT-2395673,CYP3A4,6.12316442,6.03599675,6.2073445,3.2377086533333332,2.885455766666667
development_oof,1,OCNT-2395675,CYP3A4,5.905133565,5.8514965,5.9579195,3.1694391933333335,2.7356943716666664
development_oof,1,OCNT-2395676,CYP3A4,3.511694225,2.61702875,4.036184,4.013180133333334,-0.5014859083333341
development_oof,1,OCNT-2395698,CYP3A4,4.709783387,4.63914725,4.806137,4.5653697866666665,0.1444136003333334
development_oof,1,OCNT-2395704,CYP3A4,5.872654955,5.76715925,5.975524,4.630007340000001,1.2426476149999992
development_oof,1,OCNT-2395709,CYP3A4,1.959712167,1.044615,3.13840225,3.9661787733333336,-2.0064666063333334
development_oof,1,OCNT-2395717,CYP3A4,5.231255505,5.187929,5.2748725,4.584021,0.6472345050000001
development_oof,1,OCNT-2395733,CYP3A4,4.478465482,4.27587475,4.71695025,4.214962219999999,0.2635032620000004
development_oof,1,OCNT-2395748,CYP3A4,4.372384388,4.2572445,4.575929,4.79931908,-0.42693469199999967
development_oof,1,OCNT-2395757,CYP3A4,4.687255527,4.6246785,4.7707915,4.926259379999999,-0.23900385299999982
development_oof,1,OCNT-2395760,CYP3A4,4.28893312,4.16393925,4.44592175,4.791079426666666,-0.502146306666666
development_oof,1,OCNT-2395761,CYP3A4,5.172487858,5.10816,5.238207,4.31654888,0.8559389780000002
development_oof,1,OCNT-2395769,CYP3A4,3.666930215,3.05307475,4.04490175,3.7720069333333335,-0.10507671833333365
development_oof,1,OCNT-2395780,CYP3A4,4.640412657,4.55138475,4.78964925,4.272713213333334,0.36769944366666607
development_oof,1,OCNT-2395786,CYP3A4,4.618491245,4.521891,4.76817625,3.9494222399999996,0.6690690050000008
development_oof,1,OCNT-2395791,CYP3A4,5.45690557,5.38223725,5.5345205,4.13531238,1.3215931899999998
development_oof,2,OCNT-0021749,CYP2D6,5.467465685,5.3548325,5.5867425,4.801878693333334,0.6655869916666655
development_oof,2,OCNT-0022066,CYP2C9,3.519692225,2.86105175,4.069613,4.454982893333333,-0.9352906683333329
development_oof,2,OCNT-0022066,CYP3A4,4.145495083,3.94739075,4.39504475,3.97815832,0.16733676300000022
development_oof,2,OCNT-0022137,CYP2D6,4.600892027,4.42353375,4.82288025,4.808116793333333,-0.20722476633333287
development_oof,2,OCNT-0022271,CYP2D6,5.429762353,5.35991675,5.503201,5.025768333333334,0.4039940196666665
development_oof,2,OCNT-0022314,CYP2C9,4.26358712,3.8922565,4.79349825,4.168469506666666,0.09511761333333446
development_oof,2,OCNT-0200796,CYP1A2,2.132871568,1.05391675,3.24998725,3.889315053333334,-1.756443485333334
development_oof,2,OCNT-0294781,CYP1A2,5.899677993,5.78074925,6.0205975,4.762552353333334,1.1371256396666665
development_oof,2,OCNT-0476550,CYP2C9,4.434790132,4.2060675,4.7398795,5.25346184,-0.8186717080000001
development_oof,2,OCNT-0476550,CYP2D6,6.336989297,6.20911625,6.465422,5.28598654,1.051002757
development_oof,2,OCNT-0476550,CYP3A4,5.01010258,4.9453445,5.083761,5.3022593533333335,-0.2921567733333337
development_oof,2,OCNT-0493346,CYP3A4,3.022274392,1.33395425,3.889911,4.18136746,-1.1590930679999998
development_oof,2,OCNT-0493792,CYP1A2,2.198138092,1.05974625,3.24699525,4.338195626666666,-2.1400575346666657
development_oof,2,OCNT-0494105,CYP1A2,5.820105097,5.719744,5.9212295,5.188137766666666,0.6319673303333335
development_oof,2,OCNT-0494105,CYP2C9,5.24864133,5.1148495,5.37193775,4.805147793333334,0.4434935366666659
development_oof,2,OCNT-0494105,CYP3A4,4.823637012,4.764477,4.89208175,4.271562273333333,0.5520747386666667
development_oof,2,OCNT-0494139,CYP2D6,4.412231055,4.18653525,4.664126,4.6615654866666665,-0.24933443166666613
development_oof,2,OCNT-0494698,CYP2C9,5.424638007,5.142857,5.66770325,4.717204373333334,0.7074336336666667
development_oof,2,OCNT-0495340,CYP2D6,4.374838627,3.948237,4.68095375,4.671704293333333,-0.2968656663333329
development_oof,2,OCNT-0497719,CYP1A2,5.412951787,5.1817775,5.58407675,5.678402826666667,-0.26545103966666694
development_oof,2,OCNT-0497719,CYP2C9,5.696329008,5.551158,5.83121325,5.533164993333332,0.16316401466666797
development_oof,2,OCNT-0497719,CYP2D6,2.393250545,1.06907525,3.878457,4.67002526,-2.276774715
development_oof,2,OCNT-0497847,CYP2C9,5.10806239,4.90955675,5.2534175,4.730261746666668,0.3778006433333321
development_oof,2,OCNT-1893994,CYP2D6,4.071877675,2.217502,4.367382,4.7573949466666665,-0.6855172716666669
development_oof,2,OCNT-1911799,CYP2D6,4.377315923,4.2384785,4.53392325,4.7590984800000005,-0.3817825570000002
development_oof,2,OCNT-1965934,CYP2D6,5.505079818,5.33671825,5.6660885,4.812160033333333,0.6929197846666666
development_oof,2,OCNT-1965960,CYP2C9,2.2828893,1.08269575,3.26408225,4.172042653333333,-1.8891533533333327
development_oof,2,OCNT-2127780,CYP2D6,4.790040613,4.7061975,4.870665,5.2939916799999995,-0.5039510669999991
development_oof,2,OCNT-2308465,CYP1A2,5.402595805,5.270519,5.52025025,5.456083213333334,-0.053487408333333875
development_oof,2,OCNT-2308470,CYP1A2,5.107489447,4.972475,5.2167005,5.452008093333332,-0.3445186463333325
development_oof,2,OCNT-2308470,CYP3A4,5.643419205,5.58539775,5.69864125,4.98836944,0.6550497650000002
development_oof,2,OCNT-2308475,CYP1A2,4.999731902,4.784698,5.233084,5.366368313333334,-0.36663641133333424
development_oof,2,OCNT-2308475,CYP3A4,5.860377495,5.8021695,5.91808025,5.35753328,0.5028442149999997
development_oof,2,OCNT-2308476,CYP1A2,4.386259468,4.13971175,4.7220675,4.284089,0.10217046800000062
development_oof,2,OCNT-2308476,CYP2C9,3.40003183,1.47560975,4.109457,4.166525066666667,-0.7664932366666668
development_oof,2,OCNT-2308510,CYP1A2,3.874486005,3.41318075,4.340715,4.570334993333333,-0.6958489883333328
development_oof,2,OCNT-2308539,CYP2C9,5.51041815,5.32589775,5.6689055,4.8161290999999995,0.6942890500000001
development_oof,2,OCNT-2308556,CYP3A4,2.4324844,1.07909975,3.72814725,3.3004467133333337,-0.8679623133333338
development_oof,2,OCNT-2308571,CYP1A2,5.564723962,5.4222075,5.69536475,5.448448813333333,0.11627514866666733
development_oof,2,OCNT-2308571,CYP2C9,4.826146405,4.66489875,5.02616225,5.125111560000001,-0.2989651550000003
development_oof,2,OCNT-2308571,CYP2D6,4.360274913,4.22812375,4.4792115,4.535605066666667,-0.1753301536666676
development_oof,2,OCNT-2308584,CYP3A4,5.52949192,5.43913625,5.63805325,4.734113813333333,0.795378106666667
development_oof,2,OCNT-2308589,CYP2D6,2.079459163,1.0637715,3.45396125,5.160551833333334,-3.0810926703333337
development_oof,2,OCNT-2308600,CYP1A2,5.030569498,4.86822,5.1897335,5.137299919999999,-0.10673042199999916
development_oof,2,OCNT-2308610,CYP2D6,5.157251315,4.97286525,5.2916435,4.7789926000000005,0.3782587149999994
development_oof,2,OCNT-2308632,CYP1A2,4.876318503,4.69238525,5.05044675,5.2601203,-0.3838017969999994
development_oof,2,OCNT-2308649,CYP1A2,5.028129372,4.81764425,5.219309,5.004361773333334,0.023767598666666778
development_oof,2,OCNT-2308649,CYP2C9,4.349199405,3.81890025,5.06770775,4.752331106666667,-0.4031317016666671
development_oof,2,OCNT-2308649,CYP3A4,5.569357062,5.4893,5.644914,4.375359493333334,1.1939975686666662
development_oof,2,OCNT-2308661,CYP2D6,4.33835974,4.111513,4.492603,4.441264219999999,-0.10290447999999941
development_oof,2,OCNT-2308680,CYP3A4,4.578000367,4.50091375,4.69817325,4.276157446666667,0.3018429203333328
development_oof,2,OCNT-2308709,CYP2C9,3.752890242,3.05315875,4.19454775,4.606484833333334,-0.853594591333334
development_oof,2,OCNT-2308752,CYP2D6,4.618252147,4.50420425,4.764644,4.97193076,-0.3536786130000005
development_oof,2,OCNT-2308763,CYP2C9,4.024529555,3.5998395,4.58168775,4.60593922,-0.5814096649999998
development_oof,2,OCNT-2308766,CYP2D6,4.82836169,4.72236675,4.929731,4.997039826666667,-0.1686781366666663
development_oof,2,OCNT-2308768,CYP1A2,5.177702333,5.008119,5.300481,4.82727252,0.35042981299999987
development_oof,2,OCNT-2308786,CYP1A2,5.544890505,5.4600935,5.6326515,5.3598698066666675,0.18502069833333223
development_oof,2,OCNT-2308794,CYP2D6,5.387554947,5.278108,5.4928,4.6452846066666655,0.7422703403333344
development_oof,2,OCNT-2308829,CYP1A2,5.310150098,5.1276615,5.465535,4.331294753333333,0.978855344666667
development_oof,2,OCNT-2308855,CYP1A2,3.000227785,1.29952025,3.928265,4.79393476,-1.793706975
development_oof,2,OCNT-2308855,CYP3A4,3.119296237,1.40588925,3.8732825,4.405921553333333,-1.2866253163333332
development_oof,2,OCNT-2308857,CYP1A2,5.046667327,4.945502,5.12796175,4.764514973333333,0.2821523536666666
development_oof,2,OCNT-2308857,CYP2C9,5.599171183,5.44464,5.734045,4.82510744,0.7740637430000001
development_oof,2,OCNT-2308857,CYP3A4,5.196504013,5.133469,5.25896875,4.43827358,0.7582304330000005
development_oof,2,OCNT-2308858,CYP2D6,4.672973843,4.533285,4.8451905,4.550255613333333,0.1227182296666669
development_oof,2,OCNT-2308881,CYP2C9,4.77177413,4.584845,4.96736525,4.713719960000001,0.05805416999999924
development_oof,2,OCNT-2308889,CYP2C9,5.370662155,5.15107925,5.5329755,5.08291288,0.28774927499999947
development_oof,2,OCNT-2308924,CYP1A2,5.339429423,5.1820535,5.4679645,5.406604119999999,-0.06717469699999867
development_oof,2,OCNT-2308924,CYP2D6,2.045151022,1.04846675,3.43545875,4.905374780000001,-2.8602237580000005
development_oof,2,OCNT-2308944,CYP2C9,4.33237451,4.022983,4.72184625,5.105099233333333,-0.772724723333333
development_oof,2,OCNT-2308945,CYP1A2,5.431624307,5.2362115,5.57511275,4.952487700000001,0.47913660699999916
development_oof,2,OCNT-2308945,CYP2C9,4.26659671,3.91494425,4.77312,4.6423771799999995,-0.3757804699999996
development_oof,2,OCNT-2308945,CYP2D6,2.70724508,1.110658,3.94215975,4.526934653333334,-1.819689573333334
development_oof,2,OCNT-2308949,CYP2C9,4.90446892,4.722135,5.06631575,4.456168713333334,0.4483002066666666
development_oof,2,OCNT-2308953,CYP3A4,3.29423693,2.3133945,3.876223,3.4602079133333334,-0.1659709833333336
development_oof,2,OCNT-2308968,CYP2D6,5.032580607,4.94109325,5.1103905,4.82130658,0.21127402699999998
development_oof,2,OCNT-2308989,CYP1A2,5.155951453,5.01312225,5.27134025,5.463382273333333,-0.3074308203333329
development_oof,2,OCNT-2308998,CYP1A2,6.262584408,6.17750775,6.34723425,5.271816526666666,0.9907678813333343
development_oof,2,OCNT-2308998,CYP2D6,3.938411765,2.16079775,4.297036,4.255292079999999,-0.31688031499999925
development_oof,2,OCNT-2309005,CYP2C9,5.16500649,4.83345,5.4213355,4.569312093333333,0.5956943966666666
development_oof,2,OCNT-2309005,CYP3A4,3.866611273,3.53505225,4.18687,4.285120053333333,-0.41850878033333316
development_oof,2,OCNT-2309012,CYP3A4,2.226776045,1.06342925,3.56411125,2.8320051133333335,-0.6052290683333337
development_oof,2,OCNT-2309025,CYP1A2,3.70103229,3.1622285,4.26212975,5.18911548,-1.4880831899999998
development_oof,2,OCNT-2309025,CYP3A4,3.914125675,3.604973,4.18003025,4.755076659999999,-0.8409509849999992
development_oof,2,OCNT-2309075,CYP3A4,4.580574243,4.44801675,4.82639475,4.410757233333333,0.16981700966666669
development_oof,2,OCNT-2309082,CYP2C9,4.55549884,4.24434375,4.97005,4.312157473333334,0.24334136666666595
development_oof,2,OCNT-2309100,CYP2C9,4.367484565,3.9609195,4.96930725,4.27833092,0.08915364499999967
development_oof,2,OCNT-2309130,CYP2C9,4.412506458,4.0546045,4.9110265,4.312794366666667,0.09971209133333314
development_oof,2,OCNT-2309164,CYP3A4,4.061077265,3.8125735,4.237946,4.051870066666667,0.009207198333332833
development_oof,2,OCNT-2309172,CYP2C9,3.902483403,3.43890225,4.4303765,4.4886750200000005,-0.5861916170000003
development_oof,2,OCNT-2309175,CYP3A4,4.622459463,4.48256825,4.9003375,4.2267520266666665,0.3957074363333337
development_oof,2,OCNT-2309187,CYP2D6,4.574240568,4.442586,4.7677915,4.445757840000001,0.12848272799999894
development_oof,2,OCNT-2309194,CYP2D6,6.527767573,6.43013275,6.6296405,4.906466446666667,1.621301126333333
development_oof,2,OCNT-2309225,CYP3A4,4.222455027,4.06806925,4.38122375,3.8152826866666665,0.40717234033333316
development_oof,2,OCNT-2309279,CYP3A4,2.182149505,1.0578915,3.56296625,3.006105553333333,-0.8239560483333332
development_oof,2,OCNT-2309296,CYP2C9,3.731912458,3.22075475,4.258842,4.4538754,-0.7219629420000002
development_oof,2,OCNT-2309319,CYP3A4,4.336416673,4.2064725,4.487891,4.5124578,-0.17604112699999952
development_oof,2,OCNT-2309328,CYP2C9,4.524396023,4.17097,5.00013475,4.409013113333334,0.11538290966666676
development_oof,2,OCNT-2309351,CYP2C9,4.663656533,4.3860785,4.982504,4.587282480000001,0.07637405299999944
development_oof,2,OCNT-2309351,CYP2D6,5.412311752,5.3262805,5.50070025,4.95977684,0.45253491199999996
development_oof,2,OCNT-2309351,CYP3A4,5.96637383,5.8998665,6.035681,4.334313413333334,1.6320604166666666
development_oof,2,OCNT-2309366,CYP3A4,4.470959247,4.3743065,4.65219675,4.102412826666667,0.36854642033333285
development_oof,2,OCNT-2309376,CYP1A2,4.346900945,4.09208775,4.69280425,5.60547234,-1.2585713950000006
development_oof,2,OCNT-2309376,CYP2C9,4.125459848,3.74786,4.52101525,5.200693073333333,-1.0752332253333332
development_oof,2,OCNT-2309393,CYP2C9,4.124070503,3.70615975,4.656998,4.1696721000000005,-0.045601597000000105
development_oof,2,OCNT-2309420,CYP3A4,2.03019643,1.0484235,3.37770525,3.7301952999999997,-1.6999988699999995
development_oof,2,OCNT-2309435,CYP2D6,4.78945537,4.61892825,4.97792625,5.1776359266666665,-0.38818055666666673
development_oof,2,OCNT-2309445,CYP2D6,4.303172358,4.0614275,4.464124,5.373592153333332,-1.0704197953333319
development_oof,2,OCNT-2309455,CYP3A4,5.086758292,5.01179925,5.1528815,4.469744786666666,0.6170135053333334
development_oof,2,OCNT-2309469,CYP2C9,4.970555535,4.794729,5.141443,5.143878713333334,-0.17332317833333377
development_oof,2,OCNT-2309469,CYP3A4,5.25815864,5.21578725,5.29940175,4.9710849800000005,0.2870736599999999
development_oof,2,OCNT-2309480,CYP1A2,3.941705128,3.49129625,4.33738575,4.949071846666667,-1.0073667186666673
development_oof,2,OCNT-2309495,CYP1A2,4.300952497,3.990637,4.78283925,5.12943458,-0.8284820829999999
development_oof,2,OCNT-2309495,CYP2C9,4.34240414,4.0489545,4.7138745,4.7895356866666665,-0.4471315466666663
development_oof,2,OCNT-2309501,CYP1A2,5.200461928,5.0287155,5.34524025,4.865171373333334,0.335290554666666
development_oof,2,OCNT-2309501,CYP2C9,4.363811735,4.01257275,4.86308125,4.593002806666666,-0.22919107166666652
development_oof,2,OCNT-2309544,CYP1A2,5.587521188,5.45089125,5.71268975,5.062180326666668,0.5253408613333326
development_oof,2,OCNT-2309544,CYP2C9,4.971353563,4.61045925,5.24224125,4.6552105,0.31614306300000017
development_oof,2,OCNT-2309544,CYP3A4,4.051491175,3.789026,4.2734735,4.253279406666667,-0.20178823166666682
development_oof,2,OCNT-2309551,CYP3A4,2.093231042,1.05174475,3.216731,3.054746,-0.961514958
development_oof,2,OCNT-2309554,CYP2D6,5.617211242,5.471167,5.755838,5.0652919333333335,0.5519193086666663
development_oof,2,OCNT-2309572,CYP3A4,5.914312052,5.82918775,6.00324325,4.3366848266666675,1.577627225333332
development_oof,2,OCNT-2309576,CYP1A2,4.411497823,4.19016925,4.741262,4.692797573333333,-0.281299750333333
development_oof,2,OCNT-2309576,CYP2C9,4.967634953,4.64950675,5.2605155,4.743186706666667,0.22444824633333305
development_oof,2,OCNT-2309576,CYP2D6,4.935606362,4.85811775,5.00698125,4.87318048,0.06242588199999943
development_oof,2,OCNT-2309600,CYP1A2,4.52852544,4.27080925,4.8842165,4.313264346666667,0.215261093333333
development_oof,2,OCNT-2309613,CYP3A4,3.624592112,3.16317,4.009229,3.9607752133333336,-0.3361831013333334
development_oof,2,OCNT-2309624,CYP3A4,2.709846152,1.12188825,3.8615685,3.4308859800000002,-0.7210398280000003
development_oof,2,OCNT-2309628,CYP3A4,3.96068925,3.674226,4.23152975,4.716872266666668,-0.7561830166666677
development_oof,2,OCNT-2309657,CYP2C9,4.212859635,3.842725,4.783978,4.93861048,-0.7257508450000003
development_oof,2,OCNT-2309686,CYP3A4,4.94025483,4.8653495,5.02447175,4.134497313333333,0.8057575166666666
development_oof,2,OCNT-2309724,CYP3A4,3.74052281,3.3256965,4.06746225,3.774183466666667,-0.033660656666667066
development_oof,2,OCNT-2309732,CYP3A4,4.253647843,4.120629,4.4126885,4.601056686666667,-0.3474088436666669
development_oof,2,OCNT-2309763,CYP3A4,5.100720335,5.019168,5.198282,4.708648266666667,0.3920720683333334
development_oof,2,OCNT-2309767,CYP2C9,4.481545455,4.16231775,4.89635025,4.789490806666667,-0.3079453516666666
development_oof,2,OCNT-2309767,CYP3A4,3.21659364,1.73099725,3.872824,4.317612479999999,-1.1010188399999992
development_oof,2,OCNT-2309776,CYP2C9,3.74740795,3.160846,4.19972825,4.7568776800000006,-1.0094697300000006
development_oof,2,OCNT-2309776,CYP2D6,7.08157569,6.91923975,7.2469745,5.324785246666666,1.7567904433333341
development_oof,2,OCNT-2309776,CYP3A4,3.67145394,3.18029475,4.03845475,4.668892133333334,-0.9974381933333341
development_oof,2,OCNT-2309787,CYP1A2,4.93336408,4.66338275,5.21988275,5.393842473333333,-0.4604783933333332
development_oof,2,OCNT-2309787,CYP2D6,5.005770848,4.86631325,5.12500825,5.02489188,-0.01912103200000015
development_oof,2,OCNT-2309794,CYP1A2,5.402288363,5.27143775,5.523443,4.996511726666666,0.40577663633333394
development_oof,2,OCNT-2309805,CYP1A2,4.939639675,4.759238,5.125282,4.94240792,-0.002768245000000391
development_oof,2,OCNT-2309806,CYP3A4,5.173216105,5.018879,5.2814505,4.733799753333334,0.43941635166666604
development_oof,2,OCNT-2309809,CYP1A2,4.815146673,4.445708,5.153794,5.44779804,-0.6326513670000002
development_oof,2,OCNT-2309809,CYP2C9,5.85000174,5.7682385,5.9336405,5.527480533333334,0.32252120666666606
development_oof,2,OCNT-2309809,CYP3A4,5.208452513,5.16626925,5.2526805,5.468804959999999,-0.26035244699999893
development_oof,2,OCNT-2309836,CYP1A2,4.912275887,4.66713625,5.192122,4.994605173333333,-0.08232928633333358
development_oof,2,OCNT-2309836,CYP2D6,4.636173695,4.496447,4.81424275,4.924163193333333,-0.2879894983333333
development_oof,2,OCNT-2309851,CYP2C9,3.111307417,1.50501425,3.89770275,4.289166013333334,-1.1778585963333343
development_oof,2,OCNT-2309879,CYP1A2,5.027380925,4.854339,5.19596525,5.076145033333334,-0.04876410833333367
development_oof,2,OCNT-2309879,CYP2C9,5.03388115,4.78938875,5.24588875,4.98257742,0.05130372999999988
development_oof,2,OCNT-2309879,CYP2D6,5.033517508,4.8257155,5.231299,4.584855573333334,0.44866193466666626
development_oof,2,OCNT-2309893,CYP2D6,4.750333077,4.64321875,4.88645275,4.59436674,0.15596633699999973
development_oof,2,OCNT-2309922,CYP2D6,5.516911278,5.4231,5.60960225,4.7023769133333335,0.8145343646666667
development_oof,2,OCNT-2309989,CYP3A4,3.860223255,3.45811775,4.13208925,3.7128639533333336,0.14735930166666655
development_oof,2,OCNT-2309990,CYP2D6,5.231734955,5.1812155,5.285392,5.110832813333333,0.1209021416666669
development_oof,2,OCNT-2309993,CYP2C9,4.240203798,3.92092,4.66149425,4.429568626666667,-0.18936482866666715
development_oof,2,OCNT-2310006,CYP2D6,4.813623608,4.69872725,4.92604375,4.52301746,0.2906061480000002
development_oof,2,OCNT-2310006,CYP3A4,5.55603187,5.48962375,5.6180355,4.860340026666667,0.695691843333333
development_oof,2,OCNT-2310008,CYP1A2,5.28092029,5.0875165,5.42224725,5.303246593333332,-0.022326303333332298
development_oof,2,OCNT-2310008,CYP2D6,2.009413738,1.04368525,3.360157,5.205362513333333,-3.195948775333333
development_oof,2,OCNT-2310010,CYP2D6,5.115861845,4.9649745,5.246867,4.614266499999999,0.501595345000001
development_oof,2,OCNT-2310010,CYP3A4,5.14452858,5.1008165,5.189582,4.52900308,0.6155255000000004
development_oof,2,OCNT-2310016,CYP3A4,2.83212149,1.22161375,3.7651735,2.805841753333333,0.026279736666666942
development_oof,2,OCNT-2310021,CYP3A4,4.262344103,4.10486275,4.4489305,4.845949513333333,-0.583605410333333
development_oof,2,OCNT-2310022,CYP1A2,5.471223128,4.9968685,5.801272,4.809811659999999,0.6614114680000007
development_oof,2,OCNT-2310028,CYP1A2,3.170949508,1.277233,3.994733,5.035670619999999,-1.8647211119999993
development_oof,2,OCNT-2310035,CYP1A2,5.83376288,5.73598375,5.93136525,5.123545186666666,0.710217693333334
development_oof,2,OCNT-2310035,CYP2D6,5.727459315,5.569402,5.87392225,4.5688994933333325,1.1585598216666675
development_oof,2,OCNT-2310041,CYP2C9,4.793663087,4.642106,4.9508205,4.787690153333334,0.005972933666665625
development_oof,2,OCNT-2310041,CYP2D6,4.71020044,4.59990975,4.83246125,4.678508073333333,0.031692366666667304
development_oof,2,OCNT-2310073,CYP2C9,4.28623547,4.018989,4.642049,4.712869353333334,-0.4266338833333334
development_oof,2,OCNT-2310089,CYP2C9,6.098826235,5.851164,6.36356775,5.415777706666666,0.6830485283333338
development_oof,2,OCNT-2310096,CYP2D6,2.176043605,1.0477755,3.61564075,4.634676233333333,-2.458632628333333
development_oof,2,OCNT-2310098,CYP1A2,5.246580845,5.10009675,5.3633005,4.684260706666667,0.5623201383333338
development_oof,2,OCNT-2310098,CYP2C9,3.926823972,3.48793925,4.3840155,4.651484713333334,-0.7246607413333335
development_oof,2,OCNT-2310098,CYP3A4,3.159824378,1.4848775,3.88021275,4.1837623399999995,-1.0239379619999993
development_oof,2,OCNT-2310119,CYP1A2,4.85225406,4.61622125,5.0039235,5.312606573333333,-0.4603525133333335
development_oof,2,OCNT-2310123,CYP2C9,5.260908997,5.1135595,5.3731485,4.83088128,0.43002771699999975
development_oof,2,OCNT-2310123,CYP2D6,4.767935308,4.61945725,4.92482175,4.7693988266666665,-0.0014635186666662747
development_oof,2,OCNT-2310123,CYP3A4,4.84846385,4.7710655,4.9346745,4.658816073333332,0.18964777666666777
development_oof,2,OCNT-2310144,CYP1A2,4.896674622,4.76415475,5.0570315,4.621400293333333,0.2752743286666668
development_oof,2,OCNT-2310149,CYP2C9,3.428663297,2.66597825,3.991861,4.4986094733333335,-1.0699461763333336
development_oof,2,OCNT-2310182,CYP1A2,4.66787877,4.531103,4.82878925,4.83409682,-0.16621805000000034
development_oof,2,OCNT-2310186,CYP1A2,5.385603342,5.27231825,5.49112175,5.068199786666667,0.31740355533333275
development_oof,2,OCNT-2310212,CYP2C9,4.018752065,3.60113975,4.46089025,5.075379413333333,-1.0566273483333326
development_oof,2,OCNT-2310212,CYP3A4,4.988303825,4.89187975,5.1170505,4.681229313333334,0.30707451166666644
development_oof,2,OCNT-2310237,CYP3A4,3.814395395,3.479478,4.0878265,3.4249634666666666,0.3894319283333334
development_oof,2,OCNT-2310242,CYP1A2,6.372552588,6.1480355,6.55327575,5.50772438,0.8648282079999996
development_oof,2,OCNT-2310256,CYP1A2,5.63280378,5.54529825,5.725372,5.42334338,0.20946039999999932
development_oof,2,OCNT-2310260,CYP1A2,5.250553917,5.1581985,5.3324535,5.050179066666667,0.20037485033333358
development_oof,2,OCNT-2310279,CYP2C9,5.00488912,4.75129125,5.2026605,4.587033093333334,0.41785602666666577
development_oof,2,OCNT-2310279,CYP3A4,4.457833147,4.3522385,4.6503915,4.348819493333333,0.1090136536666666
development_oof,2,OCNT-2310283,CYP1A2,3.434480737,2.67163475,4.01040125,4.4532066200000004,-1.0187258830000006
development_oof,2,OCNT-2310283,CYP3A4,3.033616223,1.2282195,3.9084355,3.96911566,-0.9354994369999998
development_oof,2,OCNT-2310291,CYP3A4,6.330775717,6.16230075,6.489874,5.147122599999999,1.1836531170000004
development_oof,2,OCNT-2310327,CYP1A2,4.921241793,4.747306,5.08488875,4.6577518866666665,0.2634899063333336
development_oof,2,OCNT-2310335,CYP2C9,3.889560353,3.26119475,4.26022875,4.439770206666667,-0.5502098536666673
development_oof,2,OCNT-2310359,CYP1A2,4.893008052,4.67465325,5.12567925,4.847232539999999,0.04577551200000052
development_oof,2,OCNT-2310378,CYP2D6,5.334976388,5.24806375,5.4293365,4.783080286666666,0.5518961013333339
development_oof,2,OCNT-2310412,CYP2C9,4.823999748,4.473919,5.161484,4.404066846666667,0.4199329013333335
development_oof,2,OCNT-2310418,CYP2D6,4.6058799,4.55208725,4.68122,4.676000626666666,-0.07012072666666658
development_oof,2,OCNT-2310433,CYP1A2,5.96082651,5.85425375,6.0691845,5.032918113333333,0.927908396666667
development_oof,2,OCNT-2310433,CYP2C9,5.860867745,5.684755,6.007698,4.828299193333333,1.0325685516666674
development_oof,2,OCNT-2310433,CYP2D6,6.077275615,5.95191275,6.20738675,4.613790146666667,1.4634854683333325
development_oof,2,OCNT-2310449,CYP1A2,6.25329774,6.120507,6.3843355,5.218801573333333,1.034496166666667
development_oof,2,OCNT-2310449,CYP2C9,4.599812188,3.80510175,5.36342725,4.70148452,-0.10167233200000059
development_oof,2,OCNT-2310449,CYP3A4,4.27965316,4.07033275,4.666074,4.2081372733333335,0.07151588666666608
development_oof,2,OCNT-2310469,CYP2D6,4.427315033,4.2546015,4.576186,4.499976026666666,-0.07266099366666623
development_oof,2,OCNT-2310478,CYP2D6,5.602696508,5.519416,5.6863445,5.047023646666666,0.5556728613333339
development_oof,2,OCNT-2310507,CYP1A2,3.86336045,3.404823,4.3261725,3.8470666199999997,0.016293830000000398
development_oof,2,OCNT-2310511,CYP2C9,4.439156595,4.22142,4.71777575,4.673201146666667,-0.23404455166666693
development_oof,2,OCNT-2310525,CYP2C9,3.838267275,3.2962925,4.371639,4.596041526666666,-0.7577742516666661
development_oof,2,OCNT-2310549,CYP3A4,4.600903527,4.45383875,4.89922125,3.9934496933333334,0.6074538336666664
development_oof,2,OCNT-2310598,CYP1A2,4.697340525,4.4526265,4.99437275,5.186441633333333,-0.4891011083333323
development_oof,2,OCNT-2310598,CYP2D6,4.517697545,4.39693875,4.682748,5.190666753333333,-0.672969208333333
development_oof,2,OCNT-2310599,CYP3A4,3.875375725,3.58526475,4.1508815,4.56074622,-0.6853704950000004
development_oof,2,OCNT-2310612,CYP2C9,4.50841709,4.25548475,4.8328885,4.656059653333333,-0.14764256333333314
development_oof,2,OCNT-2310612,CYP3A4,4.026235223,3.770889,4.2373925,4.2840519399999994,-0.25781671699999986
development_oof,2,OCNT-2310620,CYP3A4,3.379489842,2.52469425,3.9169245,3.2171411666666665,0.16234867533333341
development_oof,2,OCNT-2310624,CYP2D6,2.657685158,1.097308,3.955756,4.693474426666667,-2.0357892686666665
development_oof,2,OCNT-2310648,CYP2D6,4.572781035,4.47056425,4.7178945,4.613811706666667,-0.04103067166666641
development_oof,2,OCNT-2310655,CYP2D6,5.291339775,5.17728275,5.40120325,4.358984033333334,0.9323557416666661
development_oof,2,OCNT-2310658,CYP3A4,3.39420639,2.355356,3.95623175,3.85742094,-0.46321455
development_oof,2,OCNT-2310664,CYP1A2,4.98410006,4.74552975,5.1998605,5.150433846666667,-0.16633378666666676
development_oof,2,OCNT-2310686,CYP1A2,4.579245375,4.38336675,4.842146,4.616570286666667,-0.037324911666666516
development_oof,2,OCNT-2310686,CYP2C9,4.393364195,4.1421095,4.719853,4.628296533333334,-0.2349323383333335
development_oof,2,OCNT-2310707,CYP3A4,3.37408487,2.106995,3.9797605,2.6004465066666667,0.7736383633333332
development_oof,2,OCNT-2310721,CYP3A4,4.1319632,3.906459,4.34535125,3.9727754000000006,0.15918779999999977
development_oof,2,OCNT-2310758,CYP1A2,4.905596782,4.753685,5.08911225,4.684788186666667,0.22080859533333275
development_oof,2,OCNT-2310758,CYP2D6,5.811462022,5.645487,5.97520075,4.614557126666666,1.1969048953333337
development_oof,2,OCNT-2310758,CYP3A4,4.693371322,4.61350675,4.79604625,4.0857747,0.607596622
development_oof,2,OCNT-2310760,CYP2C9,5.711140555,5.472522,5.9174655,4.51591702,1.1952235350000002
development_oof,2,OCNT-2310760,CYP2D6,4.980678678,4.70805925,5.17943225,4.522304713333334,0.45837396466666647
development_oof,2,OCNT-2310770,CYP2C9,3.857084305,3.41440475,4.4373645,3.77993346,0.0771508449999998
development_oof,2,OCNT-2310776,CYP3A4,4.436124355,4.295831,4.66719925,4.129548466666666,0.3065758883333336
development_oof,2,OCNT-2310779,CYP1A2,5.745007975,5.6201565,5.861856,4.849131933333333,0.8958760416666669
development_oof,2,OCNT-2310802,CYP3A4,3.851475855,3.5005145,4.14679525,4.190108293333333,-0.33863243833333323
development_oof,2,OCNT-2310804,CYP2C9,5.298282055,5.12569,5.46233925,4.67332462,0.6249574349999998
development_oof,2,OCNT-2310804,CYP2D6,6.430726147,6.29186575,6.580531,4.74276214,1.6879640069999997
development_oof,2,OCNT-2310843,CYP2D6,4.871149478,4.717099,5.032623,4.773739046666667,0.09741043133333349
development_oof,2,OCNT-2310854,CYP3A4,4.37040202,4.23694925,4.57674975,4.0299362,0.34046582000000036
development_oof,2,OCNT-2310861,CYP2C9,4.968276033,4.746246,5.17693475,4.454590813333334,0.5136852196666668
development_oof,2,OCNT-2310893,CYP3A4,2.130210358,1.050037,3.23812975,2.9864388666666666,-0.8562285086666668
development_oof,2,OCNT-2310900,CYP1A2,4.336831935,4.11569075,4.647276,4.35463416,-0.017802224999999616
development_oof,2,OCNT-2310900,CYP2C9,4.96162237,4.73464,5.17146775,4.466661666666665,0.49496070333333453
development_oof,2,OCNT-2310916,CYP2D6,5.634777255,5.50640925,5.7682545,4.335362346666668,1.2994149083333326
development_oof,2,OCNT-2310924,CYP2C9,4.36194708,3.86652825,5.030498,4.65038404,-0.2884369599999994
development_oof,2,OCNT-2310937,CYP1A2,5.447608275,5.37239875,5.5256225,5.615939446666667,-0.1683311716666669
development_oof,2,OCNT-2310939,CYP3A4,4.137529103,3.9515845,4.322949,4.364363113333333,-0.22683401033333261
development_oof,2,OCNT-2310946,CYP3A4,4.994726167,4.92914475,5.0692875,3.8264013933333336,1.168324773666666
development_oof,2,OCNT-2310948,CYP1A2,5.216991705,4.9832135,5.3900845,4.193097140000001,1.023894564999999
development_oof,2,OCNT-2310963,CYP2C9,4.514549963,4.27054575,4.813472,4.64573462,-0.13118465699999948
development_oof,2,OCNT-2310970,CYP3A4,2.319412293,1.05833175,3.65086,3.3781974066666662,-1.0587851136666662
development_oof,2,OCNT-2310977,CYP2D6,4.43895606,4.210448,4.6877725,4.33160334,0.10735271999999974
development_oof,2,OCNT-2310979,CYP1A2,4.711638955,4.524571,4.929595,5.4488322,-0.7371932450000003
development_oof,2,OCNT-2310979,CYP2C9,5.930360155,5.8122535,6.05240675,4.962150393333333,0.9682097616666665
development_oof,2,OCNT-2310979,CYP2D6,1.956848488,1.048015,3.29992,4.5959498000000005,-2.639101312
development_oof,2,OCNT-2310979,CYP3A4,5.824724083,5.76736875,5.8805925,4.774395333333333,1.0503287496666678
development_oof,2,OCNT-2310993,CYP1A2,3.816379915,3.21409225,4.20772225,4.87911696,-1.062737045
development_oof,2,OCNT-2310993,CYP2C9,4.68474084,4.44892125,4.94535575,4.490346926666666,0.1943939133333341
development_oof,2,OCNT-2311016,CYP3A4,4.572986923,4.49483725,4.700715,4.54549876,0.02748816300000012
development_oof,2,OCNT-2311018,CYP3A4,2.030110115,1.04351375,3.202203,3.456371626666667,-1.426261511666667
development_oof,2,OCNT-2311021,CYP1A2,5.67066984,5.561121,5.7835725,4.831145106666667,0.8395247333333336
development_oof,2,OCNT-2311050,CYP3A4,3.165842103,1.6628925,3.87978975,3.825585526666667,-0.6597434236666668
development_oof,2,OCNT-2311053,CYP2C9,4.718979825,4.497154,4.96585775,4.298993786666666,0.4199860383333336
development_oof,2,OCNT-2311059,CYP2D6,4.482889495,4.365661,4.6293845,4.54344404,-0.06055454499999957
development_oof,2,OCNT-2311071,CYP1A2,2.120016,1.0596825,3.21901475,4.476454893333333,-2.356438893333333
development_oof,2,OCNT-2311091,CYP1A2,5.19945139,5.016559,5.36173025,5.626183446666667,-0.42673205666666725
development_oof,2,OCNT-2311091,CYP2C9,4.985392362,4.7263095,5.226693,5.375273266666667,-0.3898809046666676
development_oof,2,OCNT-2311091,CYP2D6,4.48614729,4.38824975,4.619183,4.715043853333333,-0.22889656333333352
development_oof,2,OCNT-2311094,CYP1A2,4.89111082,4.72031525,5.062163,5.204758880000001,-0.3136480600000011
development_oof,2,OCNT-2311094,CYP2D6,5.045499138,4.94532475,5.11930475,5.077433126666667,-0.0319339886666663
development_oof,2,OCNT-2311094,CYP3A4,5.159339423,5.08363975,5.236431,4.8061457,0.3531937229999995
development_oof,2,OCNT-2311100,CYP2C9,4.883986017,4.598214,5.17613925,4.807830093333333,0.07615592366666668
development_oof,2,OCNT-2311107,CYP3A4,4.053108553,3.7919245,4.28334225,4.54121568,-0.48810712699999925
development_oof,2,OCNT-2311111,CYP1A2,4.937395183,4.71643275,5.109686,5.4329097,-0.49551451700000015
development_oof,2,OCNT-2311111,CYP2D6,4.223151438,3.95887725,4.39349125,5.288673846666667,-1.0655224086666664
development_oof,2,OCNT-2311113,CYP2D6,4.53185207,4.41976525,4.6769185,4.707212786666666,-0.17536071666666597
development_oof,2,OCNT-2311128,CYP3A4,3.580244055,3.08832725,3.98008875,3.7930131000000005,-0.21276904500000038
development_oof,2,OCNT-2311136,CYP1A2,5.130911812,4.98250575,5.2561575,4.8982508933333335,0.23266091866666638
development_oof,2,OCNT-2311136,CYP2C9,5.07718481,4.888645,5.21304125,4.81067512,0.26650969000000035
development_oof,2,OCNT-2311150,CYP2C9,3.829958508,3.3250475,4.24368275,4.39195024,-0.5619917320000001
development_oof,2,OCNT-2311150,CYP3A4,3.98819806,3.67728075,4.20013275,3.871126846666667,0.11707121333333337
development_oof,2,OCNT-2311164,CYP3A4,2.523636012,1.10406375,3.74202225,3.586722446666667,-1.0630864346666673
development_oof,2,OCNT-2311179,CYP1A2,6.361276157,6.27359475,6.44889125,5.278111993333333,1.083164163666667
development_oof,2,OCNT-2311185,CYP3A4,3.71226643,3.31861275,4.0634305,4.428563266666667,-0.7162968366666669
development_oof,2,OCNT-2311206,CYP1A2,4.552173525,4.31921025,4.885216,4.570842393333334,-0.018668868333334032
development_oof,2,OCNT-2311206,CYP2C9,4.463557833,4.1827215,4.82484575,4.629669986666666,-0.1661121536666661
development_oof,2,OCNT-2311206,CYP2D6,4.139846377,3.74852475,4.32762175,4.819148993333333,-0.6793026163333336
development_oof,2,OCNT-2311212,CYP1A2,5.108823635,4.967796,5.24202775,4.635064813333334,0.4737588216666664
development_oof,2,OCNT-2311212,CYP2D6,4.921869408,4.71898925,5.11185825,4.6994284,0.22244100799999966
development_oof,2,OCNT-2311219,CYP1A2,5.22138842,5.05958,5.351391,5.150553046666667,0.0708353733333329
development_oof,2,OCNT-2311222,CYP1A2,4.748646968,4.550009,4.97377725,5.073521613333333,-0.3248746453333329
development_oof,2,OCNT-2311250,CYP1A2,5.118834093,4.933338,5.30186075,4.850959619999999,0.2678744730000009
development_oof,2,OCNT-2311250,CYP2C9,4.637214522,4.41239175,4.913046,4.590071546666666,0.047142975333334114
development_oof,2,OCNT-2311250,CYP3A4,4.370416048,4.28300875,4.52368575,3.885287026666666,0.4851290213333339
development_oof,2,OCNT-2311255,CYP2C9,4.35343557,3.99849075,4.833244,4.830374193333333,-0.47693862333333303
development_oof,2,OCNT-2311255,CYP3A4,4.963333955,4.8941495,5.047296,4.58470868,0.3786252750000001
development_oof,2,OCNT-2311259,CYP3A4,2.81226268,1.191749,3.77106275,3.4499947000000004,-0.6377320200000005
development_oof,2,OCNT-2311282,CYP2C9,4.724873365,4.5088,4.9583275,4.694213933333334,0.03065943166666596
development_oof,2,OCNT-2311299,CYP2C9,3.684426708,2.97327675,4.202402,3.93606116,-0.2516344519999998
development_oof,2,OCNT-2311317,CYP2D6,4.358981167,4.27994275,4.45710725,4.9438326,-0.5848514330000008
development_oof,2,OCNT-2311328,CYP2D6,4.20435625,3.97599125,4.326568,4.578077806666667,-0.3737215566666672
development_oof,2,OCNT-2311328,CYP3A4,4.91464548,4.837628,5.00923175,4.906706246666667,0.007939233333332574
development_oof,2,OCNT-2311357,CYP1A2,5.833084357,5.7327775,5.93208225,5.127464706666666,0.7056196503333334
development_oof,2,OCNT-2311357,CYP2D6,4.348523065,4.2308105,4.46834525,4.55537938,-0.20685631499999957
development_oof,2,OCNT-2311381,CYP3A4,3.731261645,3.16671075,4.06237475,3.1748042400000003,0.5564574049999997
development_oof,2,OCNT-2311392,CYP3A4,5.003049945,4.8959175,5.12936025,3.3697843733333337,1.6332655716666662
development_oof,2,OCNT-2311399,CYP1A2,5.458028618,5.32738875,5.56715075,5.613878633333334,-0.15585001533333376
development_oof,2,OCNT-2311427,CYP1A2,5.085894413,4.88565475,5.26485,5.2968075866666675,-0.2109131736666674
development_oof,2,OCNT-2311440,CYP2D6,5.071021307,4.9367585,5.20741,4.625930893333334,0.4450904136666658
development_oof,2,OCNT-2311487,CYP1A2,5.910242587,5.82055425,5.9996955,5.395317153333333,0.5149254336666669
development_oof,2,OCNT-2311488,CYP3A4,2.17315635,1.0534185,3.51628975,3.327816393333334,-1.1546600433333336
development_oof,2,OCNT-2311490,CYP3A4,2.4064333,1.08223575,3.68584425,3.528330173333333,-1.1218968733333328
development_oof,2,OCNT-2311498,CYP3A4,3.367505035,2.68261975,3.92086875,4.430017973333333,-1.0625129383333332
development_oof,2,OCNT-2311502,CYP3A4,2.21678377,1.0763375,3.24292425,3.031585833333333,-0.814802063333333
development_oof,2,OCNT-2311507,CYP3A4,2.052655422,1.049147,3.3480205,3.0393893599999995,-0.9867339379999995
development_oof,2,OCNT-2311508,CYP1A2,6.246614277,6.14388175,6.34482075,4.126182153333334,2.1204321236666663
development_oof,2,OCNT-2311515,CYP2D6,4.844977808,4.72905925,4.9436865,4.791418333333333,0.05355947466666766
development_oof,2,OCNT-2311533,CYP3A4,2.588934455,1.102012,3.79846,3.435846393333333,-0.8469119383333332
development_oof,2,OCNT-2311562,CYP1A2,2.858646907,1.25927075,3.8722255,4.052522026666667,-1.193875119666667
development_oof,2,OCNT-2311569,CYP3A4,3.121036838,1.55926425,3.8527625,4.0919868133333335,-0.9709499753333333
development_oof,2,OCNT-2311600,CYP2D6,5.56791799,5.45377,5.67989025,4.381266506666668,1.186651483333332
development_oof,2,OCNT-2311600,CYP3A4,4.434909635,4.2908975,4.690232,3.6253932200000003,0.809516415
development_oof,2,OCNT-2311610,CYP1A2,3.186430333,1.65568725,3.9557775,4.61882456,-1.432394227
development_oof,2,OCNT-2311610,CYP2D6,6.234004677,6.12167575,6.3434855,4.797706046666667,1.436298630333333
development_oof,2,OCNT-2311653,CYP1A2,6.11892455,6.0034555,6.22794675,5.559725613333333,0.5591989366666672
development_oof,2,OCNT-2311653,CYP2D6,4.929379415,4.743158,5.074037,4.637676126666667,0.29170328833333237
development_oof,2,OCNT-2311655,CYP2C9,5.553383672,5.36112275,5.72072025,5.27087032,0.2825133519999996
development_oof,2,OCNT-2311655,CYP2D6,4.644959848,4.578669,4.72391725,4.682939593333333,-0.037979745333332815
development_oof,2,OCNT-2311706,CYP1A2,4.82104853,4.668413,4.9981825,4.755778946666666,0.06526958333333344
development_oof,2,OCNT-2311708,CYP2C9,5.07653214,4.87437075,5.25975875,4.9171996,0.1593325400000003
development_oof,2,OCNT-2311732,CYP3A4,5.876757645,5.8199685,5.93347125,4.447599406666667,1.4291582383333328
development_oof,2,OCNT-2311745,CYP1A2,5.596332057,5.46664,5.7144315,4.98547104,0.6108610169999995
development_oof,2,OCNT-2311745,CYP2D6,4.4754199,4.335772,4.68379725,5.2800128,-0.8045928999999994
development_oof,2,OCNT-2311754,CYP1A2,5.37004222,5.21061875,5.518964,5.142125466666667,0.22791675333333306
development_oof,2,OCNT-2311754,CYP2D6,6.110516643,6.0314485,6.19902875,5.163549053333333,0.9469675896666674
development_oof,2,OCNT-2311765,CYP2D6,5.286155895,5.16015225,5.39927475,4.370982346666667,0.9151735483333336
development_oof,2,OCNT-2311786,CYP3A4,2.21112831,1.048898,3.57297225,2.9900399133333333,-0.7789116033333334
development_oof,2,OCNT-2311790,CYP1A2,5.863156632,5.7410675,5.9974815,5.147858833333333,0.7152977986666667
development_oof,2,OCNT-2311790,CYP2C9,5.10226924,4.761569,5.3282165,4.990770166666667,0.11149907333333342
development_oof,2,OCNT-2311790,CYP2D6,5.437815505,5.3609875,5.5214715,4.781577553333333,0.6562379516666663
development_oof,2,OCNT-2311790,CYP3A4,5.290832133,5.2550165,5.3264105,4.7273844133333345,0.5634477196666658
development_oof,2,OCNT-2311803,CYP1A2,3.85523884,3.32777725,4.2661555,4.214787,-0.3595481600000001
development_oof,2,OCNT-2311803,CYP3A4,2.272256023,1.0607975,3.6467335,3.83034056,-1.5580845369999996
development_oof,2,OCNT-2311807,CYP1A2,4.988526887,4.8141275,5.150638,4.859997633333333,0.12852925366666668
development_oof,2,OCNT-2311807,CYP2C9,4.534564145,4.344178,4.79192475,4.56547792,-0.030913775000000143
development_oof,2,OCNT-2311821,CYP2C9,4.413011153,4.037577,4.9439785,4.846575033333333,-0.4335638803333328
development_oof,2,OCNT-2311822,CYP2C9,5.389580785,5.23723625,5.518175,4.8354654933333325,0.5541152916666672
development_oof,2,OCNT-2311822,CYP2D6,5.34678263,5.2660265,5.431464,4.753153353333333,0.5936292766666664
development_oof,2,OCNT-2311834,CYP2C9,5.190890963,4.98039775,5.364415,4.8581104,0.33278056300000003
development_oof,2,OCNT-2311834,CYP3A4,5.128671577,5.0366045,5.195153,4.734475693333334,0.3941958836666668
development_oof,2,OCNT-2311844,CYP2D6,4.282688477,3.8813495,4.47236425,4.720507379999999,-0.43781890299999926
development_oof,2,OCNT-2311888,CYP3A4,2.163000795,1.06939325,3.22483275,3.766535,-1.6035342050000003
development_oof,2,OCNT-2311905,CYP1A2,4.631471355,4.362856,5.0099295,5.256359266666667,-0.6248879116666668
development_oof,2,OCNT-2311905,CYP2D6,5.587125647,5.479198,5.7004705,5.153526593333333,0.43359905366666673
development_oof,2,OCNT-2311907,CYP1A2,4.985611022,4.78874875,5.16296,5.625618286666667,-0.640007264666667
development_oof,2,OCNT-2311907,CYP2D6,6.2182041,6.1021685,6.33334775,5.219296366666667,0.9989077333333336
development_oof,2,OCNT-2311913,CYP1A2,5.423836712,5.30748575,5.5273905,5.549856233333333,-0.12601952133333327
development_oof,2,OCNT-2311913,CYP2D6,4.967951262,4.7934425,5.1077425,4.588367006666667,0.3795842553333326
development_oof,2,OCNT-2311918,CYP2D6,4.539483525,4.44260775,4.66878575,4.979127413333333,-0.43964388833333334
development_oof,2,OCNT-2311918,CYP3A4,5.073868098,5.00687,5.14723125,4.51690642,0.5569616780000004
development_oof,2,OCNT-2311934,CYP3A4,3.889417665,3.60030925,4.25941575,4.137885653333333,-0.24846798833333317
development_oof,2,OCNT-2311967,CYP1A2,5.476187582,5.34495675,5.5853665,5.86152566,-0.3853380780000002
development_oof,2,OCNT-2311967,CYP2D6,5.204663555,5.07006575,5.30671425,5.045475393333334,0.15918816166666616
development_oof,2,OCNT-2311994,CYP2D6,4.512414655,4.426639,4.6372005,4.78699068,-0.274576025
development_oof,2,OCNT-2311997,CYP2C9,3.401734545,2.31147475,3.9949805,4.7138112,-1.3120766550000003
development_oof,2,OCNT-2312045,CYP3A4,2.66553864,1.16538525,3.79326825,3.521552066666666,-0.8560134266666664
development_oof,2,OCNT-2312061,CYP2C9,4.624846782,4.33184925,4.955511,4.61675174,0.008095041999999886
development_oof,2,OCNT-2312083,CYP1A2,5.353159198,5.17332275,5.49706725,5.152529866666667,0.20062933133333338
development_oof,2,OCNT-2312083,CYP2C9,4.5254797,4.3392555,4.775463,4.939436419999999,-0.41395671999999895
development_oof,2,OCNT-2312083,CYP3A4,4.436093993,4.33336825,4.62343875,4.929057033333334,-0.4929630403333336
development_oof,2,OCNT-2312085,CYP1A2,6.505120845,6.42238775,6.58652075,5.117531186666667,1.3875896583333338
development_oof,2,OCNT-2312094,CYP2D6,4.302920408,4.09663325,4.45307025,5.0119372533333335,-0.7090168453333332
development_oof,2,OCNT-2312096,CYP1A2,4.736752475,4.5545425,4.95573475,5.1450375,-0.40828502499999964
development_oof,2,OCNT-2312102,CYP2D6,5.381651935,5.3304825,5.43285475,5.035979333333333,0.34567260166666713
development_oof,2,OCNT-2312104,CYP1A2,4.470504628,4.19483675,4.9063565,4.947266066666667,-0.4767614386666672
development_oof,2,OCNT-2312104,CYP2D6,5.763478648,5.64189975,5.885422,4.897505866666666,0.8659727813333342
development_oof,2,OCNT-2312204,CYP2D6,4.876218182,4.73753975,5.0338635,5.1051904200000005,-0.22897223800000077
development_oof,2,OCNT-2312218,CYP3A4,3.92157747,3.67142125,4.240256,4.965925013333333,-1.0443475433333331
development_oof,2,OCNT-2312226,CYP1A2,5.786870128,5.70478675,5.871801,5.105225753333334,0.681644374666666
development_oof,2,OCNT-2312226,CYP2D6,4.563563465,4.45226775,4.72123675,5.159183346666667,-0.5956198816666669
development_oof,2,OCNT-2312235,CYP2C9,4.135316493,3.60672475,4.84952175,4.695952186666667,-0.5606356936666668
development_oof,2,OCNT-2312247,CYP2D6,4.62792246,4.560838,4.7166985,4.927716086666666,-0.2997936266666663
development_oof,2,OCNT-2312285,CYP1A2,5.377034587,5.196637,5.53113,5.5032404533333334,-0.12620586633333364
development_oof,2,OCNT-2312285,CYP2D6,5.201118532,5.11273575,5.28283,5.067361973333333,0.1337565586666667
development_oof,2,OCNT-2312286,CYP2D6,4.33515324,4.2569235,4.426337,4.626509026666667,-0.2913557866666663
development_oof,2,OCNT-2312305,CYP2C9,4.431864648,4.25087075,4.678614,4.771277613333334,-0.33941296533333354
development_oof,2,OCNT-2312305,CYP3A4,3.74995955,3.42074425,4.05756475,4.357503566666667,-0.607544016666667
development_oof,2,OCNT-2312317,CYP1A2,5.050316592,4.8858565,5.201185,4.544633046666666,0.5056835453333335
development_oof,2,OCNT-2312317,CYP3A4,2.96482114,1.24179675,3.819381,3.6363468399999994,-0.6715256999999992
development_oof,2,OCNT-2312363,CYP1A2,5.874935857,5.7836255,5.96169825,5.460906933333333,0.41402892366666677
development_oof,2,OCNT-2312372,CYP2D6,5.072653325,4.912498,5.21407475,4.634813186666666,0.4378401383333337
development_oof,2,OCNT-2312376,CYP1A2,5.614288072,5.49165525,5.7223325,5.150697126666667,0.46359094533333334
development_oof,2,OCNT-2312392,CYP1A2,1.90557896,1.03386975,3.12153525,4.771110826666667,-2.865531866666667
development_oof,2,OCNT-2312392,CYP2C9,4.39819304,4.11813075,4.773767,4.28162154,0.11657150000000005
development_oof,2,OCNT-2312403,CYP2C9,4.48894539,4.24396475,4.794467,4.712800126666666,-0.22385473666666655
development_oof,2,OCNT-2312409,CYP3A4,4.84322006,4.689076,5.03447025,4.050726193333334,0.7924938666666659
development_oof,2,OCNT-2312437,CYP2C9,5.040625027,4.90258275,5.181253,4.942948766666666,0.09767626033333432
development_oof,2,OCNT-2312437,CYP3A4,4.785654193,4.70022575,4.90727875,4.678412093333334,0.10724209966666631
development_oof,2,OCNT-2312442,CYP2D6,4.509410328,4.4295895,4.62355175,4.446924186666666,0.06248614133333419
development_oof,2,OCNT-2312449,CYP3A4,3.897178307,3.55091325,4.140849,3.2187186599999995,0.6784596470000004
development_oof,2,OCNT-2312480,CYP1A2,4.557807162,4.3726705,4.8104405,4.594232233333334,-0.03642507133333428
development_oof,2,OCNT-2312480,CYP2C9,4.884473713,4.760668,5.01418425,4.374394546666666,0.5100791663333339
development_oof,2,OCNT-2312510,CYP2D6,3.8702725,1.95434175,4.448802,4.600173586666667,-0.7299010866666671
development_oof,2,OCNT-2312517,CYP1A2,5.095803242,4.95790775,5.2221015,4.38122028,0.7145829619999997
development_oof,2,OCNT-2312517,CYP2C9,4.029292283,3.605539,4.54399675,4.223329306666667,-0.19403702366666664
development_oof,2,OCNT-2312556,CYP2D6,4.545668955,4.43072525,4.72066075,4.339613460000001,0.2060554949999993
development_oof,2,OCNT-2312594,CYP1A2,5.717458035,5.6417475,5.79225275,5.215372266666667,0.5020857683333331
development_oof,2,OCNT-2312594,CYP2C9,5.930513282,5.8334675,6.02753225,5.085022566666668,0.845490715333332
development_oof,2,OCNT-2312594,CYP2D6,4.546142192,4.47527825,4.64148175,4.82253862,-0.27639642800000086
development_oof,2,OCNT-2312595,CYP1A2,4.861658288,4.73135075,5.0027055,4.8637071800000005,-0.0020488920000003574
development_oof,2,OCNT-2312595,CYP3A4,5.021583918,4.96112875,5.08337025,4.747340026666667,0.2742438913333327
development_oof,2,OCNT-2312603,CYP3A4,4.166984115,3.98365375,4.37688,4.16245518,0.004528934999999734
development_oof,2,OCNT-2312608,CYP2D6,4.754357755,4.56522225,4.96787775,4.991820266666667,-0.2374625116666671
development_oof,2,OCNT-2312617,CYP3A4,2.13615695,1.05610975,3.507245,2.823749053333333,-0.687592103333333
development_oof,2,OCNT-2312654,CYP3A4,3.077856338,1.328591,3.912915,3.78688232,-0.709025982
development_oof,2,OCNT-2312658,CYP3A4,4.912909038,4.81816675,5.04588425,4.162926213333334,0.7499828246666658
development_oof,2,OCNT-2312668,CYP3A4,4.414266543,4.28646025,4.57460825,4.359254040000001,0.05501250299999949
development_oof,2,OCNT-2312674,CYP3A4,3.6589752,3.11513,4.0380625,3.731785066666667,-0.07280986666666722
development_oof,2,OCNT-2312697,CYP1A2,4.78109563,4.58452525,4.977582,4.642937720000001,0.13815790999999944
development_oof,2,OCNT-2312697,CYP2C9,3.650299438,2.96076425,4.19087025,4.301106940000001,-0.6508075020000015
development_oof,2,OCNT-2312701,CYP3A4,4.72071526,4.63788825,4.8502935,4.184418466666667,0.5362967933333334
development_oof,2,OCNT-2312706,CYP3A4,3.98440303,3.71927625,4.275408,4.387955886666666,-0.40355285666666596
development_oof,2,OCNT-2312720,CYP1A2,5.300728757,5.205458,5.38708275,4.937807506666667,0.3629212503333328
development_oof,2,OCNT-2312720,CYP3A4,4.729411482,4.624343,4.89423425,4.667670766666666,0.06174071533333336
development_oof,2,OCNT-2312737,CYP2C9,3.2192687,1.4088535,3.9985225,4.32454844,-1.1052797399999998
development_oof,2,OCNT-2312746,CYP3A4,3.450019785,1.9919675,3.99572575,3.354976286666667,0.09504349833333281
development_oof,2,OCNT-2312756,CYP2C9,4.40031735,4.1426225,4.7510495,4.553329026666667,-0.15301167666666693
development_oof,2,OCNT-2312783,CYP3A4,3.977199077,3.63345475,4.21561375,4.354367193333333,-0.37716811633333336
development_oof,2,OCNT-2312787,CYP1A2,4.77281201,4.60132975,4.956841,5.3223784599999995,-0.5495664499999995
development_oof,2,OCNT-2312791,CYP2C9,5.021794348,4.89013625,5.149322,4.755197473333333,0.2665968746666669
development_oof,2,OCNT-2312791,CYP3A4,4.687758525,4.61120875,4.8057335,4.717623059999999,-0.029864534999999748
development_oof,2,OCNT-2312817,CYP1A2,5.219426888,5.06026625,5.37217275,4.64227612,0.5771507680000001
development_oof,2,OCNT-2312830,CYP2C9,5.313628598,5.14717375,5.47932225,4.479937093333334,0.8336915046666666
development_oof,2,OCNT-2312832,CYP2D6,6.040400095,5.944397,6.14201425,5.189390633333334,0.8510094616666661
development_oof,2,OCNT-2312870,CYP3A4,2.076084757,1.059568,3.20220475,4.782525073333334,-2.706440316333334
development_oof,2,OCNT-2312913,CYP2C9,4.535252425,4.13994375,5.03669625,4.495903266666668,0.039349158333332745
development_oof,2,OCNT-2312913,CYP3A4,3.709615847,3.2777175,4.077812,4.179971766666667,-0.47035591966666734
development_oof,2,OCNT-2312941,CYP2D6,6.69563749,6.569568,6.821933,4.620294093333333,2.075343396666667
development_oof,2,OCNT-2312955,CYP2C9,3.847761602,2.86162425,4.41026425,4.201261166666667,-0.353499564666667
development_oof,2,OCNT-2313012,CYP3A4,3.953533618,3.647069,4.1651575,4.079774073333334,-0.12624045533333383
development_oof,2,OCNT-2313013,CYP3A4,3.048572295,1.18703675,3.87304525,3.88027072,-0.8316984249999999
development_oof,2,OCNT-2313018,CYP3A4,2.191223905,1.08875775,3.23276525,4.5666275,-2.375403595
development_oof,2,OCNT-2313037,CYP1A2,5.38997086,5.25729875,5.49774325,5.49798748,-0.1080166199999999
development_oof,2,OCNT-2313037,CYP3A4,4.940161857,4.8747065,5.006601,4.61587284,0.3242890169999999
development_oof,2,OCNT-2313039,CYP2C9,4.58225231,4.38368675,4.8216295,4.747894646666667,-0.16564233666666706
development_oof,2,OCNT-2313052,CYP2C9,4.154273697,3.77358925,4.633521,4.1013464200000005,0.05292727699999933
development_oof,2,OCNT-2313052,CYP3A4,2.494400348,1.099721,3.786151,3.5512373533333332,-1.0568370053333331
development_oof,2,OCNT-2313067,CYP3A4,2.509033335,1.072417,3.7654715,3.7385569599999995,-1.2295236249999997
development_oof,2,OCNT-2313078,CYP3A4,1.915662495,1.040415,3.1168865,4.139654473333333,-2.2239919783333324
development_oof,2,OCNT-2313096,CYP3A4,3.715800537,3.22094175,4.0581675,4.23372284,-0.5179223030000006
development_oof,2,OCNT-2313105,CYP1A2,4.86686844,4.7125785,5.049418,4.674910626666668,0.19195781333333262
development_oof,2,OCNT-2313111,CYP3A4,4.391219565,4.27596925,4.55731775,4.656157706666667,-0.26493814166666674
development_oof,2,OCNT-2313115,CYP2C9,4.138669045,3.76419625,4.56132975,3.8711306,0.26753844500000046
development_oof,2,OCNT-2313119,CYP3A4,4.572688002,4.493347,4.6899825,4.1767159933333335,0.39597200866666604
development_oof,2,OCNT-2313122,CYP1A2,6.820619263,6.73601575,6.90963025,5.381978113333334,1.4386411496666662
development_oof,2,OCNT-2313122,CYP2C9,6.375863372,6.2779695,6.4736105,5.1631713,1.2126920720000003
development_oof,2,OCNT-2313122,CYP2D6,5.220961942,5.1258585,5.31334125,4.580529193333333,0.640432748666667
development_oof,2,OCNT-2313122,CYP3A4,5.879786,5.8014895,5.96408325,4.85008996,1.0296960400000001
development_oof,2,OCNT-2313164,CYP1A2,5.789879495,5.686243,5.8886325,5.1120293466666675,0.6778501483333326
development_oof,2,OCNT-2313164,CYP2D6,4.49011357,4.42376725,4.59415025,4.554204706666666,-0.06409113666666588
development_oof,2,OCNT-2313164,CYP3A4,5.590621373,5.5361195,5.648475,4.5773257266666665,1.0132956463333338
development_oof,2,OCNT-2313175,CYP2D6,4.461706177,4.386329,4.56292225,4.583452106666666,-0.12174592966666609
development_oof,2,OCNT-2313206,CYP3A4,3.902099,3.5472695,4.15338625,3.8418582866666666,0.060240713333333584
development_oof,2,OCNT-2313220,CYP1A2,5.116068223,4.9814845,5.24007825,5.25007858,-0.1340103570000002
development_oof,2,OCNT-2313224,CYP1A2,5.641844395,5.52374525,5.74853375,5.0339236,0.6079207950000001
development_oof,2,OCNT-2313224,CYP2C9,4.815765433,4.61373625,4.991441,4.697116146666667,0.11864928633333349
development_oof,2,OCNT-2313224,CYP3A4,3.486464575,2.882325,3.97541075,4.303132379999999,-0.8166678049999994
development_oof,2,OCNT-2313237,CYP2D6,5.250052155,5.074449,5.41321825,4.80341346,0.44663869499999986
development_oof,2,OCNT-2313237,CYP3A4,4.82542266,4.71352275,4.98535825,4.765006506666667,0.06041615333333272
development_oof,2,OCNT-2313255,CYP2D6,2.024786138,1.0518695,3.3508905,4.6364749199999995,-2.6116887819999994
development_oof,2,OCNT-2313271,CYP2D6,4.434132543,4.30239975,4.594035,4.3983122733333335,0.03582026966666607
development_oof,2,OCNT-2313314,CYP3A4,4.192126372,4.0597075,4.31860725,4.69894954,-0.5068231680000004
development_oof,2,OCNT-2313360,CYP2C9,4.129469647,3.7178855,4.58314825,4.393990406666666,-0.26452075966666655
development_oof,2,OCNT-2313360,CYP2D6,5.407307175,5.2297465,5.56783225,5.221385679999999,0.18592149500000055
development_oof,2,OCNT-2313360,CYP3A4,4.232497217,4.10139725,4.40271375,4.214834613333334,0.01766260366666561
development_oof,2,OCNT-2313377,CYP3A4,4.891540345,4.825457,4.9662805,4.0084599,0.883080445
development_oof,2,OCNT-2313383,CYP2D6,4.358671278,4.2375725,4.4628575,4.507661653333333,-0.14899037533333281
development_oof,2,OCNT-2313388,CYP2D6,4.760507628,4.591952,4.97753775,4.7877020933333325,-0.027194465333332474
development_oof,2,OCNT-2313388,CYP3A4,5.467650543,5.32282975,5.6282355,4.967019753333333,0.5006307896666673
development_oof,2,OCNT-2313403,CYP1A2,3.874877502,3.388001,4.2891965,4.73808344,-0.8632059379999997
development_oof,2,OCNT-2313403,CYP2C9,4.795764457,4.61588925,4.98095325,4.706152773333333,0.08961168366666694
development_oof,2,OCNT-2313451,CYP2C9,5.30427447,5.17108,5.42293075,4.93140654,0.37286792999999996
development_oof,2,OCNT-2313451,CYP3A4,4.636018297,4.51027375,4.8724555,4.599187566666666,0.036830730333333506
development_oof,2,OCNT-2313461,CYP2C9,5.509897038,5.4298875,5.5908115,5.18902326,0.32087377800000016
development_oof,2,OCNT-2313461,CYP3A4,5.08107991,5.018646,5.14075075,4.996429333333333,0.08465057666666631
development_oof,2,OCNT-2313469,CYP1A2,5.471783767,5.37030075,5.56906125,5.312591753333333,0.1591920136666669
development_oof,2,OCNT-2313504,CYP2D6,4.674876455,4.55547325,4.81773325,5.119805606666666,-0.444929151666666
development_oof,2,OCNT-2313526,CYP2C9,5.187326452,4.97217625,5.3203305,4.738442346666666,0.44888410533333367
development_oof,2,OCNT-2313533,CYP1A2,5.39463625,5.234911,5.53283475,5.334149093333333,0.060487156666666486
development_oof,2,OCNT-2313533,CYP2D6,4.9488393,4.78836825,5.08574,4.84720112,0.10163818000000013
development_oof,2,OCNT-2313558,CYP2C9,4.28571125,4.0377895,4.63686975,4.419731773333333,-0.1340205233333327
development_oof,2,OCNT-2313558,CYP2D6,5.32955939,5.21737775,5.4347205,4.495788746666667,0.8337706433333327
development_oof,2,OCNT-2313564,CYP2C9,4.982172585,4.6760115,5.30328325,4.786666413333333,0.19550617166666662
development_oof,2,OCNT-2313597,CYP2C9,4.121854577,3.769486,4.5374025,4.427454806666667,-0.3056002296666671
development_oof,2,OCNT-2313603,CYP3A4,4.36293801,4.28037725,4.4802045,3.817583,0.5453550099999998
development_oof,2,OCNT-2313612,CYP3A4,2.29783854,1.08108625,3.578996,3.4348223266666666,-1.1369837866666668
development_oof,2,OCNT-2313625,CYP1A2,6.236445705,6.145029,6.33056575,5.819317953333334,0.4171277516666665
development_oof,2,OCNT-2313669,CYP1A2,4.312523853,4.0255395,4.72943175,4.513429413333333,-0.20090556033333318
development_oof,2,OCNT-2313669,CYP2C9,4.45650581,4.32386225,4.644675,4.4041194866666675,0.05238632333333282
development_oof,2,OCNT-2313669,CYP2D6,4.414045225,4.311353,4.564423,4.687285480000001,-0.27324025500000104
development_oof,2,OCNT-2313693,CYP3A4,3.310591548,2.2109975,3.93369175,3.24225414,0.0683374080000001
development_oof,2,OCNT-2313710,CYP2C9,4.84961217,4.69680875,5.001434,4.667579306666666,0.18203286333333413
development_oof,2,OCNT-2313721,CYP2C9,2.232522223,1.06815525,3.56942225,3.5797282933333334,-1.3472060703333333
development_oof,2,OCNT-2313742,CYP2C9,3.948041368,3.5070715,4.35304,4.50935022,-0.5613088519999998
development_oof,2,OCNT-2313742,CYP3A4,3.540783025,2.4673575,4.022333,4.04199098,-0.5012079549999995
development_oof,2,OCNT-2313747,CYP3A4,2.932106765,1.2536785,3.9161715,3.5268461133333333,-0.5947393483333334
development_oof,2,OCNT-2313761,CYP2D6,4.570598765,4.43116625,4.85108425,5.028382566666667,-0.4577838016666673
development_oof,2,OCNT-2313808,CYP1A2,4.187514473,3.8735595,4.5992575,4.65512836,-0.46761388699999973
development_oof,2,OCNT-2313808,CYP2D6,6.255231015,6.1530785,6.35939225,4.879471333333333,1.3757596816666666
development_oof,2,OCNT-2313822,CYP2C9,4.089388888,3.7248415,4.4186995,4.470746313333334,-0.3813574253333334
development_oof,2,OCNT-2313830,CYP2C9,4.934082808,4.764887,5.08093925,5.144464506666667,-0.21038169866666667
development_oof,2,OCNT-2313867,CYP2C9,4.58540869,4.43127475,4.7728405,4.742942340000001,-0.1575336500000004
development_oof,2,OCNT-2313869,CYP3A4,5.291513818,5.1183495,5.446281,4.35797384,0.9335399780000007
development_oof,2,OCNT-2313876,CYP1A2,7.16801983,7.08276475,7.2567455,5.140782486666668,2.027237343333333
development_oof,2,OCNT-2313876,CYP2C9,5.046635412,4.88072425,5.1727305,4.895252606666666,0.15138280533333326
development_oof,2,OCNT-2313895,CYP1A2,5.363035167,5.22641625,5.476608,4.644749926666666,0.7182852403333335
development_oof,2,OCNT-2313897,CYP2C9,3.104872863,1.289372,3.9530005,4.4660628,-1.3611899370000002
development_oof,2,OCNT-2313897,CYP3A4,4.7326969,4.641725,4.8721385,4.162140026666667,0.5705568733333326
development_oof,2,OCNT-2313923,CYP1A2,4.824067162,4.650145,5.0092125,5.309819173333333,-0.48575201133333223
development_oof,2,OCNT-2313925,CYP3A4,1.990420455,1.04421925,3.181654,3.23373538,-1.2433149250000002
development_oof,2,OCNT-2313933,CYP2D6,3.773737057,1.822535,4.199325,4.7947916333333325,-1.0210545763333325
development_oof,2,OCNT-2313933,CYP3A4,5.673624075,5.600468,5.74622275,4.177279313333333,1.4963447616666672
development_oof,2,OCNT-2313935,CYP3A4,2.066564797,1.06202925,3.20565,3.67561956,-1.609054763
development_oof,2,OCNT-2313936,CYP2C9,3.773184115,3.2561845,4.2743225,3.9150974733333337,-0.14191335833333385
development_oof,2,OCNT-2314024,CYP1A2,3.580218852,2.86660925,4.1500045,4.77346378,-1.1932449280000004
development_oof,2,OCNT-2314024,CYP2C9,5.46195077,5.25877125,5.6443415,4.63979846,0.8221523099999999
development_oof,2,OCNT-2314024,CYP3A4,2.74205837,1.15911025,3.73752725,4.122361773333333,-1.380303403333333
development_oof,2,OCNT-2314045,CYP1A2,5.159640505,4.898894,5.3241855,4.816697453333333,0.3429430516666665
development_oof,2,OCNT-2314065,CYP2C9,4.182288827,3.81966575,4.570401,4.372485880000001,-0.19019705300000123
development_oof,2,OCNT-2314083,CYP1A2,3.683065297,3.1495515,4.198299,4.74640316,-1.0633378629999997
development_oof,2,OCNT-2314083,CYP3A4,4.06354625,3.83662075,4.2161165,4.2833826,-0.21983635000000046
development_oof,2,OCNT-2314086,CYP1A2,5.045519055,4.84923375,5.247627,5.318001106666666,-0.2724820516666666
development_oof,2,OCNT-2314086,CYP3A4,3.923338353,3.62419625,4.1912725,4.953640666666667,-1.0303023136666667
development_oof,2,OCNT-2314096,CYP3A4,1.935252555,1.050028,3.16378975,2.77278792,-0.8375353649999999
development_oof,2,OCNT-2314101,CYP3A4,3.143717265,1.42361325,3.94065125,4.087877113333333,-0.9441598483333329
development_oof,2,OCNT-2314141,CYP3A4,3.529544772,2.6857225,4.019847,3.574923513333333,-0.04537874133333286
development_oof,2,OCNT-2314143,CYP3A4,3.694489105,3.251204,4.05548625,4.806741326666667,-1.1122522216666666
development_oof,2,OCNT-2314158,CYP2D6,4.674481532,4.59586675,4.7716415,4.541665946666667,0.13281558533333282
development_oof,2,OCNT-2314160,CYP1A2,4.898082708,4.68701625,5.07983075,4.880421213333333,0.017661494666666222
development_oof,2,OCNT-2314160,CYP2D6,5.51239525,5.408889,5.611033,4.919124646666667,0.593270603333333
development_oof,2,OCNT-2314172,CYP2C9,2.663378675,1.09231325,3.8756955,3.4900167066666667,-0.8266380316666666
development_oof,2,OCNT-2314187,CYP3A4,4.709928452,4.626173,4.81970225,4.512484553333333,0.19744389866666712
development_oof,2,OCNT-2314210,CYP1A2,5.0010382,4.78018775,5.20274225,5.30906078,-0.30802258000000027
development_oof,2,OCNT-2314210,CYP2D6,4.86401159,4.740738,4.9856065,4.6574143066666664,0.20659728333333316
development_oof,2,OCNT-2314212,CYP3A4,4.83500393,4.7662945,4.91652725,5.239507733333333,-0.40450380333333325
development_oof,2,OCNT-2314217,CYP1A2,4.883194592,4.68460775,5.12229775,5.389544313333334,-0.5063497213333346
development_oof,2,OCNT-2314217,CYP2C9,3.774066435,3.28381925,4.27987575,5.010028606666667,-1.2359621716666673
development_oof,2,OCNT-2314283,CYP2C9,3.91420461,3.4805785,4.44119025,4.650872166666667,-0.7366675566666667
development_oof,2,OCNT-2314290,CYP3A4,3.632441325,3.19481575,4.0145785,3.8312648599999997,-0.19882353499999983
development_oof,2,OCNT-2314305,CYP1A2,5.072082613,4.852054,5.257903,5.0592704133333335,0.01281219966666658
development_oof,2,OCNT-2314318,CYP3A4,4.046156775,3.7937165,4.22140025,3.7402737466666665,0.3058830283333336
development_oof,2,OCNT-2314321,CYP1A2,4.922546245,4.74416725,5.0904285,4.829780166666667,0.09276607833333372
development_oof,2,OCNT-2314321,CYP2C9,4.843546573,4.651229,5.034983,4.368490746666666,0.47505582633333443
development_oof,2,OCNT-2314321,CYP3A4,4.761743617,4.69404925,4.843835,3.7279095866666667,1.0338340303333329
development_oof,2,OCNT-2314323,CYP1A2,2.010933592,1.051175,3.357493,4.4411814,-2.4302478079999994
development_oof,2,OCNT-2314327,CYP3A4,2.853882075,1.1770465,3.76682325,3.5156530999999993,-0.6617710249999993
development_oof,2,OCNT-2314341,CYP2C9,3.857689937,3.4124095,4.391472,4.3645855000000005,-0.5068955630000005
development_oof,2,OCNT-2314341,CYP3A4,2.486855115,1.085455,3.72060775,3.9344343066666667,-1.4475791916666667
development_oof,2,OCNT-2314375,CYP2C9,4.58349848,4.3029515,4.9508895,4.757896560000001,-0.17439808000000045
development_oof,2,OCNT-2314375,CYP3A4,4.59344608,4.502453,4.739867,4.453863306666667,0.13958277333333236
development_oof,2,OCNT-2314412,CYP2C9,5.383703715,5.23602575,5.516483,5.158895566666667,0.2248081483333335
development_oof,2,OCNT-2314412,CYP2D6,4.312396428,4.131786,4.45194325,4.784889926666667,-0.4724934986666671
development_oof,2,OCNT-2314412,CYP3A4,5.998393518,5.93593725,6.05820275,4.927776053333334,1.0706174646666664
development_oof,2,OCNT-2314434,CYP2D6,5.427175735,5.3342895,5.5221855,4.63924782,0.787927915
development_oof,2,OCNT-2314447,CYP2C9,4.523741623,4.3488505,4.75846775,4.361349206666667,0.16239241633333368
development_oof,2,OCNT-2314457,CYP1A2,3.619158855,2.87002875,4.3347545,5.153134686666666,-1.5339758316666665
development_oof,2,OCNT-2314457,CYP3A4,4.530198892,4.3567985,4.8641985,4.49360694,0.03659195199999932
development_oof,2,OCNT-2314458,CYP3A4,4.34431094,4.22532775,4.5246115,4.628419593333333,-0.284108653333333
development_oof,2,OCNT-2314516,CYP3A4,4.76811988,4.67787125,4.89593125,4.093639333333334,0.6744805466666666
development_oof,2,OCNT-2314527,CYP3A4,2.377254123,1.07510525,3.65714325,3.682704606666667,-1.3054504836666667
development_oof,2,OCNT-2314592,CYP2D6,4.72819021,4.58030825,4.8998595,4.816230113333335,-0.08803990333333456
development_oof,2,OCNT-2314602,CYP2C9,5.393560195,5.2973355,5.48085225,4.645084846666666,0.7484753483333337
development_oof,2,OCNT-2314602,CYP2D6,4.776920635,4.548525,5.05888225,4.449665013333333,0.32725562166666666
development_oof,2,OCNT-2314602,CYP3A4,4.70872063,4.59938975,4.86249825,4.421626259999999,0.28709437000000104
development_oof,2,OCNT-2314608,CYP1A2,4.514747225,4.16627875,5.00482725,4.545021566666667,-0.03027434166666687
development_oof,2,OCNT-2314610,CYP3A4,3.973031015,3.68630775,4.2057055,3.3059698800000006,0.6670611349999995
development_oof,2,OCNT-2314621,CYP3A4,3.021040135,1.50356725,3.86040275,4.0033081,-0.9822679650000001
development_oof,2,OCNT-2314629,CYP2C9,4.676399095,4.48024275,4.900841,4.819094999999999,-0.14269590499999918
development_oof,2,OCNT-2314637,CYP2D6,5.434629078,5.34185975,5.528241,5.121423986666667,0.31320509133333374
development_oof,2,OCNT-2314641,CYP1A2,5.189477727,5.0012275,5.3249195,5.117653886666667,0.07182384033333289
development_oof,2,OCNT-2314641,CYP2D6,4.94170629,4.7901815,5.08879725,4.665609753333333,0.27609653666666656
development_oof,2,OCNT-2314662,CYP1A2,4.906514393,4.67721975,5.14382,4.872088406666667,0.034425986333332936
development_oof,2,OCNT-2314673,CYP3A4,4.076483598,3.8123655,4.231272,4.082702646666666,-0.006219048666666005
development_oof,2,OCNT-2314693,CYP3A4,4.197972335,4.01058925,4.33228975,4.071521726666667,0.12645060833333321
development_oof,2,OCNT-2314717,CYP2D6,5.464633283,5.31981875,5.6020235,4.839920346666667,0.6247129363333332
development_oof,2,OCNT-2314724,CYP2D6,4.663059175,4.52649925,4.85438425,4.52698584,0.13607333499999985
development_oof,2,OCNT-2314770,CYP2D6,5.033046365,4.89082775,5.136491,5.35228178,-0.3192354150000005
development_oof,2,OCNT-2314773,CYP2D6,4.430621412,4.29715625,4.600902,4.585811326666667,-0.15518991466666687
development_oof,2,OCNT-2314787,CYP2C9,4.306365523,4.04937875,4.67175625,4.866612553333334,-0.5602470303333336
development_oof,2,OCNT-2314787,CYP3A4,4.73096113,4.600551,4.9398145,4.616547093333333,0.11441403666666705
development_oof,2,OCNT-2314790,CYP2D6,5.7650655,5.69011125,5.84854525,4.813512833333333,0.9515526666666672
development_oof,2,OCNT-2314813,CYP1A2,4.75499872,4.558429,5.00548475,5.157059040000001,-0.40206032000000125
development_oof,2,OCNT-2314813,CYP2C9,5.766372338,5.68359875,5.85055925,4.78559792,0.9807744180000002
development_oof,2,OCNT-2314831,CYP1A2,3.563352015,2.934904,4.09914875,4.046444173333333,-0.48309215833333274
development_oof,2,OCNT-2314872,CYP3A4,2.30295617,1.06475375,3.62808,2.9628342533333334,-0.6598780833333335
development_oof,2,OCNT-2314899,CYP2C9,5.15538692,5.05949675,5.233345,4.771832746666666,0.38355417333333364
development_oof,2,OCNT-2314927,CYP3A4,4.300442835,4.157999,4.5135625,4.106102793333333,0.19434004166666696
development_oof,2,OCNT-2314937,CYP1A2,5.193755937,5.003672,5.370302,4.88504506,0.30871087699999933
development_oof,2,OCNT-2314990,CYP2D6,6.415027865,6.280785,6.548903,4.3014640066666665,2.1135638583333334
development_oof,2,OCNT-2314990,CYP3A4,3.884827768,3.4784085,4.15544275,3.7877280666666664,0.09709970133333368
development_oof,2,OCNT-2314994,CYP2C9,4.432133955,4.212206,4.785072,4.3122882266666664,0.11984572833333385
development_oof,2,OCNT-2314994,CYP3A4,4.476862575,4.361358,4.64307,3.9786376200000007,0.4982249549999995
development_oof,2,OCNT-2315001,CYP1A2,5.194314412,5.02757675,5.3282365,5.164410946666666,0.029903465333333656
development_oof,2,OCNT-2315001,CYP2D6,5.1156738,5.03828,5.1879545,4.553112593333333,0.5625612066666665
development_oof,2,OCNT-2315024,CYP2D6,4.737068955,4.55025275,5.00019825,4.33334104,0.40372791500000016
development_oof,2,OCNT-2315032,CYP2D6,5.937773682,5.88663825,5.9986125,5.273799393333333,0.6639742886666671
development_oof,2,OCNT-2315045,CYP1A2,5.39669672,5.1967965,5.59788125,4.31469494,1.0820017799999997
development_oof,2,OCNT-2315045,CYP2C9,4.469144978,4.17140925,4.861348,3.9642014266666665,0.5049435513333336
development_oof,2,OCNT-2315045,CYP2D6,4.705921467,4.53930725,4.90701575,4.628947293333333,0.0769741736666667
development_oof,2,OCNT-2315045,CYP3A4,5.139681483,5.04700975,5.27070725,3.67179244,1.4678890430000004
development_oof,2,OCNT-2315047,CYP2C9,3.292325943,1.86092875,3.996263,4.20600168,-0.9136757370000002
development_oof,2,OCNT-2315048,CYP2C9,4.372431393,4.0012235,4.9109315,4.476142066666666,-0.10371067366666598
development_oof,2,OCNT-2315072,CYP3A4,4.720121932,4.625293,4.85655275,4.4187756799999995,0.3013462520000001
development_oof,2,OCNT-2315085,CYP2D6,4.505605992,4.39707375,4.6665525,4.619750066666667,-0.1141440746666671
development_oof,2,OCNT-2315099,CYP3A4,3.744549413,3.35014125,4.09484,3.934833906666667,-0.19028449366666678
development_oof,2,OCNT-2315103,CYP3A4,3.21232539,2.05775975,3.903702,4.246122106666666,-1.0337967166666662
development_oof,2,OCNT-2315106,CYP1A2,6.117238633,5.9641575,6.28835575,5.5689799466666665,0.5482586863333339
development_oof,2,OCNT-2315110,CYP3A4,3.812234123,3.3662475,4.1163885,3.9054616199999996,-0.09322749699999955
development_oof,2,OCNT-2315121,CYP2C9,4.511683888,4.26514925,4.83571375,4.76206176,-0.2503778719999996
development_oof,2,OCNT-2315126,CYP1A2,6.327038425,6.24280625,6.409444,5.129423186666666,1.1976152383333334
development_oof,2,OCNT-2315133,CYP1A2,4.210613742,3.7704455,5.0201005,4.7104122933333334,-0.49979855133333384
development_oof,2,OCNT-2315133,CYP3A4,5.401497447,5.33336575,5.467841,4.67272648,0.728770967
development_oof,2,OCNT-2315156,CYP1A2,5.792689712,5.6672255,5.914555,4.610804026666666,1.1818856853333335
development_oof,2,OCNT-2315174,CYP1A2,4.517059267,4.31614375,4.8114245,4.852472193333333,-0.3354129263333334
development_oof,2,OCNT-2315211,CYP1A2,5.726395405,5.64183625,5.812876,4.978901826666666,0.7474935783333336
development_oof,2,OCNT-2315214,CYP1A2,3.804000157,3.19650175,4.2592095,4.279682406666667,-0.47568224966666683
development_oof,2,OCNT-2315217,CYP2C9,5.257443265,5.1662895,5.34224175,4.488470286666667,0.7689729783333332
development_oof,2,OCNT-2315217,CYP3A4,5.450506855,5.395323,5.50973075,4.050384346666667,1.4001225083333333
development_oof,2,OCNT-2315226,CYP1A2,4.922043265,4.7804455,5.080091,4.750799566666666,0.17124369833333386
development_oof,2,OCNT-2315257,CYP1A2,4.251860225,3.961606,4.68437175,4.945928746666667,-0.6940685216666669
development_oof,2,OCNT-2315259,CYP1A2,5.13422659,5.01004275,5.22592125,5.514634213333332,-0.38040762333333245
development_oof,2,OCNT-2315259,CYP2D6,2.044048862,1.053168,3.20740475,4.63000776,-2.585958898
development_oof,2,OCNT-2315265,CYP3A4,3.01280373,1.25575125,3.8671235,3.51645584,-0.50365211
development_oof,2,OCNT-2315273,CYP2D6,6.114660975,6.040132,6.19593225,4.62709118,1.4875697949999998
development_oof,2,OCNT-2315273,CYP3A4,5.485690025,5.442859,5.52743025,4.5452687266666665,0.9404212983333338
development_oof,2,OCNT-2315325,CYP2C9,4.814374697,4.5819275,5.03193125,4.677443326666667,0.13693137033333258
development_oof,2,OCNT-2315371,CYP3A4,3.907509923,3.540715,4.1466445,3.4147545933333334,0.4927553296666667
development_oof,2,OCNT-2315375,CYP3A4,2.818435335,1.24465,3.795208,3.309009166666667,-0.49057383166666657
development_oof,2,OCNT-2315379,CYP3A4,5.21404602,5.095969,5.36413275,3.80983144,1.4042145799999997
development_oof,2,OCNT-2315381,CYP2C9,4.766145335,4.5865645,4.9389205,5.123195666666667,-0.35705033166666666
development_oof,2,OCNT-2315381,CYP3A4,5.657193265,5.60192425,5.713504,4.665064793333333,0.9921284716666667
development_oof,2,OCNT-2315386,CYP2C9,4.686216873,4.52384825,4.87101225,4.521792733333333,0.16442413966666702
development_oof,2,OCNT-2315445,CYP1A2,5.93539921,5.84880325,6.02213425,5.381445493333333,0.5539537166666673
development_oof,2,OCNT-2315445,CYP2C9,5.64302717,5.54816275,5.7372515,5.1833486,0.45967856999999945
development_oof,2,OCNT-2315445,CYP3A4,4.700584767,4.59658125,4.8503145,4.85508822,-0.15450345300000023
development_oof,2,OCNT-2315461,CYP2D6,5.767607358,5.655,5.88784275,4.897639373333334,0.8699679846666664
development_oof,2,OCNT-2315462,CYP2C9,5.04378537,4.86983,5.18238375,4.346184060000001,0.6976013099999996
development_oof,2,OCNT-2315490,CYP2D6,4.5785356,4.423868,4.796036,4.473486173333334,0.10504942666666661
development_oof,2,OCNT-2315503,CYP1A2,5.117787312,4.906878,5.28717475,5.04664262,0.07114469199999984
development_oof,2,OCNT-2315512,CYP1A2,7.018157643,6.92564675,7.11334025,5.085587113333334,1.9325705296666662
development_oof,2,OCNT-2315512,CYP2D6,6.627326948,6.53250925,6.733531,5.1090604,1.5182665480000006
development_oof,2,OCNT-2315531,CYP3A4,3.878634088,3.564867,4.14133075,2.9685652733333336,0.9100688146666664
development_oof,2,OCNT-2315532,CYP1A2,6.175550927,6.06756775,6.273687,5.681220013333333,0.4943309136666665
development_oof,2,OCNT-2315532,CYP2D6,5.099409902,4.9170465,5.27073975,4.560855746666666,0.5385541553333333
development_oof,2,OCNT-2315537,CYP2D6,4.486849278,4.357384,4.6627415,4.960500766666668,-0.4736514886666674
development_oof,2,OCNT-2315583,CYP2C9,4.70378065,4.56336875,4.85455125,4.609663986666666,0.09411666333333368
development_oof,2,OCNT-2315600,CYP1A2,4.124337697,3.79071775,4.543578,5.061055593333334,-0.9367178963333345
development_oof,2,OCNT-2315600,CYP3A4,4.298569355,4.161464,4.45692075,4.49693804,-0.19836868500000016
development_oof,2,OCNT-2315609,CYP3A4,5.483920203,5.4078765,5.5601905,4.278918686666667,1.2050015163333336
development_oof,2,OCNT-2315611,CYP2C9,4.695938145,4.48537025,4.91068,4.5590197733333335,0.13691837166666687
development_oof,2,OCNT-2315627,CYP1A2,2.201957522,1.079212,3.546472,5.116717153333333,-2.9147596313333333
development_oof,2,OCNT-2315627,CYP2C9,5.526946955,5.4288885,5.63175225,4.986338026666667,0.5406089283333326
development_oof,2,OCNT-2315627,CYP2D6,4.367943325,4.1558,4.54612,5.0943504399999995,-0.7264071149999998
development_oof,2,OCNT-2315627,CYP3A4,4.941017302,4.8854995,4.999371,4.860546733333334,0.0804705686666658
development_oof,2,OCNT-2315636,CYP1A2,5.478182625,5.40159,5.55965625,5.3501386733333325,0.12804395166666716
development_oof,2,OCNT-2315654,CYP3A4,2.137261065,1.07361575,3.219644,3.1410223200000003,-1.0037612550000001
development_oof,2,OCNT-2315694,CYP1A2,5.126655018,4.9259505,5.2543345,5.304146713333333,-0.17749169533333298
development_oof,2,OCNT-2315694,CYP2D6,5.31376738,5.22850625,5.3991815,4.796540966666667,0.5172264133333329
development_oof,2,OCNT-2315699,CYP2D6,6.374114087,6.23104475,6.50701875,5.1323645933333335,1.2417494936666662
development_oof,2,OCNT-2315701,CYP1A2,5.736394738,5.6766455,5.79156525,5.280412826666668,0.45598191133333277
development_oof,2,OCNT-2315701,CYP2D6,1.949747343,1.0457315,3.152614,4.460019480000001,-2.5102721370000003
development_oof,2,OCNT-2315711,CYP3A4,5.140769328,5.0472475,5.24139425,4.704992286666666,0.43577704133333395
development_oof,2,OCNT-2315719,CYP3A4,3.94278584,3.61858725,4.18798825,4.22993464,-0.28714879999999976
development_oof,2,OCNT-2315728,CYP3A4,5.053660932,4.9821165,5.136452,4.81305474,0.24060619199999955
development_oof,2,OCNT-2315731,CYP1A2,2.70612089,1.121809,3.85444675,4.303108253333333,-1.5969873633333331
development_oof,2,OCNT-2315731,CYP3A4,3.552908173,2.791863,4.0280445,3.7911385800000006,-0.23823040700000053
development_oof,2,OCNT-2315739,CYP2D6,4.82888536,4.64637075,5.02775075,5.016797146666667,-0.18791178666666664
development_oof,2,OCNT-2315740,CYP3A4,4.491280823,4.32103825,4.912838,3.66928372,0.8219971030000002
development_oof,2,OCNT-2315753,CYP1A2,5.060590572,4.88719925,5.22859,5.5863349,-0.525744328
development_oof,2,OCNT-2315753,CYP2C9,5.025751562,4.892077,5.15016975,5.40524736,-0.3794957979999998
development_oof,2,OCNT-2315776,CYP2D6,5.53211655,5.427178,5.633604,4.79269936,0.7394171899999993
development_oof,2,OCNT-2315811,CYP2D6,4.934151263,4.7972365,5.0371855,5.023893226666667,-0.08974196366666654
development_oof,2,OCNT-2315813,CYP3A4,3.58144519,3.01732775,4.00113825,3.5652744866666666,0.01617070333333359
development_oof,2,OCNT-2315823,CYP3A4,5.494192525,5.43113925,5.5599605,4.786254453333333,0.7079380716666668
development_oof,2,OCNT-2315824,CYP3A4,3.772401475,3.22180475,4.088202,3.8190233266666667,-0.04662185166666655
development_oof,2,OCNT-2315844,CYP1A2,4.903293165,4.70640325,5.105052,4.991392893333333,-0.0880997283333329
development_oof,2,OCNT-2315844,CYP2D6,4.45224196,4.385248,4.539025,4.638020793333334,-0.1857788333333339
development_oof,2,OCNT-2315849,CYP1A2,5.453021312,5.361827,5.53793,5.651274439999999,-0.19825312799999928
development_oof,2,OCNT-2315849,CYP2D6,4.880917068,4.7315995,5.00390225,4.9906000200000005,-0.10968295200000089
development_oof,2,OCNT-2315864,CYP1A2,5.211624103,5.162526,5.26504025,4.858489953333334,0.35313414966666645
development_oof,2,OCNT-2315864,CYP2D6,4.83821117,4.7048605,4.968301,5.33105502,-0.49284384999999986
development_oof,2,OCNT-2315870,CYP1A2,2.2748737,1.07044875,3.61916175,3.914055760000001,-1.6391820600000009
development_oof,2,OCNT-2315880,CYP2D6,5.147352527,5.0285425,5.25039975,4.826838266666667,0.32051426033333286
development_oof,2,OCNT-2315888,CYP1A2,6.387175635,6.25914575,6.51836125,4.669322566666667,1.7178530683333335
development_oof,2,OCNT-2315913,CYP2D6,4.500421858,4.408948,4.6332565,4.338346013333334,0.16207584466666614
development_oof,2,OCNT-2315931,CYP3A4,2.70369167,1.15338175,3.770104,2.6924306999999996,0.01126097000000037
development_oof,2,OCNT-2315934,CYP3A4,3.993944288,3.6977865,4.23188975,4.189618226666666,-0.19567393866666638
development_oof,2,OCNT-2315945,CYP3A4,2.708443003,1.17196675,3.8094785,3.2993887066666665,-0.5909457036666663
development_oof,2,OCNT-2315972,CYP2C9,7.384353628,7.25027425,7.514213,4.547029586666667,2.837324041333334
development_oof,2,OCNT-2315972,CYP2D6,4.989752877,4.811773,5.13089575,4.646284606666667,0.34346827033333316
development_oof,2,OCNT-2315972,CYP3A4,6.322848957,6.25250875,6.3928965,4.163470613333333,2.159378343666667
development_oof,2,OCNT-2315976,CYP3A4,2.254028288,1.08464275,3.2497915,3.404798426666667,-1.1507701386666667
development_oof,2,OCNT-2316003,CYP2C9,3.581929248,2.52804,4.141391,4.465829273333333,-0.8839000253333333
development_oof,2,OCNT-2316003,CYP3A4,3.221427133,1.47007575,3.9567955,4.2123306666666664,-0.9909035336666663
development_oof,2,OCNT-2316020,CYP2C9,5.54022385,5.450658,5.6311345,4.627772566666666,0.9124512833333345
development_oof,2,OCNT-2316020,CYP3A4,5.32308748,5.27285725,5.37098875,4.2203119466666665,1.1027755333333333
development_oof,2,OCNT-2316025,CYP1A2,5.166115375,5.00052775,5.3012245,5.0019983,0.16411707500000006
development_oof,2,OCNT-2316025,CYP2C9,4.4886113,4.214578,4.84207225,4.85494334,-0.3663320400000005
development_oof,2,OCNT-2316044,CYP1A2,3.042917802,1.27982475,3.93402775,3.8240043199999993,-0.7810865179999995
development_oof,2,OCNT-2316044,CYP2D6,4.201409392,3.95004,4.31480725,4.256917026666667,-0.055507634666666306
development_oof,2,OCNT-2316070,CYP1A2,5.175081858,5.00315575,5.33092,4.709478306666666,0.4656035513333343
development_oof,2,OCNT-2316070,CYP2D6,4.256535395,3.95878225,4.45005575,4.72174756,-0.4652121649999996
development_oof,2,OCNT-2316095,CYP3A4,3.528682627,2.86141525,3.99667825,3.9029153799999996,-0.3742327529999998
development_oof,2,OCNT-2316099,CYP1A2,4.72899016,4.44062525,5.040725,4.172163406666667,0.5568267533333335
development_oof,2,OCNT-2316099,CYP3A4,4.288646478,4.16244275,4.4474495,3.121896626666667,1.1667498513333334
development_oof,2,OCNT-2316120,CYP1A2,5.018241137,4.88424075,5.16323575,5.25499864,-0.23675750299999976
development_oof,2,OCNT-2316120,CYP2D6,5.000404385,4.8660885,5.1218145,5.267736766666667,-0.26733238166666684
development_oof,2,OCNT-2316121,CYP1A2,5.497723967,5.3931135,5.59819125,5.3736585733333335,0.12406539366666625
development_oof,2,OCNT-2316125,CYP1A2,5.793957287,5.66992,5.9118415,5.236938486666667,0.5570188003333323
development_oof,2,OCNT-2316163,CYP3A4,2.926350382,1.388809,3.803231,3.9246312333333337,-0.9982808513333339
development_oof,2,OCNT-2316181,CYP1A2,6.571799018,6.48177425,6.66609425,5.303624946666667,1.2681740713333332
development_oof,2,OCNT-2316191,CYP3A4,6.168070013,6.1029495,6.234331,5.103168866666667,1.0649011463333338
development_oof,2,OCNT-2316207,CYP2D6,5.65866739,5.6009485,5.7248,5.375538426666667,0.2831289633333327
development_oof,2,OCNT-2316216,CYP3A4,2.55846311,1.1057725,3.74803175,3.6127634866666667,-1.0543003766666668
development_oof,2,OCNT-2316247,CYP1A2,4.985597317,4.78020825,5.18127425,4.6866781133333335,0.29891920366666636
development_oof,2,OCNT-2316247,CYP2D6,4.651437555,4.47658675,4.905057,4.885519733333333,-0.2340821783333329
development_oof,2,OCNT-2316252,CYP3A4,2.647839822,1.1510295,3.777466,3.7079259,-1.0600860780000003
development_oof,2,OCNT-2316255,CYP1A2,3.676461167,2.8834395,4.14455875,4.596278913333333,-0.9198177463333335
development_oof,2,OCNT-2316255,CYP2C9,4.651935355,4.5100875,4.80272975,4.243992913333334,0.40794244166666616
development_oof,2,OCNT-2316255,CYP2D6,4.025445763,2.25702625,4.36546275,4.622286473333333,-0.5968407103333337
development_oof,2,OCNT-2316266,CYP1A2,2.59212288,1.11123775,3.8353225,4.23923334,-1.6471104600000004
development_oof,2,OCNT-2316270,CYP1A2,4.24762128,3.94888325,4.6756285,4.998303753333333,-0.7506824733333337
development_oof,2,OCNT-2316270,CYP2C9,4.925412705,4.74151075,5.1143285,4.5176309266666665,0.40778177833333373
development_oof,2,OCNT-2316276,CYP2C9,4.73087448,4.554647,4.91966375,3.99389516,0.7369793199999997
development_oof,2,OCNT-2316276,CYP3A4,4.944613473,4.87752475,5.01925175,3.3558151599999997,1.5887983130000007
development_oof,2,OCNT-2316280,CYP2C9,3.720009605,3.0575435,4.1812995,4.204284726666667,-0.48427512166666675
development_oof,2,OCNT-2316303,CYP1A2,5.642760345,5.5330695,5.75670875,5.495331626666666,0.14742871833333382
development_oof,2,OCNT-2316303,CYP3A4,4.475472498,4.3673695,4.651876,5.111654593333332,-0.6361820953333321
development_oof,2,OCNT-2316304,CYP1A2,3.258146745,1.62139275,3.98681775,4.718427666666666,-1.4602809216666661
development_oof,2,OCNT-2316304,CYP2C9,5.1066958,4.913309,5.26874175,4.60530754,0.5013882599999997
development_oof,2,OCNT-2316334,CYP1A2,5.097207995,4.8499355,5.3184005,5.2501814200000005,-0.15297342500000077
development_oof,2,OCNT-2316334,CYP2D6,5.507658355,5.41019025,5.60353325,5.1452173666666665,0.3624409883333337
development_oof,2,OCNT-2316365,CYP1A2,2.395762792,1.09340625,3.6935025,4.25598922,-1.8602264279999998
development_oof,2,OCNT-2316436,CYP1A2,4.09578258,3.70391,4.61645525,4.8598895466666665,-0.7641069666666667
development_oof,2,OCNT-2316436,CYP2C9,4.153299353,3.7788875,4.62733825,4.705113593333334,-0.5518142403333339
development_oof,2,OCNT-2316474,CYP3A4,5.017209357,4.935728,5.1022,4.80411138,0.21309797699999944
development_oof,2,OCNT-2316482,CYP2C9,3.251789132,1.4939955,4.0068645,3.9217554066666667,-0.6699662746666668
development_oof,2,OCNT-2316490,CYP3A4,4.726639045,4.63918875,4.8592635,3.6153448733333335,1.1112941716666662
development_oof,2,OCNT-2316555,CYP2D6,5.39933572,5.311534,5.48610425,4.741866246666666,0.6574694733333342
development_oof,2,OCNT-2316559,CYP1A2,5.341833525,5.23803625,5.436346,4.98327038,0.35856314499999975
development_oof,2,OCNT-2316563,CYP3A4,4.276835885,4.14010425,4.454453,3.8567608199999994,0.42007506500000025
development_oof,2,OCNT-2316566,CYP2C9,4.739627965,4.53967925,4.9349545,4.651501493333333,0.08812647166666743
development_oof,2,OCNT-2316566,CYP3A4,5.09684456,5.018537,5.1799385,4.564306546666666,0.5325380133333342
development_oof,2,OCNT-2316573,CYP1A2,3.911657492,3.43829425,4.34842875,5.029286900000001,-1.1176294080000009
development_oof,2,OCNT-2316573,CYP2C9,4.480717803,4.2895745,4.74289825,5.042447126666667,-0.5617293236666665
development_oof,2,OCNT-2316573,CYP2D6,5.957069345,5.8711475,6.0579825,5.464358286666667,0.49271105833333273
development_oof,2,OCNT-2316582,CYP1A2,5.060224675,4.878634,5.1829105,5.3300459,-0.2698212250000003
development_oof,2,OCNT-2316582,CYP3A4,5.588364035,5.53093925,5.649751,5.014742513333334,0.5736215216666656
development_oof,2,OCNT-2316583,CYP3A4,5.65842894,5.5755965,5.740578,4.465583686666666,1.192845253333334
development_oof,2,OCNT-2316608,CYP3A4,2.058639235,1.04559375,3.41203225,3.43106054,-1.372421305
development_oof,2,OCNT-2316619,CYP2D6,5.311030207,5.18212575,5.4269915,5.038603146666667,0.2724270603333325
development_oof,2,OCNT-2316626,CYP2C9,4.49648943,4.122965,4.98051675,4.592615533333333,-0.09612610333333382
development_oof,2,OCNT-2316694,CYP2C9,5.43522148,5.31161775,5.54134775,4.73131398,0.7039074999999997
development_oof,2,OCNT-2316697,CYP3A4,3.07113841,1.35063275,3.86538475,3.77065666,-0.6995182500000001
development_oof,2,OCNT-2316705,CYP1A2,5.743457875,5.6455385,5.84675275,4.7564869466666675,0.9869709283333323
development_oof,2,OCNT-2316721,CYP1A2,4.464030875,4.27200525,4.740462,4.908664766666666,-0.44463389166666634
development_oof,2,OCNT-2316751,CYP2D6,4.505825472,4.370396,4.6767515,4.780906979999999,-0.27508150799999953
development_oof,2,OCNT-2316755,CYP2D6,4.465080347,4.35015475,4.60988575,4.533700893333333,-0.06862054633333337
development_oof,2,OCNT-2316761,CYP2C9,5.675886978,5.57021225,5.78573475,4.801482673333334,0.8744043046666663
development_oof,2,OCNT-2316761,CYP3A4,5.375990985,5.3294955,5.41993575,4.351601466666667,1.024389518333333
development_oof,2,OCNT-2316768,CYP2D6,5.606690882,5.48884175,5.72287325,5.103336659999999,0.5033542220000005
development_oof,2,OCNT-2316770,CYP2C9,4.621326012,4.4143595,4.87232225,4.648083779999999,-0.026757767999999515
development_oof,2,OCNT-2316783,CYP1A2,7.491871585,7.4044675,7.58089275,5.274402126666667,2.2174694583333334
development_oof,2,OCNT-2316821,CYP3A4,4.325517667,4.15360625,4.656526,4.356046533333333,-0.030528866333333404
development_oof,2,OCNT-2316832,CYP1A2,4.469652605,4.1757735,4.91074525,4.615662286666666,-0.1460096816666656
development_oof,2,OCNT-2316832,CYP3A4,3.27627787,1.539772,3.9518305,4.000950080000001,-0.7246722100000009
development_oof,2,OCNT-2316854,CYP1A2,4.015711493,3.6126175,4.3844435,4.890370273333334,-0.8746587803333332
development_oof,2,OCNT-2316864,CYP3A4,2.675550747,1.1639785,3.7474085,3.215705106666667,-0.5401543596666669
development_oof,2,OCNT-2316915,CYP3A4,2.148021065,1.06956675,3.24674225,3.654357073333334,-1.5063360083333341
development_oof,2,OCNT-2316931,CYP3A4,4.982124815,4.74902875,5.11435325,4.005214860000001,0.9769099549999991
development_oof,2,OCNT-2316942,CYP2D6,4.309330405,4.11056375,4.47087,4.99154672,-0.6822163149999998
development_oof,2,OCNT-2316960,CYP3A4,3.750865307,3.41557325,4.059147,3.700208406666666,0.05065690033333414
development_oof,2,OCNT-2316961,CYP1A2,3.821367673,3.291438,4.25691775,4.22848958,-0.4071219069999996
development_oof,2,OCNT-2316968,CYP2D6,5.046620687,4.8515665,5.240114,4.714852726666667,0.331767960333333
development_oof,2,OCNT-2317000,CYP2C9,5.153394487,4.97606875,5.32288725,4.699336353333334,0.45405813366666603
development_oof,2,OCNT-2317025,CYP1A2,4.12770464,3.74358525,4.7832135,4.574603693333334,-0.44689905333333346
development_oof,2,OCNT-2317028,CYP2C9,3.951369077,3.4079405,4.47398175,3.9721061866666667,-0.020737109666666864
development_oof,2,OCNT-2317028,CYP2D6,4.615341325,4.458003,4.8306185,4.396854986666667,0.2184863383333333
development_oof,2,OCNT-2317028,CYP3A4,3.347411623,1.72872725,3.97574075,3.376532326666667,-0.02912070366666697
development_oof,2,OCNT-2317062,CYP2C9,4.350010785,4.082937,4.71587225,4.475441933333334,-0.1254311483333339
development_oof,2,OCNT-2317145,CYP2D6,4.810775393,4.66973725,4.94934,4.774063006666667,0.03671238633333296
development_oof,2,OCNT-2317169,CYP2C9,4.636523385,4.35868125,4.948799,4.615319413333333,0.021203971666666988
development_oof,2,OCNT-2317169,CYP2D6,5.411656012,5.31183625,5.508544,4.786342853333333,0.6253131586666667
development_oof,2,OCNT-2317169,CYP3A4,5.439947945,5.35437875,5.51857075,4.389604233333333,1.0503437116666667
development_oof,2,OCNT-2317174,CYP2D6,4.481191255,4.34509,4.665611,4.6749635000000005,-0.1937722450000008
development_oof,2,OCNT-2317174,CYP3A4,4.506317573,4.4311265,4.62878375,4.136691606666666,0.36962596633333344
development_oof,2,OCNT-2317179,CYP3A4,3.104736533,1.63663025,3.8294095,3.8565151799999997,-0.7517786469999996
development_oof,2,OCNT-2317192,CYP1A2,3.38951854,2.36340725,4.01675,4.8285864400000005,-1.4390679000000004
development_oof,2,OCNT-2317192,CYP2C9,4.734052542,4.582258,4.89222075,4.698471719999999,0.0355808220000009
development_oof,2,OCNT-2317192,CYP2D6,5.160115207,5.07327,5.252403,4.77393492,0.3861802869999993
development_oof,2,OCNT-2317205,CYP2C9,4.77576635,4.61148725,4.9660945,4.34315398,0.4326123699999993
development_oof,2,OCNT-2317208,CYP1A2,4.205599885,3.95832875,4.4725065,4.722420246666667,-0.5168203616666673
development_oof,2,OCNT-2317222,CYP3A4,4.241698605,4.06767925,4.5037485,4.5098315399999995,-0.2681329349999997
development_oof,2,OCNT-2317238,CYP2C9,5.46608482,5.37215175,5.558401,4.5480201,0.9180647200000003
development_oof,2,OCNT-2317255,CYP2D6,5.757379195,5.64589825,5.86734275,4.685265233333333,1.072113961666667
development_oof,2,OCNT-2317265,CYP1A2,5.521118205,5.4173715,5.62253475,4.64777522,0.8733429849999998
development_oof,2,OCNT-2317269,CYP3A4,4.403241698,4.29164625,4.6023395,4.05959948,0.3436422180000003
development_oof,2,OCNT-2317287,CYP2D6,5.476693905,5.40140575,5.55525175,5.0265760466666665,0.45011785833333384
development_oof,2,OCNT-2317309,CYP2D6,4.3066351,4.182354,4.422957,4.587991053333333,-0.28135595333333274
development_oof,2,OCNT-2317322,CYP2C9,4.05171189,3.63326325,4.583127,4.100863866666667,-0.04915197666666682
development_oof,2,OCNT-2317322,CYP2D6,5.985658192,5.8857295,6.09200025,4.760463706666666,1.2251944853333336
development_oof,2,OCNT-2317342,CYP1A2,4.991507765,4.7644015,5.19138675,4.517429626666667,0.4740781383333328
development_oof,2,OCNT-2317345,CYP1A2,6.411296205,6.32317225,6.50043075,5.116631426666666,1.2946647783333338
development_oof,2,OCNT-2317345,CYP2C9,6.211665645,6.11630275,6.30813075,4.6174507,1.594214945
development_oof,2,OCNT-2317345,CYP2D6,5.33861233,5.22823825,5.44208625,4.445632786666667,0.8929795433333334
development_oof,2,OCNT-2317360,CYP1A2,5.994423402,5.90120875,6.09031925,5.09333752,0.9010858819999994
development_oof,2,OCNT-2317388,CYP3A4,3.024710998,1.428422,3.8235905,3.6127151733333327,-0.5880041753333325
development_oof,2,OCNT-2317394,CYP3A4,4.003798573,3.6565925,4.19596475,3.652383986666666,0.351414586333334
development_oof,2,OCNT-2317403,CYP3A4,4.757915395,4.67503675,4.89252175,3.843498686666667,0.9144167083333334
development_oof,2,OCNT-2317417,CYP2D6,2.095241587,1.04095575,3.54481175,4.414389246666667,-2.3191476596666676
development_oof,2,OCNT-2317434,CYP2C9,3.389840803,2.43012075,4.01575075,3.655966626666667,-0.26612582366666704
development_oof,2,OCNT-2317450,CYP2C9,4.963618288,4.8460695,5.06164475,4.755263366666666,0.208354921333334
development_oof,2,OCNT-2317450,CYP3A4,4.79586335,4.71406925,4.91538,4.377238226666667,0.41862512333333335
development_oof,2,OCNT-2317457,CYP1A2,5.231524927,5.0672285,5.36796275,5.030518239999999,0.20100668700000046
development_oof,2,OCNT-2317457,CYP2D6,5.13006975,5.048765,5.2078165,5.245697153333333,-0.11562740333333377
development_oof,2,OCNT-2317471,CYP2D6,4.50795249,4.38515375,4.674602,4.738978053333334,-0.23102556333333357
development_oof,2,OCNT-2317506,CYP2D6,5.75815843,5.66148975,5.85949025,5.214968193333333,0.5431902366666668
development_oof,2,OCNT-2317520,CYP2C9,4.982498347,4.78629925,5.160431,4.462246453333334,0.520251893666666
development_oof,2,OCNT-2317520,CYP2D6,4.425597778,4.29996975,4.57737875,4.594015306666667,-0.1684175286666667
development_oof,2,OCNT-2317520,CYP3A4,4.842909135,4.73225875,5.0161555,4.157122493333333,0.6857866416666676
development_oof,2,OCNT-2317533,CYP2C9,4.916144082,4.79977925,5.01490125,4.900494213333333,0.0156498686666664
development_oof,2,OCNT-2317533,CYP3A4,4.75831004,4.6897995,4.842311,4.571239893333333,0.18707014666666666
development_oof,2,OCNT-2317535,CYP2D6,4.828179105,4.66412575,5.01993225,4.857184426666667,-0.02900532166666636
development_oof,2,OCNT-2317571,CYP3A4,3.22523384,2.020588,3.89307875,3.794693446666667,-0.5694596066666668
development_oof,2,OCNT-2317596,CYP3A4,4.139342342,3.94055,4.35395075,4.531883873333333,-0.39254153133333336
development_oof,2,OCNT-2317602,CYP2C9,4.326239317,3.9894705,4.7921815,4.093550453333333,0.23268886366666663
development_oof,2,OCNT-2317602,CYP2D6,4.527259615,4.44248425,4.63990625,4.4064505,0.12080911500000013
development_oof,2,OCNT-2317604,CYP1A2,5.82531006,5.7020415,5.9349655,4.78728626,1.0380237999999995
development_oof,2,OCNT-2317609,CYP3A4,2.19649394,1.07030825,3.23730375,3.0010833533333336,-0.8045894133333338
development_oof,2,OCNT-2317626,CYP2D6,4.373530345,4.2300875,4.5189515,4.75671058,-0.3831802350000002
development_oof,2,OCNT-2317634,CYP2D6,4.75301901,4.60913525,4.9257245,4.87142458,-0.11840557000000018
development_oof,2,OCNT-2317742,CYP1A2,5.55070465,5.4734935,5.6247725,4.967819793333334,0.5828848566666665
development_oof,2,OCNT-2317762,CYP2C9,3.984010352,3.561588,4.519529,4.746452653333334,-0.7624423013333339
development_oof,2,OCNT-2317764,CYP2C9,4.61718712,4.47181925,4.79076025,4.744749926666667,-0.12756280666666697
development_oof,2,OCNT-2317764,CYP3A4,4.53088401,4.46502875,4.65272975,4.166417706666666,0.36446630333333463
development_oof,2,OCNT-2317767,CYP1A2,1.936751075,1.0396015,3.1366835,4.220345606666667,-2.283594531666667
development_oof,2,OCNT-2317767,CYP3A4,5.073052407,5.00738425,5.130573,3.526856253333334,1.5461961536666657
development_oof,2,OCNT-2317801,CYP3A4,3.669963445,3.11868775,4.0466105,4.489247473333333,-0.8192840283333331
development_oof,2,OCNT-2317811,CYP2D6,5.104487567,4.90645,5.31583025,4.889572940000001,0.21491462699999886
development_oof,2,OCNT-2317818,CYP2C9,5.111211362,4.93830775,5.29165625,4.57713478,0.534076582
development_oof,2,OCNT-2317818,CYP2D6,4.55371775,4.367467,4.79843,4.789901413333334,-0.23618366333333451
development_oof,2,OCNT-2317822,CYP1A2,4.863501675,4.6210655,5.11102325,4.448285686666667,0.4152159883333333
development_oof,2,OCNT-2317822,CYP2C9,4.424098863,4.15669025,4.78536825,4.30809378,0.11600508300000012
development_oof,2,OCNT-2317822,CYP3A4,5.07036187,4.9522755,5.20982275,4.081787386666667,0.9885744833333332
development_oof,2,OCNT-2317866,CYP3A4,2.22178571,1.0612185,3.558303,2.9728090600000003,-0.7510233500000005
development_oof,2,OCNT-2317881,CYP3A4,4.24943707,4.10195725,4.45275375,3.61629044,0.6331466299999997
development_oof,2,OCNT-2317894,CYP3A4,2.316499762,1.062361,3.62425475,3.35167318,-1.0351734180000003
development_oof,2,OCNT-2317896,CYP2D6,2.286661473,1.0502565,3.815194,4.775507673333333,-2.488846200333333
development_oof,2,OCNT-2317904,CYP2D6,4.149180493,3.81814575,4.33610675,4.5294083999999994,-0.3802279069999992
development_oof,2,OCNT-2317908,CYP3A4,2.242383065,1.0529165,3.64321925,2.714781466666667,-0.47239840166666713
development_oof,2,OCNT-2317936,CYP1A2,4.981026952,4.78904825,5.18455175,4.316755046666667,0.664271905333333
development_oof,2,OCNT-2317936,CYP3A4,3.27675679,2.075752,3.9463875,3.381953833333333,-0.10519704333333335
development_oof,2,OCNT-2317938,CYP3A4,3.763052023,3.44416575,4.07402175,3.8550419266666665,-0.09198990366666626
development_oof,2,OCNT-2317951,CYP3A4,4.825565525,4.7305285,4.9616075,4.567609860000001,0.257955664999999
development_oof,2,OCNT-2317954,CYP1A2,7.359232032,7.2673395,7.45216075,5.149720759999999,2.209511272000001
development_oof,2,OCNT-2317966,CYP1A2,4.999697112,4.80113075,5.19338025,4.81453454,0.18516257199999941
development_oof,2,OCNT-2317966,CYP3A4,4.724083712,4.64284875,4.82537325,4.120193793333334,0.603889918666666
development_oof,2,OCNT-2317981,CYP2D6,4.251472673,4.090875,4.40836875,4.535957093333333,-0.28448442033333254
development_oof,2,OCNT-2317990,CYP2C9,4.340869882,4.1301755,4.65173125,5.036725846666667,-0.6958559646666673
development_oof,2,OCNT-2317996,CYP2D6,4.704399292,4.56354925,4.8794925,4.576348186666666,0.1280511053333333
development_oof,2,OCNT-2317999,CYP1A2,2.47526404,1.098603,3.7122085,4.640836926666666,-2.1655728866666664
development_oof,2,OCNT-2317999,CYP3A4,4.630498063,4.54450725,4.7556935,4.266418360000001,0.3640797029999989
development_oof,2,OCNT-2318008,CYP1A2,3.96540895,3.530583,4.396681,5.090012786666667,-1.1246038366666666
development_oof,2,OCNT-2318008,CYP2C9,4.867600475,4.70524275,5.028832,4.853306746666666,0.014293728333333533
development_oof,2,OCNT-2318016,CYP3A4,2.12650598,1.067533,3.2258405,3.8287002333333335,-1.7021942533333334
development_oof,2,OCNT-2318031,CYP1A2,2.299080243,1.07447525,3.65251825,4.218890673333333,-1.919810430333333
development_oof,2,OCNT-2318031,CYP3A4,3.04214246,1.22419825,3.8623775,3.57350552,-0.5313630599999999
development_oof,2,OCNT-2318077,CYP3A4,4.124655423,3.8957515,4.3129485,3.8156559000000003,0.3089995229999998
development_oof,2,OCNT-2318089,CYP1A2,6.189261195,6.10293175,6.27804,5.363053266666666,0.8262079283333339
development_oof,2,OCNT-2318089,CYP2D6,6.78738531,6.7173445,6.857864,5.046428613333333,1.7409566966666672
development_oof,2,OCNT-2318118,CYP1A2,5.000997865,4.77061175,5.18941175,5.6602268533333335,-0.6592289883333331
development_oof,2,OCNT-2318130,CYP3A4,4.908355613,4.82107325,5.00246025,4.213374253333333,0.6949813596666674
development_oof,2,OCNT-2318132,CYP2D6,5.95129644,5.82804975,6.09528275,5.136028186666667,0.8152682533333335
development_oof,2,OCNT-2318186,CYP3A4,4.858766175,4.748936,5.014111,4.127711866666667,0.7310543083333334
development_oof,2,OCNT-2318196,CYP3A4,2.077046045,1.0620835,3.20448875,3.1746012,-1.0975551550000002
development_oof,2,OCNT-2318205,CYP2D6,4.53371729,4.45552975,4.639128,4.3538184,0.17989889000000048
development_oof,2,OCNT-2318240,CYP2C9,4.77069997,4.546679,5.03387075,4.650164606666666,0.12053536333333348
development_oof,2,OCNT-2318275,CYP2C9,5.020528093,4.90837425,5.11346075,4.8670010066666665,0.15352708633333378
development_oof,2,OCNT-2318275,CYP3A4,5.321777715,5.26393525,5.38408725,4.527256286666667,0.7945214283333328
development_oof,2,OCNT-2318286,CYP2D6,4.85251494,4.706522,4.98031925,4.604672379999999,0.2478425600000005
development_oof,2,OCNT-2318326,CYP2D6,2.763881913,1.11351,4.0674835,5.246045313333333,-2.482163400333333
development_oof,2,OCNT-2318328,CYP1A2,5.527722373,5.37459075,5.6647435,5.5986682000000005,-0.07094582700000096
development_oof,2,OCNT-2318328,CYP2D6,4.619061425,4.556078,4.705162,4.63066358,-0.01160215500000028
development_oof,2,OCNT-2318351,CYP1A2,4.835530262,4.61818975,5.0709015,5.15808252,-0.322552258
development_oof,2,OCNT-2318364,CYP1A2,5.577221095,5.44301975,5.701419,5.816320833333334,-0.23909973833333442
development_oof,2,OCNT-2318364,CYP2C9,4.493756185,4.29487175,4.77242575,5.219001540000001,-0.7252453550000011
development_oof,2,OCNT-2318369,CYP2D6,5.32092254,5.19329725,5.441522,4.635859786666666,0.6850627533333338
development_oof,2,OCNT-2318369,CYP3A4,5.11447845,4.95907875,5.29182125,4.1965205,0.9179579499999999
development_oof,2,OCNT-2318371,CYP2C9,4.330760547,4.06280975,4.687881,4.584937013333334,-0.2541764663333339
development_oof,2,OCNT-2318371,CYP3A4,4.657910682,4.55455925,4.84168,4.0199690666666665,0.6379416153333333
development_oof,2,OCNT-2318395,CYP2C9,5.846871845,5.75891625,5.932652,4.562166933333333,1.2847049116666671
development_oof,2,OCNT-2318395,CYP3A4,5.191693157,5.12010925,5.263903,4.095306133333333,1.0963870236666668
development_oof,2,OCNT-2318460,CYP3A4,2.191148535,1.07419325,3.2194935,4.370613520000001,-2.179464985000001
development_oof,2,OCNT-2318468,CYP1A2,5.12917157,4.9271295,5.3138095,4.5996504866666665,0.529521083333333
development_oof,2,OCNT-2318468,CYP2C9,4.632911925,4.4362855,4.85094,4.45187976,0.1810321650000004
development_oof,2,OCNT-2318468,CYP3A4,4.657116075,4.57227275,4.787722,4.1967226,0.46039347500000005
development_oof,2,OCNT-2318474,CYP3A4,3.700481433,3.2832455,4.04567775,3.782699173333333,-0.08221774033333284
development_oof,2,OCNT-2318495,CYP2D6,5.43523152,5.3057065,5.56282675,5.073225666666667,0.3620058533333337
development_oof,2,OCNT-2318507,CYP2D6,4.677536995,4.51790175,4.87716175,4.834975846666667,-0.15743885166666693
development_oof,2,OCNT-2318512,CYP1A2,4.8245779,4.651808,4.99784225,4.919307966666667,-0.09473006666666617
development_oof,2,OCNT-2318529,CYP3A4,4.003728025,3.71257975,4.2218715,4.39677376,-0.3930457350000003
development_oof,2,OCNT-2318535,CYP3A4,4.830084528,4.682172,5.0339655,4.049347373333333,0.7807371546666673
development_oof,2,OCNT-2318536,CYP2D6,4.554201895,4.45619725,4.6928985,4.66823398,-0.11403208499999984
development_oof,2,OCNT-2318595,CYP3A4,3.709583042,3.225352,4.07469925,4.07904464,-0.369461598
development_oof,2,OCNT-2318638,CYP3A4,4.047352932,3.8260535,4.24835075,3.7821427666666665,0.2652101653333334
development_oof,2,OCNT-2318651,CYP1A2,3.561449123,2.3604745,4.150688,5.099602206666667,-1.5381530836666668
development_oof,2,OCNT-2318651,CYP2D6,4.333920348,4.18053875,4.45358775,4.649118226666667,-0.31519787866666693
development_oof,2,OCNT-2318684,CYP2D6,6.15888673,6.0742075,6.24406175,5.3342980933333335,0.8245886366666664
development_oof,2,OCNT-2328318,CYP2D6,4.439202423,4.27788875,4.60756875,4.876618506666667,-0.4374160836666672
development_oof,2,OCNT-2328327,CYP2C9,3.76391559,2.69372525,4.18108575,4.33373378,-0.5698181900000003
development_oof,2,OCNT-2328330,CYP2C9,3.348292227,1.91718675,4.00222675,4.699239446666667,-1.3509472196666668
development_oof,2,OCNT-2328369,CYP2D6,4.112767365,3.481702,4.32069125,5.110140426666666,-0.9973730616666661
development_oof,2,OCNT-2328401,CYP1A2,4.847908695,4.6234795,5.091967,4.576635666666666,0.2712730283333338
development_oof,2,OCNT-2328441,CYP2D6,4.725397143,4.58882725,4.90228425,4.828048626666666,-0.10265148366666565
development_oof,2,OCNT-2328447,CYP1A2,5.643812715,5.551477,5.7303315,6.411156146666667,-0.7673434316666672
development_oof,2,OCNT-2328447,CYP2D6,5.866875893,5.77463575,5.971896,5.361539766666666,0.5053361263333338
development_oof,2,OCNT-2328469,CYP2D6,5.004075272,4.87414825,5.115664,4.943020500000001,0.061054771999998536
development_oof,2,OCNT-2328485,CYP2D6,5.008327507,4.819804,5.148781,4.9154617,0.09286580699999991
development_oof,2,OCNT-2328485,CYP3A4,2.96337939,1.230689,3.7972295,5.180048993333333,-2.216669603333333
development_oof,2,OCNT-2328518,CYP2D6,5.032902293,4.8883385,5.13546875,5.0317935333333335,0.001108759666666792
development_oof,2,OCNT-2328544,CYP2D6,5.19010723,5.0882175,5.28434125,5.499183933333334,-0.3090767033333339
development_oof,2,OCNT-2328585,CYP3A4,2.245141247,1.05183125,3.6111475,4.0964847933333335,-1.8513435463333336
development_oof,2,OCNT-2328601,CYP1A2,5.749883995,5.631432,5.85966275,5.513320466666666,0.23656352833333383
development_oof,2,OCNT-2328630,CYP1A2,4.6823471,4.60149725,4.764871,5.025138946666667,-0.3427918466666666
development_oof,2,OCNT-2328630,CYP2D6,5.695594385,5.586259,5.80775325,5.80644868,-0.11085429500000021
development_oof,2,OCNT-2328630,CYP3A4,4.774971565,4.7430955,4.812763,5.759873753333333,-0.9849021883333329
development_oof,2,OCNT-2328651,CYP2D6,4.985677188,4.82157875,5.15014525,4.825290520000001,0.16038666799999923
development_oof,2,OCNT-2328663,CYP1A2,5.071095182,4.92003025,5.21305675,4.739850026666666,0.33124515533333376
development_oof,2,OCNT-2328663,CYP2D6,4.68131556,4.573634,4.81228375,4.610916006666667,0.07039955333333303
development_oof,2,OCNT-2328688,CYP2D6,4.708154172,4.566681,4.8800455,4.950723726666666,-0.24256955466666597
development_oof,2,OCNT-2328703,CYP2D6,5.675517368,5.57483925,5.77798575,5.398699366666667,0.276818001333333
development_oof,2,OCNT-2328714,CYP2D6,4.285122913,3.98505375,4.44993,5.268397466666666,-0.983274553666666
development_oof,2,OCNT-2328774,CYP2C9,2.097982888,1.059982,3.21473275,3.5679412666666663,-1.4699583786666661
development_oof,2,OCNT-2328797,CYP2C9,3.673003337,2.56210675,4.192643,3.682307086666667,-0.009303749666667027
development_oof,2,OCNT-2328864,CYP1A2,5.436967443,5.34864825,5.52017575,5.99856878,-0.5616013369999999
development_oof,2,OCNT-2328864,CYP2D6,5.287161118,5.2011385,5.372372,5.453169526666667,-0.16600840866666644
development_oof,2,OCNT-2328949,CYP2D6,5.101297468,4.983282,5.199572,4.9038642066666664,0.19743326133333383
development_oof,2,OCNT-2328950,CYP1A2,4.640730533,4.5231395,4.78086425,5.839299333333334,-1.1985688003333337
development_oof,2,OCNT-2328950,CYP2D6,4.182144668,4.01039975,4.288025,5.254612773333333,-1.072468105333333
development_oof,2,OCNT-2328970,CYP1A2,2.344094297,1.05550525,3.719995,5.107214480000001,-2.7631201830000007
development_oof,2,OCNT-2328970,CYP3A4,1.977219185,1.04136725,3.2042415,5.92354162,-3.946322435
development_oof,2,OCNT-2395277,CYP3A4,5.064258277,4.9948255,5.13346475,4.079495426666667,0.9847628503333334
development_oof,2,OCNT-2395280,CYP3A4,4.013291673,3.77698475,4.322147,4.185926066666667,-0.17263439366666677
development_oof,2,OCNT-2395281,CYP3A4,3.924812805,3.6426665,4.1663255,3.858376753333333,0.06643605166666733
development_oof,2,OCNT-2395287,CYP3A4,5.967122062,5.87003625,6.06910275,4.317807033333333,1.649315028666667
development_oof,2,OCNT-2395290,CYP3A4,3.48504155,3.0173745,3.91592125,2.71051056,0.7745309900000001
development_oof,2,OCNT-2395294,CYP3A4,4.312064333,4.19844975,4.4648535,4.140439826666666,0.17162450633333393
development_oof,2,OCNT-2395298,CYP3A4,3.409232298,2.5523165,3.918716,4.1177810133333335,-0.7085487153333334
development_oof,2,OCNT-2395310,CYP3A4,4.877370508,4.79913975,4.966512,4.98419552,-0.10682501199999983
development_oof,2,OCNT-2395321,CYP3A4,5.312398685,5.23177675,5.391552,3.5953201866666666,1.7170784983333331
development_oof,2,OCNT-2395324,CYP3A4,4.134886143,3.898032,4.34801675,4.062611746666667,0.07227439633333343
development_oof,2,OCNT-2395326,CYP3A4,3.77235125,3.4125985,4.0799135,3.9270448866666667,-0.1546936366666669
development_oof,2,OCNT-2395336,CYP3A4,3.77049007,3.26279825,4.11182675,3.692981233333333,0.07750883666666697
development_oof,2,OCNT-2395344,CYP3A4,3.64090752,3.18059175,4.01456875,4.376723546666666,-0.735816026666666
development_oof,2,OCNT-2395352,CYP3A4,4.059691825,3.82412425,4.2775615,4.431007626666668,-0.3713158016666682
development_oof,2,OCNT-2395357,CYP3A4,3.816929705,3.42697775,4.1109025,3.9633077733333337,-0.14637806833333356
development_oof,2,OCNT-2395364,CYP3A4,5.529586317,5.466567,5.59408175,4.536632893333333,0.9929534236666671
development_oof,2,OCNT-2395368,CYP3A4,5.58575969,5.496518,5.67145725,4.5704232000000005,1.0153364899999993
development_oof,2,OCNT-2395376,CYP3A4,5.24223199,5.1816755,5.3085,4.9912393066666665,0.25099268333333313
development_oof,2,OCNT-2395382,CYP3A4,4.532337828,4.4454325,4.66484075,4.959229526666666,-0.4268916986666662
development_oof,2,OCNT-2395389,CYP3A4,5.41571126,5.3499245,5.48223125,4.487194173333333,0.928517086666667
development_oof,2,OCNT-2395390,CYP3A4,5.05016215,4.99110875,5.117202,4.450046753333334,0.6001153966666664
development_oof,2,OCNT-2395396,CYP3A4,2.139796898,1.039309,3.23875575,3.8031504266666665,-1.6633535286666663
development_oof,2,OCNT-2395409,CYP3A4,5.232010117,5.16178125,5.29716025,3.5321597,1.699850417
development_oof,2,OCNT-2395430,CYP3A4,5.11900036,5.05908775,5.181451,5.255317880000001,-0.13631752000000041
development_oof,2,OCNT-2395435,CYP3A4,2.180110838,1.0534495,3.53114625,3.2195301533333334,-1.0394193153333333
development_oof,2,OCNT-2395455,CYP3A4,4.542286403,4.4427825,4.711826,3.9764528266666668,0.5658335763333335
development_oof,2,OCNT-2395459,CYP3A4,2.020488837,1.039174,3.15467225,2.822214893333333,-0.801726056333333
development_oof,2,OCNT-2395471,CYP3A4,2.20648882,1.060388,3.6199715,3.25893832,-1.0524494999999998
development_oof,2,OCNT-2395478,CYP3A4,5.024356175,4.91820775,5.14723125,4.290054653333334,0.7343015216666666
development_oof,2,OCNT-2395484,CYP3A4,3.601665152,3.12064825,4.0080045,3.8517656733333334,-0.2501005213333336
development_oof,2,OCNT-2395488,CYP3A4,4.614954295,4.476846,4.8499675,4.497202613333334,0.11775168166666639
development_oof,2,OCNT-2395497,CYP3A4,4.01719418,3.77136925,4.2352865,3.8257508466666663,0.1914433333333334
development_oof,2,OCNT-2395508,CYP3A4,3.851940177,3.48762475,4.183004,3.997064953333333,-0.1451247763333332
development_oof,2,OCNT-2395516,CYP3A4,3.953700178,3.68328625,4.1728305,3.9141643999999998,0.0395357780000003
development_oof,2,OCNT-2395517,CYP3A4,4.032193927,3.73905125,4.200833,3.54057842,0.4916155069999997
development_oof,2,OCNT-2395518,CYP3A4,2.579042223,1.12316875,3.71908675,3.5859986666666663,-1.0069564436666663
development_oof,2,OCNT-2395520,CYP3A4,4.023025482,3.7930785,4.251073,3.9603380066666665,0.06268747533333396
development_oof,2,OCNT-2395523,CYP3A4,4.614936862,4.516334,4.764787,4.01169318,0.6032436820000004
development_oof,2,OCNT-2395529,CYP3A4,4.954365495,4.87492925,5.0584135,4.07372796,0.880637535
development_oof,2,OCNT-2395534,CYP3A4,4.529459662,4.41784475,4.7207085,4.144447826666666,0.3850118353333336
development_oof,2,OCNT-2395536,CYP3A4,4.412084548,4.27264575,4.6309535,4.31117346,0.10091108800000015
development_oof,2,OCNT-2395539,CYP3A4,4.971816775,4.88459925,5.089864,4.8421431466666665,0.1296736283333333
development_oof,2,OCNT-2395540,CYP3A4,5.066112803,4.96313225,5.1744635,5.079471966666666,-0.013359163666665452
development_oof,2,OCNT-2395556,CYP3A4,3.826424575,3.4256975,4.10940275,4.42131246,-0.5948878850000003
development_oof,2,OCNT-2395560,CYP3A4,4.065596995,3.7528065,4.3204045,4.346093366666667,-0.28049637166666663
development_oof,2,OCNT-2395565,CYP3A4,4.815923983,4.7203445,4.9508055,4.5682063799999995,0.24771760300000079
development_oof,2,OCNT-2395570,CYP3A4,4.594446373,4.51795925,4.72242,3.86520612,0.7292402530000004
development_oof,2,OCNT-2395571,CYP3A4,5.30321726,5.250589,5.3548815,4.742160393333333,0.5610568666666671
development_oof,2,OCNT-2395584,CYP3A4,3.793707005,3.50085375,4.11639275,3.5937442133333333,0.19996279166666664
development_oof,2,OCNT-2395587,CYP3A4,4.274050743,4.09288875,4.48505375,3.8095063799999997,0.46454436300000035
development_oof,2,OCNT-2395590,CYP3A4,6.776572222,6.7085195,6.846104,5.3569721333333336,1.4196000886666669
development_oof,2,OCNT-2395592,CYP3A4,4.110678552,3.87089325,4.293273,3.682312313333333,0.42836623866666734
development_oof,2,OCNT-2395594,CYP3A4,5.436417953,5.3823085,5.492801,5.174324913333334,0.2620930396666665
development_oof,2,OCNT-2395606,CYP3A4,4.869666663,4.77428525,4.9991555,5.174241086666667,-0.30457442366666676
development_oof,2,OCNT-2395612,CYP3A4,4.508305165,4.418879,4.63968475,5.098041853333333,-0.5897366883333328
development_oof,2,OCNT-2395623,CYP3A4,3.933598293,3.64605975,4.17254775,4.406868293333333,-0.4732700003333328
development_oof,2,OCNT-2395631,CYP3A4,4.031217042,3.7320575,4.20549675,4.461210886666667,-0.4299938446666669
development_oof,2,OCNT-2395641,CYP3A4,5.133925675,5.08453975,5.18257075,5.03865522,0.09527045500000053
development_oof,2,OCNT-2395643,CYP3A4,4.19543617,3.9145865,5.0067595,3.3068755666666667,0.8885606033333331
development_oof,2,OCNT-2395651,CYP3A4,2.261559773,1.05769725,3.52685625,3.940397733333333,-1.678837960333333
development_oof,2,OCNT-2395672,CYP3A4,4.23344031,4.01968475,4.5454545,3.292376566666667,0.9410637433333329
development_oof,2,OCNT-2395677,CYP3A4,4.102520603,3.876277,4.257491,4.0784057266666665,0.024114876333333868
development_oof,2,OCNT-2395678,CYP3A4,5.167533805,5.10527825,5.23657125,4.166795353333333,1.0007384516666669
development_oof,2,OCNT-2395681,CYP3A4,2.79488905,1.16636875,3.85988075,4.374844286666667,-1.5799552366666667
development_oof,2,OCNT-2395685,CYP3A4,5.100726175,4.99276,5.244967,4.4978099333333335,0.6029162416666667
development_oof,2,OCNT-2395694,CYP3A4,3.711903055,3.34254025,4.027443,3.6703267266666666,0.04157632833333347
development_oof,2,OCNT-2395708,CYP3A4,2.076895057,1.05967125,3.223623,3.12424256,-1.0473475029999997
development_oof,2,OCNT-2395713,CYP3A4,4.55986093,4.42794725,4.766136,4.23063006,0.32923086999999995
development_oof,2,OCNT-2395714,CYP3A4,4.18104634,3.99147975,4.378944,4.617949106666667,-0.43690276666666694
development_oof,2,OCNT-2395718,CYP3A4,4.01772276,3.777,4.25321525,3.7779478600000003,0.23977489999999957
development_oof,2,OCNT-2395719,CYP3A4,3.75389345,3.40069325,4.062371,3.8215335799999997,-0.06764012999999958
development_oof,2,OCNT-2395721,CYP3A4,4.751033347,4.63237925,4.94723275,4.086459826666667,0.6645735203333327
development_oof,2,OCNT-2395730,CYP3A4,4.056562995,3.82257425,4.2319065,3.913558226666667,0.1430047683333333
development_oof,2,OCNT-2395735,CYP3A4,4.96168881,4.897069,5.0305615,4.210131013333333,0.7515577966666669
development_oof,2,OCNT-2395741,CYP3A4,3.786477802,3.33039775,4.089336,4.507220613333333,-0.720742811333333
development_oof,2,OCNT-2395742,CYP3A4,2.004025575,1.051113,3.1731295,3.9123418,-1.908316225
development_oof,2,OCNT-2395749,CYP3A4,3.846829993,3.55554475,4.119494,3.9145726800000005,-0.06774268700000041
development_oof,2,OCNT-2395751,CYP3A4,2.779373388,1.20705925,3.81263325,3.13337158,-0.35399819200000016
development_oof,2,OCNT-2395756,CYP3A4,5.112293845,5.046717,5.178974,4.5307791066666665,0.5815147383333334
development_oof,2,OCNT-2395762,CYP3A4,4.691256633,4.60779925,4.810762,4.918645159999999,-0.22738852699999867
development_oof,2,OCNT-2395772,CYP3A4,5.127293565,5.0720945,5.18596975,5.094809613333334,0.0324839516666664
development_oof,2,OCNT-2395776,CYP3A4,5.091984573,5.0462385,5.14044175,5.029647819999999,0.06233675300000119
development_oof,2,OCNT-2395777,CYP3A4,4.174297132,3.9754795,4.388558,4.03222862,0.1420685120000007
development_oof,2,OCNT-2395778,CYP3A4,4.674123667,4.6010065,4.78594275,3.8562245266666664,0.8178991403333336
development_oof,3,OCNT-0022128,CYP2C9,4.683597905,4.543795,4.835962,4.8204480133333325,-0.13685010833333244
development_oof,3,OCNT-0022128,CYP2D6,4.314528733,4.1803825,4.4282415,5.060690993333333,-0.7461622603333327
development_oof,3,OCNT-0022141,CYP1A2,4.99798696,4.8811085,5.1165775,5.294592906666667,-0.2966059466666664
development_oof,3,OCNT-0022141,CYP2D6,6.16785525,6.094635,6.24745025,5.5212108266666675,0.6466444233333322
development_oof,3,OCNT-0476778,CYP1A2,5.85949227,5.7704795,5.950124,5.90391318,-0.04442091000000037
development_oof,3,OCNT-0477587,CYP2D6,5.183893105,5.06567975,5.2864215,5.044758900000001,0.1391342049999995
development_oof,3,OCNT-0493312,CYP2C9,5.846211473,5.739996,5.95511725,5.079896813333333,0.7663146596666675
development_oof,3,OCNT-0493312,CYP2D6,2.277052242,1.06261875,3.7577585,4.995174993333334,-2.7181227513333344
development_oof,3,OCNT-0493842,CYP1A2,5.50240846,5.3835175,5.60970175,5.856578746666667,-0.35417028666666717
development_oof,3,OCNT-0493927,CYP1A2,4.865116112,4.76793675,4.97192125,5.386710113333334,-0.5215940013333338
development_oof,3,OCNT-0493927,CYP2D6,2.132256025,1.07314125,3.55771675,4.91066364,-2.778407615
development_oof,3,OCNT-0494084,CYP2C9,4.322632415,4.0295365,4.7388185,4.670347026666667,-0.3477146116666665
development_oof,3,OCNT-0494160,CYP2C9,4.027852167,3.64638775,4.407049,4.626609653333333,-0.5987574863333336
development_oof,3,OCNT-0494195,CYP3A4,3.684320417,3.1037815,4.06633,3.2967517400000004,0.38756867699999953
development_oof,3,OCNT-0495216,CYP1A2,5.301143663,5.17029275,5.40610675,4.540146233333333,0.7609974296666673
development_oof,3,OCNT-0495216,CYP2D6,4.812598903,4.641362,4.96189375,5.1166391466666665,-0.30404024366666693
development_oof,3,OCNT-0495216,CYP3A4,4.835022902,4.76771925,4.9162845,4.308868306666667,0.5261545953333338
development_oof,3,OCNT-0496475,CYP1A2,4.765568825,4.54102825,5.01948175,5.674127066666666,-0.9085582416666664
development_oof,3,OCNT-0496475,CYP2D6,5.264508453,5.19951425,5.33466225,5.422311786666667,-0.1578033336666662
development_oof,3,OCNT-0497901,CYP3A4,4.412271148,4.28660525,4.59744075,3.898927533333333,0.5133436146666672
development_oof,3,OCNT-1685194,CYP2C9,4.5338679,4.3736095,4.74780925,3.1057685333333334,1.4280993666666664
development_oof,3,OCNT-1685194,CYP3A4,4.278194747,4.1447535,4.436006,3.3314160933333334,0.9467786536666662
development_oof,3,OCNT-1871132,CYP2C9,4.102499563,3.6506515,4.6495035,4.729768466666667,-0.6272689036666668
development_oof,3,OCNT-1871132,CYP3A4,2.36673856,1.067278,3.64395625,4.445044913333334,-2.0783063533333337
development_oof,3,OCNT-2308462,CYP3A4,4.51366385,4.416048,4.67989975,4.151178946666667,0.3624849033333337
development_oof,3,OCNT-2308501,CYP3A4,3.177186508,1.374436,3.94501,3.983506106666667,-0.8063195986666667
development_oof,3,OCNT-2308504,CYP3A4,4.163376835,3.9614965,4.3095805,3.7164201066666664,0.4469567283333338
development_oof,3,OCNT-2308536,CYP2C9,4.167004022,3.82549325,4.60162275,4.560121173333333,-0.3931171513333327
development_oof,3,OCNT-2308543,CYP2D6,4.797625327,4.62004725,5.00205925,4.642300933333333,0.1553243936666675
development_oof,3,OCNT-2308546,CYP1A2,5.416281745,5.24573525,5.59554775,5.001900133333334,0.4143816116666663
development_oof,3,OCNT-2308546,CYP2D6,4.679070262,4.58631425,4.78909075,4.72124972,-0.04217945800000056
development_oof,3,OCNT-2308576,CYP2C9,5.143536818,4.9959725,5.25202125,5.021228373333334,0.12230844466666646
development_oof,3,OCNT-2308576,CYP3A4,4.777893155,4.7156395,4.85756425,4.6902116,0.08768155500000052
development_oof,3,OCNT-2308647,CYP2D6,4.29210171,4.01620825,4.47437325,5.028994633333333,-0.7368929233333334
development_oof,3,OCNT-2308660,CYP2D6,4.824518455,4.442275,5.251365,4.6641729666666665,0.16034548833333329
development_oof,3,OCNT-2308666,CYP2D6,4.223028345,3.69114025,4.3996825,4.611537273333333,-0.3885089283333327
development_oof,3,OCNT-2308667,CYP2C9,3.55747492,2.90824425,4.143084,3.544084626666667,0.013390293333333414
development_oof,3,OCNT-2308667,CYP3A4,2.715260445,1.14188125,3.7672615,2.9798550133333337,-0.2645945683333335
development_oof,3,OCNT-2308684,CYP2D6,4.678832895,4.47047125,5.00692425,4.64435538,0.03447751499999985
development_oof,3,OCNT-2308684,CYP3A4,5.639553692,5.5830945,5.69581175,4.690835946666667,0.9487177453333331
development_oof,3,OCNT-2308689,CYP3A4,3.717727417,3.26290975,4.0602945,3.8322707866666663,-0.11454336966666645
development_oof,3,OCNT-2308695,CYP3A4,2.527693255,1.11024575,3.796304,3.56939634,-1.041703085
development_oof,3,OCNT-2308706,CYP2C9,3.925035008,3.35069125,4.67166775,4.578202559999999,-0.6531675519999993
development_oof,3,OCNT-2308724,CYP2D6,4.683762397,4.51847975,4.92571825,4.367799433333333,0.3159629636666663
development_oof,3,OCNT-2308740,CYP1A2,5.235968535,5.05392925,5.3980015,4.81467614,0.42129239499999915
development_oof,3,OCNT-2308759,CYP3A4,5.646787395,5.589048,5.70228375,4.54277866,1.1040087349999999
development_oof,3,OCNT-2308782,CYP2D6,5.8092887,5.710294,5.9217615,5.229179546666667,0.5801091533333329
development_oof,3,OCNT-2308818,CYP2C9,5.530375613,5.4309995,5.62804075,5.048274933333333,0.4821006796666669
development_oof,3,OCNT-2308818,CYP2D6,6.9427113,6.83652375,7.04717925,4.827125113333333,2.1155861866666674
development_oof,3,OCNT-2308822,CYP2C9,4.027627188,3.59179425,4.65725975,4.290798093333333,-0.2631709053333324
development_oof,3,OCNT-2308822,CYP3A4,2.898475525,1.1593325,3.843847,3.8534979666666667,-0.9550224416666668
development_oof,3,OCNT-2308842,CYP2C9,4.208911465,3.80795675,4.7008915,4.827945546666667,-0.6190340816666673
development_oof,3,OCNT-2308852,CYP3A4,4.739666975,4.623649,4.92305,3.43983214,1.2998348349999995
development_oof,3,OCNT-2308854,CYP1A2,5.307070495,5.1411185,5.459531,5.2334559333333335,0.07361456166666613
development_oof,3,OCNT-2308854,CYP2D6,4.815805045,4.64925425,5.00461975,4.5874290066666665,0.22837603833333375
development_oof,3,OCNT-2308859,CYP1A2,5.676891138,5.57568125,5.761828,5.092432846666666,0.584458291333334
development_oof,3,OCNT-2308871,CYP1A2,5.284392625,5.15024725,5.38431725,5.179022593333334,0.10537003166666548
development_oof,3,OCNT-2308876,CYP3A4,4.282762248,4.168686,4.4144465,3.589188586666667,0.6935736613333332
development_oof,3,OCNT-2308894,CYP3A4,1.963648993,1.0446035,3.15229,3.9103755466666668,-1.9467265536666667
development_oof,3,OCNT-2308905,CYP1A2,4.857112792,4.6806405,5.017722,5.2441567933333335,-0.38704400133333383
development_oof,3,OCNT-2308918,CYP1A2,5.307835752,5.125083,5.43446075,5.102631533333334,0.20520421866666627
development_oof,3,OCNT-2308954,CYP2D6,4.59730531,4.4479,4.79658975,4.31322028,0.28408502999999996
development_oof,3,OCNT-2308958,CYP1A2,5.08100234,4.92447975,5.22175075,4.6835191,0.39748324000000057
development_oof,3,OCNT-2308964,CYP2C9,4.784567685,4.60322175,4.96942175,5.119191673333335,-0.33462398833333484
development_oof,3,OCNT-2308964,CYP3A4,4.78983324,4.7116675,4.893073,5.01357814,-0.2237448999999998
development_oof,3,OCNT-2308971,CYP1A2,5.017242875,4.74436725,5.30830125,4.551135246666667,0.46610762833333297
development_oof,3,OCNT-2308971,CYP2D6,3.763564688,1.64188525,4.2228855,4.580256533333333,-0.8166918453333332
development_oof,3,OCNT-2308997,CYP2C9,5.454204218,5.28290275,5.6183015,5.4200144533333345,0.03418976466666557
development_oof,3,OCNT-2308997,CYP3A4,5.470328972,5.41403775,5.52576125,5.49688078,-0.026551807999999788
development_oof,3,OCNT-2309019,CYP3A4,4.970041317,4.9164615,5.02525275,4.02894156,0.9410997569999999
development_oof,3,OCNT-2309026,CYP2C9,4.147305688,3.8061255,4.5176965,3.8944135733333334,0.25289211466666695
development_oof,3,OCNT-2309040,CYP1A2,5.328568543,5.116306,5.455435,5.520864173333334,-0.19229563033333363
development_oof,3,OCNT-2309093,CYP1A2,5.021856983,4.8676765,5.148082,5.307895960000001,-0.28603897700000047
development_oof,3,OCNT-2309101,CYP2C9,4.325389643,3.91883825,4.8775305,4.191489079999999,0.13390056300000097
development_oof,3,OCNT-2309101,CYP2D6,4.351744877,4.1911335,4.485934,4.612584026666667,-0.2608391496666673
development_oof,3,OCNT-2309109,CYP1A2,4.923873225,4.72829125,5.08126075,5.494131193333334,-0.5702579683333333
development_oof,3,OCNT-2309109,CYP2D6,6.39092459,6.22097925,6.5820975,5.348614826666667,1.042309763333333
development_oof,3,OCNT-2309126,CYP1A2,3.40651477,2.30536875,4.02072825,4.05037438,-0.6438596100000002
development_oof,3,OCNT-2309134,CYP3A4,2.029039945,1.05322825,3.20059625,3.54949992,-1.520459975
development_oof,3,OCNT-2309151,CYP3A4,4.415683742,4.283125,4.576443,4.053763353333332,0.3619203886666673
development_oof,3,OCNT-2309191,CYP2C9,3.988112035,3.5901415,4.461056,4.25868152,-0.2705694849999998
development_oof,3,OCNT-2309191,CYP3A4,4.187814177,4.01843475,4.36702575,3.938435226666667,0.24937895033333302
development_oof,3,OCNT-2309196,CYP2C9,5.164130532,4.97663475,5.33000575,4.61295746,0.5511730720000001
development_oof,3,OCNT-2309196,CYP3A4,5.43996689,5.37394825,5.5114565,4.268656013333333,1.1713108766666673
development_oof,3,OCNT-2309209,CYP3A4,4.248313008,4.11467525,4.391314,4.200676606666667,0.04763640133333347
development_oof,3,OCNT-2309234,CYP3A4,3.836663758,3.4854695,4.12341475,4.3314140466666675,-0.4947502886666677
development_oof,3,OCNT-2309248,CYP2C9,4.248697972,3.90114425,4.7223635,4.9257036266666665,-0.6770056546666661
development_oof,3,OCNT-2309248,CYP3A4,4.76428286,4.6195865,5.02273475,4.680135866666666,0.08414699333333342
development_oof,3,OCNT-2309265,CYP1A2,4.013291025,3.57920475,4.5866455,4.656604,-0.6433129749999997
development_oof,3,OCNT-2309265,CYP2D6,4.820187105,4.6535995,5.00152175,4.9125006933333335,-0.09231358833333392
development_oof,3,OCNT-2309265,CYP3A4,5.188347138,5.07609725,5.3255015,4.215673626666667,0.9726735113333334
development_oof,3,OCNT-2309268,CYP2C9,2.842445043,1.19311975,3.8897525,3.65148134,-0.809036297
development_oof,3,OCNT-2309274,CYP3A4,5.26182954,5.188612,5.3405745,4.394686046666667,0.8671434933333328
development_oof,3,OCNT-2309277,CYP1A2,6.30727257,6.2317785,6.38142125,5.675826006666666,0.6314465633333342
development_oof,3,OCNT-2309277,CYP2D6,5.322218073,5.25845975,5.39695075,4.571340926666667,0.750877146333333
development_oof,3,OCNT-2309280,CYP2C9,4.797539432,4.63191375,4.96157175,4.292523113333333,0.5050163186666667
development_oof,3,OCNT-2309294,CYP3A4,2.099843542,1.0484525,3.21875575,3.65024876,-1.5504052180000003
development_oof,3,OCNT-2309303,CYP3A4,4.869078457,4.779316,4.97421,4.186161873333334,0.6829165836666657
development_oof,3,OCNT-2309326,CYP2C9,3.812474378,3.1593845,4.33200225,4.581615726666667,-0.7691413486666665
development_oof,3,OCNT-2309338,CYP2D6,4.517929203,4.40593875,4.67874525,5.3436874,-0.8257581970000007
development_oof,3,OCNT-2309340,CYP3A4,1.987554438,1.05147225,3.17384975,3.4759559,-1.4884014620000001
development_oof,3,OCNT-2309398,CYP2D6,4.5833125,4.4707305,4.72958175,5.022201473333333,-0.43888897333333343
development_oof,3,OCNT-2309399,CYP1A2,2.632390405,1.14198775,3.76608275,4.6132140999999995,-1.9808236949999993
development_oof,3,OCNT-2309399,CYP3A4,4.944421005,4.8487395,5.059343,4.455637813333333,0.4887831916666663
development_oof,3,OCNT-2309418,CYP3A4,4.681046027,4.602028,4.7936925,4.539166993333334,0.1418790336666662
development_oof,3,OCNT-2309426,CYP3A4,2.579478153,1.10339175,3.79649625,3.790706113333333,-1.211227960333333
development_oof,3,OCNT-2309447,CYP2D6,2.003072748,1.04689075,3.31583175,4.459604686666667,-2.456531938666667
development_oof,3,OCNT-2309448,CYP1A2,5.825900875,5.72293525,5.92187175,5.141499173333332,0.6844017016666681
development_oof,3,OCNT-2309448,CYP2D6,4.57077991,4.373799,4.8704155,4.971782953333333,-0.4010030433333336
development_oof,3,OCNT-2309451,CYP3A4,2.024431085,1.0514275,3.35286475,3.684779853333333,-1.6603487683333333
development_oof,3,OCNT-2309458,CYP1A2,5.260399738,5.0996855,5.4405665,4.876351786666667,0.3840479513333337
development_oof,3,OCNT-2309458,CYP2C9,4.3898646,4.08489525,4.789204,4.707084453333334,-0.31721985333333347
development_oof,3,OCNT-2309498,CYP2C9,2.646331262,1.110473,3.83774725,4.13003524,-1.4837039779999999
development_oof,3,OCNT-2309502,CYP1A2,5.15856721,5.028146,5.2581715,4.97803622,0.18053099000000028
development_oof,3,OCNT-2309502,CYP2C9,5.343503555,5.2152895,5.44797425,4.9935116,0.34999195500000013
development_oof,3,OCNT-2309502,CYP2D6,3.393216993,1.22723475,4.22780225,4.6085085800000005,-1.2152915870000007
development_oof,3,OCNT-2309502,CYP3A4,4.923353468,4.86592775,4.9826445,4.827924873333333,0.09542859466666709
development_oof,3,OCNT-2309505,CYP2D6,4.2697782,4.0737325,4.38665075,4.803323006666667,-0.5335448066666668
development_oof,3,OCNT-2309505,CYP3A4,5.664234612,5.503815,5.79707475,4.297505259999999,1.3667293520000001
development_oof,3,OCNT-2309506,CYP2C9,4.671211872,4.252185,5.056637,4.27252602,0.39868585199999984
development_oof,3,OCNT-2309506,CYP3A4,4.526692223,4.4006,4.7439415,3.76062938,0.7660628430000003
development_oof,3,OCNT-2309560,CYP2C9,3.812051542,3.243241,4.304566,4.241461533333334,-0.42940999133333424
development_oof,3,OCNT-2309560,CYP3A4,3.823460068,3.478051,4.112515,3.7367520266666667,0.08670804133333343
development_oof,3,OCNT-2309567,CYP2D6,5.088273115,4.9996775,5.26171375,4.98931316,0.09895995499999977
development_oof,3,OCNT-2309567,CYP3A4,5.865022967,5.77174925,5.9604735,4.852560793333334,1.0124621736666661
development_oof,3,OCNT-2309578,CYP2D6,3.852292495,1.57018275,4.2766105,4.880132633333334,-1.027840138333334
development_oof,3,OCNT-2309578,CYP3A4,4.731289415,4.6467695,4.85928825,4.799974246666666,-0.06868483166666639
development_oof,3,OCNT-2309582,CYP2D6,5.067188322,4.89221725,5.21774425,4.89639912,0.17078920199999992
development_oof,3,OCNT-2309589,CYP2D6,4.379761063,4.19048925,4.53769875,4.712677186666666,-0.33291612366666623
development_oof,3,OCNT-2309597,CYP1A2,3.614950857,2.8224475,4.10347025,4.9283922066666666,-1.3134413496666664
development_oof,3,OCNT-2309597,CYP3A4,2.090999372,1.060779,3.218642,3.9385146266666666,-1.8475152546666664
development_oof,3,OCNT-2309605,CYP2C9,5.05363151,4.79861975,5.25643675,4.723390313333333,0.33024119666666696
development_oof,3,OCNT-2309606,CYP3A4,5.182924228,5.09444875,5.265923,4.389161039999999,0.7937631880000007
development_oof,3,OCNT-2309623,CYP1A2,3.774960395,3.23177225,4.2405265,4.719005553333334,-0.944045158333334
development_oof,3,OCNT-2309623,CYP2C9,4.21996418,3.87800325,4.69289075,4.565181633333333,-0.3452174533333334
development_oof,3,OCNT-2309646,CYP2D6,4.56322221,4.459739,4.697915,4.75482944,-0.1916072299999998
development_oof,3,OCNT-2309658,CYP1A2,4.17323028,3.74140025,4.92843125,4.960389573333333,-0.7871592933333327
development_oof,3,OCNT-2309676,CYP2D6,4.456160227,4.314292,4.626734,4.62185034,-0.16569011300000014
development_oof,3,OCNT-2309676,CYP3A4,4.39705679,4.24455025,4.6822245,3.681223093333333,0.7158336966666665
development_oof,3,OCNT-2309699,CYP2D6,4.526403688,4.45365075,4.62319175,4.775665026666666,-0.249261338666666
development_oof,3,OCNT-2309704,CYP2C9,5.598367158,5.400153,5.7586785,4.31872496,1.2796421980000003
development_oof,3,OCNT-2309704,CYP3A4,3.612767242,3.0227205,4.04084675,3.7606166266666667,-0.14784938466666686
development_oof,3,OCNT-2309715,CYP3A4,4.55709736,4.4798625,4.66526175,3.5124969933333334,1.0446003666666668
development_oof,3,OCNT-2309747,CYP3A4,4.68190131,4.613869,4.78087875,4.858162739999999,-0.17626142999999939
development_oof,3,OCNT-2309752,CYP1A2,4.53786015,3.9402555,5.30930775,5.2300400400000004,-0.6921798900000002
development_oof,3,OCNT-2309752,CYP2D6,5.17905231,5.11775825,5.2411005,4.708046993333333,0.471005316666667
development_oof,3,OCNT-2309758,CYP1A2,5.412610013,5.3261795,5.50155,5.275286960000001,0.13732305299999936
development_oof,3,OCNT-2309758,CYP2D6,4.817660003,4.64582575,4.99775275,5.115785439999999,-0.2981254369999986
development_oof,3,OCNT-2309768,CYP3A4,2.091183545,1.0627245,3.20673625,3.439752646666667,-1.348569101666667
development_oof,3,OCNT-2309804,CYP1A2,4.593093738,4.264139,5.03676625,4.861540946666667,-0.26844720866666627
development_oof,3,OCNT-2309804,CYP2C9,4.753069685,4.4574035,5.0484875,4.487193593333333,0.2658760916666667
development_oof,3,OCNT-2309804,CYP2D6,4.77042854,4.5763185,4.9986815,4.9114358,-0.1410072599999994
development_oof,3,OCNT-2309871,CYP1A2,5.852009543,5.6898695,5.991091,4.779822993333333,1.0721865496666672
development_oof,3,OCNT-2309871,CYP2D6,5.25134928,5.09479975,5.370016,4.413831253333334,0.8375180266666664
development_oof,3,OCNT-2309873,CYP3A4,2.829589687,1.2254075,3.814253,4.333815806666666,-1.5042261196666664
development_oof,3,OCNT-2309880,CYP2D6,4.329587508,4.2210555,4.42775425,4.102995286666666,0.226592221333334
development_oof,3,OCNT-2309882,CYP3A4,3.669333762,3.3062205,4.03171675,4.373273373333333,-0.7039396113333334
development_oof,3,OCNT-2309896,CYP3A4,5.32587753,5.276297,5.3742865,4.710764506666666,0.6151130233333335
development_oof,3,OCNT-2309920,CYP3A4,4.722611342,4.607534,4.919801,4.723919146666666,-0.0013078046666654686
development_oof,3,OCNT-2309926,CYP2C9,3.953398422,3.53484475,4.45910475,4.557543686666667,-0.6041452646666676
development_oof,3,OCNT-2309942,CYP2D6,5.80017892,5.6792895,5.919119,5.0911378066666675,0.7090411133333321
development_oof,3,OCNT-2309950,CYP1A2,5.480999648,5.372205,5.5872185,5.309231680000001,0.17176796799999927
development_oof,3,OCNT-2309955,CYP3A4,3.94284675,3.592053,4.174245,3.616015406666667,0.3268313433333332
development_oof,3,OCNT-2309973,CYP2D6,6.112826623,5.9845895,6.2334225,5.297184026666667,0.8156425963333334
development_oof,3,OCNT-2309981,CYP1A2,5.127732293,5.0119835,5.22346075,4.7712052,0.3565270930000004
development_oof,3,OCNT-2309987,CYP2D6,6.246195765,6.10779375,6.39273375,5.047999366666667,1.1981963983333337
development_oof,3,OCNT-2310043,CYP3A4,3.751983045,3.112535,4.10101225,3.724425186666667,0.027557858333332685
development_oof,3,OCNT-2310046,CYP1A2,4.89550261,4.7069005,5.09397175,4.837865333333333,0.05763727666666707
development_oof,3,OCNT-2310052,CYP3A4,4.517411932,4.43618875,4.6719475,4.499495106666666,0.01791682533333372
development_oof,3,OCNT-2310055,CYP1A2,5.319163178,5.16243525,5.4531745,5.20774254,0.11142063800000024
development_oof,3,OCNT-2310056,CYP3A4,4.994229285,4.8926265,5.12741225,4.13692256,0.8573067249999999
development_oof,3,OCNT-2310085,CYP2C9,3.567687048,2.535184,4.09249525,4.2166341266666665,-0.6489470786666667
development_oof,3,OCNT-2310088,CYP1A2,5.749697375,5.65747925,5.84186325,5.461192186666667,0.2885051883333336
development_oof,3,OCNT-2310088,CYP2D6,4.64539815,4.56107925,4.75258225,4.614948193333333,0.030449956666666722
development_oof,3,OCNT-2310094,CYP1A2,4.625363453,4.3915625,4.9263205,5.002784853333333,-0.3774214003333327
development_oof,3,OCNT-2310110,CYP1A2,3.754456368,3.23498925,4.23309,4.4190458800000005,-0.6645895120000005
development_oof,3,OCNT-2310115,CYP1A2,4.944019035,4.76002675,5.11469125,4.841198613333335,0.1028204216666655
development_oof,3,OCNT-2310156,CYP2C9,4.35634348,4.108044,4.70506125,4.329619166666666,0.02672431333333325
development_oof,3,OCNT-2310157,CYP2C9,4.386116125,4.126378,4.7614805,4.00492484,0.3811912849999999
development_oof,3,OCNT-2310181,CYP1A2,5.464100948,5.37307075,5.552534,3.94486746,1.5192334879999994
development_oof,3,OCNT-2310191,CYP3A4,2.141555135,1.06282425,3.22207825,3.594635853333334,-1.453080718333334
development_oof,3,OCNT-2310192,CYP3A4,2.13248211,1.05528175,3.499787,3.1265486666666673,-0.9940665566666671
development_oof,3,OCNT-2310193,CYP2D6,4.493461017,4.40940775,4.60850075,4.865152993333334,-0.3716919763333344
development_oof,3,OCNT-2310201,CYP1A2,2.82204377,1.16269175,3.8568105,5.16076336,-2.3387195899999997
development_oof,3,OCNT-2310201,CYP2C9,4.297972452,4.0557085,4.60964575,4.9796243,-0.6816518480000004
development_oof,3,OCNT-2310201,CYP2D6,5.075189547,4.86691025,5.2497005,4.862566180000001,0.21262336699999906
development_oof,3,OCNT-2310222,CYP2D6,2.040247085,1.05291675,3.42606025,4.586851666666666,-2.5466045816666663
development_oof,3,OCNT-2310241,CYP2C9,3.088512475,1.31046375,3.99759225,4.353665353333334,-1.2651528783333337
development_oof,3,OCNT-2310248,CYP3A4,4.112927565,3.905281,4.33441525,4.0219440466666665,0.09098351833333318
development_oof,3,OCNT-2310250,CYP1A2,6.15710088,6.067354,6.24594525,5.559352339999999,0.5977485400000004
development_oof,3,OCNT-2310250,CYP2C9,6.342312325,6.2320395,6.4522545,5.391752113333333,0.9505602116666667
development_oof,3,OCNT-2310250,CYP2D6,4.515868185,4.4367365,4.62943075,4.704539453333334,-0.18867126833333359
development_oof,3,OCNT-2310250,CYP3A4,5.719062883,5.66679875,5.76962175,5.186191833333334,0.5328710496666664
development_oof,3,OCNT-2310258,CYP1A2,5.216356323,5.0263445,5.37072525,5.660282193333333,-0.44392587033333264
development_oof,3,OCNT-2310258,CYP2D6,2.26047958,1.08036425,3.671883,4.671213806666667,-2.4107342266666665
development_oof,3,OCNT-2310265,CYP3A4,2.871120612,1.1573715,3.850136,3.8833322933333334,-1.0122116813333335
development_oof,3,OCNT-2310269,CYP2C9,4.681246973,4.54375725,4.838001,4.3942896466666665,0.2869573263333338
development_oof,3,OCNT-2310310,CYP2D6,5.851700248,5.7384815,5.96993475,5.218973386666667,0.6327268613333334
development_oof,3,OCNT-2310312,CYP2D6,5.550957415,5.4732895,5.63709775,4.3981958599999995,1.1527615550000005
development_oof,3,OCNT-2310319,CYP3A4,4.696104287,4.616808,4.8143215,4.831414213333334,-0.13530992633333394
development_oof,3,OCNT-2310345,CYP1A2,5.482208025,5.36107325,5.5865335,5.038171500000001,0.44403652499999957
development_oof,3,OCNT-2310350,CYP2C9,3.763350552,3.27519275,4.246743,4.329571499999999,-0.5662209479999993
development_oof,3,OCNT-2310350,CYP3A4,2.610752995,1.11972475,3.68852675,3.9258395999999998,-1.3150866049999999
development_oof,3,OCNT-2310383,CYP3A4,2.509015773,1.103172,3.743152,3.8217513333333337,-1.312735560333334
development_oof,3,OCNT-2310387,CYP2C9,3.661552883,3.01890775,4.16906125,4.349308506666667,-0.6877556236666664
development_oof,3,OCNT-2310416,CYP2C9,5.173976338,4.944562,5.391857,4.6947773066666665,0.47919903133333364
development_oof,3,OCNT-2310417,CYP2D6,4.807962778,4.68977475,4.9358645,4.580576086666666,0.22738669133333467
development_oof,3,OCNT-2310421,CYP2C9,4.497818115,4.20307825,4.887187,4.5487075133333335,-0.05088939833333317
development_oof,3,OCNT-2310421,CYP3A4,2.509168762,1.09429925,3.71040375,4.116685306666667,-1.6075165446666668
development_oof,3,OCNT-2310423,CYP1A2,3.659686757,3.06325,4.27551875,4.946057893333334,-1.2863711363333343
development_oof,3,OCNT-2310423,CYP2C9,5.016338057,4.83145925,5.19294025,4.81521582,0.20112223699999987
development_oof,3,OCNT-2310431,CYP2C9,4.808180555,4.5400705,5.073931,4.566228873333333,0.24195168166666647
development_oof,3,OCNT-2310431,CYP3A4,4.785578425,4.696714,4.910719,4.10514206,0.6804363649999994
development_oof,3,OCNT-2310438,CYP3A4,3.853686657,3.5186185,4.13420575,3.9879729,-0.13428624300000003
development_oof,3,OCNT-2310447,CYP1A2,5.569518247,5.443747,5.68203775,5.146577793333334,0.42294045366666655
development_oof,3,OCNT-2310447,CYP2D6,5.852477645,5.7493195,5.95391075,4.4491585266666664,1.4033191183333331
development_oof,3,OCNT-2310453,CYP2D6,4.211133418,3.87921475,4.36939325,5.33366758,-1.122534162
development_oof,3,OCNT-2310461,CYP3A4,2.224645945,1.076657,3.2338575,4.324293333333333,-2.0996473883333335
development_oof,3,OCNT-2310499,CYP3A4,4.03235718,3.74778475,4.32634625,4.107678493333333,-0.07532131333333325
development_oof,3,OCNT-2310515,CYP2C9,4.885998127,4.63585025,5.12767275,4.75554774,0.13045038699999978
development_oof,3,OCNT-2310515,CYP3A4,5.0718178,4.890819,5.181692,4.640044673333334,0.43177312666666623
development_oof,3,OCNT-2310519,CYP3A4,2.035744302,1.05883375,3.20319175,3.2150366266666666,-1.1792923246666667
development_oof,3,OCNT-2310589,CYP1A2,2.216016635,1.0635055,3.5923915,4.883394366666667,-2.667377731666667
development_oof,3,OCNT-2310603,CYP3A4,3.4456522,1.86241775,3.99990775,3.6365258799999998,-0.1908736799999997
development_oof,3,OCNT-2310615,CYP3A4,3.208682465,1.93330925,3.849942,3.98397004,-0.7752875750000001
development_oof,3,OCNT-2310639,CYP2D6,5.842200027,5.72112375,5.96162575,4.87156362,0.9706364069999998
development_oof,3,OCNT-2310640,CYP3A4,2.88122542,1.22780475,3.8749345,3.8696223333333335,-0.9883969133333337
development_oof,3,OCNT-2310653,CYP3A4,2.121280367,1.04592275,3.20392125,2.8336443066666663,-0.7123639396666666
development_oof,3,OCNT-2310674,CYP1A2,4.940760365,4.7410075,5.140617,4.94849486,-0.00773449500000023
development_oof,3,OCNT-2310689,CYP2C9,5.66511761,5.4112625,5.839444,4.889394293333334,0.7757233166666664
development_oof,3,OCNT-2310727,CYP2C9,5.400428583,5.29847175,5.50112975,5.098450453333333,0.3019781296666668
development_oof,3,OCNT-2310751,CYP1A2,3.4110217,2.1072145,4.029117,4.975545173333333,-1.5645234733333329
development_oof,3,OCNT-2310757,CYP2D6,4.335170543,4.18648325,4.47484875,4.738590226666667,-0.4034196836666668
development_oof,3,OCNT-2310764,CYP1A2,4.384629138,4.14472225,4.6996215,4.727696140000001,-0.3430670020000006
development_oof,3,OCNT-2310764,CYP2C9,4.982965595,4.73647125,5.21132075,4.61482864,0.36813695499999977
development_oof,3,OCNT-2310764,CYP3A4,4.30025153,4.18177975,4.4520835,4.43453106,-0.1342795300000006
development_oof,3,OCNT-2310785,CYP1A2,5.972145937,5.885449,6.06039025,5.457094326666667,0.5150516103333329
development_oof,3,OCNT-2310785,CYP2D6,6.605198795,6.4806065,6.73562975,4.410230553333333,2.1949682416666665
development_oof,3,OCNT-2310798,CYP1A2,4.101697635,3.7479125,4.6001025,4.698938206666666,-0.5972405716666662
development_oof,3,OCNT-2310798,CYP2C9,4.564030705,4.305728,4.87059775,4.58462974,-0.020599034999999155
development_oof,3,OCNT-2310798,CYP3A4,4.605632335,4.4971045,4.76639125,4.434292246666667,0.17134008833333336
development_oof,3,OCNT-2310813,CYP2C9,3.87244032,3.413579,4.36198625,4.114697893333334,-0.2422575733333341
development_oof,3,OCNT-2310813,CYP3A4,4.230479823,4.09691475,4.3905385,3.7241913133333333,0.5062885096666663
development_oof,3,OCNT-2310823,CYP3A4,3.206591363,1.80385175,3.88065375,3.516645846666666,-0.3100544836666663
development_oof,3,OCNT-2310825,CYP1A2,4.53820148,4.258527,4.961812,5.06839654,-0.5301950600000005
development_oof,3,OCNT-2310831,CYP1A2,3.170170773,1.2189225,4.027455,4.517132586666667,-1.3469618136666672
development_oof,3,OCNT-2310831,CYP3A4,5.22367581,5.16224425,5.29020175,4.041277559999999,1.1823982500000003
development_oof,3,OCNT-2310868,CYP2C9,4.747596567,4.54595075,4.99467225,4.293510553333333,0.4540860136666671
development_oof,3,OCNT-2310868,CYP3A4,4.08054416,3.8492025,4.31912525,3.9447424866666667,0.13580167333333293
development_oof,3,OCNT-2310875,CYP2D6,4.357701845,4.1794555,4.52332725,4.896286946666667,-0.5385851016666665
development_oof,3,OCNT-2310884,CYP1A2,5.150444082,5.003286,5.27019775,5.184194173333333,-0.03375009133333329
development_oof,3,OCNT-2310884,CYP2D6,2.086863875,1.047548,3.457974,5.213672533333333,-3.1268086583333328
development_oof,3,OCNT-2310899,CYP2C9,4.514806463,4.34089125,4.73753825,4.300349666666667,0.2144567963333328
development_oof,3,OCNT-2310899,CYP3A4,5.14142942,5.0989185,5.18622775,4.076147833333333,1.065281586666667
development_oof,3,OCNT-2310923,CYP1A2,5.323121803,5.203787,5.42451275,5.135151306666667,0.18797049633333351
development_oof,3,OCNT-2310927,CYP2C9,4.584957825,4.26361725,4.96294025,4.685522653333333,-0.10056482833333291
development_oof,3,OCNT-2310927,CYP3A4,4.532240928,4.44929275,4.65929125,4.383823206666667,0.14841772133333286
development_oof,3,OCNT-2310928,CYP3A4,3.966478497,3.68029525,4.1861025,4.54295748,-0.5764789829999999
development_oof,3,OCNT-2310949,CYP2D6,4.49104167,4.37898675,4.6397615,4.702825860000001,-0.21178419000000037
development_oof,3,OCNT-2310953,CYP1A2,4.204215843,3.90944125,4.62933625,5.14783148,-0.9436156369999997
development_oof,3,OCNT-2310953,CYP2C9,5.86185706,5.744271,5.97731575,5.150312553333333,0.7115445066666668
development_oof,3,OCNT-2310953,CYP3A4,5.87039775,5.8175595,5.92514325,4.91098846,0.95940929
development_oof,3,OCNT-2310978,CYP1A2,6.124094282,6.03159525,6.21656075,5.1420076266666666,0.9820866553333332
development_oof,3,OCNT-2310978,CYP2D6,4.165824145,3.428485,4.38526275,4.751063293333333,-0.5852391483333328
development_oof,3,OCNT-2310981,CYP1A2,5.367563265,5.26531725,5.46186125,5.214804280000001,0.1527589849999993
development_oof,3,OCNT-2310981,CYP2D6,4.141625582,2.284596,4.50466875,5.019600893333333,-0.8779753113333335
development_oof,3,OCNT-2310986,CYP1A2,6.182241923,6.08786875,6.28309575,4.739031246666667,1.443210676333333
development_oof,3,OCNT-2310988,CYP1A2,5.26948247,5.115299,5.3995325,5.376146693333333,-0.10666422333333347
development_oof,3,OCNT-2310988,CYP2D6,5.39853003,5.2827445,5.5150105,4.636537720000001,0.7619923099999992
development_oof,3,OCNT-2310988,CYP3A4,7.186665953,7.11701925,7.2633325,4.852405513333333,2.334260439666667
development_oof,3,OCNT-2311017,CYP1A2,5.157979098,4.9924455,5.288639,4.768832826666666,0.3891462713333338
development_oof,3,OCNT-2311032,CYP1A2,3.67292722,3.0571735,4.18513975,5.012753973333334,-1.339826753333334
development_oof,3,OCNT-2311032,CYP3A4,5.19111785,5.12105875,5.26951225,4.702356153333334,0.4887616966666668
development_oof,3,OCNT-2311061,CYP1A2,5.888317802,5.72490975,6.05835775,5.066683693333333,0.8216341086666672
development_oof,3,OCNT-2311064,CYP2C9,4.63694511,4.37800625,4.9501065,4.82198924,-0.18504412999999964
development_oof,3,OCNT-2311087,CYP3A4,4.020250362,3.75322225,4.198981,3.3115225933333337,0.708727768666666
development_oof,3,OCNT-2311097,CYP3A4,4.69557903,4.58886675,4.8756775,4.25036594,0.4452130900000002
development_oof,3,OCNT-2311123,CYP1A2,5.943869013,5.83725025,6.044898,5.64951226,0.29435675299999975
development_oof,3,OCNT-2311123,CYP2D6,5.983926412,5.890374,6.0788425,4.8614099799999995,1.1225164320000003
development_oof,3,OCNT-2311154,CYP2C9,5.429136105,5.218013,5.609465,5.0626531,0.3664830050000001
development_oof,3,OCNT-2311155,CYP1A2,4.924306595,4.72222,5.14770425,5.613949073333333,-0.689642478333333
development_oof,3,OCNT-2311155,CYP2D6,4.254193955,4.00963,4.40671375,5.053346393333333,-0.7991524383333335
development_oof,3,OCNT-2311155,CYP3A4,4.945423975,4.88523875,5.00847375,5.0245035,-0.07907952500000004
development_oof,3,OCNT-2311197,CYP3A4,2.02771489,1.042755,3.1943125,3.1444569533333335,-1.1167420633333336
development_oof,3,OCNT-2311199,CYP3A4,3.277311865,1.90065125,3.932597,3.7009479,-0.4236360349999999
development_oof,3,OCNT-2311231,CYP2D6,5.506812425,5.42337375,5.5927155,4.966664833333334,0.540147591666666
development_oof,3,OCNT-2311251,CYP2D6,4.443785453,4.32770925,4.578668,5.32085034,-0.8770648869999995
development_oof,3,OCNT-2311278,CYP1A2,2.092768808,1.05108675,3.219697,4.178412420000001,-2.0856436120000006
development_oof,3,OCNT-2311287,CYP1A2,5.302354252,5.1715335,5.41102275,4.9440084466666665,0.35834580533333327
development_oof,3,OCNT-2311291,CYP3A4,4.25505698,4.08201675,4.52922525,4.00478856,0.25026842000000027
development_oof,3,OCNT-2311337,CYP3A4,2.119669222,1.05782325,3.52222325,2.6944265666666665,-0.5747573446666663
development_oof,3,OCNT-2311338,CYP1A2,3.803538005,3.34563225,4.32810225,4.763370593333333,-0.9598325883333327
development_oof,3,OCNT-2311344,CYP2D6,5.21643483,5.107443,5.3160525,5.072753526666666,0.1436813033333335
development_oof,3,OCNT-2311370,CYP1A2,5.02688439,4.807038,5.23468125,4.3839603799999995,0.6429240100000007
development_oof,3,OCNT-2311372,CYP1A2,3.944094957,3.541428,4.430471,4.584292526666667,-0.6401975696666673
development_oof,3,OCNT-2311376,CYP1A2,6.016780778,5.93765375,6.10424925,4.645085073333333,1.3716957046666671
development_oof,3,OCNT-2311376,CYP2C9,5.096937387,4.850891,5.30646025,4.486223006666667,0.6107143803333326
development_oof,3,OCNT-2311376,CYP3A4,4.95506759,4.810319,5.147977,4.111811973333333,0.8432556166666663
development_oof,3,OCNT-2311403,CYP1A2,6.383690562,6.29918525,6.47078425,4.903228386666666,1.4804621753333338
development_oof,3,OCNT-2311403,CYP3A4,4.494065735,4.4100855,4.65055375,4.526269126666667,-0.03220339166666619
development_oof,3,OCNT-2311414,CYP2D6,4.303242915,4.06883075,4.495201,5.120017253333333,-0.8167743383333326
development_oof,3,OCNT-2311437,CYP2C9,5.633674883,5.4998245,5.75910625,5.0630554466666675,0.5706194363333328
development_oof,3,OCNT-2311437,CYP3A4,5.39512529,5.34912825,5.438703,4.810095479999999,0.5850298100000009
development_oof,3,OCNT-2311461,CYP3A4,4.197104865,4.04109975,4.39972925,3.894460713333333,0.30264415166666714
development_oof,3,OCNT-2311489,CYP3A4,2.22195716,1.0805775,3.240013,3.8544868666666665,-1.6325297066666664
development_oof,3,OCNT-2311500,CYP2C9,4.589387173,4.3004975,4.9457715,4.59653864,-0.007151466999999911
development_oof,3,OCNT-2311500,CYP3A4,4.425468122,4.344016,4.5703845,4.102467726666666,0.3230003953333336
development_oof,3,OCNT-2311542,CYP1A2,2.542144535,1.09209275,3.8358955,3.8455100466666665,-1.3033655116666667
development_oof,3,OCNT-2311554,CYP1A2,4.629156713,4.3869395,4.9457885,5.037740520000001,-0.4085838070000003
development_oof,3,OCNT-2311554,CYP2C9,5.026781045,4.83620575,5.177148,4.712074213333333,0.31470683166666724
development_oof,3,OCNT-2311554,CYP2D6,4.706182072,4.61257875,4.8108505,4.625894926666667,0.08028714533333314
development_oof,3,OCNT-2311592,CYP1A2,5.68807669,5.55766575,5.8093045,5.364509979999999,0.3235667100000006
development_oof,3,OCNT-2311606,CYP2D6,5.3241989,5.20666975,5.43459975,5.166513973333333,0.15768492666666667
development_oof,3,OCNT-2311617,CYP2D6,5.19713493,5.0626515,5.31216875,5.323597413333333,-0.12646248333333343
development_oof,3,OCNT-2311627,CYP2C9,5.514301253,5.3940265,5.62596075,4.916605133333333,0.5976961196666668
development_oof,3,OCNT-2311629,CYP1A2,5.91036869,5.60307825,6.17823725,5.3889999,0.5213687900000004
development_oof,3,OCNT-2311633,CYP2C9,4.208689383,3.904415,4.5586545,4.35406036,-0.1453709769999998
development_oof,3,OCNT-2311644,CYP1A2,5.241190032,5.05998975,5.39102325,5.395254899999999,-0.15406486799999897
development_oof,3,OCNT-2311656,CYP3A4,3.88967099,3.56598875,4.148008,4.224834526666667,-0.3351635366666672
development_oof,3,OCNT-2311661,CYP1A2,5.844798747,5.72407575,5.9665755,5.039746859999999,0.8050518870000003
development_oof,3,OCNT-2311661,CYP2D6,5.45955592,5.30697475,5.59031475,5.182830413333333,0.27672550666666673
development_oof,3,OCNT-2311663,CYP2C9,2.65617213,1.1136525,3.8710895,3.483497466666667,-0.8273253366666671
development_oof,3,OCNT-2311665,CYP3A4,4.69983508,4.57456875,4.91909425,3.7950348266666665,0.9048002533333332
development_oof,3,OCNT-2311683,CYP2D6,5.534866573,5.44217925,5.630083,4.8653907866666675,0.6694757863333329
development_oof,3,OCNT-2311686,CYP1A2,3.811814995,3.2906425,4.22289425,4.647593753333334,-0.8357787583333338
development_oof,3,OCNT-2311686,CYP2C9,4.230710503,3.95747675,4.55083825,4.644871973333333,-0.41416147033333317
development_oof,3,OCNT-2311722,CYP2C9,4.708787185,4.5147585,4.91976525,4.65058758,0.05819960500000043
development_oof,3,OCNT-2311722,CYP3A4,4.345515533,4.237835,4.482527,4.18461548,0.16090005300000065
development_oof,3,OCNT-2311726,CYP2C9,4.31545587,3.98476625,4.7811805,5.067074006666667,-0.751618136666667
development_oof,3,OCNT-2311730,CYP2C9,4.93694614,4.642458,5.182753,4.449721246666667,0.48722489333333296
development_oof,3,OCNT-2311756,CYP2C9,5.444827798,5.3417805,5.537711,4.68710034,0.7577274580000006
development_oof,3,OCNT-2311756,CYP3A4,5.120539805,5.05923625,5.18717775,4.301501133333334,0.8190386716666662
development_oof,3,OCNT-2311794,CYP1A2,3.733763167,3.15424075,4.1995055,5.035805633333334,-1.3020424663333339
development_oof,3,OCNT-2311800,CYP2C9,4.353083567,4.0167575,4.80029375,4.652381279999999,-0.29929771299999963
development_oof,3,OCNT-2311800,CYP2D6,4.589568837,4.46008175,4.80228125,5.17756602,-0.5879971830000006
development_oof,3,OCNT-2311800,CYP3A4,5.051168503,4.97037925,5.143601,4.574286486666668,0.4768820163333327
development_oof,3,OCNT-2311819,CYP3A4,6.050932363,5.76120525,6.29006225,4.790927026666666,1.2600053363333341
development_oof,3,OCNT-2311829,CYP3A4,2.11320451,1.05714925,3.221251,2.8559543266666667,-0.7427498166666666
development_oof,3,OCNT-2311830,CYP1A2,3.06206888,1.250663,3.8943605,3.968801486666666,-0.9067326066666661
development_oof,3,OCNT-2311830,CYP2C9,3.81301469,3.180727,4.1957505,3.718382626666666,0.09463206333333396
development_oof,3,OCNT-2311835,CYP2D6,6.507839188,6.42112475,6.59818175,5.21620368,1.2916355080000006
development_oof,3,OCNT-2311839,CYP1A2,6.190354858,6.09856575,6.28019725,4.910909073333334,1.2794457846666658
development_oof,3,OCNT-2311875,CYP2C9,3.665128688,2.89102075,4.121058,4.0463752600000005,-0.38124657200000067
development_oof,3,OCNT-2311875,CYP2D6,4.308425095,4.132307,4.48129275,4.944758233333333,-0.6363331383333337
development_oof,3,OCNT-2311892,CYP1A2,5.253644683,5.097059,5.38251725,5.56972678,-0.3160820969999998
development_oof,3,OCNT-2311897,CYP1A2,5.315708543,5.23521,5.3959305,5.1740313066666666,0.14167723633333384
development_oof,3,OCNT-2311899,CYP2D6,4.410097462,4.33161875,4.53170325,4.446663119999999,-0.03656565799999889
development_oof,3,OCNT-2311909,CYP2D6,4.849518635,4.70687875,4.97833625,5.171106386666667,-0.32158775166666675
development_oof,3,OCNT-2311925,CYP3A4,2.992970592,1.32930025,3.84169325,3.8453160266666666,-0.8523454346666668
development_oof,3,OCNT-2311984,CYP1A2,5.39711074,5.27321675,5.49914225,4.97421962,0.4228911199999992
development_oof,3,OCNT-2311984,CYP3A4,4.08936284,3.86542775,4.287279,4.38744594,-0.2980831000000004
development_oof,3,OCNT-2312000,CYP2C9,5.126409165,4.974139,5.270892,5.112041073333334,0.014368091666666416
development_oof,3,OCNT-2312000,CYP2D6,4.793450775,4.6425545,4.96365025,5.02106524,-0.22761446500000027
development_oof,3,OCNT-2312000,CYP3A4,4.596328095,4.50412175,4.7338705,4.915403639999999,-0.31907554499999957
development_oof,3,OCNT-2312014,CYP2D6,4.945611148,4.747584,5.09195625,4.674686533333333,0.27092461466666684
development_oof,3,OCNT-2312038,CYP2D6,4.277831247,4.1187835,4.39985725,4.449658106666666,-0.1718268596666661
development_oof,3,OCNT-2312062,CYP2D6,4.431889395,4.3406475,4.559173,5.09348508,-0.661595685
development_oof,3,OCNT-2312071,CYP1A2,5.00255119,4.8367855,5.13905625,5.13101792,-0.12846672999999953
development_oof,3,OCNT-2312107,CYP3A4,2.464019985,1.10248075,3.7169225,3.893165006666667,-1.4291450216666668
development_oof,3,OCNT-2312110,CYP2D6,4.504367615,4.384896,4.68631025,4.8643627799999996,-0.35999516499999995
development_oof,3,OCNT-2312148,CYP2D6,6.631293675,6.54534025,6.714735,4.7626081933333335,1.8686854816666667
development_oof,3,OCNT-2312148,CYP3A4,5.942586037,5.88269825,6.00176575,4.734815533333333,1.2077705036666666
development_oof,3,OCNT-2312154,CYP1A2,4.447046708,4.0692155,5.05607275,4.92441324,-0.47736653199999957
development_oof,3,OCNT-2312168,CYP2C9,5.211141053,5.05947575,5.338662,4.830268973333332,0.38087207966666803
development_oof,3,OCNT-2312168,CYP3A4,4.55161762,4.47275575,4.687128,4.509385046666667,0.04223257333333308
development_oof,3,OCNT-2312189,CYP1A2,5.050189797,4.92263175,5.19459675,4.921178393333333,0.12901140366666652
development_oof,3,OCNT-2312291,CYP2C9,4.705215332,4.5129755,4.88813875,4.7128215266666675,-0.007606194666667676
development_oof,3,OCNT-2312301,CYP3A4,4.19880174,3.967046,4.38667325,4.497626846666666,-0.2988251066666656
development_oof,3,OCNT-2312333,CYP1A2,5.51412108,5.387988,5.6267855,5.121987673333334,0.39213340666666596
development_oof,3,OCNT-2312338,CYP1A2,5.139160525,5.0241975,5.2429805,4.177507413333333,0.9616531116666671
development_oof,3,OCNT-2312338,CYP2C9,5.11102324,4.9560275,5.2607235,4.106405886666667,1.004617353333333
development_oof,3,OCNT-2312338,CYP2D6,4.734502727,4.59084275,4.89296025,5.003617153333333,-0.26911442633333316
development_oof,3,OCNT-2312338,CYP3A4,5.198271852,5.1403095,5.2529425,4.05443444,1.1438374120000008
development_oof,3,OCNT-2312352,CYP1A2,5.39070074,5.2707975,5.49787725,5.586429426666667,-0.19572868666666743
development_oof,3,OCNT-2312364,CYP1A2,5.226715253,5.00902775,5.4339655,5.2978820466666665,-0.07116679366666645
development_oof,3,OCNT-2312364,CYP2D6,4.201527367,3.9269305,4.33441925,4.598268653333333,-0.3967412863333335
development_oof,3,OCNT-2312384,CYP3A4,5.61840484,5.5669185,5.6693005,4.293425753333333,1.3249790866666675
development_oof,3,OCNT-2312394,CYP2C9,3.867533475,3.342013,4.262896,4.365830066666667,-0.4982965916666666
development_oof,3,OCNT-2312407,CYP1A2,4.042082048,3.6508885,4.55074525,4.865932513333333,-0.823850465333333
development_oof,3,OCNT-2312407,CYP2D6,4.948697698,4.7505835,5.09857325,4.628923566666667,0.3197741313333333
development_oof,3,OCNT-2312415,CYP2C9,4.204126193,3.88353375,4.63146825,4.389853953333334,-0.18572776033333405
development_oof,3,OCNT-2312415,CYP2D6,4.637379845,4.5707075,4.72823325,4.783401933333334,-0.14602208833333385
development_oof,3,OCNT-2312434,CYP1A2,5.34806219,5.22462525,5.4555435,4.317716193333334,1.0303459966666662
development_oof,3,OCNT-2312434,CYP3A4,4.000060308,3.7088305,4.19922325,3.702436266666667,0.2976240413333331
development_oof,3,OCNT-2312448,CYP2D6,5.323194287,5.20001125,5.43236,5.09280566,0.23038862699999996
development_oof,3,OCNT-2312462,CYP3A4,5.8101924,5.695787,5.9264325,4.955953886666666,0.8542385133333337
development_oof,3,OCNT-2312563,CYP3A4,5.501483087,5.40954225,5.590825,4.82139212,0.6800909670000008
development_oof,3,OCNT-2312610,CYP1A2,5.845306095,5.74101325,5.9451485,5.513668839999999,0.3316372550000004
development_oof,3,OCNT-2312616,CYP3A4,3.97058453,3.678954,4.244907,4.167372966666667,-0.196788436666667
development_oof,3,OCNT-2312663,CYP3A4,5.54733069,5.49664825,5.6020805,4.544649766666668,1.0026809233333323
development_oof,3,OCNT-2312713,CYP2D6,4.66240703,4.533565,4.847305,4.842371886666667,-0.1799648566666674
development_oof,3,OCNT-2312728,CYP3A4,3.853981043,3.25345375,4.1309815,3.6727815133333337,0.18119952966666641
development_oof,3,OCNT-2312729,CYP3A4,2.102803447,1.06724,3.2079725,3.8562705466666665,-1.7534670996666666
development_oof,3,OCNT-2312730,CYP1A2,5.161441532,4.9880465,5.31998625,4.471377273333333,0.6900642586666672
development_oof,3,OCNT-2312749,CYP1A2,5.683443213,5.56124975,5.78490475,4.994905746666666,0.6885374663333339
development_oof,3,OCNT-2312781,CYP2C9,5.401684545,5.26428675,5.516813,4.306035926666667,1.0956486183333336
development_oof,3,OCNT-2312798,CYP2D6,5.125374545,4.93825275,5.25232775,4.8218133000000005,0.30356124499999915
development_oof,3,OCNT-2312807,CYP2C9,3.979203852,3.5213325,4.48707675,4.6759751199999995,-0.6967712679999996
development_oof,3,OCNT-2312807,CYP3A4,4.113231225,3.91728925,4.38763025,4.43913208,-0.32590085500000043
development_oof,3,OCNT-2312826,CYP1A2,5.190381702,5.03885525,5.33709675,4.90397942,0.28640228200000006
development_oof,3,OCNT-2312826,CYP2C9,4.774689355,4.56670675,5.00184875,4.645314446666667,0.12937490833333243
development_oof,3,OCNT-2312831,CYP1A2,6.00760839,5.8910395,6.11915625,5.1345610399999995,0.8730473500000002
development_oof,3,OCNT-2312831,CYP2D6,5.374398307,5.1686485,5.54243325,4.5809722866666664,0.7934260203333334
development_oof,3,OCNT-2312833,CYP2C9,4.954166042,4.82217475,5.100772,4.616684906666666,0.33748113533333335
development_oof,3,OCNT-2312833,CYP3A4,4.698830915,4.6243945,4.802086,4.212584753333333,0.4862461616666671
development_oof,3,OCNT-2312856,CYP3A4,2.93698273,1.28038975,3.78496025,3.747015906666667,-0.8100331766666669
development_oof,3,OCNT-2312866,CYP1A2,5.151084555,4.9845745,5.29704475,4.526800006666667,0.6242845483333328
development_oof,3,OCNT-2312874,CYP2D6,4.53940235,4.425242,4.69564875,5.0188176066666665,-0.47941525666666696
development_oof,3,OCNT-2312874,CYP3A4,4.43482326,4.341207,4.60483075,4.4408026,-0.005979339999999667
development_oof,3,OCNT-2312880,CYP3A4,6.117137813,6.054797,6.17839,5.038489586666667,1.0786482263333337
development_oof,3,OCNT-2312900,CYP3A4,4.217491097,4.042889,4.44121675,4.1534782266666666,0.06401287033333336
development_oof,3,OCNT-2312906,CYP1A2,5.886630562,5.80714675,5.96457075,5.370091693333333,0.5165388686666663
development_oof,3,OCNT-2312906,CYP2C9,5.50024322,5.40287425,5.59344,5.022991973333333,0.4772512466666665
development_oof,3,OCNT-2312918,CYP2C9,5.141846337,5.01125975,5.2493965,5.070425566666667,0.07142077033333294
development_oof,3,OCNT-2312918,CYP3A4,5.390363585,5.3366175,5.44640275,4.90571248,0.4846511050000002
development_oof,3,OCNT-2312921,CYP1A2,6.430027715,6.34226775,6.52042575,5.388667793333332,1.0413599216666674
development_oof,3,OCNT-2312921,CYP2C9,6.541585735,6.4260715,6.65324625,5.241871826666667,1.2997139083333327
development_oof,3,OCNT-2312921,CYP2D6,5.303019205,5.1575615,5.428771,4.686317473333334,0.6167017316666659
development_oof,3,OCNT-2312924,CYP3A4,3.73684695,3.26037525,4.08645575,4.457330886666666,-0.7204839366666662
development_oof,3,OCNT-2312958,CYP3A4,2.49815474,1.1165585,3.73923225,3.5269758333333328,-1.0288210933333328
development_oof,3,OCNT-2312961,CYP1A2,4.967871133,4.790594,5.13428,5.163285673333333,-0.19541454033333316
development_oof,3,OCNT-2312961,CYP2D6,4.49313406,4.40746875,4.6265585,4.787031633333333,-0.2938975733333331
development_oof,3,OCNT-2312961,CYP3A4,4.655252147,4.58149025,4.77019825,4.65381238,0.0014397669999999252
development_oof,3,OCNT-2312969,CYP1A2,5.576840012,5.459109,5.69599125,5.7976113400000004,-0.22077132800000054
development_oof,3,OCNT-2312969,CYP2D6,4.837763015,4.7523485,4.93577275,5.01187434,-0.17411132500000015
development_oof,3,OCNT-2312988,CYP1A2,3.502485458,2.55137175,4.05645725,4.483408086666666,-0.9809226286666655
development_oof,3,OCNT-2312988,CYP3A4,4.619517248,4.5064675,4.79380425,4.140021593333334,0.47949565466666577
development_oof,3,OCNT-2312998,CYP2C9,5.121296952,5.0012935,5.246831,4.756077986666666,0.36521896533333376
development_oof,3,OCNT-2313019,CYP2D6,5.441056267,5.28076375,5.58255875,4.492486686666667,0.9485695803333325
development_oof,3,OCNT-2313041,CYP1A2,4.14375769,3.8046825,4.668769,3.9706573599999997,0.17310033000000047
development_oof,3,OCNT-2313041,CYP2C9,5.363691945,5.2099465,5.48273875,3.8937317066666663,1.469960238333334
development_oof,3,OCNT-2313041,CYP2D6,4.343164012,4.21214975,4.49467075,4.219176186666667,0.12398782533333286
development_oof,3,OCNT-2313054,CYP1A2,5.488140125,5.337221,5.630585,4.921683626666667,0.5664564983333333
development_oof,3,OCNT-2313054,CYP2C9,5.167514233,5.05490975,5.27416075,4.647635086666666,0.5198791463333343
development_oof,3,OCNT-2313099,CYP3A4,4.318785842,4.1862175,4.491604,4.456664433333333,-0.13787859133333313
development_oof,3,OCNT-2313101,CYP2D6,5.710005255,5.60922325,5.8166905,5.076128626666667,0.6338766283333328
development_oof,3,OCNT-2313108,CYP2C9,4.754699247,4.418484,5.0545225,4.521102486666667,0.23359676033333265
development_oof,3,OCNT-2313128,CYP3A4,3.83959974,3.51477075,4.11506675,4.2449997733333324,-0.4054000333333323
development_oof,3,OCNT-2313159,CYP2D6,4.716784168,4.544164,4.9288245,4.8513945199999995,-0.13461035199999927
development_oof,3,OCNT-2313198,CYP1A2,6.576043718,6.49806,6.656749,4.490341113333334,2.0857026046666665
development_oof,3,OCNT-2313198,CYP2C9,4.77368341,4.5827905,4.94349175,4.355121026666667,0.4185623833333336
development_oof,3,OCNT-2313215,CYP2C9,5.673513663,5.57255775,5.7686625,4.852834146666667,0.8206795163333327
development_oof,3,OCNT-2313216,CYP2C9,5.011049775,4.90318775,5.12471675,4.763416366666666,0.2476334083333338
development_oof,3,OCNT-2313225,CYP2C9,4.269849583,3.9993945,4.65807625,4.203788579999999,0.06606100300000062
development_oof,3,OCNT-2313234,CYP1A2,5.28275539,5.152235,5.3935925,5.66893986,-0.3861844699999999
development_oof,3,OCNT-2313234,CYP3A4,5.020160455,4.790764,5.2957825,5.219002026666667,-0.19884157166666672
development_oof,3,OCNT-2313238,CYP3A4,4.402697055,4.266046,4.58429025,4.334279686666666,0.06841736833333378
development_oof,3,OCNT-2313241,CYP1A2,6.417337205,6.30101925,6.53877275,5.631360526666667,0.7859766783333333
development_oof,3,OCNT-2313241,CYP2D6,5.37366578,5.20939075,5.513385,4.6285129933333335,0.7451527866666661
development_oof,3,OCNT-2313241,CYP3A4,5.687596183,5.63752775,5.74144325,4.9427515600000005,0.7448446229999997
development_oof,3,OCNT-2313243,CYP2C9,4.538140535,4.3369165,4.79128625,5.196022940000001,-0.6578824050000005
development_oof,3,OCNT-2313248,CYP3A4,5.0041259,4.94913425,5.060852,4.78190556,0.2222203399999998
development_oof,3,OCNT-2313258,CYP1A2,5.924096243,5.8380265,6.01346125,5.3013164533333335,0.6227797896666667
development_oof,3,OCNT-2313297,CYP3A4,3.572985558,1.62605675,4.108643,4.034679233333334,-0.4616936753333336
development_oof,3,OCNT-2313325,CYP2D6,3.833653485,2.184858,4.2465025,4.678088746666667,-0.8444352616666668
development_oof,3,OCNT-2313386,CYP2D6,4.609183165,4.51003825,4.7397025,4.621398106666666,-0.012214941666665702
development_oof,3,OCNT-2313394,CYP2C9,4.857979653,4.7356895,4.98795075,5.22146088,-0.3634812270000003
development_oof,3,OCNT-2313435,CYP3A4,4.552269062,4.44934875,4.761077,4.243014726666667,0.3092543353333328
development_oof,3,OCNT-2313450,CYP1A2,4.267403875,4.0119295,4.65255575,4.165620153333334,0.10178372166666616
development_oof,3,OCNT-2313450,CYP2C9,4.471402375,4.18650225,4.828401,3.9863231333333333,0.48507924166666694
development_oof,3,OCNT-2313450,CYP3A4,1.909049648,1.0342205,3.11832675,3.4572816133333335,-1.5482319653333334
development_oof,3,OCNT-2313465,CYP2D6,5.538714165,5.4355885,5.6497825,4.77358168,0.7651324849999996
development_oof,3,OCNT-2313472,CYP3A4,2.129290123,1.049566,3.50755275,2.558918413333333,-0.42962829033333305
development_oof,3,OCNT-2313520,CYP2D6,4.537143373,4.4046255,4.7186765,4.671759073333333,-0.1346157003333328
development_oof,3,OCNT-2313527,CYP2C9,4.455477128,4.09509775,4.954913,4.190263506666667,0.26521362133333337
development_oof,3,OCNT-2313527,CYP3A4,1.960407922,1.0501675,3.15742675,3.655129873333334,-1.6947219513333343
development_oof,3,OCNT-2313551,CYP3A4,3.15698588,1.50828425,3.877038,3.2062069799999997,-0.049221099999999574
development_oof,3,OCNT-2313581,CYP2D6,5.225084095,5.1488985,5.30778025,4.738359953333332,0.48672414166666744
development_oof,3,OCNT-2313594,CYP3A4,2.543313735,1.1087055,3.71064,3.087735713333333,-0.5444219783333333
development_oof,3,OCNT-2313602,CYP1A2,2.768636125,1.14171975,3.80467225,4.554966273333333,-1.7863301483333331
development_oof,3,OCNT-2313616,CYP2C9,4.088091227,3.69286675,4.49924,4.540081206666667,-0.4519899796666671
development_oof,3,OCNT-2313616,CYP3A4,4.46510702,4.3313175,4.69707825,4.287739520000001,0.177367499999999
development_oof,3,OCNT-2313641,CYP1A2,6.3495178,6.23205125,6.4636895,4.8614334800000005,1.4880843199999996
development_oof,3,OCNT-2313641,CYP2C9,4.476346005,4.268191,4.759175,4.749253479999999,-0.27290747499999934
development_oof,3,OCNT-2313641,CYP3A4,4.6176576,4.535118,4.74343175,4.47353888,0.1441187199999998
development_oof,3,OCNT-2313657,CYP1A2,5.36122096,5.16987825,5.500745,4.9020037599999995,0.4592172000000003
development_oof,3,OCNT-2313673,CYP3A4,4.848011697,4.75979925,4.97591725,4.033635553333333,0.8143761436666663
development_oof,3,OCNT-2313732,CYP2C9,4.835100305,4.64272975,5.02512825,4.634690793333332,0.20040951166666776
development_oof,3,OCNT-2313732,CYP3A4,4.14580803,3.9587075,4.322657,4.237049260000001,-0.0912412300000005
development_oof,3,OCNT-2313758,CYP3A4,3.51014128,2.9088525,3.9644905,4.0240008666666665,-0.5138595866666664
development_oof,3,OCNT-2313778,CYP1A2,5.030950358,4.83841925,5.20294375,4.686463973333334,0.34448638466666637
development_oof,3,OCNT-2313778,CYP2D6,5.233587242,5.0527125,5.39969525,5.115331273333333,0.11825596866666643
development_oof,3,OCNT-2313792,CYP2C9,4.853111092,4.64051,5.048465,4.49864068,0.3544704119999995
development_oof,3,OCNT-2313798,CYP2C9,4.358172748,4.17954125,4.625555,3.7992045333333335,0.5589682146666668
development_oof,3,OCNT-2313825,CYP1A2,4.357767425,4.136408,4.68531275,4.692912446666666,-0.3351450216666665
development_oof,3,OCNT-2313825,CYP2C9,5.098439273,4.9480795,5.20717225,4.92013572,0.17830355300000011
development_oof,3,OCNT-2313825,CYP3A4,5.166013292,5.118449,5.21126025,4.607656226666667,0.5583570653333325
development_oof,3,OCNT-2313829,CYP1A2,2.85838406,1.21005325,3.85511325,4.873008146666667,-2.0146240866666667
development_oof,3,OCNT-2313829,CYP3A4,4.251745728,4.11146075,4.44385175,4.614935813333334,-0.36319008533333363
development_oof,3,OCNT-2313833,CYP1A2,2.738524978,1.17873675,3.83445925,4.2950181999999995,-1.5564932219999994
development_oof,3,OCNT-2313833,CYP2C9,3.563222173,2.47829275,4.1079425,4.081416613333333,-0.5181944403333332
development_oof,3,OCNT-2313871,CYP2D6,4.770970175,4.61373925,4.96201425,4.58474964,0.18622053500000035
development_oof,3,OCNT-2313872,CYP1A2,4.071929785,3.6806365,4.65005625,4.5784392,-0.506509415
development_oof,3,OCNT-2313872,CYP2C9,3.368922037,2.29792125,4.005586,4.2938356933333335,-0.9249136563333336
development_oof,3,OCNT-2313887,CYP3A4,4.432092192,4.34876325,4.5763125,4.325702353333333,0.10638983866666685
development_oof,3,OCNT-2313912,CYP1A2,4.951305708,4.78200775,5.11110725,5.049053533333334,-0.09774782533333415
development_oof,3,OCNT-2313944,CYP2D6,4.338693753,4.251363,4.43996275,4.773105253333333,-0.43441150033333287
development_oof,3,OCNT-2313953,CYP3A4,4.007604807,3.744124,4.22636975,3.8980969933333336,0.10950781366666629
development_oof,3,OCNT-2313970,CYP2C9,4.292589002,3.98930975,4.722521,4.259127439999999,0.03346156200000028
development_oof,3,OCNT-2313985,CYP1A2,5.394589782,5.271187,5.516782,4.1925000866666675,1.2020896953333322
development_oof,3,OCNT-2313985,CYP2D6,4.610813282,4.4383885,4.8245875,4.89550284,-0.2846895580000002
development_oof,3,OCNT-2313985,CYP3A4,3.970082812,3.63204575,4.1796745,3.68510282,0.2849799919999998
development_oof,3,OCNT-2313999,CYP1A2,5.25169719,5.1173995,5.36501275,4.449493606666666,0.8022035833333341
development_oof,3,OCNT-2313999,CYP2C9,5.288130243,5.1521695,5.41979225,4.511467006666667,0.7766632363333335
development_oof,3,OCNT-2313999,CYP3A4,4.796981957,4.71308575,4.904101,4.4677925,0.329189457
development_oof,3,OCNT-2314003,CYP1A2,6.796123202,6.6568915,6.93849775,5.164671006666667,1.6314521953333339
development_oof,3,OCNT-2314003,CYP2D6,4.488583055,4.34543775,4.698069,4.45608576,0.03249729500000065
development_oof,3,OCNT-2314014,CYP3A4,2.87160388,1.2366055,3.86324225,3.759814966666667,-0.8882110866666673
development_oof,3,OCNT-2314025,CYP2D6,3.36846468,1.381314,4.10748175,4.725772246666667,-1.3573075666666665
development_oof,3,OCNT-2314036,CYP2C9,3.721167112,3.001414,4.16927375,3.96197076,-0.24080364799999998
development_oof,3,OCNT-2314037,CYP2C9,5.815088023,5.70998875,5.91306325,5.1777785000000005,0.6373095229999999
development_oof,3,OCNT-2314044,CYP3A4,2.584018463,1.11286375,3.72504525,3.515424313333333,-0.9314058503333329
development_oof,3,OCNT-2314062,CYP1A2,5.480242963,5.404154,5.5624965,5.497803346666666,-0.017560383666666013
development_oof,3,OCNT-2314062,CYP2D6,5.107327215,4.947416,5.22358425,4.80581776,0.3015094549999997
development_oof,3,OCNT-2314063,CYP2C9,4.621773723,4.3771255,4.9252945,4.232775153333334,0.3889985696666658
development_oof,3,OCNT-2314067,CYP3A4,5.79764719,5.66882325,5.91354475,4.62844556,1.1692016299999999
development_oof,3,OCNT-2314068,CYP1A2,5.458361225,5.30898,5.5979305,4.805152893333333,0.6532083316666668
development_oof,3,OCNT-2314073,CYP2C9,3.61638368,2.9841045,4.140036,4.28270328,-0.6663195999999996
development_oof,3,OCNT-2314073,CYP3A4,3.25197329,1.62781125,3.96374625,3.88067384,-0.62870055
development_oof,3,OCNT-2314079,CYP3A4,4.431569957,4.323174,4.60895225,4.01637722,0.4151927369999999
development_oof,3,OCNT-2314112,CYP2D6,4.6067638,4.5268055,4.70989425,4.7747959,-0.16803209999999957
development_oof,3,OCNT-2314122,CYP2C9,4.378780605,4.07176,4.802223,4.668173746666666,-0.2893931416666655
development_oof,3,OCNT-2314127,CYP3A4,3.702537373,3.244555,4.04645125,4.36993898,-0.6674016069999995
development_oof,3,OCNT-2314144,CYP2D6,4.888629918,4.7266225,5.054757,4.960020453333334,-0.07139053533333328
development_oof,3,OCNT-2314145,CYP3A4,2.675900078,1.14446875,3.78335925,3.3331251266666664,-0.6572250486666662
development_oof,3,OCNT-2314146,CYP1A2,2.49024627,1.073644,3.787636,3.992138486666667,-1.501892216666667
development_oof,3,OCNT-2314178,CYP1A2,4.91695024,4.810729,5.02788475,5.043138813333334,-0.12618857333333366
development_oof,3,OCNT-2314178,CYP2C9,5.627217555,5.510927,5.74524175,5.028493793333334,0.5987237616666654
development_oof,3,OCNT-2314178,CYP2D6,4.516704758,4.433549,4.63500625,5.26518378,-0.7484790219999997
development_oof,3,OCNT-2314178,CYP3A4,5.081942127,5.0241395,5.14307025,5.018712506666668,0.06322962033333202
development_oof,3,OCNT-2314180,CYP3A4,3.872928003,3.5651595,4.1659205,4.610736533333332,-0.7378085303333322
development_oof,3,OCNT-2314190,CYP3A4,2.811746218,1.17677725,3.80462375,3.856724506666667,-1.044978288666667
development_oof,3,OCNT-2314199,CYP2C9,4.816441505,4.61992375,5.0111745,5.00670936,-0.1902678550000001
development_oof,3,OCNT-2314219,CYP2D6,4.8163598,4.6795855,4.95050125,4.90739964,-0.09103984000000054
development_oof,3,OCNT-2314223,CYP2D6,4.788874928,4.62953,4.9786715,4.652307546666666,0.13656738133333413
development_oof,3,OCNT-2314233,CYP2D6,6.566994755,6.480599,6.65274125,4.9048840333333334,1.6621107216666662
development_oof,3,OCNT-2314237,CYP1A2,4.928972322,4.74323325,5.10747375,5.078315413333334,-0.1493430913333338
development_oof,3,OCNT-2314237,CYP2D6,6.956523055,6.88211725,7.0337425,5.183679639999999,1.7728434150000005
development_oof,3,OCNT-2314242,CYP2D6,5.280776795,5.10732,5.43015825,4.864606046666667,0.41617074833333323
development_oof,3,OCNT-2314243,CYP2D6,4.962064125,4.81463575,5.1111,4.953378173333333,0.00868595166666708
development_oof,3,OCNT-2314261,CYP2D6,5.398617677,5.2510195,5.5275045,5.211289546666666,0.1873281303333334
development_oof,3,OCNT-2314275,CYP2D6,5.307121405,5.19794925,5.41441025,5.1917878533333335,0.1153335516666667
development_oof,3,OCNT-2314342,CYP2D6,5.212809662,5.066373,5.35342325,5.148781093333334,0.06402856866666617
development_oof,3,OCNT-2314342,CYP3A4,5.650448905,5.5641075,5.74421175,4.67425306,0.9761958450000003
development_oof,3,OCNT-2314354,CYP3A4,2.032832963,1.046926,3.36917725,3.6701332399999997,-1.6373002769999996
development_oof,3,OCNT-2314356,CYP1A2,5.025191425,4.8247595,5.19113075,4.936584086666667,0.08860733833333345
development_oof,3,OCNT-2314356,CYP2D6,4.461024222,4.40225975,4.54797125,4.629024826666667,-0.1680006046666671
development_oof,3,OCNT-2314369,CYP1A2,5.32552638,5.0991075,5.5371505,4.6294646,0.69606178
development_oof,3,OCNT-2314371,CYP2C9,3.79505246,3.3121175,4.29959425,4.74851784,-0.9534653799999999
development_oof,3,OCNT-2314371,CYP2D6,4.482635808,4.3909275,4.61837475,4.58650084,-0.10386503199999986
development_oof,3,OCNT-2314371,CYP3A4,4.03738259,3.7842755,4.250974,4.466621693333333,-0.4292391033333329
development_oof,3,OCNT-2314380,CYP2D6,4.393291288,4.2872855,4.54290125,5.019033973333334,-0.6257426853333339
development_oof,3,OCNT-2314410,CYP1A2,6.97618021,6.89044925,7.05895175,5.382827460000001,1.5933527499999993
development_oof,3,OCNT-2314416,CYP2C9,5.222089855,5.018681,5.39471375,4.3335247133333334,0.8885651416666667
development_oof,3,OCNT-2314459,CYP2D6,4.361597745,4.224119,4.47030025,4.553341959999999,-0.19174421499999905
development_oof,3,OCNT-2314461,CYP1A2,3.335483357,1.5084605,4.02498175,4.5703961133333335,-1.2349127563333333
development_oof,3,OCNT-2314461,CYP2C9,4.343554605,4.10157825,4.682311,4.4749825266666665,-0.13142792166666695
development_oof,3,OCNT-2314461,CYP3A4,4.680554038,4.61284,4.77649825,4.35358454,0.3269694980000004
development_oof,3,OCNT-2314468,CYP1A2,5.948517677,5.852614,6.04099325,5.254715253333333,0.6938024236666669
development_oof,3,OCNT-2314468,CYP2D6,4.481437738,4.3787985,4.623393,5.01193354,-0.5304958019999999
development_oof,3,OCNT-2314487,CYP3A4,5.5349876,5.48165925,5.58990775,4.554663159999999,0.9803244400000013
development_oof,3,OCNT-2314488,CYP1A2,4.938106148,4.72858825,5.168512,4.702941966666667,0.2351641813333334
development_oof,3,OCNT-2314523,CYP3A4,3.803409853,3.53193375,4.08768575,4.515707413333333,-0.712297560333333
development_oof,3,OCNT-2314551,CYP1A2,5.4540855,5.33082125,5.56797225,4.76794338,0.6861421199999995
development_oof,3,OCNT-2314551,CYP2D6,4.753949513,4.62947575,4.88911125,4.431973053333333,0.32197645966666766
development_oof,3,OCNT-2314567,CYP1A2,5.245688108,5.05624975,5.395694,5.2508044866666665,-0.005116378666666144
development_oof,3,OCNT-2314574,CYP1A2,2.4750014,1.0474595,3.783307,4.1017242666666665,-1.6267228666666664
development_oof,3,OCNT-2314584,CYP2C9,5.256709498,4.9804995,5.530734,4.060544173333334,1.1961653246666666
development_oof,3,OCNT-2314584,CYP2D6,4.340274397,4.25525825,4.44880625,4.424004886666667,-0.0837304896666673
development_oof,3,OCNT-2314584,CYP3A4,4.811152585,4.71145775,4.94783875,3.5987730533333333,1.212379531666667
development_oof,3,OCNT-2314594,CYP2D6,4.257312953,3.9939595,4.4786195,4.968544246666666,-0.7112312936666667
development_oof,3,OCNT-2314603,CYP2D6,2.687034527,1.065868,4.03996625,4.951998033333334,-2.264963506333334
development_oof,3,OCNT-2314609,CYP2C9,3.797496317,3.323472,4.36504525,3.9702289666666664,-0.17273264966666657
development_oof,3,OCNT-2314646,CYP2D6,4.449540458,4.34209525,4.61865875,5.08518382,-0.6356433619999997
development_oof,3,OCNT-2314654,CYP1A2,5.23539196,5.10578325,5.350967,5.4226668,-0.18727483999999972
development_oof,3,OCNT-2314654,CYP2D6,4.508502163,4.4021385,4.69125725,4.8852430133333336,-0.3767408503333334
development_oof,3,OCNT-2314694,CYP2C9,4.550284243,4.24864275,4.906329,4.611038993333334,-0.06075475033333344
development_oof,3,OCNT-2314694,CYP3A4,5.360387323,5.23555725,5.47046175,4.265143106666668,1.0952442163333327
development_oof,3,OCNT-2314714,CYP2D6,4.59084409,4.4802,4.7420085,4.935643386666667,-0.3447992966666673
development_oof,3,OCNT-2314720,CYP1A2,4.989900158,4.773039,5.15615075,4.8074917333333325,0.18240842466666773
development_oof,3,OCNT-2314759,CYP3A4,5.514929448,5.44473775,5.583166,4.175746026666667,1.339183421333333
development_oof,3,OCNT-2314778,CYP3A4,3.73312804,3.2235115,4.0766705,3.7394845400000003,-0.00635650000000032
development_oof,3,OCNT-2314809,CYP3A4,4.294925585,4.163244,4.47004325,4.136734120000001,0.15819146499999892
development_oof,3,OCNT-2314861,CYP1A2,5.799931155,5.673454,5.91606525,4.8142444399999995,0.9856867150000008
development_oof,3,OCNT-2314885,CYP2D6,4.045335458,3.2453155,4.291697,4.153112173333333,-0.10777671533333244
development_oof,3,OCNT-2314898,CYP2C9,4.344612705,3.92349575,4.83492025,4.834361553333332,-0.4897488483333321
development_oof,3,OCNT-2314929,CYP1A2,3.45006206,2.38795325,4.03795,4.6212952666666665,-1.1712332066666664
development_oof,3,OCNT-2314929,CYP3A4,4.061734572,3.84239975,4.3746325,4.004558733333333,0.057175838666666756
development_oof,3,OCNT-2314941,CYP1A2,5.014127535,4.85544875,5.180575,4.98001024,0.034117294999999714
development_oof,3,OCNT-2314947,CYP2D6,4.320597295,4.1980345,4.42748575,4.516639253333333,-0.19604195833333282
development_oof,3,OCNT-2314951,CYP1A2,7.948524865,7.85454225,8.0446455,5.958376093333333,1.990148771666667
development_oof,3,OCNT-2314951,CYP2D6,4.666706588,4.559428,4.79262925,5.1686401533333335,-0.5019335653333332
development_oof,3,OCNT-2314972,CYP3A4,3.133178047,1.5699925,3.8678405,3.9972223066666666,-0.8640442596666666
development_oof,3,OCNT-2314995,CYP3A4,5.388103757,5.31592575,5.45770625,4.03112404,1.3569797169999998
development_oof,3,OCNT-2315009,CYP3A4,2.097287925,1.0637055,3.43906275,3.543751173333333,-1.446463248333333
development_oof,3,OCNT-2315035,CYP2D6,4.53474154,4.40264125,4.71227325,4.777794126666667,-0.24305258666666685
development_oof,3,OCNT-2315060,CYP2C9,4.442178795,4.21895425,4.73364375,4.593366406666666,-0.15118761166666594
development_oof,3,OCNT-2315093,CYP1A2,5.309402598,5.08457825,5.46988225,4.980648220000001,0.3287543779999993
development_oof,3,OCNT-2315100,CYP2D6,4.286534615,4.083722,4.4281565,4.73475216,-0.44821754500000033
development_oof,3,OCNT-2315124,CYP2D6,4.16467666,3.77281525,4.32381875,4.254555173333332,-0.08987851333333285
development_oof,3,OCNT-2315130,CYP1A2,6.304488135,6.17028125,6.4414235,4.626977873333333,1.6775102616666668
development_oof,3,OCNT-2315146,CYP2D6,5.705052688,5.5953385,5.81592475,4.250301426666667,1.4547512613333335
development_oof,3,OCNT-2315146,CYP3A4,4.905761982,4.82698,5.0089805,3.6216309333333334,1.2841310486666662
development_oof,3,OCNT-2315149,CYP2D6,2.197595662,1.04512375,3.64983825,4.949587419999999,-2.7519917579999995
development_oof,3,OCNT-2315152,CYP3A4,2.80016467,1.164439,3.85723525,3.1879725266666665,-0.3878078566666665
development_oof,3,OCNT-2315191,CYP2D6,4.533304372,4.4036285,4.71066,4.842300233333334,-0.3089958613333339
development_oof,3,OCNT-2315201,CYP2D6,4.341923702,4.21317575,4.46232,5.048429033333333,-0.7065053313333332
development_oof,3,OCNT-2315204,CYP2C9,4.101973017,3.7110135,4.59326525,4.251448326666667,-0.14947530966666722
development_oof,3,OCNT-2315204,CYP3A4,3.52338631,2.9934785,3.96305625,3.718961253333333,-0.19557494333333336
development_oof,3,OCNT-2315219,CYP3A4,3.638123242,3.2403045,4.102092,4.252861126666667,-0.6147378846666669
development_oof,3,OCNT-2315282,CYP1A2,5.581384543,5.421961,5.73396475,4.943735586666667,0.6376489563333338
development_oof,3,OCNT-2315297,CYP2C9,4.69239445,4.430584,4.9557895,3.93840692,0.7539875300000003
development_oof,3,OCNT-2315308,CYP3A4,4.013506505,3.72177425,4.208981,4.309273266666667,-0.29576676166666704
development_oof,3,OCNT-2315326,CYP1A2,5.691970162,5.5888755,5.7945,5.5068358533333335,0.18513430866666614
development_oof,3,OCNT-2315357,CYP2D6,4.198262335,3.850624,4.4184705,4.673938926666667,-0.47567659166666676
development_oof,3,OCNT-2315357,CYP3A4,2.712027158,1.17492475,3.79119575,4.2625631933333334,-1.5505360353333333
development_oof,3,OCNT-2315394,CYP1A2,5.046104843,4.84083975,5.21197175,4.78844566,0.25765918300000035
development_oof,3,OCNT-2315394,CYP2D6,5.949935865,5.82279475,6.07934275,5.010212,0.9397238649999995
development_oof,3,OCNT-2315412,CYP1A2,3.777630627,3.3214565,4.261969,4.554795786666666,-0.7771651596666662
development_oof,3,OCNT-2315413,CYP3A4,4.12339492,3.91825825,4.34532425,4.3381532866666666,-0.2147583666666666
development_oof,3,OCNT-2315454,CYP1A2,5.075340083,4.881089,5.23342425,4.39167056,0.6836695230000007
development_oof,3,OCNT-2315454,CYP3A4,3.029105668,1.4716375,3.777779,3.01376652,0.015339148000000247
development_oof,3,OCNT-2315478,CYP2C9,4.924880705,4.74150575,5.12288475,4.63075636,0.2941243449999993
development_oof,3,OCNT-2315505,CYP2D6,5.444403313,5.3205845,5.55861075,5.097247353333333,0.3471559596666669
development_oof,3,OCNT-2315505,CYP3A4,4.923971202,4.82768675,5.033875,5.24161288,-0.3176416780000002
development_oof,3,OCNT-2315507,CYP2C9,5.026001208,4.8784725,5.149413,4.255386793333333,0.7706144146666674
development_oof,3,OCNT-2315514,CYP1A2,3.719685967,3.17275925,4.22392475,4.780615593333333,-1.0609296263333325
development_oof,3,OCNT-2315546,CYP3A4,2.580084513,1.11557125,3.699974,3.59433532,-1.0142508069999998
development_oof,3,OCNT-2315550,CYP3A4,4.153826653,4.0002765,4.27615375,4.48606996,-0.3322433069999997
development_oof,3,OCNT-2315557,CYP3A4,3.5545027,3.17272,3.938152,3.6083591600000005,-0.05385646000000044
development_oof,3,OCNT-2315560,CYP3A4,3.180074418,1.753536,3.86584125,3.31818186,-0.13810744200000036
development_oof,3,OCNT-2315569,CYP2D6,4.92974714,4.74561525,5.096555,4.624246673333333,0.3055004666666665
development_oof,3,OCNT-2315571,CYP3A4,3.80374558,3.37942375,4.1102225,3.26045684,0.5432887400000004
development_oof,3,OCNT-2315621,CYP2C9,5.373127572,5.1983175,5.51794125,4.764627966666667,0.6084996053333329
development_oof,3,OCNT-2315629,CYP2D6,5.171940467,5.06001675,5.268642,4.871778213333334,0.3001622536666657
development_oof,3,OCNT-2315630,CYP2D6,4.03523712,3.0203645,4.313842,4.9230298066666665,-0.8877926866666668
development_oof,3,OCNT-2315646,CYP1A2,7.341335027,7.2381775,7.44301025,5.046897980000001,2.2944370469999997
development_oof,3,OCNT-2315646,CYP2D6,4.431587353,4.21048575,4.65745825,5.0079108266666665,-0.5763234736666663
development_oof,3,OCNT-2315663,CYP3A4,2.489100355,1.066103,3.76243575,4.061519893333333,-1.572419538333333
development_oof,3,OCNT-2315688,CYP3A4,4.48484173,4.38221325,4.65684375,4.0212088999999995,0.4636328300000008
development_oof,3,OCNT-2315742,CYP3A4,2.579210993,1.085098,3.7169315,3.3698496533333335,-0.7906386603333337
development_oof,3,OCNT-2315746,CYP1A2,4.989326347,4.78298725,5.17184125,4.633589253333334,0.35573709366666684
development_oof,3,OCNT-2315746,CYP2C9,4.49529326,4.23749375,4.82861225,4.255714846666667,0.23957841333333363
development_oof,3,OCNT-2315752,CYP1A2,5.561341582,5.46801675,5.6478075,5.135356079999999,0.4259855020000005
development_oof,3,OCNT-2315805,CYP2D6,4.3664758,4.12916825,4.51520025,4.764326246666668,-0.39785044666666813
development_oof,3,OCNT-2315806,CYP1A2,5.286606153,4.99609625,5.50529175,5.62165732,-0.3350511669999996
development_oof,3,OCNT-2315806,CYP2C9,4.738780262,4.43399775,5.0444165,5.19402996,-0.45524969800000026
development_oof,3,OCNT-2315815,CYP1A2,5.949862162,5.84295525,6.05939225,5.526072746666666,0.42378941533333325
development_oof,3,OCNT-2315833,CYP3A4,2.0258516,1.04814125,3.34899,3.0296881466666665,-1.0038365466666663
development_oof,3,OCNT-2315862,CYP1A2,5.70396762,5.61651775,5.79218325,4.2865534133333325,1.4174142066666677
development_oof,3,OCNT-2315862,CYP2D6,4.278079845,3.98848125,4.426362,5.111502033333333,-0.8334221883333335
development_oof,3,OCNT-2315885,CYP2C9,5.517536215,5.332947,5.74709725,4.528514713333333,0.9890215016666666
development_oof,3,OCNT-2315893,CYP3A4,2.84721,1.21209625,3.8515135,4.103223893333334,-1.2560138933333342
development_oof,3,OCNT-2315908,CYP3A4,5.3511341,5.2665395,5.43324425,4.934250766666667,0.4168833333333337
development_oof,3,OCNT-2315937,CYP2D6,2.71998976,1.09126825,4.0883075,4.87251714,-2.1525273800000004
development_oof,3,OCNT-2315996,CYP1A2,4.43614745,3.87774425,5.2365375,4.831607626666666,-0.3954601766666661
development_oof,3,OCNT-2315996,CYP2C9,5.518729925,5.31082125,5.6933975,4.620869333333333,0.8978605916666664
development_oof,3,OCNT-2315996,CYP2D6,2.45387508,1.079007,3.941148,4.546450946666666,-2.092575866666666
development_oof,3,OCNT-2315996,CYP3A4,5.974041725,5.889649,6.06413,4.156507213333333,1.8175345116666675
development_oof,3,OCNT-2315997,CYP2C9,4.796339697,4.555726,5.04344025,4.851088506666666,-0.054748809666666176
development_oof,3,OCNT-2315997,CYP3A4,5.582712518,5.50101825,5.65309775,4.66620584,0.9165066780000002
development_oof,3,OCNT-2316009,CYP1A2,5.295798028,5.190333,5.381211,4.678994933333334,0.6168030946666665
development_oof,3,OCNT-2316037,CYP1A2,2.115609893,1.05020325,3.23842475,4.76219438,-2.6465844870000006
development_oof,3,OCNT-2316037,CYP2C9,4.65332124,4.3468905,4.970754,4.645473793333332,0.007847446666668034
development_oof,3,OCNT-2316037,CYP3A4,3.382432502,1.92598775,3.9678035,4.138078506666667,-0.7556460046666671
development_oof,3,OCNT-2316040,CYP2C9,6.298419715,6.18013175,6.41381175,4.9551815533333325,1.343238161666667
development_oof,3,OCNT-2316040,CYP2D6,4.792809792,4.6940085,4.90080825,5.003614939999999,-0.2108051479999995
development_oof,3,OCNT-2316117,CYP1A2,4.011577273,3.63206825,4.51143825,4.309493280000001,-0.2979160070000004
development_oof,3,OCNT-2316119,CYP1A2,5.76913948,5.6865305,5.854704,5.682801493333334,0.08633798666666603
development_oof,3,OCNT-2316119,CYP2D6,4.636247757,4.58517775,4.70978925,4.95892428,-0.32267652300000016
development_oof,3,OCNT-2316131,CYP1A2,3.259691473,1.4471295,3.974862,5.18487764,-1.9251861669999997
development_oof,3,OCNT-2316132,CYP1A2,4.55876262,4.303881,4.91720925,4.898466626666666,-0.33970400666666567
development_oof,3,OCNT-2316138,CYP3A4,2.339529442,1.0956795,3.25861825,3.8666873933333337,-1.5271579513333338
development_oof,3,OCNT-2316140,CYP3A4,2.895642507,1.2853305,3.8021625,4.174517,-1.278874493
development_oof,3,OCNT-2316159,CYP1A2,5.371748315,5.22745375,5.5058465,4.955435293333333,0.4163130216666664
development_oof,3,OCNT-2316170,CYP2C9,4.23607044,3.94214025,4.5818975,4.688284806666666,-0.4522143666666665
development_oof,3,OCNT-2316177,CYP3A4,2.148783127,1.05499475,3.500044,3.17387904,-1.025095913
development_oof,3,OCNT-2316179,CYP2D6,4.632878523,4.46015725,4.885349,4.973688673333333,-0.3408101503333336
development_oof,3,OCNT-2316196,CYP3A4,4.670915082,4.4895,5.03623375,3.857003746666667,0.8139113353333327
development_oof,3,OCNT-2316197,CYP3A4,2.155422967,1.0523195,3.22826425,3.2401649333333333,-1.0847419663333335
development_oof,3,OCNT-2316205,CYP1A2,4.820453872,4.65204725,5.00819775,4.855319213333333,-0.03486534133333308
development_oof,3,OCNT-2316205,CYP2C9,5.616664545,5.5116235,5.7193225,4.8484352133333335,0.7682293316666664
development_oof,3,OCNT-2316209,CYP2C9,4.34353939,4.05989,4.746008,4.539504746666666,-0.19596535666666615
development_oof,3,OCNT-2316228,CYP2D6,5.233295563,5.14617,5.32363075,5.246467253333334,-0.01317169033333343
development_oof,3,OCNT-2316229,CYP1A2,5.477150375,5.30274725,5.640479,5.29040242,0.18674795499999952
development_oof,3,OCNT-2316229,CYP2C9,4.008129688,3.62032375,4.5257045,5.02137266,-1.0132429719999996
development_oof,3,OCNT-2316229,CYP3A4,3.9861229,3.67362,4.20232375,4.695994073333334,-0.709871173333334
development_oof,3,OCNT-2316235,CYP3A4,3.207199585,1.81112025,3.90147875,3.643968626666667,-0.43676904166666697
development_oof,3,OCNT-2316237,CYP2D6,4.174670962,3.5308485,4.371835,4.5374345133333325,-0.36276355133333205
development_oof,3,OCNT-2316305,CYP2C9,4.583566398,4.26954575,4.98445175,3.602736106666667,0.9808302913333331
development_oof,3,OCNT-2316305,CYP2D6,4.78823766,4.68436625,4.90850675,4.36088898,0.4273486799999997
development_oof,3,OCNT-2316305,CYP3A4,4.775317718,4.613685,4.986581,3.1997275133333334,1.5755902046666668
development_oof,3,OCNT-2316322,CYP2C9,4.881934692,4.73923425,5.043314,4.875666346666667,0.006268345333332981
development_oof,3,OCNT-2316349,CYP2D6,2.034937938,1.030158,3.417701,4.41724312,-2.382305182
development_oof,3,OCNT-2316358,CYP1A2,2.032000437,1.06243825,3.16765875,4.239099286666667,-2.2070988496666666
development_oof,3,OCNT-2316358,CYP3A4,3.961920067,3.632324,4.16564525,3.6843158933333333,0.27760417366666656
development_oof,3,OCNT-2316367,CYP3A4,5.097348278,5.01903025,5.18340725,4.5778546,0.5194936779999999
development_oof,3,OCNT-2316452,CYP2C9,4.62582743,4.3255825,4.97888,4.068535746666667,0.5572916833333332
development_oof,3,OCNT-2316459,CYP2D6,2.54993435,1.0735625,4.01168275,4.682360293333334,-2.1324259433333337
development_oof,3,OCNT-2316459,CYP3A4,5.74655907,5.67546,5.81447075,4.643391786666667,1.1031672833333328
development_oof,3,OCNT-2316475,CYP1A2,5.029493035,4.85736,5.18059325,4.667927199999999,0.3615658350000004
development_oof,3,OCNT-2316476,CYP1A2,5.687171865,5.543598,5.82495025,5.4428858,0.24428606499999983
development_oof,3,OCNT-2316476,CYP2C9,4.033609225,3.497107,4.74982375,5.2274175466666675,-1.1938083216666673
development_oof,3,OCNT-2316486,CYP3A4,4.626496515,4.53415875,4.7660135,4.081702733333333,0.5447937816666677
development_oof,3,OCNT-2316554,CYP3A4,4.811813028,4.72382975,4.939586,4.339995793333333,0.47181723466666714
development_oof,3,OCNT-2316585,CYP1A2,2.775252913,1.128613,3.85432175,4.66448666,-1.8892337469999996
development_oof,3,OCNT-2316595,CYP1A2,5.039070115,4.904775,5.1840585,4.846271786666667,0.19279832833333366
development_oof,3,OCNT-2316595,CYP2C9,4.790166708,4.530534,5.0657615,4.63412294,0.15604376799999997
development_oof,3,OCNT-2316600,CYP3A4,4.531237573,4.446396,4.66016175,3.5228310266666667,1.0084065463333336
development_oof,3,OCNT-2316612,CYP1A2,4.938836255,4.76887975,5.08483825,5.230960146666667,-0.29212389166666686
development_oof,3,OCNT-2316612,CYP2D6,5.673449148,5.5651995,5.78800025,5.155510826666666,0.5179383213333342
development_oof,3,OCNT-2316624,CYP2C9,3.735297835,3.207322,4.26348375,3.78121694,-0.04591910500000029
development_oof,3,OCNT-2316628,CYP2C9,4.550614333,4.298896,4.8757425,4.2861072,0.2645071330000004
development_oof,3,OCNT-2316633,CYP3A4,5.09465059,5.037356,5.155664,4.699670226666667,0.39498036333333264
development_oof,3,OCNT-2316635,CYP1A2,5.005969807,4.81949925,5.208006,5.37332738,-0.3673575730000005
development_oof,3,OCNT-2316676,CYP1A2,7.782581445,7.7012585,7.8650705,5.184905273333333,2.5976761716666665
development_oof,3,OCNT-2316676,CYP2D6,5.530625235,5.41487525,5.648039,5.083971666666667,0.4466535683333328
development_oof,3,OCNT-2316683,CYP1A2,3.862122165,3.3623225,4.42182275,4.499127626666667,-0.6370054616666665
development_oof,3,OCNT-2316709,CYP1A2,5.829985645,5.70522475,5.9582135,3.9132008466666663,1.9167847983333335
development_oof,3,OCNT-2316738,CYP1A2,6.006747835,5.9155935,6.09851,5.2177527800000005,0.7889950549999991
development_oof,3,OCNT-2316738,CYP2C9,5.15016765,5.0285615,5.2476025,4.9645297,0.18563795000000027
development_oof,3,OCNT-2316738,CYP3A4,4.852963905,4.77784625,4.94206425,4.728869006666667,0.12409489833333343
development_oof,3,OCNT-2316742,CYP3A4,3.270820033,1.5157495,3.98201325,3.852712593333334,-0.5818925603333338
development_oof,3,OCNT-2316747,CYP3A4,2.132930655,1.05604775,3.217291,3.366283586666667,-1.233352931666667
development_oof,3,OCNT-2316769,CYP1A2,3.886159193,3.40144025,4.32677575,4.3382695,-0.4521103069999999
development_oof,3,OCNT-2316803,CYP1A2,5.81043134,5.72334225,5.8984905,5.419011960000001,0.39141937999999943
development_oof,3,OCNT-2316803,CYP3A4,4.553666823,4.4302905,4.819474,4.762911959999999,-0.20924513699999903
development_oof,3,OCNT-2316818,CYP2D6,2.071858022,1.04910125,3.42036225,4.627914039999999,-2.5560560179999996
development_oof,3,OCNT-2316839,CYP2D6,5.435623282,5.33502475,5.53830025,4.847486386666667,0.5881368953333332
development_oof,3,OCNT-2316841,CYP2D6,4.414205435,4.330567,4.52827475,5.004372506666667,-0.5901670716666665
development_oof,3,OCNT-2316852,CYP2D6,4.88535139,4.73111925,5.01578225,4.082960886666666,0.8023905033333341
development_oof,3,OCNT-2316867,CYP1A2,6.000868557,5.90147175,6.10485075,5.33597568,0.6648928770000007
development_oof,3,OCNT-2316870,CYP2C9,4.938226,4.79712625,5.04901225,5.050207613333333,-0.11198161333333267
development_oof,3,OCNT-2316870,CYP2D6,4.98531387,4.8309565,5.11820775,4.667308093333334,0.3180057766666655
development_oof,3,OCNT-2316870,CYP3A4,4.895498672,4.82388825,4.98655475,4.70478582,0.19071285200000077
development_oof,3,OCNT-2316881,CYP1A2,4.214956133,3.8663265,4.763707,4.937801246666667,-0.7228451136666667
development_oof,3,OCNT-2316881,CYP2C9,4.829916615,4.663515,4.98389375,4.74953356,0.08038305500000043
development_oof,3,OCNT-2316883,CYP1A2,4.957356735,4.78570375,5.08531675,4.879401413333333,0.07795532166666685
development_oof,3,OCNT-2316883,CYP2D6,4.459569295,4.32031725,4.700008,4.834139026666667,-0.37456973166666696
development_oof,3,OCNT-2316906,CYP1A2,5.822867073,5.711008,5.93710175,5.4236471533333335,0.3992199196666668
development_oof,3,OCNT-2316911,CYP2C9,4.088713017,3.65474875,4.54936175,4.535708926666667,-0.4469959096666667
development_oof,3,OCNT-2316911,CYP2D6,4.822188265,4.65517625,5.00397475,4.649420013333333,0.17276825166666754
development_oof,3,OCNT-2316917,CYP3A4,3.108848067,1.42904125,3.89696125,4.0471544999999995,-0.9383064329999997
development_oof,3,OCNT-2316948,CYP2C9,4.657690602,4.51877875,4.8083245,4.61232928,0.04536132199999976
development_oof,3,OCNT-2316948,CYP3A4,5.21036032,5.13443275,5.2875205,4.26752752,0.9428328000000006
development_oof,3,OCNT-2316954,CYP1A2,3.559998485,2.61373575,4.1123215,4.529011746666666,-0.969013261666666
development_oof,3,OCNT-2316976,CYP1A2,6.396199915,6.315624,6.475521,5.4906559533333334,0.905543961666667
development_oof,3,OCNT-2316976,CYP2D6,5.280969515,5.159468,5.39765475,4.5526881066666665,0.7282814083333333
development_oof,3,OCNT-2316976,CYP3A4,5.739264047,5.69155675,5.78959075,4.940007413333333,0.7992566336666664
development_oof,3,OCNT-2316989,CYP2C9,4.849658437,4.62811725,5.05934425,4.2903693,0.5592891370000004
development_oof,3,OCNT-2316998,CYP2C9,4.015162725,3.622021,4.441086,4.947440873333333,-0.9322781483333333
development_oof,3,OCNT-2317002,CYP1A2,4.403244358,4.147321,4.77147675,4.868629386666666,-0.46538502866666587
development_oof,3,OCNT-2317002,CYP3A4,3.327621795,2.46783775,3.905331,3.796625853333333,-0.4690040583333328
development_oof,3,OCNT-2317059,CYP1A2,5.074873913,4.6499225,5.312815,4.3465164199999995,0.7283574930000007
development_oof,3,OCNT-2317059,CYP2C9,5.576730485,5.4742575,5.6886935,4.198632433333333,1.378098051666667
development_oof,3,OCNT-2317059,CYP3A4,5.109322383,5.0557685,5.1607705,3.941432759999999,1.167889623000001
development_oof,3,OCNT-2317068,CYP2C9,4.00140069,3.58374825,4.443712,4.34055792,-0.33915723000000053
development_oof,3,OCNT-2317070,CYP3A4,4.592901402,4.49986825,4.775798,3.90307478,0.689826622
development_oof,3,OCNT-2317077,CYP3A4,3.466350815,2.91397225,3.93274525,3.8171301066666663,-0.3507792916666661
development_oof,3,OCNT-2317079,CYP3A4,1.935694702,1.041396,3.11687675,3.597117613333333,-1.661422911333333
development_oof,3,OCNT-2317116,CYP3A4,4.210244568,4.05251,4.3817955,3.7767088533333335,0.43353571466666674
development_oof,3,OCNT-2317123,CYP2C9,4.792124755,4.5280215,5.06651175,4.415037393333334,0.3770873616666659
development_oof,3,OCNT-2317123,CYP3A4,4.856156598,4.77400925,4.96031075,4.132438873333333,0.7237177246666668
development_oof,3,OCNT-2317132,CYP1A2,5.252039958,5.03683725,5.41132425,4.617680006666666,0.6343599513333338
development_oof,3,OCNT-2317132,CYP3A4,4.912268013,4.8496165,4.9864615,4.288530346666667,0.6237376663333336
development_oof,3,OCNT-2317155,CYP3A4,2.101922857,1.07500675,3.46454825,3.7769323799999994,-1.6750095229999995
development_oof,3,OCNT-2317182,CYP2C9,4.270845085,3.98590475,4.6128815,4.2809438,-0.010098714999999814
development_oof,3,OCNT-2317199,CYP2D6,2.10326441,1.0463585,3.44541975,4.7990650200000005,-2.6958006100000005
development_oof,3,OCNT-2317200,CYP3A4,3.40062262,2.00841625,3.99254625,3.7699640400000005,-0.3693414200000005
development_oof,3,OCNT-2317207,CYP3A4,3.566651508,2.30402325,4.04109125,3.8402419,-0.273590392
development_oof,3,OCNT-2317246,CYP2C9,5.048398095,4.8921545,5.1738055,4.200248906666667,0.8481491883333323
development_oof,3,OCNT-2317274,CYP2D6,6.15405915,6.047094,6.26354775,5.261569866666667,0.8924892833333331
development_oof,3,OCNT-2317276,CYP1A2,5.50736365,5.27944975,5.646382,5.051286500000001,0.4560771499999996
development_oof,3,OCNT-2317311,CYP2D6,4.285894502,3.8612485,4.4810705,4.7243385,-0.43844399800000033
development_oof,3,OCNT-2317331,CYP1A2,6.399278052,6.3067815,6.49243275,4.9840353,1.4152427519999993
development_oof,3,OCNT-2317347,CYP2D6,2.161502075,1.06498125,3.6194935,4.587875633333335,-2.4263735583333346
development_oof,3,OCNT-2317353,CYP2D6,2.185040822,1.03905625,3.64617625,3.9048242133333333,-1.7197833913333334
development_oof,3,OCNT-2317357,CYP2C9,3.74651666,3.2651865,4.2902905,4.27072422,-0.5242075599999998
development_oof,3,OCNT-2317363,CYP2D6,5.14562163,5.009379,5.254916,4.978268066666667,0.16735356333333318
development_oof,3,OCNT-2317366,CYP2C9,4.746364475,4.55547025,4.944156,4.275891086666666,0.47047338833333363
development_oof,3,OCNT-2317386,CYP1A2,4.983901268,4.82881725,5.14842675,4.9599938266666665,0.02390744133333378
development_oof,3,OCNT-2317392,CYP2C9,4.10128342,3.70475875,4.6579045,4.378498886666667,-0.2772154666666671
development_oof,3,OCNT-2317392,CYP3A4,3.844240142,3.53705325,4.0999035,3.8960179066666667,-0.05177776466666684
development_oof,3,OCNT-2317404,CYP2D6,2.450622572,1.06777975,3.9049045,5.012617953333333,-2.561995381333333
development_oof,3,OCNT-2317413,CYP3A4,2.24683686,1.0695025,3.55381125,3.1847382,-0.9379013399999998
development_oof,3,OCNT-2317420,CYP2C9,5.09313352,4.96637825,5.2051335,4.819898206666666,0.27323531333333406
development_oof,3,OCNT-2317424,CYP3A4,2.37999946,1.09526075,3.592776,3.53427948,-1.1542800199999999
development_oof,3,OCNT-2317444,CYP3A4,5.26565279,5.20708925,5.322152,4.60511842,0.6605343699999997
development_oof,3,OCNT-2317460,CYP3A4,3.956554432,3.634358,4.25317625,4.4272057799999995,-0.47065134799999964
development_oof,3,OCNT-2317464,CYP2D6,4.4407999,4.1990905,4.65445375,4.6978948,-0.25709490000000024
development_oof,3,OCNT-2317503,CYP3A4,4.517631615,4.40880675,4.7052435,3.76444018,0.7531914350000002
development_oof,3,OCNT-2317607,CYP2C9,4.427195357,4.2060875,4.71333325,4.277385593333333,0.1498097636666671
development_oof,3,OCNT-2317641,CYP2C9,3.684731713,3.0218545,4.22430925,4.035862146666667,-0.35113043366666696
development_oof,3,OCNT-2317650,CYP2D6,5.188684513,5.11590425,5.26429375,5.176291066666666,0.012393446333334168
development_oof,3,OCNT-2317667,CYP2D6,4.08540226,3.29410975,4.304716,4.668942339999999,-0.5835400799999988
development_oof,3,OCNT-2317680,CYP1A2,5.176764892,5.0299315,5.32684575,4.0409001600000005,1.135864731999999
development_oof,3,OCNT-2317684,CYP2C9,4.449016013,4.1924045,4.784522,4.265647573333334,0.1833684396666655
development_oof,3,OCNT-2317684,CYP3A4,4.107053495,3.89317375,4.34551675,3.8671615666666668,0.23989192833333295
development_oof,3,OCNT-2317689,CYP1A2,5.21566131,5.06100525,5.354621,4.822278933333333,0.39338237666666664
development_oof,3,OCNT-2317689,CYP2D6,7.022912185,6.86800775,7.17747875,4.745689446666667,2.277222738333333
development_oof,3,OCNT-2317693,CYP2C9,4.792989027,4.563553,5.00709875,4.243090186666667,0.5498988403333334
development_oof,3,OCNT-2317693,CYP2D6,4.45086792,4.37960975,4.55261875,4.377172359999999,0.07369556000000088
development_oof,3,OCNT-2317695,CYP2D6,5.240445258,5.15843925,5.3331515,5.044768426666666,0.19567683133333436
development_oof,3,OCNT-2317709,CYP2D6,4.230721595,3.3006475,4.4902265,5.119888846666667,-0.8891672516666667
development_oof,3,OCNT-2317717,CYP1A2,6.574364715,6.48812875,6.65686025,4.936214273333333,1.6381504416666663
development_oof,3,OCNT-2317815,CYP2C9,4.517229793,4.339685,4.75832275,4.42006692,0.09716287300000026
development_oof,3,OCNT-2317826,CYP3A4,3.72325977,3.29668775,4.0825035,3.798429053333334,-0.07516928333333395
development_oof,3,OCNT-2317840,CYP2D6,3.516761372,1.221718,4.34033275,4.915598246666667,-1.3988368746666668
development_oof,3,OCNT-2317842,CYP2D6,4.761829375,4.61931475,4.92201575,5.1318214866666665,-0.3699921116666669
development_oof,3,OCNT-2317849,CYP2C9,3.139899845,1.372643,3.96181975,4.039227413333332,-0.8993275683333324
development_oof,3,OCNT-2317857,CYP3A4,4.884666165,4.750172,5.08065225,3.9816536133333336,0.903012551666666
development_oof,3,OCNT-2317870,CYP1A2,5.205859023,5.0365355,5.34627175,4.8089973,0.39686172300000067
development_oof,3,OCNT-2317874,CYP2D6,4.366310592,4.26787275,4.477127,4.34476344,0.021547151999999237
development_oof,3,OCNT-2317874,CYP3A4,2.516809805,1.111475,3.717614,3.4521526066666666,-0.9353428016666667
development_oof,3,OCNT-2317875,CYP1A2,4.61034801,4.44465375,4.8236805,4.1017933,0.5085547100000003
development_oof,3,OCNT-2317875,CYP2C9,3.795704135,3.1989805,4.253416,3.92978382,-0.13407968500000012
development_oof,3,OCNT-2317875,CYP3A4,3.643943628,2.79696775,4.1076035,3.619409606666667,0.024534021333333378
development_oof,3,OCNT-2317895,CYP2D6,4.929156447,4.702238,5.15157075,4.810767833333333,0.1183886136666672
development_oof,3,OCNT-2317909,CYP2D6,4.350945065,4.250855,4.45451875,3.7803412266666663,0.5706038383333341
development_oof,3,OCNT-2317916,CYP2C9,4.416142008,4.2021075,4.70689675,4.579484413333334,-0.1633424053333341
development_oof,3,OCNT-2317925,CYP2C9,4.292089115,3.96372925,4.75016375,3.98405706,0.3080320549999995
development_oof,3,OCNT-2317926,CYP2C9,4.6586133,4.48456025,4.86314675,4.705986146666666,-0.04737284666666586
development_oof,3,OCNT-2317926,CYP3A4,5.273441845,5.20068975,5.35416825,4.490670386666666,0.7827714583333334
development_oof,3,OCNT-2317946,CYP2C9,4.965095125,4.8308215,5.09860075,4.738600033333333,0.22649509166666704
development_oof,3,OCNT-2317949,CYP3A4,3.78176346,3.23384825,4.09680425,4.506578646666666,-0.7248151866666661
development_oof,3,OCNT-2317959,CYP2C9,4.111064397,3.739135,4.57376275,4.6024774,-0.4914130029999999
development_oof,3,OCNT-2317959,CYP3A4,2.146971532,1.03608125,3.50148325,4.08293354,-1.9359620080000002
development_oof,3,OCNT-2317968,CYP3A4,2.53479593,1.09672225,3.7273805,3.3967127066666665,-0.8619167766666664
development_oof,3,OCNT-2317984,CYP1A2,3.785064653,3.187364,4.20061575,4.0092691333333335,-0.2242044803333334
development_oof,3,OCNT-2317998,CYP1A2,4.997961265,4.813762,5.191783,4.951472286666666,0.04648897833333354
development_oof,3,OCNT-2318014,CYP3A4,3.554360463,3.08954325,3.9702225,3.8841335399999997,-0.3297730769999996
development_oof,3,OCNT-2318019,CYP2C9,4.69974361,4.49463675,4.9231715,5.028079666666667,-0.3283360566666671
development_oof,3,OCNT-2318019,CYP2D6,4.615615108,4.50201625,4.75088125,4.925272846666667,-0.309657738666667
development_oof,3,OCNT-2318037,CYP2C9,3.975019492,3.50013075,4.65041475,4.165458313333334,-0.19043882133333367
development_oof,3,OCNT-2318046,CYP1A2,3.60472675,2.33129425,4.11758075,5.131204806666667,-1.526478056666667
development_oof,3,OCNT-2318046,CYP2C9,4.575574227,4.4149435,4.76920875,4.814488713333333,-0.238914486333333
development_oof,3,OCNT-2318057,CYP2D6,4.344043137,4.17773275,4.49170175,4.61066176,-0.2666186230000003
development_oof,3,OCNT-2318067,CYP2C9,4.61103253,4.34646375,4.936414,4.58304812,0.02798441000000018
development_oof,3,OCNT-2318067,CYP2D6,5.182555277,5.0874255,5.2732155,5.416854613333333,-0.23429933633333366
development_oof,3,OCNT-2318067,CYP3A4,4.438221687,4.32458975,4.6269625,4.512678433333333,-0.07445674633333255
development_oof,3,OCNT-2318080,CYP3A4,4.266410545,4.07346425,4.46860375,3.9028058333333333,0.36360471166666697
development_oof,3,OCNT-2318092,CYP2C9,3.742395995,3.0656065,4.17115,4.091943393333334,-0.3495473983333337
development_oof,3,OCNT-2318097,CYP1A2,2.786591673,1.136908,3.84945675,4.636771473333335,-1.8501798003333345
development_oof,3,OCNT-2318111,CYP1A2,6.20336773,6.10718525,6.30032425,5.3607142,0.8426535299999998
development_oof,3,OCNT-2318141,CYP1A2,5.184162373,4.9692545,5.37678825,4.41443806,0.7697243130000002
development_oof,3,OCNT-2318141,CYP3A4,4.721925465,4.649433,4.813556,3.4630529799999996,1.2588724850000004
development_oof,3,OCNT-2318152,CYP2D6,4.649858287,4.57741875,4.74180425,4.577695053333334,0.07216323366666622
development_oof,3,OCNT-2318175,CYP3A4,4.715317508,4.64352975,4.80963575,4.312588886666666,0.40272862133333387
development_oof,3,OCNT-2318223,CYP3A4,2.392897492,1.0989605,3.662676,3.35581878,-0.962921288
development_oof,3,OCNT-2318232,CYP1A2,5.143982408,4.99773775,5.27047275,5.121655253333333,0.02232715466666768
development_oof,3,OCNT-2318232,CYP2D6,4.343805592,4.056179,4.500082,4.792325673333333,-0.4485200813333332
development_oof,3,OCNT-2318243,CYP1A2,5.775349813,5.6580795,5.89752625,4.936509033333333,0.8388407796666675
development_oof,3,OCNT-2318243,CYP3A4,5.172464857,5.07675025,5.27764975,4.373604933333333,0.7988599236666669
development_oof,3,OCNT-2318244,CYP2C9,4.306990983,3.97970325,4.75568975,4.428222166666666,-0.12123118366666574
development_oof,3,OCNT-2318277,CYP2D6,5.56457544,5.44837725,5.68359125,4.963442753333334,0.6011326866666655
development_oof,3,OCNT-2318329,CYP2D6,4.648029975,4.5310285,4.800253,4.842276726666666,-0.19424675166666638
development_oof,3,OCNT-2318340,CYP1A2,4.880023233,4.63490675,5.127074,5.477290993333334,-0.5972677603333336
development_oof,3,OCNT-2318340,CYP2C9,6.476960755,6.389528,6.5626445,5.110847820000001,1.3661129349999994
development_oof,3,OCNT-2318340,CYP2D6,5.032280945,4.91215625,5.14109125,4.456184613333333,0.5760963316666672
development_oof,3,OCNT-2318342,CYP2D6,6.229640715,6.1154005,6.34087475,4.569679693333334,1.6599610216666667
development_oof,3,OCNT-2318346,CYP1A2,6.196793625,6.0854665,6.302666,5.066535486666666,1.1302581383333337
development_oof,3,OCNT-2318348,CYP1A2,5.336485005,5.17779275,5.46049575,4.73968712,0.596797885
development_oof,3,OCNT-2318348,CYP2C9,4.530504152,4.33048775,4.788178,4.664543826666668,-0.13403967466666789
development_oof,3,OCNT-2318348,CYP2D6,5.444176615,5.308768,5.579258,5.104495106666667,0.3396815083333333
development_oof,3,OCNT-2318352,CYP1A2,5.494513645,5.412937,5.57955175,5.373800506666667,0.12071313833333264
development_oof,3,OCNT-2318356,CYP1A2,3.962629875,3.5090465,4.400651,4.68022436,-0.7175944850000002
development_oof,3,OCNT-2318391,CYP2D6,5.495682998,5.4240785,5.57389725,5.34173492,0.153948078
development_oof,3,OCNT-2318397,CYP2D6,4.432727115,4.28216475,4.62399075,4.4748458200000005,-0.04211870500000092
development_oof,3,OCNT-2318404,CYP2D6,5.268095713,5.17852925,5.3620005,4.790467446666667,0.47762826633333333
development_oof,3,OCNT-2318411,CYP1A2,5.020332697,4.6879495,5.24736025,4.074987279999999,0.9453454170000004
development_oof,3,OCNT-2318416,CYP3A4,2.79742109,1.14457975,3.80817625,3.518958913333333,-0.7215378233333332
development_oof,3,OCNT-2318423,CYP1A2,3.927173255,3.4869655,4.44302525,4.525243093333334,-0.5980698383333336
development_oof,3,OCNT-2318423,CYP2C9,4.495757232,4.2143915,4.85717,4.341547173333334,0.15421005866666615
development_oof,3,OCNT-2318428,CYP2D6,4.248291597,3.9380615,4.39936825,4.646271560000001,-0.39797996300000094
development_oof,3,OCNT-2318445,CYP2D6,5.07129447,4.88672825,5.1925825,4.878472606666667,0.19282186333333318
development_oof,3,OCNT-2318445,CYP3A4,2.132644417,1.05571325,3.5335925,4.066548853333333,-1.933904436333333
development_oof,3,OCNT-2318446,CYP2D6,4.929664808,4.71739175,5.11372425,4.7140220133333335,0.21564279466666658
development_oof,3,OCNT-2318483,CYP2C9,4.75841283,4.49373375,5.027904,4.318390066666667,0.44002276333333334
development_oof,3,OCNT-2318522,CYP3A4,2.725709568,1.120112,3.80427675,3.2494835133333333,-0.5237739453333332
development_oof,3,OCNT-2318524,CYP3A4,3.506578353,2.60403575,4.00922675,3.892357586666667,-0.3857792336666668
development_oof,3,OCNT-2318530,CYP3A4,3.94903981,3.61823025,4.16874625,4.460551673333333,-0.5115118633333329
development_oof,3,OCNT-2318542,CYP3A4,4.58741566,4.48844725,4.762766,3.3711507266666665,1.216264933333333
development_oof,3,OCNT-2318543,CYP2D6,4.57706767,4.44943275,4.747983,4.795868033333333,-0.21880036333333308
development_oof,3,OCNT-2318549,CYP1A2,6.633153952,6.53062975,6.734771,5.583860673333333,1.049293278666667
development_oof,3,OCNT-2318553,CYP1A2,5.117279883,4.94021425,5.248907,5.160144886666666,-0.04286500366666601
development_oof,3,OCNT-2318553,CYP3A4,5.727020813,5.67615975,5.7796605,4.989249460000001,0.7377713529999994
development_oof,3,OCNT-2318569,CYP1A2,5.456108513,5.29155675,5.5993615,5.472100146666667,-0.015991633666667227
development_oof,3,OCNT-2318569,CYP2D6,4.918849257,4.76108625,5.06421275,5.0180825,-0.09923324300000047
development_oof,3,OCNT-2318584,CYP2D6,5.530706992,5.44935575,5.61102825,5.22766468,0.30304231199999965
development_oof,3,OCNT-2318585,CYP1A2,5.56130717,5.47979925,5.6461105,5.687229919999999,-0.12592274999999908
development_oof,3,OCNT-2318585,CYP2D6,6.873033087,6.723274,7.013001,4.989804973333333,1.8832281136666662
development_oof,3,OCNT-2318636,CYP2D6,4.25015913,4.0141205,4.406482,4.787551586666667,-0.5373924566666668
development_oof,3,OCNT-2318658,CYP1A2,5.256545,5.128587,5.35372225,5.5352195533333335,-0.27867455333333346
development_oof,3,OCNT-2318658,CYP2D6,4.567117235,4.45741775,4.71174,5.092417753333334,-0.5253005183333332
development_oof,3,OCNT-2318678,CYP2D6,4.28792074,4.082524,4.43259275,5.338935553333334,-1.0510148133333344
development_oof,3,OCNT-2318685,CYP1A2,5.491837323,5.341087,5.63178525,5.018547186666667,0.4732901363333335
development_oof,3,OCNT-2318691,CYP2C9,5.351833293,5.18995575,5.47991225,4.482398460000001,0.8694348329999997
development_oof,3,OCNT-2328402,CYP2C9,5.928811482,5.82015625,6.0299295,4.418499633333334,1.5103118486666665
development_oof,3,OCNT-2328402,CYP3A4,5.497406215,5.436981,5.5602825,4.06140554,1.4360006749999998
development_oof,3,OCNT-2328426,CYP2D6,6.08089726,5.94602325,6.213563,5.28200868,0.7988885800000007
development_oof,3,OCNT-2328527,CYP2D6,4.668834452,4.53410125,4.87478275,4.291010646666667,0.3778238053333327
development_oof,3,OCNT-2328540,CYP2D6,5.251968837,5.107985,5.37542,5.046388013333333,0.20558082366666675
development_oof,3,OCNT-2328540,CYP3A4,3.526193633,2.9289545,3.9727305,4.185091399999999,-0.6588977669999991
development_oof,3,OCNT-2328549,CYP3A4,3.626352713,3.1110835,4.027825,4.593941013333334,-0.9675883003333334
development_oof,3,OCNT-2328558,CYP2D6,4.922547267,4.7878565,5.045497,5.060920586666667,-0.138373319666667
development_oof,3,OCNT-2328562,CYP3A4,2.088260505,1.05180175,3.40423725,-1.7964636846666664,3.8847241896666667
development_oof,3,OCNT-2328613,CYP3A4,2.451694887,1.08775425,3.674391,2.6072388066666665,-0.15554391966666659
development_oof,3,OCNT-2328648,CYP2C9,4.094839015,3.73763125,4.5282805,5.378249453333334,-1.283410438333334
development_oof,3,OCNT-2328652,CYP2D6,4.378321987,4.252536,4.5056455,4.5286747,-0.1503527130000002
development_oof,3,OCNT-2328676,CYP2D6,4.481938432,4.37614625,4.645699,3.1671946933333333,1.3147437386666665
development_oof,3,OCNT-2328725,CYP2C9,2.193225572,1.07331925,3.2352855,4.058597793333333,-1.8653722213333332
development_oof,3,OCNT-2328725,CYP3A4,2.113958757,1.04948125,3.4883855,3.534749086666667,-1.420790329666667
development_oof,3,OCNT-2328732,CYP2C9,4.542202823,4.04447925,5.104155,2.05998509,2.482217733
development_oof,3,OCNT-2328732,CYP2D6,4.39316248,4.31808575,4.49931175,2.59750858,1.7956539
development_oof,3,OCNT-2328750,CYP2D6,4.359478055,4.20523525,4.4968655,4.25497532,0.10450273500000051
development_oof,3,OCNT-2328763,CYP2D6,6.464088688,6.3213825,6.6094545,5.40835346,1.0557352280000005
development_oof,3,OCNT-2328805,CYP2D6,4.579720802,4.45272375,4.7743365,5.074361373333334,-0.49464057133333394
development_oof,3,OCNT-2328816,CYP2D6,5.453308318,5.37636775,5.53299525,5.4852849,-0.03197658199999953
development_oof,3,OCNT-2328835,CYP2D6,5.580222982,5.467525,5.69472725,4.847825913333334,0.7323970686666668
development_oof,3,OCNT-2328838,CYP1A2,5.082651027,4.936574,5.215751,5.800157613333333,-0.7175065863333332
development_oof,3,OCNT-2328870,CYP1A2,2.242559385,1.05884325,3.62512925,5.06541278,-2.822853395
development_oof,3,OCNT-2328870,CYP2D6,4.528427502,4.4098725,4.7126105,5.2323968333333335,-0.7039693313333331
development_oof,3,OCNT-2328870,CYP3A4,3.140214593,1.51137275,3.90111175,5.314293366666666,-2.174078773666666
development_oof,3,OCNT-2328935,CYP3A4,4.822987888,4.6837135,5.05638775,2.6703755466666665,2.1526123413333336
development_oof,3,OCNT-2328942,CYP2D6,2.526602085,1.08926875,3.8818705,4.728832206666667,-2.2022301216666667
development_oof,3,OCNT-2328946,CYP1A2,5.782165655,5.70400425,5.86594,6.230846173333333,-0.4486805183333331
development_oof,3,OCNT-2328948,CYP3A4,4.56761854,4.32536725,5.12637025,4.600712813333333,-0.033094273333333035
development_oof,3,OCNT-2328964,CYP3A4,2.052592035,1.04807525,3.19765075,1.61792494,0.434667095
development_oof,3,OCNT-2328969,CYP1A2,4.288918308,3.98832075,4.772507,4.8788719799999996,-0.5899536719999992
development_oof,3,OCNT-2328975,CYP2D6,5.000594435,4.84745975,5.104257,5.459064960000001,-0.45847052500000096
development_oof,3,OCNT-2328989,CYP2D6,4.482368272,4.350209,4.64699875,4.018318486666667,0.46404978533333363
development_oof,3,OCNT-2395273,CYP3A4,3.939599167,3.63457,4.155744,3.850964986666667,0.08863418033333303
development_oof,3,OCNT-2395292,CYP3A4,3.18673339,1.52719075,3.93820925,4.04835804,-0.86162465
development_oof,3,OCNT-2395306,CYP3A4,4.758699123,4.6810095,4.86357875,4.2682719,0.4904272230000002
development_oof,3,OCNT-2395327,CYP3A4,5.519664872,5.451426,5.58684075,4.572036886666667,0.9476279853333329
development_oof,3,OCNT-2395342,CYP3A4,5.341886632,5.275039,5.41136525,4.603343873333333,0.7385427586666662
development_oof,3,OCNT-2395347,CYP3A4,3.935867842,3.5539845,4.1680705,4.2445886533333335,-0.3087208113333335
development_oof,3,OCNT-2395354,CYP3A4,3.81568132,3.49396325,4.116133,3.6574751533333334,0.15820616666666654
development_oof,3,OCNT-2395356,CYP3A4,4.176819488,4.02338975,4.3307375,4.247552673333333,-0.07073318533333328
development_oof,3,OCNT-2395358,CYP3A4,3.84075828,3.425444,4.0997805,3.6837967733333334,0.15696150666666675
development_oof,3,OCNT-2395359,CYP3A4,2.349003532,1.0720135,3.68959225,3.538371553333333,-1.1893680213333333
development_oof,3,OCNT-2395377,CYP3A4,5.406038363,5.355773,5.463516,4.324047186666666,1.081991176333334
development_oof,3,OCNT-2395381,CYP3A4,4.44842136,4.014086,5.45035,4.4765574333333324,-0.028136073333332234
development_oof,3,OCNT-2395394,CYP3A4,4.260669062,4.11728,4.4380845,4.18239132,0.07827774200000004
development_oof,3,OCNT-2395398,CYP3A4,3.936778295,3.61236575,4.16113775,4.425829846666667,-0.4890515516666669
development_oof,3,OCNT-2395399,CYP3A4,2.757958195,1.14243575,3.82075425,4.181335633333334,-1.423377438333334
development_oof,3,OCNT-2395405,CYP3A4,5.797570588,5.73991725,5.85665375,4.18008764,1.6174829480000001
development_oof,3,OCNT-2395414,CYP3A4,4.881132185,4.7894605,4.97442075,4.893423566666668,-0.012291381666667434
development_oof,3,OCNT-2395420,CYP3A4,2.697861178,1.160629,3.81970975,2.6867203933333332,0.011140784666666903
development_oof,3,OCNT-2395442,CYP3A4,2.174431442,1.06747375,3.2298245,3.242393513333333,-1.067962071333333
development_oof,3,OCNT-2395445,CYP3A4,3.53333597,2.62885875,4.0139405,3.4139645333333335,0.1193714366666665
development_oof,3,OCNT-2395450,CYP3A4,5.054998692,4.95390625,5.15716375,3.65725312,1.3977455719999998
development_oof,3,OCNT-2395456,CYP3A4,3.393549403,2.851453,3.86647575,3.1897755666666665,0.20377383633333368
development_oof,3,OCNT-2395465,CYP3A4,4.34093697,4.2040975,4.51195175,4.097491006666667,0.24344596333333257
development_oof,3,OCNT-2395480,CYP3A4,3.903181492,3.668721,4.14601475,4.491480326666666,-0.5882988346666664
development_oof,3,OCNT-2395483,CYP3A4,4.320346508,4.2053,4.4820915,4.389439146666667,-0.0690926386666666
development_oof,3,OCNT-2395494,CYP3A4,5.049904725,4.98279675,5.1221515,4.6888965533333336,0.36100817166666666
development_oof,3,OCNT-2395498,CYP3A4,4.710070515,4.576379,4.9397215,4.033984613333333,0.6760859016666672
development_oof,3,OCNT-2395506,CYP3A4,3.853191718,3.380972,4.12822675,3.80268966,0.05050205800000018
development_oof,3,OCNT-2395511,CYP3A4,5.78345141,5.7243315,5.84685625,4.155010526666667,1.628440883333333
development_oof,3,OCNT-2395512,CYP3A4,4.022104132,3.695454,4.228473,4.449244873333333,-0.427140741333333
development_oof,3,OCNT-2395525,CYP3A4,4.350615175,4.2198685,4.5447205,4.746948633333334,-0.3963334583333342
development_oof,3,OCNT-2395533,CYP3A4,3.81463258,3.33344125,4.1178155,4.01048372,-0.1958511399999998
development_oof,3,OCNT-2395535,CYP3A4,2.063968108,1.041969,3.18671875,2.7554782933333337,-0.6915101853333336
development_oof,3,OCNT-2395541,CYP3A4,5.688555218,5.61396875,5.76531025,4.641874793333333,1.0466804246666674
development_oof,3,OCNT-2395544,CYP3A4,4.952892825,4.8721105,5.042463,3.8472445200000003,1.1056483049999999
development_oof,3,OCNT-2395546,CYP3A4,5.038823883,4.76781025,5.21962425,4.577509886666666,0.4613139963333337
development_oof,3,OCNT-2395558,CYP3A4,2.04500877,1.04551575,3.21896575,3.28424864,-1.23923987
development_oof,3,OCNT-2395562,CYP3A4,3.847277183,3.44194875,4.121169,4.135489953333333,-0.2882127703333328
development_oof,3,OCNT-2395574,CYP3A4,4.675248277,4.584508,4.800184,4.746794680000001,-0.07154640300000104
development_oof,3,OCNT-2395578,CYP3A4,4.358190552,4.249976,4.51778025,3.8925082066666667,0.4656823453333332
development_oof,3,OCNT-2395581,CYP3A4,4.669401365,4.54213725,4.837465,3.4697109866666667,1.199690378333333
development_oof,3,OCNT-2395591,CYP3A4,4.725816535,4.6391105,4.8555175,4.294504486666667,0.43131204833333303
development_oof,3,OCNT-2395601,CYP3A4,3.631573325,3.000204,4.02922375,4.6581033,-1.0265299749999994
development_oof,3,OCNT-2395607,CYP3A4,4.319952052,4.19918475,4.5087965,3.709253746666666,0.6106983053333335
development_oof,3,OCNT-2395608,CYP3A4,4.616725535,4.496885,4.8147015,4.050655153333333,0.566070381666667
development_oof,3,OCNT-2395613,CYP3A4,3.48046569,2.768388,3.988627,3.4636113066666665,0.016854383333333445
development_oof,3,OCNT-2395616,CYP3A4,4.923024762,4.8329495,5.02276675,4.162589206666667,0.7604355553333324
development_oof,3,OCNT-2395620,CYP3A4,5.068388083,5.00917975,5.13342175,4.696325453333333,0.3720626296666669
development_oof,3,OCNT-2395621,CYP3A4,5.043061338,4.98536825,5.10384125,4.696965666666666,0.34609567133333385
development_oof,3,OCNT-2395635,CYP3A4,4.768627985,4.705459,4.853045,4.495450206666667,0.27317777833333334
development_oof,3,OCNT-2395639,CYP3A4,4.21129633,4.05224325,4.38009875,4.049711093333333,0.16158523666666635
development_oof,3,OCNT-2395655,CYP3A4,2.549907935,1.120958,3.6779965,4.708275826666666,-2.1583678916666664
development_oof,3,OCNT-2395664,CYP3A4,5.454998965,5.4022095,5.5087205,4.967992553333334,0.48700641166666614
development_oof,3,OCNT-2395669,CYP3A4,4.571307492,4.47572475,4.706904,3.887187166666666,0.6841203253333337
development_oof,3,OCNT-2395683,CYP3A4,2.92375799,1.2371755,3.8524415,3.254971113333333,-0.3312131233333333
development_oof,3,OCNT-2395690,CYP3A4,5.75038255,5.67177925,5.82916025,4.593133253333334,1.1572492966666665
development_oof,3,OCNT-2395697,CYP3A4,4.07004387,3.849722,4.23795075,3.6005517733333336,0.46949209666666647
development_oof,3,OCNT-2395703,CYP3A4,2.333177083,1.072401,3.63581875,3.3441435733333336,-1.0109664903333337
development_oof,3,OCNT-2395710,CYP3A4,2.449073467,1.127751,3.67143675,3.4080864999999996,-0.9590130329999997
development_oof,3,OCNT-2395729,CYP3A4,4.524574675,4.36594725,4.80365475,4.6534952333333335,-0.12892055833333327
development_oof,3,OCNT-2395732,CYP3A4,4.70771295,4.61261975,4.85192725,4.126085959999999,0.5816269900000011
development_oof,3,OCNT-2395738,CYP3A4,3.458538008,2.76557625,3.95838475,3.856749813333333,-0.3982118053333328
development_oof,3,OCNT-2395750,CYP3A4,3.991076515,3.67441725,4.2013505,3.487524433333333,0.5035520816666672
development_oof,3,OCNT-2395754,CYP3A4,2.61765796,1.11206975,3.7233845,3.608979686666667,-0.991321726666667
development_oof,3,OCNT-2395758,CYP3A4,5.922702717,5.8617945,5.98381475,4.8634214,1.059281317
development_oof,3,OCNT-2395763,CYP3A4,4.644817705,4.55523825,4.752374,4.182568420000001,0.4622492849999995
development_oof,3,OCNT-2395764,CYP3A4,4.118716433,3.8552015,4.36756525,4.48051824,-0.361801807
development_oof,3,OCNT-2395765,CYP3A4,4.58200774,4.3809625,4.83577425,4.063764413333333,0.5182433266666671
development_oof,3,OCNT-2395768,CYP3A4,3.61871611,3.09671175,4.03215725,4.09763846,-0.47892234999999994
development_oof,3,OCNT-2395770,CYP3A4,4.780970525,4.70210625,4.892112,4.710592373333334,0.07037815166666572
development_oof,3,OCNT-2395794,CYP3A4,4.65374981,4.5810185,4.76068175,4.838112286666666,-0.18436247666666628
development_oof,3,OCNT-2395796,CYP3A4,5.850883063,5.79030625,5.91393125,4.269303113333334,1.5815799496666667
development_oof,4,OCNT-0000422,CYP3A4,2.101240007,1.0483375,3.4523925,2.5896154933333335,-0.4883754863333336
development_oof,4,OCNT-0001882,CYP2C9,2.169687087,1.0699735,3.2269215,4.273767053333334,-2.104079966333334
development_oof,4,OCNT-0010068,CYP3A4,2.273187415,1.07391625,3.5661205,1.6608674286666667,0.6123199863333335
development_oof,4,OCNT-0014841,CYP3A4,2.054066045,1.03188675,3.4297005,3.6152655933333335,-1.5611995483333336
development_oof,4,OCNT-0020887,CYP2D6,4.45672162,4.3383195,4.5979305,5.47995994,-1.02323832
development_oof,4,OCNT-0021943,CYP1A2,5.053625558,4.9507345,5.14111975,5.167658013333333,-0.11403245533333273
development_oof,4,OCNT-0022107,CYP2C9,4.824902188,4.64507875,4.99689475,4.604908213333333,0.21999397466666704
development_oof,4,OCNT-0022107,CYP2D6,5.186117497,5.07220175,5.2988225,4.92011354,0.2660039569999997
development_oof,4,OCNT-0022107,CYP3A4,5.49990294,5.43543075,5.56793125,4.4446386533333335,1.0552642866666666
development_oof,4,OCNT-0022125,CYP3A4,3.853962615,3.4793095,4.15196175,3.687592706666667,0.16636990833333298
development_oof,4,OCNT-0022126,CYP2C9,4.573013837,4.317132,4.88299625,4.782649139999999,-0.20963530299999888
development_oof,4,OCNT-0022126,CYP2D6,4.470200998,4.39338525,4.580512,4.901608146666667,-0.43140714866666663
development_oof,4,OCNT-0022130,CYP1A2,1.932731887,1.04207375,3.17378075,4.762490093333334,-2.8297582063333335
development_oof,4,OCNT-0022130,CYP3A4,2.792889913,1.1920615,3.774569,4.549359226666667,-1.756469313666667
development_oof,4,OCNT-0022142,CYP2D6,4.946460652,4.79740825,5.057131,4.732187626666667,0.21427302533333314
development_oof,4,OCNT-0022234,CYP3A4,2.057364435,1.053274,3.17556075,3.9262029866666657,-1.8688385516666655
development_oof,4,OCNT-0022235,CYP3A4,2.71259529,1.200745,3.7415875,3.8835739533333333,-1.1709786633333334
development_oof,4,OCNT-0022291,CYP2D6,5.42724906,5.33002775,5.52169325,4.386011373333334,1.0412376866666664
development_oof,4,OCNT-0022316,CYP1A2,2.131196685,1.05390125,3.25483875,4.387659,-2.2564623150000003
development_oof,4,OCNT-0022316,CYP2C9,2.252633272,1.069494,3.597518,4.066620353333334,-1.8139870813333334
development_oof,4,OCNT-0022317,CYP2D6,4.51168127,4.391725,4.67356975,4.915903946666667,-0.40422267666666656
development_oof,4,OCNT-0200803,CYP3A4,2.107909335,1.0557195,3.4619995,3.2998012800000005,-1.1918919450000005
development_oof,4,OCNT-0283087,CYP1A2,5.844020868,5.7230345,5.9633505,4.772088633333334,1.071932234666666
development_oof,4,OCNT-0283087,CYP2D6,5.723180218,5.629624,5.815531,4.540892633333334,1.1822875846666667
development_oof,4,OCNT-0478539,CYP2C9,3.595793432,2.52452525,4.14147425,4.75745968,-1.1616662480000004
development_oof,4,OCNT-0478585,CYP1A2,5.595434417,5.4400775,5.73690125,5.25614486,0.33928955699999985
development_oof,4,OCNT-0478585,CYP2D6,4.753511095,4.586166,4.9336975,4.97212142,-0.21861032499999933
development_oof,4,OCNT-0478585,CYP3A4,3.93948658,3.6648195,4.17360075,5.416272486666667,-1.476785906666667
development_oof,4,OCNT-0483290,CYP2C9,4.013040405,3.55879925,4.370229,5.274937540000001,-1.2618971350000008
development_oof,4,OCNT-0483502,CYP2D6,4.43952215,4.33091625,4.59123225,3.8260537266666668,0.6134684233333334
development_oof,4,OCNT-0492202,CYP3A4,4.441333868,4.349198,4.585751,4.558731,-0.1173971319999998
development_oof,4,OCNT-0493764,CYP2D6,5.111952795,4.948219,5.2299825,5.394987466666667,-0.28303467166666696
development_oof,4,OCNT-0493767,CYP3A4,4.76600142,4.70791975,4.8421165,4.865190413333333,-0.09918899333333275
development_oof,4,OCNT-0493951,CYP1A2,5.353338098,5.1009275,5.58642375,4.607502906666667,0.7458351913333328
development_oof,4,OCNT-0494012,CYP1A2,5.802336085,5.6925135,5.91037875,5.352610133333334,0.4497259516666663
development_oof,4,OCNT-0494164,CYP1A2,4.601161295,4.52936925,4.68661075,4.7835819866666665,-0.18242069166666663
development_oof,4,OCNT-0494717,CYP3A4,2.161463383,1.066928,3.23021775,2.7342574866666665,-0.5727941036666664
development_oof,4,OCNT-0494811,CYP2D6,4.703618768,4.55800325,4.88746075,4.663659026666666,0.03995974133333391
development_oof,4,OCNT-0495039,CYP3A4,2.402435062,1.08331475,3.620926,3.1387883933333334,-0.7363533313333335
development_oof,4,OCNT-0495157,CYP3A4,3.442680795,2.798104,3.97092575,3.6907563466666664,-0.24807555166666662
development_oof,4,OCNT-0495277,CYP1A2,4.98720785,4.7788455,5.17666625,4.750119093333334,0.23708875666666618
development_oof,4,OCNT-0496647,CYP2D6,5.04174318,4.94549,5.119248,5.198103886666667,-0.1563607066666668
development_oof,4,OCNT-0497724,CYP2C9,5.644330747,5.506299,5.762056,4.517054979999999,1.1272757670000004
development_oof,4,OCNT-0497724,CYP3A4,5.27977971,5.22235275,5.34265325,3.8964056533333333,1.3833740566666664
development_oof,4,OCNT-0497946,CYP1A2,4.946983765,4.73270475,5.14926575,4.673031446666667,0.27395231833333256
development_oof,4,OCNT-0497954,CYP1A2,5.046060555,4.926879,5.15313375,5.70599758,-0.6599370249999996
development_oof,4,OCNT-0497954,CYP2C9,4.575055157,4.430782,4.753691,5.674842333333332,-1.099787176333332
development_oof,4,OCNT-0497954,CYP2D6,4.805625338,4.67570325,4.938471,5.358710253333333,-0.5530849153333337
development_oof,4,OCNT-0497954,CYP3A4,4.32313365,4.252116,4.4406905,5.932577373333333,-1.6094437233333334
development_oof,4,OCNT-0497986,CYP2D6,5.001328997,4.81228475,5.15494525,3.9177041933333334,1.0836248036666665
development_oof,4,OCNT-0497989,CYP3A4,5.680652535,5.6107375,5.748611,3.398847106666667,2.281805428333333
development_oof,4,OCNT-0497994,CYP1A2,1.96732382,1.0400915,3.174449,4.827319853333333,-2.859996033333333
development_oof,4,OCNT-0497994,CYP2D6,2.584787373,1.076157,3.95490325,4.589713880000001,-2.0049265070000004
development_oof,4,OCNT-0497994,CYP3A4,5.756632872,5.70919825,5.80444125,4.268729813333334,1.4879030586666664
development_oof,4,OCNT-0498014,CYP1A2,6.994413592,6.90084,7.09082275,4.3022446599999995,2.6921689320000004
development_oof,4,OCNT-0498030,CYP1A2,5.100591315,4.88077725,5.2876495,5.06344012,0.03715119499999986
development_oof,4,OCNT-0498030,CYP2D6,4.283116052,4.12727725,4.43468875,4.34517814,-0.06206208800000024
development_oof,4,OCNT-0498030,CYP3A4,5.025327815,4.96675875,5.093272,4.770493146666667,0.25483466833333246
development_oof,4,OCNT-0498064,CYP2C9,4.441327037,4.1795835,4.78865925,4.4649802,-0.023653163000000532
development_oof,4,OCNT-0498064,CYP3A4,4.9888352,4.9208085,5.0637805,4.11877538,0.8700598199999998
development_oof,4,OCNT-0498090,CYP1A2,6.540418253,6.432415,6.647213,4.3581413866666665,2.182276866333334
development_oof,4,OCNT-0498125,CYP1A2,5.464861375,5.32261625,5.59796675,4.501737,0.9631243749999996
development_oof,4,OCNT-0498126,CYP1A2,5.587237593,5.44495475,5.72110625,5.060066193333333,0.5271713996666669
development_oof,4,OCNT-0498160,CYP2C9,3.877364105,3.35498275,4.3340075,5.092662993333334,-1.2152988883333338
development_oof,4,OCNT-0498430,CYP1A2,5.76834609,5.4231955,6.07579525,4.99323244,0.7751136499999998
development_oof,4,OCNT-0713834,CYP2C9,5.477437085,5.4092445,5.5439205,4.690465166666667,0.7869719183333332
development_oof,4,OCNT-0713834,CYP2D6,2.01608401,1.05751675,3.39263375,4.429311006666667,-2.4132269966666673
development_oof,4,OCNT-0713834,CYP3A4,5.416893245,5.3757355,5.456584,4.420660793333334,0.9962324516666659
development_oof,4,OCNT-1083122,CYP2C9,3.247387145,1.55807625,4.00608125,4.888220626666667,-1.6408334816666668
development_oof,4,OCNT-1755349,CYP1A2,5.91949229,5.83127725,6.00924025,4.957602373333333,0.9618899166666672
development_oof,4,OCNT-1893998,CYP2D6,4.305505883,4.120195,4.4393285,4.904702966666667,-0.5991970836666667
development_oof,4,OCNT-1911800,CYP1A2,5.14513125,5.00457475,5.263734,5.327748446666666,-0.18261719666666565
development_oof,4,OCNT-1911800,CYP2D6,5.785331985,5.720066,5.853622,5.203446373333334,0.5818856116666664
development_oof,4,OCNT-2077048,CYP2D6,5.005570732,4.83750925,5.1536555,5.110709966666667,-0.10513923466666686
development_oof,4,OCNT-2308468,CYP1A2,3.43026558,2.380159,4.0198215,4.64740282,-1.21713724
development_oof,4,OCNT-2308468,CYP2C9,3.937667097,3.5035695,4.5447815,4.25808772,-0.32042062299999996
development_oof,4,OCNT-2308550,CYP3A4,4.216524775,4.0343435,4.395806,3.3710217733333336,0.8455030016666663
development_oof,4,OCNT-2308562,CYP1A2,4.911011337,4.71040675,5.11844,4.779568706666667,0.13144263033333292
development_oof,4,OCNT-2308562,CYP2C9,4.198154762,3.8216775,4.69169275,4.602545619999999,-0.4043908579999993
development_oof,4,OCNT-2308562,CYP3A4,3.697792612,3.28608475,4.03568025,4.162472813333333,-0.4646802013333331
development_oof,4,OCNT-2308578,CYP2C9,3.779748205,3.21538625,4.315582,4.347379533333333,-0.567631328333333
development_oof,4,OCNT-2308583,CYP2C9,4.459796502,4.20720625,4.796054,5.028833726666667,-0.5690372246666673
development_oof,4,OCNT-2308583,CYP3A4,4.884097395,4.78454675,5.01697775,4.694559086666667,0.18953830833333374
development_oof,4,OCNT-2308585,CYP2C9,2.370778473,1.10580225,3.70585175,3.9639825600000003,-1.5932040870000002
development_oof,4,OCNT-2308594,CYP1A2,5.990223753,5.89051975,6.0889055,5.052039786666667,0.9381839663333338
development_oof,4,OCNT-2308619,CYP1A2,3.255417185,1.48470725,4.067002,4.639201313333333,-1.3837841283333332
development_oof,4,OCNT-2308656,CYP2C9,5.674395955,5.032478,6.0138865,5.116367413333334,0.5580285416666655
development_oof,4,OCNT-2308656,CYP3A4,3.467917395,2.05839275,4.0390985,4.764432746666666,-1.2965153516666654
development_oof,4,OCNT-2308693,CYP1A2,5.764120808,5.68343275,5.84025125,5.396859966666667,0.3672608413333336
development_oof,4,OCNT-2308715,CYP3A4,4.636115595,4.5639975,4.74695675,3.6679657866666666,0.9681498083333331
development_oof,4,OCNT-2308723,CYP1A2,4.741873508,4.56873925,4.93460175,5.32169504,-0.5798215319999995
development_oof,4,OCNT-2308723,CYP2C9,4.5740716,4.2955095,4.90475075,4.903320793333333,-0.32924919333333325
development_oof,4,OCNT-2308723,CYP3A4,5.500174805,5.40274275,5.59083075,4.749409493333333,0.750765311666667
development_oof,4,OCNT-2308733,CYP2C9,2.99755775,1.2555345,3.911518,4.439844519999999,-1.4422867699999995
development_oof,4,OCNT-2308744,CYP3A4,4.488014915,4.39205525,4.6196595,4.414239306666667,0.07377560833333252
development_oof,4,OCNT-2308748,CYP1A2,4.508949242,4.2942295,4.8146065,4.440206646666667,0.06874259533333316
development_oof,4,OCNT-2308748,CYP2C9,5.175987735,4.9649705,5.390496,4.262046006666667,0.9139417283333326
development_oof,4,OCNT-2308748,CYP3A4,4.79551855,4.72169,4.885709,4.103589599999999,0.6919289500000003
development_oof,4,OCNT-2308765,CYP1A2,3.86872516,3.2889645,4.28655225,4.647444166666666,-0.7787190066666665
development_oof,4,OCNT-2308803,CYP1A2,4.948839665,4.7674195,5.1466665,4.481461933333334,0.46737773166666674
development_oof,4,OCNT-2308821,CYP2C9,4.607392417,4.41353325,4.82836125,4.673444766666667,-0.06605234966666718
development_oof,4,OCNT-2308832,CYP2D6,3.92076868,2.1798955,4.27913125,4.870077526666667,-0.9493088466666668
development_oof,4,OCNT-2308837,CYP1A2,5.4050786,5.2588665,5.54661125,5.508382920000001,-0.10330432000000034
development_oof,4,OCNT-2308837,CYP2D6,5.777608648,5.689175,5.87168275,5.273136426666667,0.5044722213333328
development_oof,4,OCNT-2308838,CYP2C9,3.994174403,3.5437625,4.45322325,4.460009879999999,-0.4658354769999993
development_oof,4,OCNT-2308838,CYP3A4,3.32502246,2.072846,3.9384025,3.676840706666667,-0.35181824666666683
development_oof,4,OCNT-2308864,CYP2D6,4.387594248,4.3148015,4.476183,4.677844253333333,-0.2902500053333332
development_oof,4,OCNT-2308870,CYP1A2,4.175317817,3.84048125,4.66511,4.40084802,-0.22553020299999993
development_oof,4,OCNT-2308915,CYP2C9,5.155332777,4.89492875,5.35385225,4.629030039999999,0.5263027370000009
development_oof,4,OCNT-2308915,CYP2D6,5.561224163,5.4295745,5.68472375,4.73914766,0.8220765029999999
development_oof,4,OCNT-2308929,CYP1A2,5.10768271,4.983036,5.217726,5.53000234,-0.4223196300000005
development_oof,4,OCNT-2308947,CYP2C9,3.228993772,1.66146175,3.9440125,4.440566973333334,-1.2115732013333345
development_oof,4,OCNT-2309001,CYP3A4,3.577908428,3.028973,4.0086725,4.3845349266666656,-0.8066264986666654
development_oof,4,OCNT-2309034,CYP2C9,5.081989737,4.83536475,5.297881,5.187546673333333,-0.10555693633333352
development_oof,4,OCNT-2309034,CYP3A4,4.88168079,4.8051495,4.9693415,5.08121342,-0.1995326300000002
development_oof,4,OCNT-2309038,CYP1A2,3.131129773,1.271777,4.0219715,4.042836980000001,-0.9117072070000005
development_oof,4,OCNT-2309038,CYP3A4,3.29505238,2.33243975,3.889594,3.4109903399999992,-0.11593795999999923
development_oof,4,OCNT-2309041,CYP2D6,4.621541817,4.5321495,4.741856,4.641680586666667,-0.0201387696666675
development_oof,4,OCNT-2309067,CYP2C9,3.710952443,3.07443525,4.2068835,3.900960053333334,-0.19000761033333413
development_oof,4,OCNT-2309114,CYP3A4,4.45277884,4.35540825,4.63315,4.773257986666667,-0.320479146666667
development_oof,4,OCNT-2309137,CYP3A4,2.644012105,1.16757375,3.700986,3.36099502,-0.716982915
development_oof,4,OCNT-2309176,CYP3A4,5.248874218,5.1680575,5.3242295,4.193416113333333,1.0554581046666671
development_oof,4,OCNT-2309177,CYP3A4,2.247989647,1.068692,3.61689275,3.2719645466666663,-1.0239748996666664
development_oof,4,OCNT-2309193,CYP2C9,4.939769743,4.72178875,5.16147575,4.370721146666666,0.5690485963333343
development_oof,4,OCNT-2309193,CYP2D6,4.146567835,3.55959425,4.33274125,4.9804691,-0.8339012649999997
development_oof,4,OCNT-2309204,CYP1A2,4.947380695,4.76302025,5.110067,5.497805406666667,-0.5504247116666674
development_oof,4,OCNT-2309210,CYP2C9,4.532279585,4.21411125,4.98053,4.47283016,0.05944942500000039
development_oof,4,OCNT-2309232,CYP1A2,3.662160178,2.945458,4.17273125,4.655944806666666,-0.9937846286666656
development_oof,4,OCNT-2309238,CYP1A2,3.60950645,2.75629675,4.11254375,3.9174949666666663,-0.30798851666666627
development_oof,4,OCNT-2309238,CYP3A4,4.17669487,4.0170065,4.30999125,3.5031493066666664,0.673545563333334
development_oof,4,OCNT-2309266,CYP3A4,1.939983672,1.038459,3.13923,3.768602046666666,-1.828618374666666
development_oof,4,OCNT-2309286,CYP1A2,3.87610005,3.398863,4.221879,5.0078169,-1.13171685
development_oof,4,OCNT-2309286,CYP3A4,4.838466442,4.77120425,4.9195025,4.15188416,0.6865822819999998
development_oof,4,OCNT-2309291,CYP2D6,4.4642586,4.30848625,4.647393,4.651866806666667,-0.1876082066666669
development_oof,4,OCNT-2309301,CYP2C9,2.152170485,1.0707945,3.22869525,3.9779168666666664,-1.8257463816666664
development_oof,4,OCNT-2309308,CYP2C9,2.54174885,1.1461625,3.771036,4.149633746666668,-1.607884896666668
development_oof,4,OCNT-2309318,CYP2C9,4.702829963,4.5138925,4.8998765,4.392784253333334,0.31004570966666645
development_oof,4,OCNT-2309372,CYP2D6,5.00270215,4.83595425,5.15911775,5.042080246666666,-0.03937809666666592
development_oof,4,OCNT-2309378,CYP1A2,4.734020822,4.52590825,4.987882,4.823301886666666,-0.08928106466666641
development_oof,4,OCNT-2309378,CYP3A4,2.211780667,1.07150075,3.5355545,4.11803582,-1.906255153
development_oof,4,OCNT-2309390,CYP1A2,5.35283503,5.243355,5.44653275,6.02097418,-0.66813915
development_oof,4,OCNT-2309390,CYP2D6,4.479350962,4.370615,4.61641425,5.03941388,-0.5600629179999999
development_oof,4,OCNT-2309395,CYP3A4,2.042630627,1.06629925,3.4374425,3.2586062133333327,-1.2159755863333328
development_oof,4,OCNT-2309401,CYP2C9,4.670985508,4.50738175,4.852048,4.828185013333334,-0.1571995053333337
development_oof,4,OCNT-2309402,CYP2D6,4.361858233,4.19427725,4.5455025,4.521703826666666,-0.15984559366666584
development_oof,4,OCNT-2309402,CYP3A4,4.658515383,4.569697,4.79251075,4.012437926666666,0.6460774563333338
development_oof,4,OCNT-2309434,CYP2D6,5.434160313,5.28196525,5.575608,4.9779081666666665,0.4562521463333331
development_oof,4,OCNT-2309461,CYP2D6,4.396423975,4.2802425,4.527896,4.83890314,-0.44247916499999995
development_oof,4,OCNT-2309492,CYP3A4,4.808987682,4.71439,4.9538615,3.9179673933333334,0.8910202886666663
development_oof,4,OCNT-2309500,CYP1A2,3.363730327,2.27937425,4.00661,4.355201306666666,-0.9914709796666665
development_oof,4,OCNT-2309500,CYP3A4,1.95482815,1.03891475,3.13871725,3.565627193333333,-1.610799043333333
development_oof,4,OCNT-2309511,CYP1A2,6.365419265,6.2389395,6.5003435,4.8532351600000005,1.5121841049999993
development_oof,4,OCNT-2309511,CYP2D6,4.911090125,4.71645925,5.0987815,4.68960562,0.22148450500000028
development_oof,4,OCNT-2309546,CYP2C9,5.415779555,5.2744875,5.543638,5.097407586666666,0.31837196833333437
development_oof,4,OCNT-2309546,CYP2D6,4.434372137,4.356111,4.53582675,4.895183340000001,-0.46081120300000045
development_oof,4,OCNT-2309546,CYP3A4,4.855531348,4.73634,5.02597075,4.9735914999999995,-0.11806015199999909
development_oof,4,OCNT-2309549,CYP2D6,4.462573875,4.37835825,4.58388625,4.783074086666667,-0.3205002116666664
development_oof,4,OCNT-2309581,CYP2D6,4.640990073,4.4924365,4.84210325,4.153375526666666,0.4876145463333339
development_oof,4,OCNT-2309586,CYP1A2,2.63697236,1.09698725,3.79981475,4.516854686666667,-1.8798823266666669
development_oof,4,OCNT-2309595,CYP2D6,4.681517073,4.5160505,4.885313,4.772854613333333,-0.09133754033333297
development_oof,4,OCNT-2309596,CYP1A2,6.39124083,6.29897,6.484425,4.256634406666667,2.1346064233333335
development_oof,4,OCNT-2309599,CYP1A2,5.153638547,4.9495605,5.37137275,5.368510293333333,-0.2148717463333334
development_oof,4,OCNT-2309599,CYP2D6,4.136853678,3.5932775,4.33901825,4.49032444,-0.3534707620000006
development_oof,4,OCNT-2309599,CYP3A4,4.955952498,4.8977925,5.020462,4.6429787266666676,0.3129737713333327
development_oof,4,OCNT-2309614,CYP2D6,5.54515675,5.3997545,5.69252525,4.7031545,0.8420022500000002
development_oof,4,OCNT-2309663,CYP2C9,6.09151423,5.94598025,6.23145425,5.633098179999999,0.4584160500000003
development_oof,4,OCNT-2309663,CYP3A4,5.528186045,5.477348,5.580453,5.514605653333333,0.013580391666667246
development_oof,4,OCNT-2309665,CYP1A2,5.392889668,5.284828,5.49828875,5.4578015466666665,-0.06491187866666692
development_oof,4,OCNT-2309665,CYP2D6,2.102724975,1.0645115,3.49576325,4.6045278666666665,-2.5018028916666664
development_oof,4,OCNT-2309687,CYP2C9,4.647186257,4.47217675,4.85702525,4.38171114,0.26547511700000026
development_oof,4,OCNT-2309697,CYP2D6,4.890540237,4.7226845,5.0277665,4.845020233333333,0.04552000366666675
development_oof,4,OCNT-2309702,CYP2D6,4.638122052,4.4861085,4.87803925,4.8272412933333335,-0.18911924133333358
development_oof,4,OCNT-2309713,CYP3A4,2.20583836,1.0417375,3.512083,3.1999098866666666,-0.9940715266666666
development_oof,4,OCNT-2309728,CYP2C9,5.852564907,5.755278,5.94562175,5.144237386666666,0.7083275203333335
development_oof,4,OCNT-2309728,CYP2D6,4.978560573,4.85742425,5.10280525,4.451748106666667,0.5268124663333333
development_oof,4,OCNT-2309728,CYP3A4,6.051158075,5.99760625,6.10302625,4.863023566666667,1.1881345083333335
development_oof,4,OCNT-2309757,CYP1A2,5.224100145,5.06679775,5.363896,5.121167166666667,0.10293297833333348
development_oof,4,OCNT-2309757,CYP2D6,5.23549608,5.091788,5.36555625,4.737303413333334,0.4981926666666663
development_oof,4,OCNT-2309757,CYP3A4,5.411355087,5.345029,5.480232,4.552549300000001,0.8588057869999988
development_oof,4,OCNT-2309765,CYP1A2,6.303200555,6.22949725,6.37759375,5.9139794,0.38922115500000043
development_oof,4,OCNT-2309843,CYP2C9,5.205219553,5.064805,5.32453725,5.125742566666667,0.07947698633333289
development_oof,4,OCNT-2309854,CYP1A2,4.007750837,3.577536,4.29101125,5.069532686666666,-1.0617818496666667
development_oof,4,OCNT-2309867,CYP2D6,4.750066065,4.5836765,4.95584775,4.569299240000001,0.1807668249999992
development_oof,4,OCNT-2309877,CYP2C9,5.235617125,5.08849775,5.3594605,4.399163753333333,0.8364533716666669
development_oof,4,OCNT-2309877,CYP3A4,4.663993425,4.56408875,4.8357025,3.9272393200000004,0.7367541049999997
development_oof,4,OCNT-2309885,CYP2C9,4.633437475,4.468322,4.8246025,5.237382273333334,-0.6039447983333339
development_oof,4,OCNT-2309885,CYP2D6,4.642903758,4.49745525,4.85758275,4.7048759066666666,-0.06197214866666645
development_oof,4,OCNT-2309897,CYP1A2,3.631932888,3.00118925,4.1125205,4.930803326666666,-1.298870438666666
development_oof,4,OCNT-2309910,CYP2C9,3.615360835,3.02166825,4.13706475,4.528662653333333,-0.9133018183333328
development_oof,4,OCNT-2309929,CYP1A2,5.621801438,5.53281775,5.711411,5.589683679999999,0.03211775800000094
development_oof,4,OCNT-2309929,CYP2C9,5.620413737,5.5417755,5.7034615,5.43162848,0.18878525700000015
development_oof,4,OCNT-2309929,CYP3A4,5.375375893,5.30350725,5.437081,5.321383486666667,0.05399240633333324
development_oof,4,OCNT-2309967,CYP1A2,5.199803552,4.9788795,5.402313,5.1436770733333335,0.0561264786666662
development_oof,4,OCNT-2309967,CYP3A4,5.337629942,5.268699,5.40588525,4.62847284,0.7091571020000007
development_oof,4,OCNT-2309977,CYP1A2,4.80178124,4.55866875,5.09441175,4.534923793333333,0.2668574466666671
development_oof,4,OCNT-2309977,CYP2D6,4.780683557,4.63817775,4.940696,5.246139526666667,-0.46545596966666736
development_oof,4,OCNT-2310019,CYP2D6,1.96021925,1.049107,3.27662675,4.326602100000001,-2.366382850000001
development_oof,4,OCNT-2310019,CYP3A4,5.37132473,5.32806825,5.41727175,4.3144679733333335,1.056856756666667
development_oof,4,OCNT-2310024,CYP2D6,4.575766957,4.427957,4.76678275,5.103674733333333,-0.5279077763333335
development_oof,4,OCNT-2310034,CYP2C9,4.843914723,4.66478175,5.0381195,4.802412833333333,0.04150188966666679
development_oof,4,OCNT-2310072,CYP2C9,4.959281168,4.7833035,5.12105225,5.281999019999999,-0.3227178519999985
development_oof,4,OCNT-2310104,CYP2C9,5.14778744,4.88876975,5.36950125,4.82746774,0.32031969999999976
development_oof,4,OCNT-2310104,CYP3A4,3.978649387,3.6288965,4.245691,4.119808226666667,-0.14115883966666676
development_oof,4,OCNT-2310131,CYP3A4,2.11773605,1.059005,3.22159525,3.5525129400000006,-1.4347768900000006
development_oof,4,OCNT-2310158,CYP1A2,4.463285895,4.21164225,4.8068855,4.51031354,-0.04702764500000001
development_oof,4,OCNT-2310161,CYP1A2,5.715288297,5.62646225,5.80296525,5.851798273333333,-0.1365099763333335
development_oof,4,OCNT-2310161,CYP2D6,6.273570915,6.15027925,6.399003,5.2034810066666655,1.0700899083333342
development_oof,4,OCNT-2310174,CYP1A2,5.016708087,4.81568675,5.1670495,5.464091346666667,-0.44738325966666714
development_oof,4,OCNT-2310174,CYP2D6,4.724097408,4.5996495,4.8681415,4.965328806666667,-0.24123139866666676
development_oof,4,OCNT-2310178,CYP1A2,5.977034813,5.86983925,6.0789,5.295275986666667,0.6817588263333336
development_oof,4,OCNT-2310178,CYP2D6,4.82825322,4.63761975,5.03587425,4.55754826,0.2707049599999998
development_oof,4,OCNT-2310180,CYP2D6,5.36237939,5.256889,5.457847,4.823909713333333,0.5384696766666668
development_oof,4,OCNT-2310207,CYP1A2,5.171987592,5.0299845,5.308365,5.472434026666667,-0.3004464346666671
development_oof,4,OCNT-2310264,CYP2C9,4.911212687,4.7369725,5.10129075,4.844312019999999,0.06690066700000052
development_oof,4,OCNT-2310264,CYP3A4,4.77881633,4.6982195,4.888335,4.6314470666666665,0.14736926333333322
development_oof,4,OCNT-2310286,CYP3A4,4.06697716,3.846988,4.28630675,4.21371542,-0.14673825999999934
development_oof,4,OCNT-2310289,CYP3A4,3.934902302,3.58439,4.20321975,4.551995473333333,-0.6170931713333334
development_oof,4,OCNT-2310304,CYP2D6,1.996329052,1.04844425,3.18129725,4.717030266666667,-2.7207012146666667
development_oof,4,OCNT-2310311,CYP2D6,5.449095072,5.33848825,5.55620225,5.08545146,0.3636436120000006
development_oof,4,OCNT-2310323,CYP3A4,3.558299795,2.751779,4.02294375,3.286520413333333,0.27177938166666715
development_oof,4,OCNT-2310338,CYP1A2,3.445593937,2.5960015,4.01840425,4.179942519999999,-0.7343485829999992
development_oof,4,OCNT-2310340,CYP2D6,4.4006855,4.3289355,4.50854125,4.585669086666667,-0.18498358666666714
development_oof,4,OCNT-2310346,CYP2C9,4.33576228,4.00372725,4.780932,4.748093713333334,-0.41233143333333366
development_oof,4,OCNT-2310349,CYP2C9,3.01922477,1.260197,3.923838,4.305801506666667,-1.2865767366666665
development_oof,4,OCNT-2310437,CYP2D6,4.706699085,4.5431795,4.90032275,4.19080418,0.5158949050000006
development_oof,4,OCNT-2310440,CYP2D6,6.62229506,6.535016,6.71828375,4.437664893333333,2.1846301666666665
development_oof,4,OCNT-2310445,CYP3A4,4.317430135,4.20893625,4.459473,4.1745283933333335,0.14290174166666691
development_oof,4,OCNT-2310448,CYP1A2,5.011973475,4.8121245,5.185843,4.762051733333333,0.24992174166666636
development_oof,4,OCNT-2310448,CYP2C9,5.124903523,4.9223975,5.325364,4.282051733333334,0.8428517896666667
development_oof,4,OCNT-2310448,CYP2D6,2.541736832,1.08341775,3.96884575,4.206548733333333,-1.6648119013333336
development_oof,4,OCNT-2310448,CYP3A4,4.645771458,4.55395975,4.78085,3.58238456,1.0633868979999996
development_oof,4,OCNT-2310463,CYP1A2,5.91640629,5.82407325,6.01039375,5.193405766666666,0.7230005233333339
development_oof,4,OCNT-2310465,CYP2D6,2.321939205,1.07034075,3.83343325,4.519056020000001,-2.1971168150000007
development_oof,4,OCNT-2310500,CYP2D6,4.397598207,4.295112,4.50276325,5.251473093333333,-0.8538748863333332
development_oof,4,OCNT-2310526,CYP1A2,4.21134372,3.952211,4.53044325,3.9779998533333334,0.23334386666666695
development_oof,4,OCNT-2310526,CYP3A4,2.96073134,1.2681615,3.85571475,3.47059754,-0.5098661999999998
development_oof,4,OCNT-2310532,CYP3A4,4.059785025,3.842469,4.27296675,4.697560346666667,-0.6377753216666671
development_oof,4,OCNT-2310546,CYP1A2,4.88734002,4.64239075,5.10586775,4.38260224,0.5047377800000001
development_oof,4,OCNT-2310551,CYP1A2,4.043277885,3.5669645,4.81209875,4.788596153333334,-0.7453182683333335
development_oof,4,OCNT-2310551,CYP2C9,4.813165022,4.66190975,4.968689,4.605075433333333,0.2080895886666667
development_oof,4,OCNT-2310566,CYP1A2,5.582370968,5.44589975,5.708774,5.243672433333334,0.33869853466666644
development_oof,4,OCNT-2310566,CYP2C9,4.427168987,4.19138325,4.75078625,4.915330126666666,-0.48816113966666563
development_oof,4,OCNT-2310569,CYP2C9,4.15847907,3.7859975,4.641995,4.499264253333333,-0.34078518333333285
development_oof,4,OCNT-2310569,CYP3A4,4.275799225,4.1230235,4.44589375,4.122847500000001,0.15295172499999943
development_oof,4,OCNT-2310576,CYP2C9,4.159784415,3.80843775,4.54435,4.743115493333333,-0.583331078333333
development_oof,4,OCNT-2310600,CYP2C9,5.203446205,4.92889775,5.395478,4.3570313333333335,0.8464148716666662
development_oof,4,OCNT-2310600,CYP3A4,5.534017057,5.43693475,5.6115125,4.199369806666666,1.334647250333334
development_oof,4,OCNT-2310626,CYP2C9,4.277898848,3.9527145,4.6428385,4.62493026,-0.34703141199999976
development_oof,4,OCNT-2310632,CYP2D6,4.829552772,4.59615175,5.1200445,5.005836633333334,-0.1762838613333333
development_oof,4,OCNT-2310662,CYP3A4,4.238793732,4.1298435,4.36330425,4.062791933333334,0.17600179866666643
development_oof,4,OCNT-2310673,CYP3A4,4.70724697,4.62607775,4.82064025,4.153685846666667,0.5535611233333331
development_oof,4,OCNT-2310684,CYP1A2,4.902856362,4.691437,5.1296805,4.75378298,0.1490733819999992
development_oof,4,OCNT-2310685,CYP1A2,4.741125927,4.5658825,4.95286575,4.16540114,0.5757247869999995
development_oof,4,OCNT-2310685,CYP2C9,4.63700587,4.457209,4.8517385,4.033218553333334,0.6037873166666667
development_oof,4,OCNT-2310690,CYP3A4,5.069097875,5.0097785,5.131845,3.939990953333333,1.1291069216666667
development_oof,4,OCNT-2310696,CYP3A4,4.43262481,4.3330575,4.616212,4.364386013333333,0.06823879666666688
development_oof,4,OCNT-2310697,CYP3A4,4.36625595,4.26271725,4.54105475,3.841914226666667,0.5243417233333334
development_oof,4,OCNT-2310706,CYP1A2,5.77169407,5.6967865,5.85038175,5.031719353333334,0.7399747166666657
development_oof,4,OCNT-2310706,CYP2D6,2.58325352,1.0800015,3.99948325,5.028146453333333,-2.444892933333333
development_oof,4,OCNT-2310728,CYP1A2,4.832677073,4.69152575,4.97718225,4.538446106666667,0.2942309663333331
development_oof,4,OCNT-2310740,CYP2C9,4.898742047,4.721306,5.053273,4.671537993333333,0.22720405366666707
development_oof,4,OCNT-2310740,CYP2D6,5.290599582,5.25363425,5.33037125,4.390738046666667,0.8998615353333328
development_oof,4,OCNT-2310755,CYP2C9,4.965429043,4.73823825,5.166127,4.65852838,0.3069006630000004
development_oof,4,OCNT-2310817,CYP3A4,5.592928675,5.54340875,5.64343575,4.67117572,0.9217529549999997
development_oof,4,OCNT-2310824,CYP3A4,5.207925708,5.115658,5.307511,3.978007373333333,1.2299183346666673
development_oof,4,OCNT-2310827,CYP1A2,5.020298527,4.845762,5.161014,4.675919793333334,0.34437873366666594
development_oof,4,OCNT-2310827,CYP2C9,4.833429582,4.5920565,5.04144075,4.549025193333334,0.2844043886666663
development_oof,4,OCNT-2310827,CYP2D6,4.975338762,4.861292,5.06081275,4.585708133333332,0.38963062866666753
development_oof,4,OCNT-2310828,CYP1A2,4.457987065,4.15543125,4.8956625,5.206891580000001,-0.7489045150000004
development_oof,4,OCNT-2310834,CYP3A4,4.574048023,4.47338725,4.74260975,3.497703286666667,1.0763447363333327
development_oof,4,OCNT-2310837,CYP2C9,4.48931728,4.2908085,4.75951,4.833761746666666,-0.3444444666666664
development_oof,4,OCNT-2310837,CYP3A4,4.657391845,4.56217525,4.84069225,4.748327013333333,-0.09093516833333304
development_oof,4,OCNT-2310846,CYP2C9,4.116565827,3.6943295,4.61440425,4.1564297733333335,-0.0398639463333339
development_oof,4,OCNT-2310852,CYP2C9,4.641022253,4.26778775,5.14750975,3.76878022,0.872242033
development_oof,4,OCNT-2310853,CYP1A2,6.620301305,6.51126925,6.7367805,4.57985988,2.040441425
development_oof,4,OCNT-2310853,CYP2D6,4.902863218,4.77429875,5.03749425,4.30027274,0.6025904780000007
development_oof,4,OCNT-2310859,CYP2D6,4.500507628,4.40405675,4.637347,5.1062782533333335,-0.6057706253333333
development_oof,4,OCNT-2310859,CYP3A4,4.883709977,4.80557425,4.9892715,4.864487540000001,0.019222436999998926
development_oof,4,OCNT-2310901,CYP2C9,4.691422,3.798144,5.30878975,5.102834146666666,-0.4114121466666658
development_oof,4,OCNT-2310901,CYP3A4,5.774263255,5.648401,5.906636,4.597363333333333,1.1768999216666671
development_oof,4,OCNT-2310911,CYP3A4,3.502739865,2.96561375,3.9861685,3.2471010066666666,0.25563885833333355
development_oof,4,OCNT-2310925,CYP2C9,4.237639227,3.91224825,4.6741445,4.268873593333334,-0.031234366333333874
development_oof,4,OCNT-2310941,CYP2C9,4.516829483,4.32484975,4.78644875,4.571349086666666,-0.05451960366666597
development_oof,4,OCNT-2310942,CYP1A2,5.535560795,5.39354875,5.65165075,5.1272999666666665,0.40826082833333377
development_oof,4,OCNT-2310942,CYP2D6,5.400657775,5.32807375,5.472019,5.003135146666667,0.3975226283333333
development_oof,4,OCNT-2310945,CYP2C9,4.918670342,4.67249125,5.193844,4.768707966666666,0.14996237533333456
development_oof,4,OCNT-2310945,CYP2D6,5.838852068,5.762813,5.9196715,5.095655373333334,0.7431966946666657
development_oof,4,OCNT-2310945,CYP3A4,6.337594522,6.2680545,6.40658,4.753640273333334,1.5839542486666662
development_oof,4,OCNT-2310958,CYP2D6,4.220513683,3.89812775,4.3718355,4.630175726666667,-0.4096620436666667
development_oof,4,OCNT-2310962,CYP1A2,5.41027239,5.30851825,5.502325,4.97492946,0.43534293
development_oof,4,OCNT-2310967,CYP1A2,4.90679488,4.72675925,5.1192215,5.180720326666667,-0.2739254466666674
development_oof,4,OCNT-2310967,CYP3A4,5.543811235,5.45961775,5.6241805,3.848636546666667,1.6951746883333327
development_oof,4,OCNT-2310971,CYP2C9,4.03577002,3.58187025,4.39040975,4.265945826666668,-0.2301758066666677
development_oof,4,OCNT-2311004,CYP3A4,3.618248025,2.900235,4.0412605,4.023785826666666,-0.40553780166666575
development_oof,4,OCNT-2311031,CYP3A4,1.973443305,1.04464375,3.16217025,3.1243467066666666,-1.1509034016666666
development_oof,4,OCNT-2311055,CYP1A2,4.180272677,3.85768475,4.560246,4.3806864133333345,-0.20041373633333492
development_oof,4,OCNT-2311055,CYP3A4,2.767265615,1.153411,3.778461,3.7097651666666662,-0.9424995516666663
development_oof,4,OCNT-2311086,CYP1A2,5.13098404,4.982878,5.2490225,4.953313233333334,0.1776708066666668
development_oof,4,OCNT-2311086,CYP2C9,4.84530882,4.5910335,5.09766025,4.49913128,0.34617753999999934
development_oof,4,OCNT-2311095,CYP3A4,5.01656615,4.95435225,5.0876335,4.713922126666667,0.3026440233333334
development_oof,4,OCNT-2311138,CYP2D6,5.416734522,5.32073825,5.509563,4.644786946666667,0.7719475753333329
development_oof,4,OCNT-2311162,CYP3A4,3.55631041,2.90045875,4.00193225,3.77719364,-0.2208832300000001
development_oof,4,OCNT-2311229,CYP2C9,4.805213735,4.64285875,4.96791425,4.899095193333333,-0.09388145833333361
development_oof,4,OCNT-2311229,CYP2D6,4.29559413,4.038427,4.47625975,5.233492833333334,-0.9378987033333344
development_oof,4,OCNT-2311235,CYP1A2,3.837191628,3.27459025,4.23625125,4.714768506666666,-0.8775768786666664
development_oof,4,OCNT-2311235,CYP3A4,4.2927049,4.17302975,4.445856,4.0129503,0.2797546000000004
development_oof,4,OCNT-2311249,CYP3A4,5.348730325,5.26804775,5.4261735,3.7866987199999995,1.5620316050000005
development_oof,4,OCNT-2311253,CYP2D6,4.584075165,4.47156725,4.7335245,4.337392333333333,0.24668283166666694
development_oof,4,OCNT-2311264,CYP1A2,3.243945388,1.621415,3.98947975,5.366296253333333,-2.122350865333333
development_oof,4,OCNT-2311268,CYP3A4,4.732893935,4.66048,4.8383005,4.767755060000001,-0.034861125000000825
development_oof,4,OCNT-2311293,CYP3A4,2.159839322,1.06505925,3.53793025,3.3228456933333335,-1.1630063713333336
development_oof,4,OCNT-2311302,CYP2D6,6.967115308,6.9145285,7.021133,4.753616966666667,2.2134983413333336
development_oof,4,OCNT-2311309,CYP1A2,3.533498365,2.49455825,4.089546,4.3501044,-0.8166060350000004
development_oof,4,OCNT-2311309,CYP3A4,2.771526065,1.17895575,3.75283775,3.96768888,-1.1961628149999997
development_oof,4,OCNT-2311331,CYP1A2,4.51486617,4.3167955,4.80004825,4.949462373333333,-0.4345962033333324
development_oof,4,OCNT-2311343,CYP2C9,4.347670543,4.143274,4.64159325,4.827362840000001,-0.4796922970000006
development_oof,4,OCNT-2311382,CYP3A4,4.516093178,4.443542,4.641429,3.8195581599999997,0.6965350180000005
development_oof,4,OCNT-2311393,CYP2C9,3.466541285,2.30967975,4.0486085,4.308925893333333,-0.8423846083333331
development_oof,4,OCNT-2311402,CYP3A4,3.483314305,2.3867035,4.0026585,3.2437195866666664,0.23959471833333357
development_oof,4,OCNT-2311457,CYP3A4,3.867359603,3.5822995,4.16387175,4.25944108,-0.39208147700000007
development_oof,4,OCNT-2311501,CYP3A4,4.983913897,4.90547925,5.07232425,3.92085906,1.0630548369999997
development_oof,4,OCNT-2311534,CYP3A4,5.297393805,5.21732425,5.38068175,4.438349493333333,0.8590443116666666
development_oof,4,OCNT-2311537,CYP3A4,3.35037278,2.25005425,3.93461,3.495978266666667,-0.14560548666666717
development_oof,4,OCNT-2311540,CYP3A4,4.538519843,4.4563625,4.6937445,4.4431387933333335,0.09538104966666694
development_oof,4,OCNT-2311552,CYP1A2,4.663353632,4.412397,4.9548635,4.73941194,-0.07605830800000035
development_oof,4,OCNT-2311552,CYP2D6,5.09378824,5.005337,5.16851025,4.467405986666667,0.6263822533333334
development_oof,4,OCNT-2311552,CYP3A4,4.661321928,4.582947,4.7814065,4.2102425000000006,0.451079427999999
development_oof,4,OCNT-2311556,CYP3A4,2.893924045,1.2216735,3.804713,3.7658470800000003,-0.8719230350000005
development_oof,4,OCNT-2311567,CYP1A2,5.337748172,5.18201975,5.4703405,4.261327246666667,1.0764209253333332
development_oof,4,OCNT-2311573,CYP1A2,5.76311979,5.67092725,5.85812275,5.57216708,0.19095271000000036
development_oof,4,OCNT-2311573,CYP2D6,4.52971254,4.42057375,4.691791,5.155913993333334,-0.6262014533333335
development_oof,4,OCNT-2311573,CYP3A4,5.579058435,5.50762775,5.65890275,5.27243048,0.3066279550000006
development_oof,4,OCNT-2311596,CYP2C9,5.528967922,5.3374465,5.685146,5.072323286666666,0.4566446353333333
development_oof,4,OCNT-2311596,CYP2D6,4.34825532,4.133515,4.50501125,4.799609719999999,-0.4513543999999996
development_oof,4,OCNT-2311596,CYP3A4,5.323711023,5.2777285,5.37468325,4.958492113333333,0.3652189096666678
development_oof,4,OCNT-2311598,CYP2C9,5.524754178,5.4332605,5.61461325,5.008870700000001,0.5158834779999992
development_oof,4,OCNT-2311604,CYP2D6,4.443430293,4.33828925,4.59444075,4.7289887,-0.2855584070000008
development_oof,4,OCNT-2311626,CYP2D6,5.074427922,4.89647375,5.226687,4.619134086666667,0.45529383533333334
development_oof,4,OCNT-2311630,CYP1A2,2.297180992,1.0637975,3.67196025,4.356020666666668,-2.0588396746666677
development_oof,4,OCNT-2311630,CYP2C9,4.12075959,3.74800675,4.648425,4.05903324,0.06172634999999982
development_oof,4,OCNT-2311630,CYP3A4,3.92657747,3.5934165,4.14880225,3.684467086666667,0.2421103833333329
development_oof,4,OCNT-2311638,CYP2D6,5.05527136,4.9038685,5.1751285,4.223301520000001,0.8319698399999993
development_oof,4,OCNT-2311669,CYP1A2,5.786506378,5.659126,5.90862275,5.245731219999999,0.5407751580000015
development_oof,4,OCNT-2311669,CYP2C9,5.266287917,5.04841975,5.44703675,4.984109946666667,0.2821779703333327
development_oof,4,OCNT-2311674,CYP1A2,5.703638352,5.602949,5.7998745,5.066351886666667,0.6372864653333323
development_oof,4,OCNT-2311676,CYP1A2,5.715026997,5.56559725,5.85699625,5.352628246666667,0.362398750333333
development_oof,4,OCNT-2311676,CYP2D6,5.146796595,4.9531525,5.3015835,4.492465906666666,0.6543306883333333
development_oof,4,OCNT-2311680,CYP2C9,4.349862283,4.080638,4.69977525,4.890760326666667,-0.540898043666667
development_oof,4,OCNT-2311688,CYP1A2,5.387222525,5.16734025,5.5568215,5.234690053333333,0.1525324716666674
development_oof,4,OCNT-2311688,CYP3A4,4.433561283,4.36462975,4.5571585,4.314239766666667,0.11932151633333365
development_oof,4,OCNT-2311707,CYP1A2,5.673069532,5.55335175,5.7863855,4.754371226666667,0.9186983053333337
development_oof,4,OCNT-2311714,CYP2C9,3.27009112,1.88114725,3.97101175,3.7941573733333334,-0.5240662533333333
development_oof,4,OCNT-2311723,CYP2D6,6.5628267,6.44848475,6.69166375,4.570200266666666,1.9926264333333332
development_oof,4,OCNT-2311752,CYP3A4,5.089682045,5.029673,5.15453025,4.734606466666667,0.3550755783333326
development_oof,4,OCNT-2311769,CYP2D6,6.608682478,6.52271675,6.70484325,5.104753533333333,1.5039289446666677
development_oof,4,OCNT-2311779,CYP1A2,5.166467642,4.984927,5.345751,4.652376233333333,0.5140914086666664
development_oof,4,OCNT-2311781,CYP3A4,3.376836547,2.48257575,3.93951525,3.9657271200000004,-0.5888905730000005
development_oof,4,OCNT-2311787,CYP2C9,5.87755966,5.77214675,5.98530425,5.35622656,0.5213331000000005
development_oof,4,OCNT-2311787,CYP2D6,4.990114325,4.78836675,5.10774425,4.654836273333333,0.33527805166666713
development_oof,4,OCNT-2311815,CYP1A2,4.80665934,4.57039,5.07569475,4.830035333333333,-0.023375993333332623
development_oof,4,OCNT-2311846,CYP3A4,2.257770208,1.0678375,3.61020025,3.36563822,-1.107868012
development_oof,4,OCNT-2311849,CYP2C9,4.76523959,4.494338,5.05556725,4.5714870733333335,0.1937525166666667
development_oof,4,OCNT-2311864,CYP2D6,4.69579451,4.62482925,4.77382675,4.824629066666667,-0.12883455666666688
development_oof,4,OCNT-2311864,CYP3A4,4.80070957,4.73375425,4.8840315,4.24165312,0.5590564500000008
development_oof,4,OCNT-2311870,CYP1A2,5.19707166,4.9997585,5.34434325,5.2251255,-0.028053840000000108
development_oof,4,OCNT-2311870,CYP2D6,4.479273525,4.290811,4.78044675,4.933250566666667,-0.45397704166666664
development_oof,4,OCNT-2311873,CYP1A2,5.16790961,4.9741955,5.32501675,5.2545276733333335,-0.08661806333333377
development_oof,4,OCNT-2311889,CYP1A2,5.406839628,5.2663845,5.52573425,5.275928313333333,0.13091131466666717
development_oof,4,OCNT-2311889,CYP2C9,4.65882249,4.43953375,4.88296425,4.855512573333334,-0.19669008333333338
development_oof,4,OCNT-2311914,CYP2D6,4.578043118,4.4955575,4.684197,4.7057426200000005,-0.12769950200000046
development_oof,4,OCNT-2311921,CYP2C9,5.980268472,5.913689,6.05377125,5.065436506666667,0.9148319653333328
development_oof,4,OCNT-2311931,CYP2D6,5.441293242,5.318549,5.56103725,5.01558722,0.42570602200000085
development_oof,4,OCNT-2311948,CYP1A2,6.17100461,6.08245875,6.27367,5.696435266666667,0.4745693433333331
development_oof,4,OCNT-2311961,CYP3A4,4.343044185,4.228209,4.5136415,4.39372276,-0.05067857500000006
development_oof,4,OCNT-2311962,CYP2D6,5.303545723,5.158104,5.450459,4.88129698,0.4222487429999999
development_oof,4,OCNT-2311985,CYP1A2,5.344866588,5.1705955,5.504773,5.018871206666666,0.3259953813333345
development_oof,4,OCNT-2311985,CYP3A4,5.19923446,4.96313125,5.427563,4.188499913333334,1.010734546666666
development_oof,4,OCNT-2311995,CYP2C9,4.554688015,4.292334,4.8646155,4.439428059999999,0.11525995500000086
development_oof,4,OCNT-2311995,CYP3A4,3.43191598,1.79600375,4.0187555,4.193972499999999,-0.7620565199999993
development_oof,4,OCNT-2311998,CYP1A2,6.452779677,6.36594975,6.54343675,5.62222592,0.8305537569999997
development_oof,4,OCNT-2311998,CYP2D6,6.861031468,6.7847985,6.93677375,4.895947986666667,1.965083481333333
development_oof,4,OCNT-2312008,CYP2D6,4.379809602,4.277514,4.48906775,5.276413053333333,-0.8966034513333332
development_oof,4,OCNT-2312054,CYP2C9,4.844383292,4.67787025,4.98798175,4.689665126666667,0.1547181653333327
development_oof,4,OCNT-2312063,CYP2C9,5.634200762,5.47360625,5.78493125,4.537960033333333,1.0962407286666664
development_oof,4,OCNT-2312063,CYP2D6,4.714447833,4.6118815,4.8326825,4.300074806666666,0.41437302633333406
development_oof,4,OCNT-2312069,CYP2D6,4.475924802,4.372259,4.6196615,5.188154379999999,-0.7122295779999996
development_oof,4,OCNT-2312099,CYP2C9,3.671844512,2.96588725,4.177846,4.264832346666667,-0.5929878346666673
development_oof,4,OCNT-2312101,CYP1A2,3.550346043,2.82068575,4.0784385,4.59689588,-1.0465498370000001
development_oof,4,OCNT-2312122,CYP1A2,4.77798184,4.601778,4.9644845,5.189980833333333,-0.41199899333333345
development_oof,4,OCNT-2312122,CYP2C9,4.93290791,4.814904,5.0300925,4.9421123,-0.00920438999999984
development_oof,4,OCNT-2312150,CYP2D6,4.658237105,4.60478775,4.729693,4.839417826666667,-0.18118072166666632
development_oof,4,OCNT-2312180,CYP2D6,3.993069087,2.962813,4.26974075,4.7877485,-0.7946794130000003
development_oof,4,OCNT-2312230,CYP2C9,4.967296763,4.82887675,5.0707475,5.667221619999999,-0.6999248569999992
development_oof,4,OCNT-2312240,CYP2D6,7.186430107,7.0996495,7.2733995,5.032300153333333,2.1541299536666667
development_oof,4,OCNT-2312244,CYP1A2,4.46487709,4.19655475,4.8720095,5.081783966666666,-0.6169068766666665
development_oof,4,OCNT-2312244,CYP2C9,4.509856323,4.2834025,4.81062775,4.797716173333334,-0.2878598503333336
development_oof,4,OCNT-2312258,CYP2D6,5.383410375,5.27797975,5.48475075,4.719824413333333,0.6635859616666675
development_oof,4,OCNT-2312267,CYP3A4,3.836820278,3.51511,4.1165515,4.426305206666667,-0.5894849286666672
development_oof,4,OCNT-2312272,CYP2D6,5.002048832,4.8385105,5.144721,4.840231846666667,0.1618169853333331
development_oof,4,OCNT-2312303,CYP1A2,4.62372146,4.302269,4.9881815,5.336600586666668,-0.7128791266666683
development_oof,4,OCNT-2312303,CYP2C9,5.147778683,5.0280485,5.25884675,5.122801333333333,0.02497734966666698
development_oof,4,OCNT-2312303,CYP2D6,3.63543555,1.35860125,4.18444075,4.799334066666667,-1.1638985166666669
development_oof,4,OCNT-2312303,CYP3A4,4.724450505,4.64830925,4.8174075,4.8980197599999995,-0.17356925499999942
development_oof,4,OCNT-2312329,CYP2C9,5.003458115,4.765998,5.2286625,4.8602412,0.143216915
development_oof,4,OCNT-2312351,CYP2D6,4.589633337,4.4702975,4.773596,4.91477364,-0.3251403029999995
development_oof,4,OCNT-2312354,CYP1A2,5.589728818,5.42039125,5.747979,5.088999599999999,0.5007292180000009
development_oof,4,OCNT-2312355,CYP1A2,4.90567122,4.7437565,5.09945425,5.365638813333333,-0.4599675933333325
development_oof,4,OCNT-2312355,CYP2D6,5.29091942,5.17949725,5.3936765,5.081945993333333,0.20897342666666674
development_oof,4,OCNT-2312373,CYP1A2,4.91363722,4.70961775,5.06925025,5.28647344,-0.37283621999999994
development_oof,4,OCNT-2312373,CYP2C9,5.21842368,5.121436,5.30197725,4.798927226666668,0.4194964533333323
development_oof,4,OCNT-2312402,CYP3A4,4.263427642,4.1198285,4.481233,4.27538286,-0.011955217999999768
development_oof,4,OCNT-2312404,CYP1A2,5.179183587,5.018705,5.3023035,4.845751366666667,0.3334322203333331
development_oof,4,OCNT-2312418,CYP1A2,6.818886595,6.74356,6.89697725,5.244803246666667,1.5740833483333336
development_oof,4,OCNT-2312418,CYP2C9,5.749082955,5.6450975,5.848894,5.17233858,0.5767443750000005
development_oof,4,OCNT-2312418,CYP3A4,4.71810331,4.6421405,4.816823,4.888492319999999,-0.17038900999999917
development_oof,4,OCNT-2312427,CYP3A4,3.36999116,2.08504,3.95273025,2.9159573399999994,0.4540338200000007
development_oof,4,OCNT-2312445,CYP1A2,5.093610163,4.957877,5.19833225,5.007833586666667,0.08577657633333313
development_oof,4,OCNT-2312445,CYP3A4,5.28338795,5.20878775,5.35933375,4.7624305200000006,0.5209574299999993
development_oof,4,OCNT-2312493,CYP1A2,5.516313213,5.42871225,5.60128425,5.027170146666666,0.4891430663333338
development_oof,4,OCNT-2312497,CYP2C9,5.380046788,5.29909925,5.460561,5.1629419599999995,0.21710482800000008
development_oof,4,OCNT-2312497,CYP2D6,5.273783733,5.1388275,5.39749075,5.208976386666667,0.06480734633333274
development_oof,4,OCNT-2312504,CYP1A2,5.382527868,5.2798265,5.4770035,4.56241154,0.8201163280000001
development_oof,4,OCNT-2312504,CYP2C9,5.499014413,5.392992,5.60138,4.436770306666667,1.062244106333333
development_oof,4,OCNT-2312504,CYP3A4,4.982057725,4.92217825,5.050871,3.8410054199999997,1.141052305
development_oof,4,OCNT-2312506,CYP2D6,4.62879528,4.4539925,4.850726,4.527923773333334,0.10087150666666655
development_oof,4,OCNT-2312506,CYP3A4,5.61961092,5.562262,5.67671,4.564985506666667,1.0546254133333335
development_oof,4,OCNT-2312529,CYP1A2,5.037538018,4.8829355,5.160864,5.13682526,-0.09928724199999994
development_oof,4,OCNT-2312530,CYP2C9,5.19228396,5.00979875,5.341074,4.408305893333333,0.7839780666666671
development_oof,4,OCNT-2312554,CYP1A2,5.725068442,5.59466725,5.84733,5.21691224,0.5081562020000003
development_oof,4,OCNT-2312554,CYP2D6,6.715962757,6.64829625,6.794863,4.76474686,1.951215897
development_oof,4,OCNT-2312554,CYP3A4,6.936491525,6.872855,7.0039055,4.845598093333333,2.090893431666667
development_oof,4,OCNT-2312567,CYP3A4,4.345370665,4.25217525,4.49635375,4.214041093333334,0.13132957166666603
development_oof,4,OCNT-2312581,CYP3A4,4.665833745,4.58276975,4.804102,4.376489293333333,0.28934445166666656
development_oof,4,OCNT-2312650,CYP1A2,5.475444322,5.22842225,5.696661,5.133680013333334,0.34176430866666685
development_oof,4,OCNT-2312650,CYP2D6,6.410414102,6.235372,6.578684,4.901241133333334,1.5091729686666655
development_oof,4,OCNT-2312691,CYP3A4,2.011759725,1.040013,3.18753125,3.6084832933333337,-1.5967235683333336
development_oof,4,OCNT-2312719,CYP2D6,5.130687135,4.95746675,5.26005575,4.535146073333333,0.5955410616666663
development_oof,4,OCNT-2312726,CYP3A4,3.570273268,3.040665,3.972973,3.478531986666667,0.09174128133333337
development_oof,4,OCNT-2312740,CYP1A2,4.628198623,4.439257,4.88637025,4.898029673333333,-0.269831050333333
development_oof,4,OCNT-2312740,CYP2C9,4.834588593,4.6351795,5.04948025,4.578011646666667,0.2565769463333334
development_oof,4,OCNT-2312740,CYP3A4,3.7607239,3.3236895,4.076147,4.234724466666667,-0.4740005666666671
development_oof,4,OCNT-2312742,CYP3A4,3.63856798,3.22112075,4.026701,3.4546232066666667,0.18394477333333326
development_oof,4,OCNT-2312757,CYP3A4,2.600097542,1.116073,3.7810305,3.8900955866666664,-1.2899980446666666
development_oof,4,OCNT-2312769,CYP3A4,4.371734838,4.24005825,4.566576,4.615525313333333,-0.2437904753333333
development_oof,4,OCNT-2312771,CYP1A2,3.819372165,3.06608075,4.183648,4.643251719999999,-0.8238795549999995
development_oof,4,OCNT-2312773,CYP2D6,4.499803,4.36615975,4.693084,4.67404382,-0.17424081999999963
development_oof,4,OCNT-2312773,CYP3A4,3.033108745,1.37821825,3.866338,3.931119893333334,-0.898011148333334
development_oof,4,OCNT-2312776,CYP3A4,3.682257762,3.23801925,4.039866,4.504021026666667,-0.821763264666667
development_oof,4,OCNT-2312801,CYP1A2,5.01491435,4.8554145,5.15508225,4.829458653333333,0.18545569666666673
development_oof,4,OCNT-2312801,CYP2C9,4.738844998,4.59838875,4.89716375,4.773115426666666,-0.034270428666665964
development_oof,4,OCNT-2312801,CYP3A4,5.793987925,5.739395,5.85074225,4.437576206666667,1.3564117183333328
development_oof,4,OCNT-2312846,CYP3A4,3.614910297,3.02361575,4.03502675,3.517322506666667,0.09758779033333331
development_oof,4,OCNT-2312853,CYP2C9,4.97532358,4.8194595,5.14671525,4.883857,0.09146658000000052
development_oof,4,OCNT-2312853,CYP3A4,4.623078142,4.520295,4.8112245,4.730310766666667,-0.1072326246666675
development_oof,4,OCNT-2312865,CYP3A4,5.335482225,5.27160825,5.39401875,4.259601139999999,1.0758810850000007
development_oof,4,OCNT-2312868,CYP2C9,5.037214813,4.9017455,5.15802375,4.9585313399999995,0.07868347300000078
development_oof,4,OCNT-2312891,CYP2C9,4.9852407,4.89178425,5.07146825,4.715937760000001,0.2693029399999993
development_oof,4,OCNT-2312951,CYP1A2,5.164665077,5.03315625,5.27774825,5.174790360000001,-0.010125283000000707
development_oof,4,OCNT-2312951,CYP2D6,5.40185169,5.303978,5.49823175,4.760598613333333,0.6412530766666666
development_oof,4,OCNT-2312952,CYP1A2,5.27642778,5.18231025,5.366895,5.785757426666668,-0.5093296466666679
development_oof,4,OCNT-2312973,CYP1A2,5.71597021,5.63032125,5.79902075,4.85433754,0.8616326699999997
development_oof,4,OCNT-2313024,CYP1A2,5.886177303,5.80513725,5.96679025,5.6546722,0.23150510299999993
development_oof,4,OCNT-2313024,CYP2D6,4.421127375,4.278215,4.587045,4.7659159933333335,-0.3447886183333333
development_oof,4,OCNT-2313026,CYP1A2,3.84698157,3.32764,4.25747175,3.799874933333333,0.047106636666667256
development_oof,4,OCNT-2313026,CYP2C9,3.575564215,1.9585985,4.1502825,3.8469298800000002,-0.27136566500000026
development_oof,4,OCNT-2313031,CYP3A4,4.587192055,4.4739335,4.78104625,3.6005547533333333,0.9866373016666667
development_oof,4,OCNT-2313035,CYP2C9,4.601438325,4.42742525,4.80764525,4.168339073333334,0.4330992516666665
development_oof,4,OCNT-2313035,CYP2D6,4.775547402,4.62117,4.94523275,4.797620660000001,-0.022073258000000706
development_oof,4,OCNT-2313040,CYP2C9,4.544626595,4.348416,4.79192475,5.41167044,-0.8670438449999995
development_oof,4,OCNT-2313040,CYP3A4,4.18503508,4.017036,4.34542625,4.990095533333333,-0.8050604533333336
development_oof,4,OCNT-2313047,CYP3A4,2.977944008,1.20061075,3.9012405,3.370003846666667,-0.39205983866666694
development_oof,4,OCNT-2313107,CYP2D6,7.074411178,6.970253,7.17474,5.1694379533333334,1.9049732246666666
development_oof,4,OCNT-2313109,CYP3A4,2.142141725,1.05784475,3.23227175,4.34857844,-2.2064367149999997
development_oof,4,OCNT-2313113,CYP1A2,5.2556167,5.096596,5.406962,4.968473406666666,0.287143293333334
development_oof,4,OCNT-2313120,CYP2C9,5.038296997,4.887836,5.187633,4.977180906666667,0.061116090333332984
development_oof,4,OCNT-2313120,CYP3A4,4.96253782,4.8939885,5.0450635,4.651708833333333,0.3108289866666665
development_oof,4,OCNT-2313121,CYP3A4,4.798132707,4.72019525,4.90500225,4.162337226666667,0.635795480333333
development_oof,4,OCNT-2313144,CYP2C9,4.625382248,4.429207,4.85781075,4.623743546666667,0.0016387013333334366
development_oof,4,OCNT-2313183,CYP1A2,5.686359722,5.59121925,5.77516225,5.134121713333334,0.5522380086666656
development_oof,4,OCNT-2313184,CYP2D6,4.489058912,4.43328875,4.57860725,4.6847687,-0.19570978800000027
development_oof,4,OCNT-2313184,CYP3A4,4.731188185,4.66002875,4.82768875,4.588209226666666,0.14297895833333385
development_oof,4,OCNT-2313185,CYP1A2,5.539890573,5.42764125,5.64132125,5.351590206666666,0.18830036633333425
development_oof,4,OCNT-2313201,CYP2D6,4.355014435,4.2675695,4.45134025,4.432996993333335,-0.07798255833333467
development_oof,4,OCNT-2313233,CYP2D6,4.964212883,4.7863245,5.10627125,4.546735726666666,0.4174771563333337
development_oof,4,OCNT-2313260,CYP2D6,4.70978301,4.57443375,4.91341375,4.54030676,0.16947624999999977
development_oof,4,OCNT-2313273,CYP3A4,4.196689665,4.0497215,4.32711225,4.282609006666666,-0.08591934166666615
development_oof,4,OCNT-2313279,CYP3A4,4.900247812,4.785256,5.05791875,4.222788893333333,0.6774589186666669
development_oof,4,OCNT-2313293,CYP3A4,5.366531287,5.28484375,5.448945,5.380123826666667,-0.013592539666666958
development_oof,4,OCNT-2313335,CYP3A4,3.472278307,2.31022975,4.00310225,2.7400483,0.7322300069999996
development_oof,4,OCNT-2313366,CYP1A2,5.423312147,5.32770075,5.51164275,5.15266822,0.27064392700000006
development_oof,4,OCNT-2313371,CYP2C9,4.73150078,4.55017775,4.922973,4.856644173333333,-0.12514339333333258
development_oof,4,OCNT-2313392,CYP3A4,4.390583823,4.2815935,4.53609075,4.0075816799999995,0.38300214300000057
development_oof,4,OCNT-2313399,CYP2C9,4.47853127,4.31049825,4.69945,4.636281826666666,-0.1577505566666657
development_oof,4,OCNT-2313399,CYP3A4,4.47611362,4.379167,4.65038925,4.3597976266666665,0.11631599333333309
development_oof,4,OCNT-2313401,CYP2C9,4.676530927,4.4903605,4.88452675,4.861622186666667,-0.18509125966666673
development_oof,4,OCNT-2313401,CYP3A4,4.21125573,4.04227125,4.48583475,4.4802057133333335,-0.2689499833333331
development_oof,4,OCNT-2313424,CYP2C9,3.951336042,3.52117925,4.5200085,4.539676133333334,-0.5883400913333339
development_oof,4,OCNT-2313424,CYP3A4,3.799369833,3.24937775,4.10148,4.10004248,-0.30067264699999985
development_oof,4,OCNT-2313433,CYP1A2,5.378651012,5.28137525,5.47179375,5.265164499999999,0.1134865120000006
development_oof,4,OCNT-2313433,CYP2D6,4.553075758,4.45777825,4.67653275,5.05716438,-0.5040886219999994
development_oof,4,OCNT-2313459,CYP3A4,4.749361282,4.6764475,4.85822475,3.186384133333333,1.5629771486666666
development_oof,4,OCNT-2313460,CYP1A2,5.59723241,5.47348825,5.72027375,5.6647775466666666,-0.0675451366666664
development_oof,4,OCNT-2313460,CYP2D6,5.160499902,5.0180975,5.273328,5.256720513333334,-0.09622061133333393
development_oof,4,OCNT-2313470,CYP3A4,3.180861255,1.60712775,3.89763025,3.3129462266666665,-0.13208497166666655
development_oof,4,OCNT-2313475,CYP2C9,5.67364764,5.5626675,5.77893575,4.9072085,0.7664391400000001
development_oof,4,OCNT-2313489,CYP2D6,5.255717423,5.13783,5.35952075,4.563598746666667,0.6921186763333331
development_oof,4,OCNT-2313512,CYP3A4,3.73107955,3.2968595,4.048373,3.6861827133333334,0.04489683666666666
development_oof,4,OCNT-2313537,CYP3A4,4.18748671,4.027728,4.3558215,3.979697473333333,0.20778923666666715
development_oof,4,OCNT-2313543,CYP3A4,3.129496105,1.393969,3.91890325,3.8435912733333333,-0.7140951683333334
development_oof,4,OCNT-2313553,CYP2C9,3.438530075,2.104645,4.0718335,4.1692269,-0.7306968249999999
development_oof,4,OCNT-2313567,CYP1A2,6.993996538,6.907625,7.082275,5.0719923,1.9220042380000004
development_oof,4,OCNT-2313567,CYP3A4,3.68070092,3.262106,4.023024,4.059445733333334,-0.37874481333333376
development_oof,4,OCNT-2313574,CYP3A4,4.5297972,4.4315125,4.71423425,4.590243320000001,-0.060446120000000825
development_oof,4,OCNT-2313609,CYP3A4,5.23243486,5.072828,5.34349075,5.1171758,0.11525905999999964
development_oof,4,OCNT-2313637,CYP1A2,5.305972895,5.1428895,5.46918325,4.669602386666666,0.636370508333334
development_oof,4,OCNT-2313637,CYP2C9,4.873151117,4.71150975,5.00680125,4.658022679999999,0.21512843700000062
development_oof,4,OCNT-2313647,CYP2D6,4.87622875,4.73521575,5.03228275,4.574160166666667,0.302068583333333
development_oof,4,OCNT-2313654,CYP2D6,4.618860472,4.52651525,4.758613,4.782587826666666,-0.16372735466666644
development_oof,4,OCNT-2313664,CYP2D6,4.004343817,3.28979975,4.249203,4.854009033333334,-0.8496652163333343
development_oof,4,OCNT-2313671,CYP3A4,4.22336144,4.06573075,4.403176,4.196268573333334,0.027092866666666104
development_oof,4,OCNT-2313685,CYP1A2,4.04451513,3.65251825,4.3823,4.837534446666667,-0.7930193166666673
development_oof,4,OCNT-2313685,CYP2C9,4.826138907,4.54660875,5.10742775,4.524536366666667,0.30160254033333267
development_oof,4,OCNT-2313685,CYP3A4,4.201260333,4.0136165,4.34323525,4.067258019999999,0.13400231300000076
development_oof,4,OCNT-2313694,CYP1A2,5.148381035,4.9534245,5.343641,4.742644406666666,0.4057366283333339
development_oof,4,OCNT-2313694,CYP3A4,5.90317757,5.85008975,5.95606225,4.146876580000001,1.7563009899999997
development_oof,4,OCNT-2313737,CYP2C9,3.721030725,3.18818275,4.2564505,4.5716959,-0.850665175
development_oof,4,OCNT-2313748,CYP2C9,4.170819863,3.809658,4.65784975,4.44375836,-0.27293849700000017
development_oof,4,OCNT-2313749,CYP1A2,4.65559707,4.55437925,4.7775815,5.355289493333333,-0.6996924233333335
development_oof,4,OCNT-2313749,CYP2C9,5.574504115,5.48736775,5.66405625,5.210983140000001,0.36352097499999925
development_oof,4,OCNT-2313749,CYP2D6,4.60309639,4.538434,4.683802,4.72003194,-0.11693555
development_oof,4,OCNT-2313749,CYP3A4,5.313172212,5.26970575,5.3596815,5.073158946666666,0.24001326533333334
development_oof,4,OCNT-2313769,CYP2D6,4.45230737,4.37850575,4.5719485,5.052878420000001,-0.600571050000001
development_oof,4,OCNT-2313771,CYP1A2,4.3306791,4.0364,4.77337275,5.242893526666666,-0.9122144266666661
development_oof,4,OCNT-2313771,CYP3A4,4.15287812,3.988479,4.31044275,4.49528282,-0.34240470000000034
development_oof,4,OCNT-2313789,CYP1A2,5.929767522,5.85876875,5.99619025,5.2585678399999995,0.6711996820000001
development_oof,4,OCNT-2313789,CYP2D6,4.67524676,4.57241925,4.8144845,5.0807382400000005,-0.40549148000000024
development_oof,4,OCNT-2313815,CYP3A4,4.1180029,3.9004955,4.29021775,4.21112216,-0.09311926000000081
development_oof,4,OCNT-2313846,CYP3A4,4.521543053,4.44169925,4.65001575,3.7900124533333335,0.7315305996666668
development_oof,4,OCNT-2313851,CYP1A2,3.29024339,1.74225,4.010045,4.8929234,-1.6026800099999998
development_oof,4,OCNT-2313861,CYP2D6,6.4572854,6.3540265,6.56878225,5.119578326666666,1.337707073333334
development_oof,4,OCNT-2313894,CYP3A4,3.530049412,2.3577175,4.028663,3.5068362866666676,0.023213125333332307
development_oof,4,OCNT-2313901,CYP2C9,5.916701148,5.56727175,6.22759725,5.443152346666667,0.4735488013333322
development_oof,4,OCNT-2313901,CYP3A4,5.9941916,5.745885,6.1852425,5.325384293333334,0.6688073066666655
development_oof,4,OCNT-2313913,CYP1A2,4.69094824,4.44877825,4.96381425,5.4442754,-0.7533271600000004
development_oof,4,OCNT-2313963,CYP1A2,2.320936362,1.0729855,3.64662075,4.96285,-2.6419136380000006
development_oof,4,OCNT-2313965,CYP3A4,1.95935075,1.03935975,3.16695075,3.611450346666667,-1.652099596666667
development_oof,4,OCNT-2313981,CYP2C9,5.2200345,5.12096325,5.30299125,4.827896646666667,0.39213785333333284
development_oof,4,OCNT-2313984,CYP2D6,6.913799863,6.85158,6.9712445,5.1492100333333335,1.7645898296666669
development_oof,4,OCNT-2313995,CYP2C9,5.7279869,5.635548,5.818328,4.897511206666667,0.8304756933333337
development_oof,4,OCNT-2314002,CYP3A4,4.391129627,4.2759965,4.57175475,4.22270416,0.1684254669999996
development_oof,4,OCNT-2314015,CYP3A4,2.090711403,1.066324,3.21217725,3.2953167800000003,-1.2046053770000005
development_oof,4,OCNT-2314023,CYP1A2,4.92848564,4.6847745,5.0484325,4.959103233333333,-0.030617593333333026
development_oof,4,OCNT-2314046,CYP2C9,3.945283598,3.48214125,4.562397,4.606154533333333,-0.6608709353333331
development_oof,4,OCNT-2314050,CYP1A2,4.89527568,4.7478665,5.05385425,5.309537866666667,-0.4142621866666669
development_oof,4,OCNT-2314054,CYP2D6,4.64942307,4.5692945,4.7485,4.795248746666667,-0.14582567666666701
development_oof,4,OCNT-2314064,CYP3A4,4.533964183,4.44779775,4.674834,4.151249819999999,0.3827143630000007
development_oof,4,OCNT-2314074,CYP3A4,4.902988677,4.77784925,5.10760075,3.20501534,1.6979733369999996
development_oof,4,OCNT-2314087,CYP1A2,3.397316567,1.9395045,4.0515555,4.987918806666667,-1.5906022396666675
development_oof,4,OCNT-2314087,CYP2C9,5.830906093,5.738907,5.92121425,4.87885566,0.9520504330000001
development_oof,4,OCNT-2314087,CYP2D6,4.449237828,4.36649425,4.55914325,4.66180028,-0.21256245199999935
development_oof,4,OCNT-2314087,CYP3A4,5.248056232,5.2082675,5.29074825,4.614459653333332,0.6335965786666673
development_oof,4,OCNT-2314113,CYP3A4,3.000241968,1.3027,3.86319,3.8129628466666667,-0.8127208786666666
development_oof,4,OCNT-2314150,CYP2C9,4.530382988,4.279747,4.83745675,4.320125186666666,0.21025780133333427
development_oof,4,OCNT-2314157,CYP2C9,3.80193069,3.25762775,4.3684015,4.080335846666667,-0.27840515666666743
development_oof,4,OCNT-2314193,CYP3A4,4.33964827,4.2342555,4.48257275,4.7800853666666665,-0.44043709666666686
development_oof,4,OCNT-2314198,CYP2C9,2.116546882,1.06235925,3.2130305,4.36517604,-2.2486291579999995
development_oof,4,OCNT-2314213,CYP2D6,4.393532967,4.3179415,4.493951,4.5515715666666665,-0.1580385996666669
development_oof,4,OCNT-2314215,CYP3A4,4.279887227,4.1179365,4.508635,4.061237673333333,0.21864955366666639
development_oof,4,OCNT-2314248,CYP1A2,5.615187175,5.4547955,5.7830715,5.33887706,0.27631011500000024
development_oof,4,OCNT-2314248,CYP3A4,3.561565782,2.89507425,4.05773425,4.090703493333334,-0.5291377113333335
development_oof,4,OCNT-2314251,CYP2C9,4.445804383,4.17244975,4.8165795,4.4053517200000005,0.040452662999999056
development_oof,4,OCNT-2314259,CYP1A2,4.806075,4.6665225,4.95817025,5.134984606666667,-0.32890960666666746
development_oof,4,OCNT-2314277,CYP2C9,4.02715398,3.6520045,4.453848,4.265295693333333,-0.23814171333333345
development_oof,4,OCNT-2314277,CYP3A4,4.356621407,4.2603635,4.48337675,3.9882405133333334,0.36838089366666615
development_oof,4,OCNT-2314326,CYP3A4,4.425284945,4.28106675,4.690363,4.5910504,-0.16576545500000073
development_oof,4,OCNT-2314336,CYP3A4,2.419538933,1.0947795,3.6760025,4.057853786666667,-1.6383148536666665
development_oof,4,OCNT-2314337,CYP3A4,4.374797007,4.2650035,4.56776125,3.9498211266666665,0.4249758803333332
development_oof,4,OCNT-2314338,CYP2D6,4.381336222,4.26193875,4.508691,4.496601926666667,-0.11526570466666719
development_oof,4,OCNT-2314349,CYP2C9,4.834714417,4.49448775,5.13484375,4.678300806666667,0.1564136103333329
development_oof,4,OCNT-2314363,CYP2C9,4.009303855,3.5693395,4.48352475,4.163935606666667,-0.15463175166666687
development_oof,4,OCNT-2314377,CYP2D6,4.407693238,4.30946975,4.5390385,4.84635018,-0.4386569419999997
development_oof,4,OCNT-2314395,CYP2D6,5.719939133,5.580378,5.8557025,4.922196666666666,0.7977424663333332
development_oof,4,OCNT-2314402,CYP1A2,6.34625435,6.236407,6.45757575,5.231210973333334,1.1150433766666659
development_oof,4,OCNT-2314426,CYP2D6,4.582288155,4.469593,4.75990025,4.879919266666667,-0.297631111666667
development_oof,4,OCNT-2314450,CYP3A4,5.671453385,5.602198,5.73864225,4.998066033333333,0.6733873516666673
development_oof,4,OCNT-2314494,CYP2C9,4.577439082,4.3435655,4.86182175,4.6527543866666665,-0.0753153046666668
development_oof,4,OCNT-2314494,CYP2D6,5.926127487,5.820468,6.0347115,4.526328593333333,1.3997988936666665
development_oof,4,OCNT-2314526,CYP2D6,4.774912345,4.5873495,5.00930975,4.548844466666667,0.22606787833333275
development_oof,4,OCNT-2314547,CYP3A4,4.622010702,4.535875,4.77031075,3.89704742,0.724963282
development_oof,4,OCNT-2314548,CYP2C9,6.121997667,5.97866,6.26249,4.561794180000001,1.560203486999999
development_oof,4,OCNT-2314548,CYP2D6,4.773710355,4.586024,5.01093,4.451192773333334,0.32251758166666633
development_oof,4,OCNT-2314548,CYP3A4,5.439484532,5.36267,5.5187845,4.002163313333332,1.4373212186666677
development_oof,4,OCNT-2314568,CYP1A2,5.068768728,4.96052525,5.1773115,5.93859292,-0.8698241919999994
development_oof,4,OCNT-2314588,CYP1A2,6.58745454,6.461657,6.708365,5.58317746,1.0042770800000005
development_oof,4,OCNT-2314588,CYP2D6,5.21091777,5.12479675,5.29079225,5.303440453333333,-0.0925226833333328
development_oof,4,OCNT-2314601,CYP2D6,4.54375474,4.40934675,4.73720975,4.786312613333333,-0.24255787333333334
development_oof,4,OCNT-2314611,CYP2D6,4.498398825,4.405798,4.63518125,5.085649906666667,-0.5872510816666674
development_oof,4,OCNT-2314613,CYP2C9,3.81197556,3.3433135,4.24469075,4.013927973333334,-0.2019524133333337
development_oof,4,OCNT-2314613,CYP3A4,3.315846993,1.448763,4.00185,3.699770266666667,-0.3839232736666669
development_oof,4,OCNT-2314615,CYP1A2,5.145038037,5.044738,5.24219725,5.255870346666667,-0.1108323096666668
development_oof,4,OCNT-2314615,CYP2D6,4.553215905,4.47445775,4.6642005,4.427927706666667,0.12528819833333316
development_oof,4,OCNT-2314682,CYP2D6,5.420231395,5.296436,5.5268305,4.9754396,0.44479179500000043
development_oof,4,OCNT-2314747,CYP3A4,4.165063628,3.97317625,4.3810425,4.139683533333334,0.025380094666666686
development_oof,4,OCNT-2314762,CYP2D6,5.329190077,5.18221275,5.46630275,4.891821213333333,0.4373688636666664
development_oof,4,OCNT-2314768,CYP1A2,5.070780313,4.86918,5.254674,5.21127384,-0.1404935269999994
development_oof,4,OCNT-2314771,CYP1A2,7.405144345,7.33256125,7.47909125,5.37496342,2.030180925
development_oof,4,OCNT-2314771,CYP2D6,4.705701895,4.6412595,4.784295,4.26541162,0.44029027499999973
development_oof,4,OCNT-2314774,CYP1A2,5.244450755,5.09992975,5.377602,5.538421546666667,-0.2939707916666672
development_oof,4,OCNT-2314795,CYP1A2,6.73828981,6.65718975,6.8232045,5.338617346666667,1.3996724633333333
development_oof,4,OCNT-2314795,CYP2D6,6.860436905,6.76632825,6.95328,4.611816073333333,2.248620831666667
development_oof,4,OCNT-2314796,CYP2D6,5.620216425,5.54187925,5.71429125,5.312225733333333,0.30799069166666637
development_oof,4,OCNT-2314804,CYP1A2,5.844491977,5.74154475,5.949471,5.37492076,0.4695712169999995
development_oof,4,OCNT-2314804,CYP2C9,6.04096778,5.9127185,6.1714995,4.975503866666666,1.0654639133333337
development_oof,4,OCNT-2314804,CYP2D6,4.548551055,4.45543,4.705037,4.29343836,0.2551126950000002
development_oof,4,OCNT-2314807,CYP1A2,5.24065141,5.051678,5.40612175,5.701815306666667,-0.46116389666666713
development_oof,4,OCNT-2314807,CYP2D6,4.670069745,4.536148,4.8316555,4.68687874,-0.016808994999999882
development_oof,4,OCNT-2314816,CYP2D6,4.810395355,4.65006475,4.99420675,4.923779806666667,-0.11338445166666755
development_oof,4,OCNT-2314833,CYP2C9,4.538471022,4.2985895,4.8442825,4.741636093333333,-0.2031650713333324
development_oof,4,OCNT-2314844,CYP2D6,4.355937828,4.26281275,4.4552605,4.659656946666667,-0.3037191186666668
development_oof,4,OCNT-2314853,CYP2D6,6.506942547,6.40502175,6.61837075,5.045423666666666,1.461518880333334
development_oof,4,OCNT-2314858,CYP2C9,5.824570385,5.652197,5.97923175,4.723704039999999,1.100866345000001
development_oof,4,OCNT-2314858,CYP3A4,4.993322645,4.93019175,5.0662,4.368778426666667,0.624544218333333
development_oof,4,OCNT-2314879,CYP1A2,5.227320898,4.3091175,5.82181525,5.242929973333333,-0.015609075333332889
development_oof,4,OCNT-2314886,CYP1A2,5.09296862,4.86232375,5.3031925,4.9186750733333335,0.1742935466666662
development_oof,4,OCNT-2314895,CYP3A4,4.529635632,4.42501125,4.6996555,4.773490213333334,-0.24385458133333415
development_oof,4,OCNT-2314902,CYP3A4,2.548094117,1.066461,3.75744425,3.8087896066666667,-1.2606954896666664
development_oof,4,OCNT-2314906,CYP2D6,2.657355235,1.06734575,4.09403675,4.4607604133333325,-1.8034051783333327
development_oof,4,OCNT-2314907,CYP2C9,4.60174871,4.373063,4.8646555,4.774190900000001,-0.17244219000000083
development_oof,4,OCNT-2314928,CYP2C9,4.941546918,4.7626125,5.1392815,4.496443853333333,0.44510306466666716
development_oof,4,OCNT-2314930,CYP2D6,5.084647272,4.93049475,5.19246575,4.708051206666666,0.37659606533333356
development_oof,4,OCNT-2314960,CYP2D6,4.991387008,4.757022,5.142143,4.86762694,0.12376006800000017
development_oof,4,OCNT-2314961,CYP2D6,4.346709813,4.00055275,4.557653,4.972627826666667,-0.6259180136666664
development_oof,4,OCNT-2314966,CYP1A2,3.411878885,2.15026825,4.00309225,4.614790426666667,-1.2029115416666665
development_oof,4,OCNT-2314966,CYP2C9,4.086753965,3.6870665,4.62455425,4.52372086,-0.4369668950000003
development_oof,4,OCNT-2314969,CYP2D6,5.635094695,5.55781325,5.715975,5.135889393333333,0.49920530166666754
development_oof,4,OCNT-2314969,CYP3A4,5.158835765,5.09505725,5.2271185,3.9767523600000003,1.1820834049999998
development_oof,4,OCNT-2314989,CYP2C9,4.63661053,4.47381025,4.8138665,4.722487839999999,-0.08587730999999987
development_oof,4,OCNT-2314989,CYP2D6,1.996967245,1.0401795,3.40011775,4.8176531533333335,-2.8206859083333335
development_oof,4,OCNT-2314989,CYP3A4,4.759673223,4.697469,4.830402,4.550826653333333,0.20884656966666704
development_oof,4,OCNT-2315005,CYP1A2,5.023546825,4.85567775,5.19657375,4.217166546666666,0.806380278333334
development_oof,4,OCNT-2315056,CYP1A2,4.832905623,4.67346575,5.03816775,4.584314793333332,0.2485908296666679
development_oof,4,OCNT-2315056,CYP2C9,4.648828757,4.4274525,4.89498325,4.6413564733333335,0.007472283666666968
development_oof,4,OCNT-2315056,CYP2D6,4.650030988,4.524274,4.813007,4.171831393333333,0.47819959466666706
development_oof,4,OCNT-2315056,CYP3A4,5.226343625,5.1492065,5.31234175,4.251662433333332,0.9746811916666678
development_oof,4,OCNT-2315074,CYP2C9,4.796889147,4.6299975,4.93715075,4.287436553333333,0.5094525936666665
development_oof,4,OCNT-2315079,CYP2D6,4.179193795,3.5813335,4.42803325,4.760087053333335,-0.5808932583333348
development_oof,4,OCNT-2315079,CYP3A4,3.329598892,2.484257,3.91308225,3.8488650733333336,-0.5192661813333337
development_oof,4,OCNT-2315091,CYP1A2,3.84919785,3.37274825,4.23280075,4.747907773333333,-0.8987099233333331
development_oof,4,OCNT-2315109,CYP2C9,4.759754125,4.403487,5.12679975,4.418804426666666,0.34094969833333355
development_oof,4,OCNT-2315113,CYP1A2,5.132104528,5.028389,5.2236135,5.359494539999999,-0.22739001199999898
development_oof,4,OCNT-2315113,CYP3A4,5.0783533,5.043859,5.11233575,4.485037206666666,0.5933160933333337
development_oof,4,OCNT-2315138,CYP1A2,5.39338793,5.2623575,5.513712,5.184399986666667,0.2089879433333337
development_oof,4,OCNT-2315138,CYP2C9,5.383323447,5.31056425,5.4588355,5.169188633333333,0.21413481366666787
development_oof,4,OCNT-2315150,CYP1A2,5.234456892,5.0982585,5.35555175,5.247071666666667,-0.01261477466666694
development_oof,4,OCNT-2315150,CYP2D6,3.275732415,1.2225885,4.1859505,4.596755906666667,-1.3210234916666672
development_oof,4,OCNT-2315183,CYP1A2,5.84268611,5.7580195,5.93061925,5.1202957866666665,0.7223903233333333
development_oof,4,OCNT-2315186,CYP1A2,5.661162435,5.51540525,5.7846555,4.816616986666666,0.8445454483333332
development_oof,4,OCNT-2315195,CYP3A4,4.883755237,4.8163595,4.97044225,4.325508673333333,0.5582465636666667
development_oof,4,OCNT-2315232,CYP3A4,5.3413464,5.201003,5.4403615,4.237068426666666,1.1042779733333337
development_oof,4,OCNT-2315241,CYP1A2,5.493386043,5.3573105,5.6271215,5.310338866666666,0.1830471763333339
development_oof,4,OCNT-2315245,CYP1A2,6.223525422,6.11463975,6.3348205,4.856805573333333,1.3667198486666665
development_oof,4,OCNT-2315245,CYP2D6,5.890073305,5.8141465,5.97217325,4.101337793333333,1.7887355116666663
development_oof,4,OCNT-2315250,CYP2C9,5.410899278,5.26348625,5.5398525,5.182437766666666,0.22846151133333326
development_oof,4,OCNT-2315250,CYP3A4,4.988022958,4.9183695,5.06316075,5.107534426666666,-0.11951146866666562
development_oof,4,OCNT-2315252,CYP1A2,7.13108756,7.0407755,7.22257275,5.544705613333333,1.586381946666667
development_oof,4,OCNT-2315252,CYP2D6,4.857333055,4.75977875,4.9360875,4.81555216,0.041780894999999596
development_oof,4,OCNT-2315284,CYP2C9,5.077286642,4.89958925,5.23516225,4.3397393399999995,0.7375473020000003
development_oof,4,OCNT-2315284,CYP2D6,4.504881528,4.43284975,4.6152975,4.978385993333333,-0.4735044653333329
development_oof,4,OCNT-2315284,CYP3A4,5.609922897,5.5228695,5.69929125,4.060011653333333,1.549911243666667
development_oof,4,OCNT-2315296,CYP1A2,6.090674255,5.99829925,6.1821715,5.319651486666666,0.7710227683333333
development_oof,4,OCNT-2315300,CYP2C9,4.594852832,4.3629595,4.87711175,4.440380413333333,0.15447241866666683
development_oof,4,OCNT-2315311,CYP3A4,4.745603835,4.65639725,4.87960525,3.944669833333333,0.8009340016666666
development_oof,4,OCNT-2315322,CYP2C9,5.403005335,5.273342,5.53121125,4.807276053333333,0.5957292816666664
development_oof,4,OCNT-2315338,CYP1A2,5.521184462,5.39888275,5.62892325,4.76304852,0.758135942
development_oof,4,OCNT-2315347,CYP2D6,5.11346502,4.98783425,5.2119005,5.197679559999999,-0.08421453999999962
development_oof,4,OCNT-2315349,CYP1A2,4.609769017,4.3560425,4.96112975,5.675573353333332,-1.0658043363333327
development_oof,4,OCNT-2315349,CYP2D6,4.696163882,4.5076295,4.96213575,4.961522660000001,-0.2653587780000013
development_oof,4,OCNT-2315366,CYP3A4,4.79525214,4.72641675,4.88345375,5.046251926666668,-0.250999786666668
development_oof,4,OCNT-2315392,CYP3A4,5.403072745,5.260525,5.5561775,4.325705279999999,1.077367465000001
development_oof,4,OCNT-2315398,CYP3A4,3.72303155,3.4144035,4.03852125,3.9678910066666666,-0.24485945666666664
development_oof,4,OCNT-2315443,CYP2C9,5.483737665,5.37027625,5.58857,4.691510693333333,0.7922269716666666
development_oof,4,OCNT-2315443,CYP3A4,4.446970708,4.21011625,5.02772625,4.12983442,0.3171362880000004
development_oof,4,OCNT-2315460,CYP2D6,5.809125005,5.723915,5.90101425,4.633617026666668,1.1755079783333322
development_oof,4,OCNT-2315473,CYP2C9,3.819707403,3.35543275,4.35248375,4.48389608,-0.6641886770000003
development_oof,4,OCNT-2315483,CYP3A4,5.911397433,5.85116525,5.97514275,4.551327973333333,1.3600694596666676
development_oof,4,OCNT-2315485,CYP2C9,3.630289262,2.7847755,4.13723,4.373437433333333,-0.743148171333333
development_oof,4,OCNT-2315485,CYP3A4,4.463683472,4.320399,4.66762775,4.125155866666667,0.3385276053333328
development_oof,4,OCNT-2315493,CYP3A4,2.68327334,1.1659575,3.73469525,3.8864589733333332,-1.2031856333333333
development_oof,4,OCNT-2315495,CYP1A2,5.360857142,5.23612,5.46485875,4.105839313333334,1.2550178286666664
development_oof,4,OCNT-2315517,CYP1A2,4.98168919,4.80122675,5.2082845,4.78262808,0.1990611099999997
development_oof,4,OCNT-2315535,CYP2D6,5.686741785,5.60525425,5.77274975,4.764911526666666,0.9218302583333333
development_oof,4,OCNT-2315565,CYP1A2,5.963513977,5.85939,6.06322,5.875127433333333,0.0883865436666671
development_oof,4,OCNT-2315584,CYP1A2,5.044979403,4.86892675,5.2078555,4.774687433333333,0.27029196966666724
development_oof,4,OCNT-2315584,CYP2C9,5.80400439,5.665874,5.94284625,4.687856979999999,1.1161474100000008
development_oof,4,OCNT-2315584,CYP2D6,5.030358642,4.91364475,5.13396175,4.829243806666667,0.20111483533333363
development_oof,4,OCNT-2315602,CYP1A2,5.089955452,4.8919265,5.26127525,5.048920326666666,0.041035125333333866
development_oof,4,OCNT-2315622,CYP2D6,5.596417898,5.512617,5.6896305,5.22039056,0.3760273380000001
development_oof,4,OCNT-2315622,CYP3A4,5.82727867,5.76642275,5.886542,4.65830208,1.1689765899999998
development_oof,4,OCNT-2315698,CYP3A4,3.339524093,2.457359,3.9101585,3.771031106666667,-0.43150701366666677
development_oof,4,OCNT-2315747,CYP3A4,5.405866807,5.34197175,5.4722525,4.5109444666666665,0.8949223403333333
development_oof,4,OCNT-2315756,CYP2C9,3.98661406,3.555667,4.34415775,4.545546346666667,-0.5589322866666668
development_oof,4,OCNT-2315791,CYP1A2,3.18947587,1.5311505,3.93705225,4.355425439999999,-1.1659495699999995
development_oof,4,OCNT-2315791,CYP3A4,3.54550777,2.99157725,3.97621525,3.8712923000000004,-0.3257845300000004
development_oof,4,OCNT-2315812,CYP2C9,5.332611875,5.1223325,5.5375005,4.69317854,0.6394333349999997
development_oof,4,OCNT-2315820,CYP1A2,4.87105301,4.64906175,5.10480675,5.095638026666666,-0.22458501666666653
development_oof,4,OCNT-2315836,CYP2C9,4.658641953,4.50448625,4.8352405,4.69941166,-0.04076970699999993
development_oof,4,OCNT-2315836,CYP3A4,4.331722552,4.25613525,4.43334475,4.328844506666666,0.0028780453333334677
development_oof,4,OCNT-2315846,CYP3A4,4.547197975,4.46011975,4.69087075,3.8979505333333337,0.6492474416666658
development_oof,4,OCNT-2315851,CYP2C9,5.236136952,5.01536975,5.44174525,4.29996642,0.9361705320000002
development_oof,4,OCNT-2315851,CYP3A4,5.454642985,5.38786925,5.51941175,4.098778573333332,1.3558644116666683
development_oof,4,OCNT-2315858,CYP1A2,5.161552162,4.990768,5.29288025,5.187984666666667,-0.026432504666666468
development_oof,4,OCNT-2315861,CYP3A4,2.36334372,1.08370625,3.685468,4.094372233333333,-1.731028513333333
development_oof,4,OCNT-2315865,CYP2C9,5.127351522,5.066973,5.18596075,4.748964906666667,0.3783866153333326
development_oof,4,OCNT-2315873,CYP2C9,5.565423,5.4516795,5.66933425,4.467488999999999,1.0979340000000013
development_oof,4,OCNT-2315874,CYP3A4,2.608455535,1.12230325,3.81211925,3.1771385133333334,-0.5686829783333334
development_oof,4,OCNT-2315887,CYP2D6,4.401200832,4.31705475,4.522884,3.7882715399999993,0.6129292920000005
development_oof,4,OCNT-2315948,CYP2C9,5.44547568,5.34943875,5.535232,5.09112192,0.3543537600000004
development_oof,4,OCNT-2315948,CYP2D6,1.955395615,1.035225,3.17133525,4.557287820000001,-2.601892205000001
development_oof,4,OCNT-2315948,CYP3A4,5.280398492,5.241179,5.32164175,4.747786733333333,0.5326117586666665
development_oof,4,OCNT-2315959,CYP3A4,2.060436595,1.04833675,3.20622375,3.685596046666666,-1.6251594516666659
development_oof,4,OCNT-2315984,CYP2C9,5.525399845,5.24653975,5.72292125,5.2891876,0.23621224499999993
development_oof,4,OCNT-2315988,CYP2D6,4.419842627,4.28903325,4.57318525,4.45210184,-0.032259212999999676
development_oof,4,OCNT-2315988,CYP3A4,4.392342102,4.2455765,4.58504475,3.9011314666666665,0.4912106353333332
development_oof,4,OCNT-2315991,CYP2C9,5.293121875,5.20496,5.38116125,5.113530246666667,0.1795916283333332
development_oof,4,OCNT-2315992,CYP1A2,2.638156985,1.10088225,3.8101585,4.69417232,-2.0560153349999997
development_oof,4,OCNT-2315992,CYP3A4,4.1545921,3.9727515,4.34620725,3.793581113333333,0.3610109866666673
development_oof,4,OCNT-2316032,CYP2C9,5.860128827,5.74394375,5.972918,4.777874539999999,1.0822542870000005
development_oof,4,OCNT-2316049,CYP2C9,5.561417377,5.45662875,5.66266425,4.8464771466666665,0.7149402303333332
development_oof,4,OCNT-2316068,CYP1A2,4.889405,4.706477,5.07665725,5.0090166866666666,-0.11961168666666655
development_oof,4,OCNT-2316082,CYP2D6,4.469303855,4.361628,4.6540855,4.9018455,-0.4325416450000006
development_oof,4,OCNT-2316083,CYP1A2,6.76808569,6.67296675,6.86063025,5.448678339999999,1.3194073500000014
development_oof,4,OCNT-2316083,CYP2D6,5.583245908,5.47098325,5.69509025,5.0890864,0.4941595080000001
development_oof,4,OCNT-2316102,CYP3A4,1.991538522,1.03926575,3.29844975,2.97453304,-0.9829945179999999
development_oof,4,OCNT-2316103,CYP3A4,2.193592918,1.053536,3.5475665,3.63319816,-1.4396052420000003
development_oof,4,OCNT-2316109,CYP1A2,5.172316588,4.788748,5.4974345,6.16107764,-0.9887610520000001
development_oof,4,OCNT-2316109,CYP2C9,6.84774712,6.7664545,6.92857125,5.805838446666667,1.0419086733333334
development_oof,4,OCNT-2316109,CYP2D6,4.143071928,3.64951075,4.460053,4.942946386666667,-0.7998744586666664
development_oof,4,OCNT-2316109,CYP3A4,6.41252839,6.32620725,6.49566225,5.752903426666667,0.6596249633333331
development_oof,4,OCNT-2316147,CYP2C9,5.118007265,5.00646075,5.223212,4.77878506,0.33922220500000044
development_oof,4,OCNT-2316185,CYP2C9,5.194204078,5.02257425,5.3731675,4.45528952,0.7389145580000003
development_oof,4,OCNT-2316185,CYP3A4,5.11460172,5.055607,5.17969025,4.0481545599999995,1.06644716
development_oof,4,OCNT-2316189,CYP1A2,5.466720575,5.317236,5.6001605,5.043144459999999,0.42357611500000125
development_oof,4,OCNT-2316189,CYP2C9,4.95467905,4.819438,5.10102325,4.904731813333333,0.049947236666667116
development_oof,4,OCNT-2316215,CYP1A2,5.272406787,5.185647,5.35710475,5.0713506200000005,0.20105616699999995
development_oof,4,OCNT-2316217,CYP3A4,2.5482557,1.11766375,3.75621775,3.565870546666667,-1.017614846666667
development_oof,4,OCNT-2316257,CYP3A4,3.104530867,1.43558225,3.90323525,3.371341953333333,-0.26681108633333306
development_oof,4,OCNT-2316262,CYP2D6,5.043105468,4.95208925,5.12708025,4.565051453333332,0.4780540146666681
development_oof,4,OCNT-2316274,CYP1A2,2.17691394,1.05097275,3.52841425,4.0530203799999995,-1.8761064399999996
development_oof,4,OCNT-2316274,CYP3A4,2.090774792,1.06093675,3.4528295,3.10666292,-1.0158881280000003
development_oof,4,OCNT-2316290,CYP1A2,5.864576545,5.7596595,5.97610725,5.439442013333333,0.42513453166666704
development_oof,4,OCNT-2316290,CYP2C9,5.057958487,4.92170575,5.1932015,5.318847893333333,-0.2608894063333338
development_oof,4,OCNT-2316307,CYP2C9,4.30632804,4.0748555,4.61324975,4.636949026666667,-0.3306209866666663
development_oof,4,OCNT-2316326,CYP1A2,6.036504125,5.95604525,6.1203665,4.53486996,1.5016341650000005
development_oof,4,OCNT-2316344,CYP2C9,2.422840935,1.077155,3.7028905,4.352009226666667,-1.9291682916666666
development_oof,4,OCNT-2316399,CYP2C9,3.816464,3.16396725,4.23000775,4.0628203733333335,-0.2463563733333336
development_oof,4,OCNT-2316412,CYP2D6,4.131602913,3.754582,4.28161175,4.906577026666666,-0.7749741136666657
development_oof,4,OCNT-2316515,CYP1A2,5.442236985,5.27070175,5.5912145,4.287907786666667,1.1543291983333335
development_oof,4,OCNT-2316515,CYP2C9,4.599239127,4.4007515,4.84042375,4.355984286666667,0.243254840333333
development_oof,4,OCNT-2316527,CYP2D6,5.199933943,5.11952925,5.27872025,5.081608893333334,0.1183250496666659
development_oof,4,OCNT-2316531,CYP3A4,6.02859067,5.972876,6.08606425,4.356948146666666,1.6716425233333334
development_oof,4,OCNT-2316534,CYP1A2,5.045373722,4.8657095,5.19357125,4.946548833333333,0.09882488866666694
development_oof,4,OCNT-2316534,CYP2C9,4.453017443,4.203215,4.78040375,4.516654713333333,-0.06363727033333255
development_oof,4,OCNT-2316535,CYP2D6,5.875719033,5.73049375,6.0265495,4.7113873,1.164331733
development_oof,4,OCNT-2316547,CYP1A2,4.74041087,4.53534775,4.994618,5.460994353333334,-0.7205834833333338
development_oof,4,OCNT-2316553,CYP2D6,7.534508882,7.47608725,7.602774,5.311334953333334,2.2231739286666663
development_oof,4,OCNT-2316564,CYP1A2,5.343676625,5.15559525,5.557769,5.177059653333333,0.16661697166666656
development_oof,4,OCNT-2316564,CYP2C9,4.021605685,3.6013005,4.55367325,5.014588460000001,-0.9929827750000007
development_oof,4,OCNT-2316564,CYP3A4,4.103501182,3.889916,4.28363875,4.5930826599999985,-0.48958147799999896
development_oof,4,OCNT-2316565,CYP2C9,3.876411357,3.3584265,4.253623,4.5983353933333335,-0.7219240363333337
development_oof,4,OCNT-2316565,CYP3A4,3.434911945,2.186723,3.98995625,4.31742892,-0.8825169750000001
development_oof,4,OCNT-2316568,CYP1A2,7.629790315,7.5473635,7.710401,5.213087153333333,2.4167031616666668
development_oof,4,OCNT-2316568,CYP2D6,6.663492208,6.5624635,6.7638115,5.163200033333332,1.5002921746666678
development_oof,4,OCNT-2316587,CYP2D6,5.814936653,5.71958,5.91331025,4.79731926,1.017617393
development_oof,4,OCNT-2316641,CYP1A2,2.062854185,1.0516025,3.22367975,4.426340706666667,-2.363486521666667
development_oof,4,OCNT-2316658,CYP2C9,3.912359383,3.325748,4.28920625,4.7806447133333325,-0.8682853303333324
development_oof,4,OCNT-2316671,CYP2C9,4.36082188,3.9455955,4.95819125,4.691629860000001,-0.3308079800000012
development_oof,4,OCNT-2316671,CYP3A4,5.377073688,5.310319,5.442532,4.182638113333335,1.1944355746666657
development_oof,4,OCNT-2316687,CYP1A2,7.048461123,6.97316725,7.12517525,5.3846522666666665,1.6638088563333335
development_oof,4,OCNT-2316687,CYP2C9,5.553343305,5.03778175,6.01995175,5.146211493333333,0.4071318116666669
development_oof,4,OCNT-2316687,CYP3A4,6.008129135,5.87749925,6.14660275,4.654140379999999,1.3539887550000005
development_oof,4,OCNT-2316690,CYP3A4,5.3171875,5.25525925,5.38128625,4.566322913333333,0.7508645866666672
development_oof,4,OCNT-2316691,CYP2C9,3.765435848,3.095541,4.3084015,3.688167493333333,0.07726835466666726
development_oof,4,OCNT-2316704,CYP2C9,5.123690275,5.03144275,5.200282,4.9129951,0.21069517500000057
development_oof,4,OCNT-2316707,CYP2C9,3.71778861,3.0954145,4.183488,4.340398233333333,-0.6226096233333327
development_oof,4,OCNT-2316707,CYP3A4,5.163538417,5.08902975,5.24182425,3.9570550533333333,1.2064833636666665
development_oof,4,OCNT-2316711,CYP2C9,4.584069432,4.3153145,4.910959,4.388725886666666,0.19534354533333342
development_oof,4,OCNT-2316726,CYP1A2,3.934375442,3.47482425,4.4035715,4.25363302,-0.31925757799999976
development_oof,4,OCNT-2316726,CYP2C9,2.668736823,1.094635,3.83489525,3.8294370799999995,-1.1607002569999993
development_oof,4,OCNT-2316739,CYP3A4,5.039546772,4.9547245,5.132162,4.2882264800000005,0.7513202919999991
development_oof,4,OCNT-2316744,CYP2C9,3.743438665,3.1858975,4.27835275,4.51806336,-0.774624695
development_oof,4,OCNT-2316744,CYP3A4,3.97700968,3.68774925,4.20647225,4.212053499999999,-0.23504381999999868
development_oof,4,OCNT-2316749,CYP2C9,4.642354235,4.4917085,4.8187955,5.058258286666667,-0.4159040516666668
development_oof,4,OCNT-2316749,CYP3A4,4.489789415,4.388317,4.67131,4.707093653333334,-0.2173042383333339
development_oof,4,OCNT-2316758,CYP2D6,4.480675325,4.38765675,4.6259485,4.648119913333334,-0.16744458833333375
development_oof,4,OCNT-2316772,CYP1A2,3.803560577,3.23254,4.3487465,5.2912018199999995,-1.4876412429999997
development_oof,4,OCNT-2316772,CYP2C9,4.93364634,4.76288375,5.10000525,4.890409539999999,0.04323680000000074
development_oof,4,OCNT-2316811,CYP1A2,4.652445265,4.43205275,4.935281,4.243834733333334,0.4086105316666657
development_oof,4,OCNT-2316811,CYP2C9,4.42983091,4.1697435,4.783059,4.346888866666667,0.08294204333333255
development_oof,4,OCNT-2316815,CYP3A4,3.67162816,3.1054265,4.0421405,3.5625466733333333,0.10908148666666673
development_oof,4,OCNT-2316819,CYP2D6,4.92653146,4.77570975,5.05890075,5.16801228,-0.24148082000000048
development_oof,4,OCNT-2316840,CYP1A2,2.65809104,1.11251025,3.811474,4.751385933333333,-2.0932948933333333
development_oof,4,OCNT-2316891,CYP3A4,2.447324098,1.085609,3.70173075,3.6891302799999997,-1.2418061819999995
development_oof,4,OCNT-2316904,CYP3A4,4.734570817,4.631048,4.903857,4.67408904,0.06048177699999968
development_oof,4,OCNT-2316908,CYP1A2,5.685375158,5.58208675,5.78469075,4.953818119999999,0.7315570380000009
development_oof,4,OCNT-2316908,CYP2C9,4.585206803,4.32950475,4.91202925,4.889915593333333,-0.30470879033333276
development_oof,4,OCNT-2316908,CYP2D6,5.61425272,5.487467,5.74210125,4.647724466666667,0.9665282533333324
development_oof,4,OCNT-2316947,CYP2C9,5.473566873,5.27033375,5.69005125,5.05614834,0.4174185330000002
development_oof,4,OCNT-2316947,CYP3A4,5.110956855,5.02115125,5.2087495,4.819412206666668,0.2915446483333328
development_oof,4,OCNT-2316959,CYP2D6,4.35024091,4.141341,4.500532,4.7329284,-0.38268748999999946
development_oof,4,OCNT-2316959,CYP3A4,5.543489062,5.48365675,5.60615525,4.069672346666667,1.4738167153333332
development_oof,4,OCNT-2316971,CYP1A2,5.795675678,5.69690975,5.89578375,5.590719306666667,0.2049563713333331
development_oof,4,OCNT-2316971,CYP2D6,5.12815908,4.982471,5.25566775,4.906060906666666,0.22209817333333337
development_oof,4,OCNT-2316997,CYP2C9,5.039790932,4.87695925,5.17468775,4.3183308799999995,0.7214600520000003
development_oof,4,OCNT-2316997,CYP3A4,4.96020237,4.8681585,5.07995725,4.217778433333333,0.7424239366666674
development_oof,4,OCNT-2317039,CYP2C9,5.094013132,4.86998825,5.34000225,4.803958966666667,0.2900541653333324
development_oof,4,OCNT-2317039,CYP3A4,5.151749772,5.046554,5.280742,4.25280418,0.8989455919999996
development_oof,4,OCNT-2317061,CYP2C9,3.290749155,1.7244245,3.99615225,3.9036091666666666,-0.6128600116666667
development_oof,4,OCNT-2317061,CYP3A4,3.120573165,1.6357345,3.84677625,3.460246226666667,-0.3396730616666668
development_oof,4,OCNT-2317064,CYP2D6,5.32205883,5.23576975,5.42504075,4.911509126666667,0.4105497033333325
development_oof,4,OCNT-2317067,CYP2C9,4.95895647,4.82052675,5.085392,4.949692673333333,0.009263796666667545
development_oof,4,OCNT-2317067,CYP3A4,4.10975147,3.893556,4.31795775,4.58240566,-0.4726541900000001
development_oof,4,OCNT-2317084,CYP2D6,5.256109832,5.0230855,5.43770225,4.753261413333334,0.502848418666666
development_oof,4,OCNT-2317086,CYP2C9,3.017118175,1.264713,3.891897,3.8412465133333336,-0.8241283383333338
development_oof,4,OCNT-2317086,CYP3A4,1.917312778,1.038142,3.13227925,3.3673559933333337,-1.4500432153333336
development_oof,4,OCNT-2317097,CYP1A2,5.1434787,4.96116925,5.3002145,5.34741364,-0.2039349399999999
development_oof,4,OCNT-2317109,CYP2D6,4.813769423,4.632397,5.010757,4.6069828600000005,0.20678656299999965
development_oof,4,OCNT-2317112,CYP2D6,5.170880087,5.119658,5.22573825,4.480272313333333,0.6906077736666667
development_oof,4,OCNT-2317166,CYP2C9,3.943065953,3.50553875,4.433794,3.6509061000000003,0.2921598529999998
development_oof,4,OCNT-2317166,CYP3A4,2.54340782,1.09913825,3.75422225,3.0453874,-0.50197958
development_oof,4,OCNT-2317204,CYP2D6,4.127668867,3.081942,4.3609205,4.416285993333333,-0.2886171263333335
development_oof,4,OCNT-2317249,CYP3A4,2.730613257,1.13856825,3.825361,3.11719188,-0.3865786230000001
development_oof,4,OCNT-2317279,CYP2C9,4.537829718,4.2492235,4.890285,4.619928,-0.08209828199999958
development_oof,4,OCNT-2317282,CYP2C9,4.273051912,3.96522525,4.65221275,4.442514106666666,-0.16946219466666612
development_oof,4,OCNT-2317286,CYP3A4,4.26744182,4.112367,4.5117315,4.405856313333333,-0.13841449333333244
development_oof,4,OCNT-2317304,CYP2D6,5.5483119,5.4540515,5.64444075,5.171970446666667,0.3763414533333327
development_oof,4,OCNT-2317316,CYP1A2,5.01088562,4.80341775,5.211561,4.998706819999999,0.012178800000000933
development_oof,4,OCNT-2317332,CYP2D6,4.423321588,4.27786025,4.57498,4.787479480000001,-0.3641578920000006
development_oof,4,OCNT-2317338,CYP2C9,4.16505818,3.83588525,4.56219,4.53935588,-0.3742976999999996
development_oof,4,OCNT-2317338,CYP3A4,4.766761165,4.6671045,4.90768525,4.2846239,0.4821372650000004
development_oof,4,OCNT-2317343,CYP2D6,4.536498835,4.41459575,4.69360775,4.7076416199999995,-0.1711427849999998
development_oof,4,OCNT-2317344,CYP3A4,4.830641345,4.7617595,4.92044,4.425720326666666,0.4049210183333338
development_oof,4,OCNT-2317368,CYP2C9,2.577092857,1.0950285,3.800726,3.33290126,-0.7558084030000001
development_oof,4,OCNT-2317368,CYP3A4,2.019919525,1.063069,3.17611325,2.78290568,-0.7629861549999997
development_oof,4,OCNT-2317382,CYP3A4,4.000384097,3.688384,4.200269,3.7556769,0.24470719700000032
development_oof,4,OCNT-2317395,CYP3A4,5.324473063,5.17248975,5.45608175,3.695657606666667,1.6288154563333332
development_oof,4,OCNT-2317401,CYP2C9,4.87213623,4.68621825,5.0658775,4.802116973333333,0.07001925666666686
development_oof,4,OCNT-2317402,CYP3A4,2.775742147,1.0783425,3.790125,4.0821081,-1.3063659530000002
development_oof,4,OCNT-2317432,CYP2D6,1.962676525,1.0375315,3.1715065,4.914196353333333,-2.951519828333333
development_oof,4,OCNT-2317433,CYP1A2,5.157446005,4.976945,5.298587,4.514323993333333,0.6431220116666667
development_oof,4,OCNT-2317433,CYP2D6,4.439605255,4.3701575,4.5409805,5.01103934,-0.5714340849999999
development_oof,4,OCNT-2317441,CYP1A2,4.77191227,4.6111635,4.94981325,4.454326406666667,0.31758586333333305
development_oof,4,OCNT-2317442,CYP3A4,4.721941102,4.600877,4.9058775,4.15299488,0.5689462220000001
development_oof,4,OCNT-2317454,CYP1A2,4.986775615,4.7428945,5.18574625,4.89851554,0.088260075
development_oof,4,OCNT-2317466,CYP2D6,4.97851655,4.8643415,5.06178525,4.9806967,-0.0021801500000000473
development_oof,4,OCNT-2317467,CYP2C9,3.869315498,3.27346375,4.44251875,4.471053500000001,-0.6017380020000007
development_oof,4,OCNT-2317467,CYP2D6,4.52577535,4.40486875,4.688662,4.514352773333334,0.011422576666666018
development_oof,4,OCNT-2317469,CYP3A4,4.10171195,3.885878,4.330765,3.4154615733333338,0.6862503766666666
development_oof,4,OCNT-2317476,CYP2C9,3.853104973,3.37817875,4.36885275,3.6346759,0.21842907300000025
development_oof,4,OCNT-2317486,CYP2D6,4.524936858,4.4571075,4.6171445,4.875334153333333,-0.35039729533333297
development_oof,4,OCNT-2317513,CYP2C9,4.996132548,4.8558285,5.12513725,4.524036773333334,0.4720957746666663
development_oof,4,OCNT-2317513,CYP3A4,4.721310847,4.6400855,4.837424,4.194880500000001,0.5264303469999989
development_oof,4,OCNT-2317519,CYP1A2,5.208733537,5.032977,5.3626965,5.506641946666667,-0.2979084096666673
development_oof,4,OCNT-2317519,CYP2D6,5.454500075,5.2780695,5.629529,4.775224153333333,0.6792759216666671
development_oof,4,OCNT-2317552,CYP2D6,4.410375493,4.33161675,4.51776725,4.846339346666666,-0.43596385366666635
development_oof,4,OCNT-2317577,CYP1A2,6.171167073,6.0614375,6.2762925,4.435678846666667,1.7354882263333336
development_oof,4,OCNT-2317584,CYP3A4,4.67823274,4.57728875,4.854155,3.9861590866666665,0.6920736533333338
development_oof,4,OCNT-2317594,CYP2C9,4.802125903,4.66419775,4.945591,4.26294726,0.5391786430000005
development_oof,4,OCNT-2317594,CYP3A4,3.988401872,3.677784,4.2073125,3.8946247799999996,0.09377709200000028
development_oof,4,OCNT-2317611,CYP2D6,5.277009927,5.171647,5.38302075,4.660231573333333,0.6167783536666667
development_oof,4,OCNT-2317632,CYP3A4,3.734894302,3.144738,4.0797765,4.512568293333333,-0.7776739913333328
development_oof,4,OCNT-2317635,CYP2C9,4.397585832,4.09527675,4.811054,4.31362436,0.08396147199999948
development_oof,4,OCNT-2317673,CYP1A2,4.7768957,4.564995,5.02174325,5.322897986666666,-0.5460022866666661
development_oof,4,OCNT-2317673,CYP2D6,4.336998753,4.157745,4.46546,4.961318100000001,-0.624319347000001
development_oof,4,OCNT-2317673,CYP3A4,4.723838533,4.64103725,4.8396535,4.9639358399999995,-0.2400973069999992
development_oof,4,OCNT-2317688,CYP1A2,5.067960225,4.88258225,5.24936325,5.348570026666667,-0.2806098016666665
development_oof,4,OCNT-2317688,CYP2C9,4.801253305,4.65266475,4.91950025,5.044978266666666,-0.24372496166666568
development_oof,4,OCNT-2317688,CYP3A4,4.724000437,4.64826525,4.833946,4.694865533333333,0.029134903666666823
development_oof,4,OCNT-2317690,CYP2C9,4.58618615,4.3405835,4.898809,4.476488613333333,0.10969753666666637
development_oof,4,OCNT-2317690,CYP3A4,4.797027918,4.6592545,5.00495275,4.294948693333334,0.5020792246666668
development_oof,4,OCNT-2317730,CYP1A2,2.92877059,1.1165985,3.92638,4.758912400000001,-1.8301418100000006
development_oof,4,OCNT-2317736,CYP3A4,2.034568468,1.05590325,3.19219925,3.26740378,-1.2328353120000002
development_oof,4,OCNT-2317753,CYP1A2,5.59683955,5.39068175,5.7879455,4.989889066666666,0.6069504833333346
development_oof,4,OCNT-2317779,CYP2C9,2.41753662,1.0787935,3.73739175,3.9276490266666664,-1.5101124066666665
development_oof,4,OCNT-2317816,CYP2C9,3.845194338,3.31305,4.30919475,4.4389846466666665,-0.5937903086666663
development_oof,4,OCNT-2317821,CYP1A2,3.44922921,2.39236175,4.04526125,4.819677593333333,-1.3704483833333332
development_oof,4,OCNT-2317825,CYP3A4,2.074066933,1.04154875,3.22039325,3.227848993333333,-1.153782060333333
development_oof,4,OCNT-2317829,CYP2C9,4.716088678,4.5310155,4.92586475,4.556518146666667,0.15957053133333332
development_oof,4,OCNT-2317829,CYP3A4,4.12828776,3.92318725,4.4114845,4.32930946,-0.20102170000000008
development_oof,4,OCNT-2317910,CYP2C9,4.137389417,3.78337875,4.551263,4.277372033333333,-0.13998261633333353
development_oof,4,OCNT-2317941,CYP3A4,4.173690537,4.00664825,4.3560005,3.9236836933333334,0.25000684366666626
development_oof,4,OCNT-2317958,CYP3A4,2.8973866,1.18719775,3.8937905,3.646702653333333,-0.7493160533333332
development_oof,4,OCNT-2317962,CYP3A4,4.557309952,4.45933425,4.70897225,4.848038333333333,-0.29072838133333345
development_oof,4,OCNT-2317986,CYP1A2,5.04027082,4.83988575,5.2431435,4.3319467466666675,0.7083240733333325
development_oof,4,OCNT-2318005,CYP2C9,4.15453555,3.7834995,4.657337,4.30217212,-0.14763656999999952
development_oof,4,OCNT-2318036,CYP2C9,5.014080273,4.87423775,5.13994475,4.648099719999999,0.3659805530000009
development_oof,4,OCNT-2318036,CYP3A4,4.861748142,4.7602695,4.99656825,4.130768253333334,0.7309798886666661
development_oof,4,OCNT-2318059,CYP3A4,5.87509289,5.7867265,5.96225075,5.061389346666667,0.8137035433333333
development_oof,4,OCNT-2318090,CYP2D6,5.957840628,5.8067695,6.1058155,5.262895553333333,0.6949450746666663
development_oof,4,OCNT-2318090,CYP3A4,3.903309763,3.5490295,4.1739195,4.933394393333333,-1.0300846303333326
development_oof,4,OCNT-2318103,CYP1A2,6.007066763,5.88041125,6.13242675,4.711388553333334,1.295678209666666
development_oof,4,OCNT-2318103,CYP2D6,5.1902151,4.9674315,5.3996185,4.89482262,0.2953924799999994
development_oof,4,OCNT-2318107,CYP2C9,4.637383277,4.40907,4.907542,5.088396133333333,-0.45101285633333354
development_oof,4,OCNT-2318117,CYP2C9,5.665634967,5.59281375,5.7379175,4.582184966666666,1.0834500003333343
development_oof,4,OCNT-2318117,CYP3A4,5.683541407,5.62586525,5.74165375,4.217156273333333,1.466385133666667
development_oof,4,OCNT-2318135,CYP1A2,5.47465301,5.38185425,5.56191225,5.686180093333333,-0.21152708333333337
development_oof,4,OCNT-2318177,CYP2C9,4.593093462,4.36039475,4.86928475,4.5618062466666665,0.03128721533333323
development_oof,4,OCNT-2318193,CYP2C9,5.055347473,4.94287925,5.14743175,4.771115926666667,0.28423154633333336
development_oof,4,OCNT-2318193,CYP2D6,6.347127233,6.20435175,6.49649075,4.822358146666668,1.5247690863333325
development_oof,4,OCNT-2318197,CYP3A4,3.836082708,3.52644575,4.1051615,4.389458413333334,-0.5533757053333339
development_oof,4,OCNT-2318209,CYP3A4,4.391326923,4.247617,4.64297125,3.6955366666666665,0.6957902563333338
development_oof,4,OCNT-2318230,CYP1A2,5.454511877,5.31307425,5.57897275,5.199755193333333,0.2547566836666668
development_oof,4,OCNT-2318230,CYP2D6,4.826443865,4.58914925,5.10829575,4.595579073333334,0.23086479166666596
development_oof,4,OCNT-2318257,CYP1A2,5.716133747,5.62012975,5.8141135,4.930918346666666,0.7852154003333336
development_oof,4,OCNT-2318300,CYP3A4,4.287314763,4.14788075,4.47996175,4.063126393333333,0.22418836966666777
development_oof,4,OCNT-2318308,CYP2C9,4.742093865,4.606943,4.881266,4.412717233333333,0.3293766316666673
development_oof,4,OCNT-2318308,CYP3A4,4.93556185,4.8569095,5.0175885,3.9596490266666664,0.9759128233333336
development_oof,4,OCNT-2318312,CYP1A2,5.183959863,5.00429725,5.34183925,5.42977414,-0.24581427700000003
development_oof,4,OCNT-2318312,CYP2D6,5.188969777,4.96992,5.3565025,4.969675006666667,0.21929477033333278
development_oof,4,OCNT-2318324,CYP1A2,5.492727475,5.33729575,5.631643,4.8655382666666664,0.6271892083333332
development_oof,4,OCNT-2318330,CYP1A2,5.506707478,5.399362,5.6082375,5.308854220000001,0.19785325799999942
development_oof,4,OCNT-2318330,CYP2D6,4.07487932,3.625732,4.27017825,4.86142896,-0.7865496399999996
development_oof,4,OCNT-2318330,CYP3A4,5.92823141,5.8565095,5.993482,4.864958533333334,1.0632728766666668
development_oof,4,OCNT-2318341,CYP2C9,3.599922762,2.9988445,4.1183425,4.0840626,-0.4841398380000004
development_oof,4,OCNT-2318363,CYP1A2,6.26143248,6.16704475,6.35548,5.199271866666667,1.062160613333333
development_oof,4,OCNT-2318363,CYP2D6,5.802214647,5.72214,5.88898325,4.733782506666667,1.068432140333333
development_oof,4,OCNT-2318366,CYP2C9,4.814672103,4.63159575,4.9862815,4.3145546800000005,0.5001174229999998
development_oof,4,OCNT-2318366,CYP3A4,4.596780502,4.50585975,4.740525,4.028655593333333,0.5681249086666664
development_oof,4,OCNT-2318376,CYP1A2,5.18644016,5.00179475,5.36865475,5.240895686666667,-0.05445552666666664
development_oof,4,OCNT-2318376,CYP2C9,6.35345312,6.269925,6.43705025,4.786665640000001,1.5667874799999995
development_oof,4,OCNT-2318376,CYP3A4,4.823696855,4.752549,4.91758525,4.161209273333332,0.6624875816666673
development_oof,4,OCNT-2318420,CYP3A4,3.286338335,1.26647975,3.9882715,4.100010459999999,-0.8136721249999992
development_oof,4,OCNT-2318429,CYP1A2,5.680396747,5.58971925,5.773944,5.358789106666666,0.3216076403333332
development_oof,4,OCNT-2318429,CYP2D6,4.993855365,4.71657775,5.12760875,4.764039773333333,0.2298155916666671
development_oof,4,OCNT-2318462,CYP3A4,3.292380222,1.56330275,3.9308735,3.56056492,-0.2681846980000002
development_oof,4,OCNT-2318463,CYP2C9,3.431913418,2.101467,4.04930275,3.7800960666666668,-0.3481826486666666
development_oof,4,OCNT-2318463,CYP3A4,2.704943735,1.18505175,3.737565,2.855669186666667,-0.15072545166666673
development_oof,4,OCNT-2318467,CYP1A2,5.795963533,5.694046,5.8870105,4.75817694,1.0377865929999999
development_oof,4,OCNT-2318467,CYP3A4,4.191771585,3.93857225,4.40268425,3.9566778200000003,0.23509376499999934
development_oof,4,OCNT-2318487,CYP2C9,4.756882037,4.60693425,4.90278575,4.4649576133333335,0.29192442366666604
development_oof,4,OCNT-2318516,CYP2D6,5.221734087,5.077974,5.360835,4.709208720000001,0.5125253669999985
development_oof,4,OCNT-2318531,CYP1A2,5.708708545,5.5924395,5.823582,4.7690592,0.9396493450000003
development_oof,4,OCNT-2318531,CYP2D6,4.88223822,4.765787,4.97713325,4.6243187133333326,0.2579195066666671
development_oof,4,OCNT-2318570,CYP2D6,4.444506247,4.35250025,4.597618,4.97137994,-0.5268736930000006
development_oof,4,OCNT-2318573,CYP3A4,4.522013347,4.189705,5.27555125,4.0750437066666665,0.4469696403333332
development_oof,4,OCNT-2318583,CYP1A2,3.823268413,3.2284415,4.25611875,4.825771326666667,-1.0025029136666666
development_oof,4,OCNT-2318609,CYP3A4,2.915929035,1.1795005,3.9999305,3.6755606933333334,-0.7596316583333333
development_oof,4,OCNT-2318616,CYP3A4,5.070039073,5.01361675,5.13212025,4.164946819999999,0.9050922530000012
development_oof,4,OCNT-2318659,CYP1A2,4.71938977,4.512231,4.97760025,4.577515966666667,0.14187380333333355
development_oof,4,OCNT-2318671,CYP1A2,6.926975918,6.845939,7.00979675,5.327550173333334,1.5994257446666662
development_oof,4,OCNT-2318671,CYP2D6,6.89726412,6.77582875,7.008366,4.54603122,2.3512329000000003
development_oof,4,OCNT-2328316,CYP1A2,5.78291153,5.6220275,5.9420435,4.710729613333333,1.0721819166666666
development_oof,4,OCNT-2328323,CYP2D6,6.761317538,6.61679725,6.90172775,5.47060512,1.290712418
development_oof,4,OCNT-2328323,CYP3A4,3.788619545,3.43377675,4.095442,5.132425286666666,-1.343805741666666
development_oof,4,OCNT-2328333,CYP2D6,5.245814187,5.1318335,5.360892,5.361871733333334,-0.11605754633333465
development_oof,4,OCNT-2328333,CYP3A4,3.311330967,2.2092845,3.9069445,4.912785573333333,-1.6014546063333333
development_oof,4,OCNT-2328344,CYP2D6,4.784266435,4.6039885,5.00122975,4.981692606666667,-0.19742617166666676
development_oof,4,OCNT-2328345,CYP2D6,5.174503572,5.06908025,5.26952675,5.6480473333333325,-0.47354376133333265
development_oof,4,OCNT-2328348,CYP3A4,4.544614443,4.457949,4.68373375,3.3556597600000004,1.188954683
development_oof,4,OCNT-2328370,CYP2C9,3.917782455,3.43889375,4.489199,4.579136533333333,-0.6613540783333329
development_oof,4,OCNT-2328376,CYP2D6,4.523267142,4.413806,4.662469,4.860697306666666,-0.3374301646666664
development_oof,4,OCNT-2328385,CYP2D6,4.998633875,4.837447,5.125994,5.227995166666667,-0.22936129166666674
development_oof,4,OCNT-2328395,CYP1A2,4.925579965,4.71907425,5.1708415,5.262086306666666,-0.3365063416666665
development_oof,4,OCNT-2328395,CYP2D6,4.590097275,4.48624725,4.76646925,4.1316648,0.4584324749999995
development_oof,4,OCNT-2328398,CYP2D6,4.462764952,4.352148,4.61716,4.2564326800000005,0.20633227199999915
development_oof,4,OCNT-2328398,CYP3A4,2.25078057,1.05897,3.5657635,4.0329558,-1.78217523
development_oof,4,OCNT-2328400,CYP1A2,4.81904756,4.68962625,4.9492525,4.322449753333333,0.4965978066666663
development_oof,4,OCNT-2328400,CYP2C9,4.918141108,4.685125,5.134491,4.485280886666667,0.4328602213333337
development_oof,4,OCNT-2328410,CYP3A4,2.21548035,1.07450275,3.24091375,2.3885688066666666,-0.1730884566666666
development_oof,4,OCNT-2328430,CYP3A4,2.277124133,1.07586925,3.55935,3.6274926066666664,-1.3503684736666663
development_oof,4,OCNT-2328446,CYP2D6,5.448363535,5.40226725,5.49733025,5.347971573333333,0.1003919616666673
development_oof,4,OCNT-2328446,CYP3A4,4.674651942,4.598797,4.7818465,4.993935186666667,-0.3192832446666669
development_oof,4,OCNT-2328456,CYP2D6,4.618383022,4.505629,4.79242075,3.39950262,1.218880402
development_oof,4,OCNT-2328546,CYP1A2,5.133739167,5.0235385,5.227482,5.6698093,-0.536070133
development_oof,4,OCNT-2328546,CYP2D6,5.606235452,5.51636,5.6972725,5.27446756,0.33176789200000023
development_oof,4,OCNT-2328568,CYP2D6,5.482231925,5.34675975,5.61002125,5.349834006666667,0.13239791833333303
development_oof,4,OCNT-2328579,CYP3A4,4.0776299,3.83584225,4.35346675,2.0554858266666662,2.0221440733333336
development_oof,4,OCNT-2328583,CYP1A2,5.823946382,5.70998425,5.9379025,5.1239262666666665,0.7000201153333334
development_oof,4,OCNT-2328604,CYP1A2,5.504938652,5.41681475,5.595413,4.86847886,0.6364597920000001
development_oof,4,OCNT-2328619,CYP2C9,2.169963315,1.05620775,3.2311235,3.2396302599999998,-1.0696669449999998
development_oof,4,OCNT-2328635,CYP2D6,4.753404863,4.61025625,4.91306425,4.324409846666667,0.42899501633333337
development_oof,4,OCNT-2328681,CYP3A4,4.90616783,4.84471325,4.9709335,4.672207913333333,0.2339599166666675
development_oof,4,OCNT-2328691,CYP2D6,4.92398762,4.79414875,5.05204825,4.8434981200000005,0.08048949999999966
development_oof,4,OCNT-2328702,CYP1A2,5.310094333,5.22720775,5.3905935,4.9008869200000005,0.40920741299999985
development_oof,4,OCNT-2328704,CYP1A2,5.385529017,5.29414675,5.480192,4.891582446666666,0.49394657033333367
development_oof,4,OCNT-2328704,CYP2D6,5.505866475,5.424126,5.5922125,4.7156614066666664,0.7902050683333339
development_oof,4,OCNT-2328729,CYP1A2,4.855454522,4.6346005,5.10137025,4.855605973333334,-0.0001514513333340517
development_oof,4,OCNT-2328729,CYP2D6,4.430600932,4.363304,4.524831,4.768978280000001,-0.33837734800000074
development_oof,4,OCNT-2328731,CYP2D6,5.110751233,4.9712275,5.23057225,4.4300680733333335,0.6806831596666667
development_oof,4,OCNT-2328733,CYP1A2,5.63483116,5.5415955,5.7269235,4.85568142,0.7791497400000003
development_oof,4,OCNT-2328745,CYP2D6,4.465227865,4.34101825,4.62757325,4.674857566666667,-0.2096297016666666
development_oof,4,OCNT-2328748,CYP3A4,2.627554083,1.1208415,3.8110075,3.8888388266666665,-1.2612847436666663
development_oof,4,OCNT-2328752,CYP1A2,2.898074815,1.14521075,3.976585,4.6589153266666665,-1.7608405116666663
development_oof,4,OCNT-2328752,CYP3A4,2.356967875,1.070898,3.70989075,4.178859173333334,-1.8218912983333335
development_oof,4,OCNT-2328764,CYP1A2,5.4731902,5.2918485,5.647609,5.367569666666667,0.1056205333333331
development_oof,4,OCNT-2328764,CYP2D6,1.97510098,1.04905075,3.18621575,4.900095693333332,-2.9249947133333327
development_oof,4,OCNT-2328777,CYP2C9,2.56417243,1.081374,3.821018,4.9683905133333335,-2.4042180833333333
development_oof,4,OCNT-2328798,CYP2C9,4.187137015,3.85940625,4.66737575,4.347965633333333,-0.1608286183333325
development_oof,4,OCNT-2328813,CYP3A4,4.484931598,4.376917,4.6750935,4.921908426666667,-0.43697682866666643
development_oof,4,OCNT-2328814,CYP2D6,4.618634988,4.494609,4.787756,4.942607453333333,-0.3239724653333331
development_oof,4,OCNT-2328820,CYP3A4,4.591722455,4.5039465,4.722375,3.8420456799999996,0.7496767750000006
development_oof,4,OCNT-2328822,CYP3A4,3.870445152,3.53964925,4.14712225,3.534434206666667,0.33601094533333287
development_oof,4,OCNT-2328840,CYP3A4,2.39320434,1.079912,3.6567825,4.345860413333334,-1.9526560733333338
development_oof,4,OCNT-2328848,CYP3A4,2.39347503,1.12699225,3.6623595,3.095890186666667,-0.702415156666667
development_oof,4,OCNT-2328854,CYP1A2,3.893977505,3.476059,4.49633975,4.906700966666666,-1.0127234616666656
development_oof,4,OCNT-2328854,CYP3A4,5.001760232,4.5672875,5.43003675,4.511423213333333,0.4903370186666667
development_oof,4,OCNT-2328868,CYP2D6,4.610618505,4.50348375,4.75340075,4.905623206666666,-0.2950047016666666
development_oof,4,OCNT-2328873,CYP2C9,4.083228975,3.685934,4.62431725,3.9656670600000004,0.11756191499999957
development_oof,4,OCNT-2328886,CYP1A2,3.451809985,2.2733755,4.068072,5.2174905733333325,-1.7656805883333324
development_oof,4,OCNT-2328889,CYP1A2,5.236904717,5.0806015,5.38647,4.59236406,0.6445406569999994
development_oof,4,OCNT-2328890,CYP1A2,5.037293535,4.8525835,5.219532,5.183369713333333,-0.14607617833333286
development_oof,4,OCNT-2328890,CYP2D6,5.171122758,5.074153,5.2651355,5.54882346,-0.3777007020000003
development_oof,4,OCNT-2328890,CYP3A4,4.719345525,4.63428975,4.83981,4.902821773333334,-0.1834762483333341
development_oof,4,OCNT-2328919,CYP2D6,4.776236902,4.70586,4.8430805,4.846202566666667,-0.06996566466666732
development_oof,4,OCNT-2328941,CYP2C9,3.366181195,2.29612,3.99892525,4.78894312,-1.422761925
development_oof,4,OCNT-2328941,CYP3A4,3.467287302,2.3709875,3.99102325,4.761818993333334,-1.2945316913333338
development_oof,4,OCNT-2328943,CYP2D6,5.543673467,5.4563785,5.64542475,4.958576760000001,0.585096706999999
development_oof,4,OCNT-2328961,CYP1A2,5.300220215,5.16217,5.42239225,4.6811381133333345,0.6190821016666659
development_oof,4,OCNT-2328965,CYP1A2,5.722820957,5.63739875,5.8138715,4.931628353333333,0.7911926036666665
development_oof,4,OCNT-2328974,CYP1A2,5.551056015,5.46890725,5.63782525,4.8226677533333335,0.7283882616666668
development_oof,4,OCNT-2395274,CYP3A4,6.79743507,6.72257825,6.8691305,4.128211013333333,2.6692240566666667
development_oof,4,OCNT-2395275,CYP3A4,5.3311479,5.28543975,5.380663,4.092318886666668,1.2388290133333326
development_oof,4,OCNT-2395279,CYP3A4,6.149932165,6.091521,6.2128645,4.32611396,1.8238182050000002
development_oof,4,OCNT-2395283,CYP3A4,4.985183427,4.93374675,5.0381955,4.275032773333333,0.7101506536666671
development_oof,4,OCNT-2395295,CYP3A4,3.778568425,3.339574,4.0942515,3.5115928266666665,0.2669755983333335
development_oof,4,OCNT-2395296,CYP3A4,4.437332085,4.28465675,4.63335025,4.063955926666667,0.3733761583333335
development_oof,4,OCNT-2395299,CYP3A4,4.329128038,4.1543665,4.590567,4.110384073333334,0.21874396466666646
development_oof,4,OCNT-2395300,CYP3A4,5.158784883,5.109818,5.208643,4.082998473333332,1.0757864096666676
development_oof,4,OCNT-2395309,CYP3A4,1.964653253,1.04997675,3.16772625,3.9568624,-1.9922091469999998
development_oof,4,OCNT-2395313,CYP3A4,4.089022693,3.875735,4.313402,4.48014458,-0.3911218869999997
development_oof,4,OCNT-2395314,CYP3A4,4.569166005,4.4720995,4.735644,4.348299693333334,0.22086631166666582
development_oof,4,OCNT-2395315,CYP3A4,4.59437675,4.4669685,4.75248,4.249607393333333,0.3447693566666672
development_oof,4,OCNT-2395317,CYP3A4,5.132729885,5.0913775,5.17579775,5.06768362,0.06504626499999944
development_oof,4,OCNT-2395319,CYP3A4,5.885073883,5.81180375,5.95955425,4.4011537,1.4839201829999995
development_oof,4,OCNT-2395322,CYP3A4,4.246439953,4.064818,4.44966075,4.674418173333334,-0.4279782203333333
development_oof,4,OCNT-2395325,CYP3A4,4.8886919,4.80924875,4.98392675,4.65765346,0.23103844000000073
development_oof,4,OCNT-2395328,CYP3A4,5.526844937,5.459257,5.59050075,4.410789893333333,1.116055043666667
development_oof,4,OCNT-2395329,CYP3A4,3.768727975,3.40027775,4.097143,4.064671286666668,-0.2959433116666679
development_oof,4,OCNT-2395330,CYP3A4,5.291706657,5.2174605,5.3638745,4.276201126666667,1.015505530333333
development_oof,4,OCNT-2395331,CYP3A4,3.224351552,1.71498175,3.8674405,4.294202433333333,-1.0698508813333332
development_oof,4,OCNT-2395339,CYP3A4,5.568434758,5.46961375,5.70166575,4.630273833333333,0.9381609246666676
development_oof,4,OCNT-2395348,CYP3A4,4.691003128,4.6086075,4.82206325,4.100013686666666,0.5909894413333339
development_oof,4,OCNT-2395353,CYP3A4,4.885709995,4.79959775,4.99209125,4.146655133333334,0.7390548616666663
development_oof,4,OCNT-2395362,CYP3A4,4.883148688,4.785819,5.01205025,4.481223013333333,0.40192567466666773
development_oof,4,OCNT-2395365,CYP3A4,2.845771448,1.17837675,3.83653,3.2210972066666663,-0.3753257586666665
development_oof,4,OCNT-2395366,CYP3A4,5.606378302,5.0695015,5.91432525,4.609487173333333,0.9968911286666673
development_oof,4,OCNT-2395367,CYP3A4,5.104955732,5.02669875,5.19743125,4.11347816,0.991477572
development_oof,4,OCNT-2395373,CYP3A4,2.731910693,1.13900075,3.8335565,2.855642286666667,-0.12373159366666675
development_oof,4,OCNT-2395374,CYP3A4,3.50383709,2.8711055,3.98973575,3.4559648000000003,0.04787228999999993
development_oof,4,OCNT-2395379,CYP3A4,4.834891833,4.72234575,5.010581,4.956605860000001,-0.12171402700000034
development_oof,4,OCNT-2395385,CYP3A4,3.779270617,3.29670625,4.0974125,3.64054678,0.13872383699999968
development_oof,4,OCNT-2395386,CYP3A4,4.32048986,4.18862825,4.53589875,5.076836746666666,-0.756346886666666
development_oof,4,OCNT-2395410,CYP3A4,3.416517965,2.90983575,3.8823315,3.5616526199999994,-0.14513465499999922
development_oof,4,OCNT-2395412,CYP3A4,2.06605357,1.054179,3.197893,3.4388727,-1.3728191300000003
development_oof,4,OCNT-2395417,CYP3A4,4.885116788,4.80400675,4.99249875,3.3268062266666663,1.5583105613333341
development_oof,4,OCNT-2395428,CYP3A4,4.88115619,4.7467895,5.058753,3.8391289666666664,1.0420272233333332
development_oof,4,OCNT-2395432,CYP3A4,2.1809837,1.08250875,3.482185,2.76237852,-0.5813948199999999
development_oof,4,OCNT-2395437,CYP3A4,4.68024692,4.56773775,4.88326325,4.327454606666667,0.3527923133333335
development_oof,4,OCNT-2395439,CYP3A4,2.330581078,1.0666515,3.635598,3.633968566666667,-1.303387488666667
development_oof,4,OCNT-2395444,CYP3A4,5.384433152,5.26774475,5.48746125,4.546312593333334,0.8381205586666658
development_oof,4,OCNT-2395447,CYP3A4,5.66007574,5.6054885,5.71863,4.69615228,0.9639234600000002
development_oof,4,OCNT-2395462,CYP3A4,4.89951958,4.81512475,5.013425,4.429557573333334,0.4699620066666661
development_oof,4,OCNT-2395464,CYP3A4,5.450628942,5.357095,5.54080075,4.031437906666667,1.4191910353333332
development_oof,4,OCNT-2395467,CYP3A4,2.149480888,1.061491,3.24000025,3.50819028,-1.3587093920000002
development_oof,4,OCNT-2395469,CYP3A4,4.616851608,4.48145675,4.81986575,4.149372513333334,0.4674790946666665
development_oof,4,OCNT-2395475,CYP3A4,4.26595296,4.1101565,4.47089025,4.167765433333334,0.09818752666666608
development_oof,4,OCNT-2395476,CYP3A4,4.98831702,4.8360375,5.17914,4.148433546666667,0.8398834733333329
development_oof,4,OCNT-2395477,CYP3A4,3.887211425,3.46465125,4.1477,4.492855346666667,-0.6056439216666676
development_oof,4,OCNT-2395486,CYP3A4,3.176833415,1.393214,3.95608625,3.2429261866666663,-0.06609277166666638
development_oof,4,OCNT-2395487,CYP3A4,3.80811524,3.29882775,4.10938525,4.071999826666667,-0.2638845866666668
development_oof,4,OCNT-2395489,CYP3A4,2.22116229,1.0633675,3.589826,2.8401917,-0.61902941
development_oof,4,OCNT-2395491,CYP3A4,4.594297577,4.4857785,4.758923,4.66874498,-0.07444740299999975
development_oof,4,OCNT-2395492,CYP3A4,5.14859293,5.09003675,5.2106715,4.20914486,0.9394480700000001
development_oof,4,OCNT-2395496,CYP3A4,4.793409135,4.717558,4.9031965,4.94325144,-0.14984230499999995
development_oof,4,OCNT-2395502,CYP3A4,3.70184245,3.22780525,4.0534535,3.6394023133333335,0.06244013666666648
development_oof,4,OCNT-2395503,CYP3A4,5.184632385,5.0321495,5.352469,4.059802960000001,1.1248294249999988
development_oof,4,OCNT-2395521,CYP3A4,2.993381435,1.382197,3.847037,4.628155033333334,-1.634773598333334
development_oof,4,OCNT-2395524,CYP3A4,4.282864303,4.120435,4.46487925,3.838767626666667,0.4440966763333334
development_oof,4,OCNT-2395530,CYP3A4,3.815267538,3.374608,4.0899435,3.6364055933333335,0.1788619446666666
development_oof,4,OCNT-2395537,CYP3A4,3.821690025,3.45013175,4.1014875,4.10106448,-0.2793744549999997
development_oof,4,OCNT-2395542,CYP3A4,4.669056513,4.560726,4.79915375,4.487980173333334,0.18107633966666636
development_oof,4,OCNT-2395550,CYP3A4,5.94143321,5.63115025,6.24793025,4.867462359999999,1.0739708500000003
development_oof,4,OCNT-2395552,CYP3A4,3.865375667,3.49184525,4.13855775,3.8574325400000005,0.00794312699999944
development_oof,4,OCNT-2395554,CYP3A4,5.114120648,5.0509285,5.18241325,4.511672853333334,0.6024477946666664
development_oof,4,OCNT-2395557,CYP3A4,3.350590577,2.33197625,3.8997635,3.328327493333333,0.02226308366666707
development_oof,4,OCNT-2395575,CYP3A4,4.08378289,3.88720325,4.3544925,4.425097666666667,-0.34131477666666665
development_oof,4,OCNT-2395580,CYP3A4,4.151883817,3.9668235,4.323656,4.067055413333334,0.08482840366666622
development_oof,4,OCNT-2395588,CYP3A4,4.58605595,4.4900885,4.7434615,3.85507768,0.7309782700000005
development_oof,4,OCNT-2395596,CYP3A4,4.3106221,4.14251175,4.61694425,3.9815290133333336,0.32909308666666615
development_oof,4,OCNT-2395604,CYP3A4,4.339379105,4.21024475,4.506512,4.1088809133333335,0.2304981916666664
development_oof,4,OCNT-2395611,CYP3A4,4.860509438,4.78443875,4.9598965,4.5354906999999995,0.3250187380000007
development_oof,4,OCNT-2395614,CYP3A4,2.778184492,1.160238,3.83751775,3.8933551533333337,-1.1151706613333339
development_oof,4,OCNT-2395617,CYP3A4,4.474392293,4.39290825,4.6243205,3.8623660200000005,0.6120262729999997
development_oof,4,OCNT-2395618,CYP3A4,4.28925827,4.14623175,4.45201375,4.527124606666667,-0.23786633666666646
development_oof,4,OCNT-2395622,CYP3A4,3.908615055,3.536583,4.17623,5.182627266666667,-1.2740122116666668
development_oof,4,OCNT-2395624,CYP3A4,3.194039572,1.774069,3.86231225,3.496616313333333,-0.3025767413333331
development_oof,4,OCNT-2395627,CYP3A4,4.811983657,4.733257,4.9186,4.043877626666666,0.7681060303333336
development_oof,4,OCNT-2395633,CYP3A4,4.785576687,4.69205825,4.930081,3.9817502133333336,0.8038264736666663
development_oof,4,OCNT-2395640,CYP3A4,4.013320542,3.73189525,4.20048225,3.8986886600000004,0.11463188199999941
development_oof,4,OCNT-2395645,CYP3A4,5.912842905,5.85661775,5.9708735,4.630516706666667,1.2823261983333332
development_oof,4,OCNT-2395646,CYP3A4,2.261276372,1.073577,3.54761075,3.097355966666667,-0.8360795946666668
development_oof,4,OCNT-2395648,CYP3A4,6.072193412,6.02199875,6.12498575,4.165233913333333,1.9069594986666667
development_oof,4,OCNT-2395650,CYP3A4,3.267771695,2.378502,3.8705135,3.871457926666667,-0.6036862316666669
development_oof,4,OCNT-2395653,CYP3A4,4.87965294,4.7943355,4.992636,4.5366527266666665,0.3430002133333332
development_oof,4,OCNT-2395654,CYP3A4,5.918884883,5.8311745,6.008733,4.06083688,1.8580480029999995
development_oof,4,OCNT-2395659,CYP3A4,4.726165315,4.630845,4.877801,4.076255120000001,0.6499101949999995
development_oof,4,OCNT-2395661,CYP3A4,3.803226915,3.4758725,4.09173375,4.240698593333333,-0.43747167833333256
development_oof,4,OCNT-2395668,CYP3A4,4.52062949,4.353625,4.73949375,4.169208426666666,0.35142106333333434
development_oof,4,OCNT-2395674,CYP3A4,6.163297652,6.10013775,6.22841375,4.289817519999999,1.873480132000001
development_oof,4,OCNT-2395680,CYP3A4,3.67993847,3.0579375,4.0832145,3.6854832933333332,-0.00554482333333306
development_oof,4,OCNT-2395682,CYP3A4,3.821236808,3.291119,4.18430675,3.8814522133333327,-0.06021540533333258
development_oof,4,OCNT-2395686,CYP3A4,4.814842452,4.75341825,4.8914535,5.042772613333333,-0.2279301613333331
development_oof,4,OCNT-2395687,CYP3A4,2.984719753,1.43160075,3.797881,3.96787634,-0.9831565870000003
development_oof,4,OCNT-2395689,CYP3A4,3.564863805,2.97242775,4.010216,3.82931626,-0.26445245500000025
development_oof,4,OCNT-2395691,CYP3A4,2.304827018,1.08837175,3.67173175,3.7376187,-1.432791682
development_oof,4,OCNT-2395693,CYP3A4,3.509472672,2.83485825,3.98701925,3.588294306666667,-0.07882163466666725
development_oof,4,OCNT-2395695,CYP3A4,3.472697055,2.83290775,3.96390425,3.872834486666666,-0.4001374316666664
development_oof,4,OCNT-2395696,CYP3A4,3.476018522,2.71863975,3.98001525,3.8392804400000005,-0.3632619180000005
development_oof,4,OCNT-2395700,CYP3A4,5.210702027,5.112589,5.30844525,4.38676996,0.8239320670000003
development_oof,4,OCNT-2395705,CYP3A4,4.71633843,4.64685875,4.81654025,4.633392746666667,0.08294568333333352
development_oof,4,OCNT-2395715,CYP3A4,3.718887545,3.2710865,4.05178575,3.9673516866666665,-0.24846414166666664
development_oof,4,OCNT-2395723,CYP3A4,4.306221147,4.20054725,4.44715075,3.943918946666667,0.3623022003333327
development_oof,4,OCNT-2395727,CYP3A4,6.421514082,6.359518,6.482222,4.77701364,1.644500442
development_oof,4,OCNT-2395731,CYP3A4,5.7450152,5.67641825,5.814965,4.404449133333332,1.3405660666666677
development_oof,4,OCNT-2395737,CYP3A4,4.848294932,4.7644795,4.9495615,5.1519194,-0.30362446799999976
development_oof,4,OCNT-2395739,CYP3A4,4.537244252,4.42065775,4.779935,3.9755076066666666,0.5617366453333332
development_oof,4,OCNT-2395767,CYP3A4,1.974573193,1.04463875,3.1429325,3.084654213333333,-1.110081020333333
development_oof,4,OCNT-2395771,CYP3A4,2.225964725,1.0633155,3.53592225,3.885057066666667,-1.6590923416666672
development_oof,4,OCNT-2395774,CYP3A4,4.122114707,3.90476675,4.3116115,3.920666786666667,0.2014479203333326
development_oof,4,OCNT-2395779,CYP3A4,5.050195387,5.003374,5.09628025,4.63610568,0.4140897069999996
development_oof,4,OCNT-2395782,CYP3A4,3.092548765,1.41372375,3.8660275,3.3752363266666663,-0.2826875616666662
development_oof,4,OCNT-2395785,CYP3A4,2.174806105,1.0662195,3.5071415,2.9284252733333336,-0.7536191683333335
development_oof,4,OCNT-2395792,CYP3A4,4.702887592,4.62826,4.81535075,5.041972006666667,-0.33908441466666694
development_oof,4,OCNT-2395795,CYP3A4,3.008647815,1.35980675,3.868486,3.7527375866666675,-0.7440897716666677
development_oof,4,OCNT-2395799,CYP3A4,4.17316106,3.98191525,4.322446,3.507949406666667,0.665211653333333
reserved_holdout,,OCNT-0007477,CYP3A4,2.577795577,1.140199,3.71784025,1.50693828,1.0708572969999999
reserved_holdout,,OCNT-0018684,CYP1A2,5.783014945,5.68250125,5.880482,5.29594028,0.48707466499999974
reserved_holdout,,OCNT-0018684,CYP2C9,2.834837307,1.18445625,3.84599325,5.07804742,-2.243210113
reserved_holdout,,OCNT-0018684,CYP2D6,4.615706783,4.4761265,4.795599,5.2298442199999995,-0.6141374369999992
reserved_holdout,,OCNT-0022006,CYP2D6,5.018758378,4.941186,5.079741,4.7922658,0.22649257800000022
reserved_holdout,,OCNT-0022215,CYP2D6,6.673307633,6.4964305,6.85787275,4.98561098,1.6876966530000006
reserved_holdout,,OCNT-0022215,CYP3A4,4.980639392,4.8764485,5.10802075,5.08068916,-0.10004976800000076
reserved_holdout,,OCNT-0022254,CYP1A2,5.40609378,5.31427575,5.50120225,5.523123480000001,-0.11702970000000068
reserved_holdout,,OCNT-0022254,CYP2D6,5.638113973,5.51644575,5.77021075,5.30543006,0.33268391300000033
reserved_holdout,,OCNT-0022266,CYP1A2,5.019858453,4.844403,5.19839425,5.4469886,-0.42713014699999974
reserved_holdout,,OCNT-0022266,CYP2D6,5.54198825,5.4579175,5.634382,5.47972858,0.06225967000000043
reserved_holdout,,OCNT-0022267,CYP2D6,5.992036087,5.85613,6.12899125,5.53773588,0.4543002070000002
reserved_holdout,,OCNT-0022294,CYP1A2,5.038514985,4.8975745,5.156047,5.642098559999999,-0.6035835749999992
reserved_holdout,,OCNT-0022294,CYP2C9,4.12327397,3.74231825,4.57236475,5.5278953600000005,-1.4046213900000009
reserved_holdout,,OCNT-0022294,CYP2D6,5.835926223,5.74346075,5.93304525,5.52962126,0.30630496300000054
reserved_holdout,,OCNT-0022294,CYP3A4,4.29878003,4.22482675,4.40064175,5.7019683,-1.4031882700000002
reserved_holdout,,OCNT-0022301,CYP2D6,5.102518413,4.9057785,5.2697765,4.49401202,0.6085063929999999
reserved_holdout,,OCNT-0319465,CYP3A4,3.778298405,3.43432025,4.08653975,4.28636966,-0.5080712549999999
reserved_holdout,,OCNT-0493904,CYP1A2,6.40645018,6.27740425,6.53405425,4.86770712,1.5387430599999998
reserved_holdout,,OCNT-0493940,CYP2D6,5.2824111,5.19411725,5.37757225,4.67717746,0.6052336399999998
reserved_holdout,,OCNT-0493990,CYP2D6,4.768259075,4.637883,4.911551,4.36685408,0.40140499499999915
reserved_holdout,,OCNT-0494025,CYP2C9,4.159997005,3.77558375,4.6511425,4.7236201399999995,-0.5636231349999994
reserved_holdout,,OCNT-0494110,CYP2C9,5.884783357,5.792149,5.985341,5.15642714,0.728356217
reserved_holdout,,OCNT-0494110,CYP3A4,5.380121762,5.330839,5.42973325,5.3102484,0.06987336200000005
reserved_holdout,,OCNT-0494161,CYP2D6,4.907063575,4.753213,5.06010225,5.069691740000001,-0.162628165000001
reserved_holdout,,OCNT-0494205,CYP2C9,4.675208465,4.19898975,5.0830815,4.57888588,0.09632258500000024
reserved_holdout,,OCNT-0494638,CYP2C9,4.125769155,3.7604565,4.584185,3.8513980400000003,0.2743711150000001
reserved_holdout,,OCNT-0495153,CYP2D6,5.68881332,5.551896,5.79318,5.25398648,0.4348268400000004
reserved_holdout,,OCNT-0495153,CYP3A4,5.557870813,5.407367,5.668266,5.65044098,-0.09257016699999987
reserved_holdout,,OCNT-0495189,CYP2C9,2.102832312,1.05597025,3.21813,4.033619160000001,-1.9307868480000008
reserved_holdout,,OCNT-0495189,CYP3A4,2.114282752,1.05819025,3.2223935,3.77388922,-1.6596064680000002
reserved_holdout,,OCNT-0495275,CYP2C9,5.37404736,5.296264,5.4556105,4.76765804,0.6063893199999999
reserved_holdout,,OCNT-0495275,CYP3A4,5.421847237,5.374718,5.4723415,4.73991588,0.6819313569999998
reserved_holdout,,OCNT-0495493,CYP2D6,4.522101552,4.45071625,4.62569875,4.316701760000001,0.2053997919999988
reserved_holdout,,OCNT-0495620,CYP2D6,4.70201188,4.56400775,4.8694115,4.7420480000000005,-0.040036120000000786
reserved_holdout,,OCNT-0497926,CYP1A2,5.295571237,5.129696,5.43806325,3.7804897599999996,1.5150814770000003
reserved_holdout,,OCNT-0497934,CYP2C9,5.73559019,5.62336375,5.8519315,4.68330402,1.0522861700000004
reserved_holdout,,OCNT-0497934,CYP3A4,5.491105252,5.43627975,5.54754425,4.3860223199999995,1.1050829320000002
reserved_holdout,,OCNT-0497979,CYP2D6,6.411201408,6.31295325,6.5084325,5.2936222,1.1175792080000004
reserved_holdout,,OCNT-0497983,CYP3A4,3.80082054,3.5182,4.10308775,4.34863852,-0.5478179799999996
reserved_holdout,,OCNT-0498036,CYP3A4,2.324624968,1.05231475,3.650365,1.90290082,0.42172414800000024
reserved_holdout,,OCNT-0498042,CYP2C9,4.44158044,4.1192215,4.85996675,3.50638452,0.93519592
reserved_holdout,,OCNT-0498042,CYP3A4,3.53253804,2.91146625,3.98431875,2.41000354,1.1225345
reserved_holdout,,OCNT-1893991,CYP2D6,5.078495465,4.909449,5.1993235,4.9822811399999996,0.09621432500000004
reserved_holdout,,OCNT-1911794,CYP2D6,7.46628706,7.39736675,7.53891875,5.131699599999999,2.3345874600000007
reserved_holdout,,OCNT-1965886,CYP3A4,1.921832463,1.03042075,3.13449825,3.87714068,-1.955308217
reserved_holdout,,OCNT-2308479,CYP2C9,3.709213582,3.1996575,4.196877,4.0578126999999995,-0.34859911799999965
reserved_holdout,,OCNT-2308479,CYP3A4,3.65400295,3.00758025,4.04189125,3.6870900399999997,-0.03308708999999954
reserved_holdout,,OCNT-2308483,CYP1A2,5.34602963,5.2027785,5.461605,6.0693832599999995,-0.7233536299999992
reserved_holdout,,OCNT-2308483,CYP2D6,2.082371522,1.060907,3.47580175,5.07641992,-2.9940483980000003
reserved_holdout,,OCNT-2308508,CYP1A2,5.176037263,4.93811425,5.3100305,5.5622929800000005,-0.38625571700000005
reserved_holdout,,OCNT-2308511,CYP3A4,1.982874425,1.037358,3.3343555,2.9455536800000006,-0.9626792550000005
reserved_holdout,,OCNT-2308512,CYP3A4,4.404983815,4.28701375,4.6001115,4.281722960000001,0.12326085499999895
reserved_holdout,,OCNT-2308515,CYP2C9,4.004888092,3.566132,4.43549825,4.209210919999999,-0.20432282799999957
reserved_holdout,,OCNT-2308519,CYP1A2,5.529981917,5.4466995,5.61631525,4.85973132,0.6702505969999999
reserved_holdout,,OCNT-2308519,CYP2D6,3.385210702,1.29844075,4.228217,4.95767206,-1.572461358
reserved_holdout,,OCNT-2308526,CYP2D6,4.701132065,4.54234075,4.893621,5.207001719999999,-0.5058696549999988
reserved_holdout,,OCNT-2308557,CYP3A4,3.099472117,1.404186,3.888551,3.8489765,-0.7495043830000001
reserved_holdout,,OCNT-2308597,CYP1A2,5.081854505,4.94446475,5.2122125,4.97385564,0.10799886499999989
reserved_holdout,,OCNT-2308603,CYP2D6,6.912598577,6.8234465,6.998756,5.153595180000001,1.759003396999999
reserved_holdout,,OCNT-2308604,CYP2C9,4.211255327,3.8120665,4.7728515,4.232597859999999,-0.021342532999999442
reserved_holdout,,OCNT-2308604,CYP3A4,3.902369885,3.5552895,4.148504,3.7835004399999996,0.11886944500000052
reserved_holdout,,OCNT-2308605,CYP1A2,4.189079855,3.87630025,4.624801,4.2825367199999995,-0.09345686499999939
reserved_holdout,,OCNT-2308613,CYP2C9,2.898512752,1.216709,3.88600925,4.597021379999999,-1.6985086279999995
reserved_holdout,,OCNT-2308640,CYP2D6,5.671216787,5.5916905,5.75738625,4.647046919999999,1.0241698670000003
reserved_holdout,,OCNT-2308641,CYP2D6,4.55688638,4.295594,5.01679875,4.26968498,0.28720139999999983
reserved_holdout,,OCNT-2308645,CYP2C9,4.499618185,4.24940825,4.82446225,4.444833180000001,0.05478500499999939
reserved_holdout,,OCNT-2308645,CYP3A4,3.98228713,3.66596775,4.18720175,4.1218953,-0.13960817000000025
reserved_holdout,,OCNT-2308664,CYP3A4,1.98367122,1.04530425,3.1822645,3.46311692,-1.4794457
reserved_holdout,,OCNT-2308687,CYP3A4,4.54065294,4.4479455,4.694172,4.0891122399999995,0.4515407000000007
reserved_holdout,,OCNT-2308698,CYP2C9,4.974725937,4.66441025,5.27443175,4.78130518,0.19342075699999928
reserved_holdout,,OCNT-2308698,CYP3A4,5.585976282,5.53378775,5.6400725,4.4438732000000005,1.1421030819999993
reserved_holdout,,OCNT-2308739,CYP3A4,5.172229145,5.09531975,5.2570455,4.666422160000001,0.5058069849999995
reserved_holdout,,OCNT-2308747,CYP1A2,4.901963337,4.72406125,5.06818075,5.2974077600000005,-0.3954444230000007
reserved_holdout,,OCNT-2308774,CYP1A2,5.206897602,5.060053,5.34915425,5.09723824,0.10965936199999948
reserved_holdout,,OCNT-2308774,CYP2D6,2.000956098,1.04773225,3.379552,4.3346629,-2.3337068019999996
reserved_holdout,,OCNT-2308811,CYP3A4,3.606692095,2.978088,4.0193935,3.9790720800000003,-0.37237998500000025
reserved_holdout,,OCNT-2308814,CYP2C9,4.01858695,3.58343775,4.556288,4.96096644,-0.9423794899999995
reserved_holdout,,OCNT-2308814,CYP3A4,3.466839982,2.12971375,4.01116475,4.85080588,-1.383965898
reserved_holdout,,OCNT-2308865,CYP2C9,4.630061197,4.46292475,4.822163,5.3339785,-0.7039173029999999
reserved_holdout,,OCNT-2308872,CYP2D6,4.703796022,4.58597925,4.875391,4.73218642,-0.028390397999999983
reserved_holdout,,OCNT-2308879,CYP2D6,4.738641598,4.589348,4.92107425,4.885609839999999,-0.14696824199999892
reserved_holdout,,OCNT-2308884,CYP2C9,3.588983172,2.9187435,4.07385225,3.6942574200000005,-0.10527424800000063
reserved_holdout,,OCNT-2308884,CYP3A4,2.23144827,1.0819225,3.24872275,3.2577237400000003,-1.0262754700000003
reserved_holdout,,OCNT-2308896,CYP1A2,3.340069977,1.48779725,4.06429075,4.18129352,-0.8412235429999995
reserved_holdout,,OCNT-2308896,CYP2C9,3.887100278,3.41981725,4.43962375,3.69567132,0.19142895799999993
reserved_holdout,,OCNT-2308914,CYP2C9,5.579995453,4.58348375,6.061771,4.86919144,0.7108040130000006
reserved_holdout,,OCNT-2308941,CYP2C9,5.55875766,5.1243185,5.8533775,4.874532500000001,0.6842251599999996
reserved_holdout,,OCNT-2308941,CYP2D6,2.196784495,1.0710145,3.6310325,4.42548882,-2.228704325
reserved_holdout,,OCNT-2308961,CYP1A2,5.253674242,5.09250825,5.392683,5.1237227,0.1299515419999997
reserved_holdout,,OCNT-2308965,CYP1A2,2.21598687,1.06602575,3.25181425,3.6891499199999997,-1.4731630499999997
reserved_holdout,,OCNT-2308965,CYP2C9,3.142433313,1.46695925,3.93417,3.54592466,-0.40349134699999967
reserved_holdout,,OCNT-2308965,CYP3A4,2.053682982,1.0644295,3.1887415,3.02279908,-0.9691160979999998
reserved_holdout,,OCNT-2308975,CYP1A2,2.532522198,1.058419,3.821102,4.03716982,-1.5046476219999998
reserved_holdout,,OCNT-2308975,CYP2C9,3.614555483,2.962083,4.1380375,4.27113604,-0.6565805569999998
reserved_holdout,,OCNT-2308975,CYP3A4,3.79643806,3.50866025,4.0830845,3.51283674,0.2836013199999998
reserved_holdout,,OCNT-2308982,CYP2D6,5.201062245,5.0724275,5.30896475,4.670419580000001,0.5306426649999993
reserved_holdout,,OCNT-2308982,CYP3A4,4.282106348,4.1161,4.5912695,3.71509892,0.5670074280000001
reserved_holdout,,OCNT-2309003,CYP2D6,2.220852298,1.063964,3.70315975,4.86690732,-2.646055022
reserved_holdout,,OCNT-2309004,CYP1A2,4.85597139,4.6519145,5.08054425,4.75449764,0.10147374999999936
reserved_holdout,,OCNT-2309016,CYP3A4,2.547484273,1.11575125,3.736884,3.57260024,-1.025115967
reserved_holdout,,OCNT-2309022,CYP2C9,4.187528027,3.82088325,4.6508435,4.52599938,-0.3384713530000001
reserved_holdout,,OCNT-2309028,CYP3A4,3.926984765,3.52863425,4.1645955,3.0184858400000003,0.9084989249999995
reserved_holdout,,OCNT-2309054,CYP3A4,4.734992907,4.6637985,4.832679,4.712810660000001,0.022182246999999045
reserved_holdout,,OCNT-2309062,CYP3A4,6.650677757,6.586409,6.717592,4.884445159999999,1.766232597000001
reserved_holdout,,OCNT-2309084,CYP2D6,1.963048488,1.034667,3.33183775,4.4310925999999995,-2.4680441119999994
reserved_holdout,,OCNT-2309135,CYP2D6,4.30954278,4.05839125,4.47292825,5.039801299999999,-0.7302585199999987
reserved_holdout,,OCNT-2309149,CYP2D6,5.258979828,5.18995925,5.324264,4.78558936,0.47339046799999984
reserved_holdout,,OCNT-2309155,CYP2C9,3.709709253,3.0910955,4.19339125,4.36298358,-0.6532743269999997
reserved_holdout,,OCNT-2309158,CYP1A2,4.362328292,4.1285485,4.7223695,4.8615061,-0.4991778079999998
reserved_holdout,,OCNT-2309158,CYP3A4,4.094013043,3.858282,4.262372,4.52161958,-0.42760653699999995
reserved_holdout,,OCNT-2309162,CYP2D6,5.30771717,5.18321,5.40878025,4.64321646,0.6645007100000004
reserved_holdout,,OCNT-2309173,CYP3A4,3.624866728,3.218129,3.98383,3.6378812199999997,-0.013014491999999489
reserved_holdout,,OCNT-2309190,CYP3A4,2.21060679,1.06659875,3.547555,3.7740788400000005,-1.5634720500000006
reserved_holdout,,OCNT-2309206,CYP2D6,2.218895237,1.055304,3.6653515,4.43525268,-2.2163574429999997
reserved_holdout,,OCNT-2309207,CYP2D6,5.594462638,5.50762,5.68567175,4.38826582,1.2061968180000004
reserved_holdout,,OCNT-2309221,CYP2C9,3.91618854,3.4297925,4.36281225,3.89131426,0.024874279999999693
reserved_holdout,,OCNT-2309240,CYP2C9,4.81930473,4.564273,5.08663925,4.65438116,0.16492357000000002
reserved_holdout,,OCNT-2309241,CYP3A4,2.2069258,1.06200975,3.2422025,3.7873892400000004,-1.5804634400000004
reserved_holdout,,OCNT-2309242,CYP1A2,4.07457127,3.695931,4.57379175,4.15789948,-0.08332821000000035
reserved_holdout,,OCNT-2309242,CYP3A4,3.671888055,3.1758785,4.05580775,3.602632,0.06925605500000032
reserved_holdout,,OCNT-2309252,CYP2C9,5.02605462,4.813584,5.24068325,4.35751592,0.6685387
reserved_holdout,,OCNT-2309252,CYP2D6,4.53308634,4.3575115,4.775506,4.6527974400000005,-0.11971110000000085
reserved_holdout,,OCNT-2309256,CYP2D6,6.03976059,5.9097885,6.16832025,5.11116598,0.9285946100000002
reserved_holdout,,OCNT-2309262,CYP2D6,2.055729005,1.04711125,3.43798075,4.5778155599999995,-2.5220865549999996
reserved_holdout,,OCNT-2309262,CYP3A4,5.13412217,5.0676655,5.20313475,5.13675888,-0.0026367099999999866
reserved_holdout,,OCNT-2309276,CYP2C9,3.566130447,2.87350825,4.10692175,4.15990856,-0.5937781129999999
reserved_holdout,,OCNT-2309276,CYP3A4,2.552482262,1.116596,3.8140105,3.94308158,-1.390599318
reserved_holdout,,OCNT-2309284,CYP2D6,5.05666323,4.93902875,5.13778125,4.6635803000000005,0.3930829299999994
reserved_holdout,,OCNT-2309299,CYP3A4,4.26519794,4.1244975,4.4519325,3.7988913600000003,0.4663065799999999
reserved_holdout,,OCNT-2309302,CYP1A2,6.495533205,6.422618,6.5741305,5.4825370399999995,1.0129961650000006
reserved_holdout,,OCNT-2309302,CYP2D6,5.669179068,5.55659575,5.77562,5.03007328,0.6391057880000002
reserved_holdout,,OCNT-2309323,CYP1A2,3.809379935,2.741703,4.23898975,4.156579160000001,-0.34719922500000067
reserved_holdout,,OCNT-2309324,CYP1A2,4.751570948,4.48313675,5.09186,5.05878992,-0.30721897199999937
reserved_holdout,,OCNT-2309324,CYP3A4,4.06128849,3.83851075,4.270756,4.5562454,-0.49495690999999997
reserved_holdout,,OCNT-2309333,CYP2C9,4.553783193,4.28573725,4.87785125,4.275816799999999,0.2779663930000007
reserved_holdout,,OCNT-2309342,CYP2D6,4.887505255,4.74780925,5.01468125,5.115062,-0.22755674500000023
reserved_holdout,,OCNT-2309342,CYP3A4,3.87546239,3.53957625,4.1439315,4.113066819999999,-0.2376044299999993
reserved_holdout,,OCNT-2309343,CYP3A4,3.763739442,3.30180925,4.08417625,3.957347860000001,-0.19360841800000106
reserved_holdout,,OCNT-2309346,CYP2C9,4.699023575,4.41680775,5.06614725,4.64370678,0.05531679500000042
reserved_holdout,,OCNT-2309346,CYP3A4,4.526252835,4.434479,4.6654895,4.55818116,-0.03192832499999998
reserved_holdout,,OCNT-2309371,CYP2D6,4.49137587,4.40568225,4.61062575,4.8957571,-0.40438123000000026
reserved_holdout,,OCNT-2309377,CYP2D6,4.15024103,3.796546,4.31340575,4.727489660000001,-0.5772486300000006
reserved_holdout,,OCNT-2309377,CYP3A4,5.733716787,5.67788875,5.79200075,4.5937596,1.1399571869999994
reserved_holdout,,OCNT-2309379,CYP2D6,4.354577762,4.23955875,4.4795225,4.881521019999999,-0.5269432579999993
reserved_holdout,,OCNT-2309415,CYP3A4,4.37168324,4.1634885,4.88411875,3.93977674,0.4319065000000002
reserved_holdout,,OCNT-2309429,CYP2D6,4.231383845,3.78635425,4.445368,4.70556486,-0.4741810150000001
reserved_holdout,,OCNT-2309431,CYP1A2,2.222225958,1.07159275,3.247804,5.2747323999999995,-3.0525064419999994
reserved_holdout,,OCNT-2309431,CYP3A4,3.823852005,3.457035,4.135999,4.48499708,-0.6611450750000003
reserved_holdout,,OCNT-2309433,CYP2C9,4.75091876,4.54923775,4.96494325,4.77912962,-0.028210859999999727
reserved_holdout,,OCNT-2309444,CYP1A2,4.188894158,3.8998175,4.58596225,4.356935439999999,-0.16804128199999901
reserved_holdout,,OCNT-2309459,CYP2C9,4.953367812,4.7555075,5.14237725,4.49586984,0.45749797199999964
reserved_holdout,,OCNT-2309459,CYP3A4,4.3840829,4.25134825,4.5976055,4.1694692799999995,0.21461362000000062
reserved_holdout,,OCNT-2309465,CYP2D6,2.394134305,1.075256,3.885581,4.69972766,-2.3055933549999996
reserved_holdout,,OCNT-2309468,CYP1A2,3.588619277,2.914977,4.14970875,4.526572499999999,-0.9379532229999996
reserved_holdout,,OCNT-2309471,CYP1A2,4.94583745,4.775738,5.158119,4.8239298999999995,0.12190755000000042
reserved_holdout,,OCNT-2309471,CYP2C9,4.940910657,4.6274765,5.2579775,4.6927822,0.24812845699999997
reserved_holdout,,OCNT-2309471,CYP3A4,4.866275922,4.74718675,5.04051925,4.57922324,0.28705268199999967
reserved_holdout,,OCNT-2309479,CYP2C9,3.6224939,2.9643555,4.18124925,4.52850248,-0.9060085800000004
reserved_holdout,,OCNT-2309487,CYP2D6,4.77270833,4.68277675,4.8659185,4.85473792,-0.08202958999999943
reserved_holdout,,OCNT-2309491,CYP1A2,5.875974053,5.74470725,6.0044525,5.060396259999999,0.815577793000001
reserved_holdout,,OCNT-2309491,CYP2D6,4.341911315,4.090951,4.50554075,4.73839854,-0.39648722500000044
reserved_holdout,,OCNT-2309515,CYP3A4,2.948431848,1.33668025,3.81122575,3.8556098399999996,-0.9071779919999998
reserved_holdout,,OCNT-2309520,CYP2D6,5.013470625,4.88891975,5.1013915,4.5206054799999995,0.49286514500000056
reserved_holdout,,OCNT-2309526,CYP1A2,2.645436473,1.13565375,3.79054575,4.838418659999999,-2.1929821869999993
reserved_holdout,,OCNT-2309526,CYP2C9,5.445564713,5.28627,5.5687505,4.715721759999999,0.7298429530000003
reserved_holdout,,OCNT-2309532,CYP1A2,5.089029995,4.9388955,5.216525,5.3593104600000006,-0.2702804650000008
reserved_holdout,,OCNT-2309558,CYP2C9,3.777510063,3.15620825,4.23239025,4.03753622,-0.260026157
reserved_holdout,,OCNT-2309559,CYP2C9,3.959468865,3.49421975,4.46535525,4.127654059999999,-0.1681851949999995
reserved_holdout,,OCNT-2309593,CYP1A2,4.807199705,4.6416775,4.970964,5.53945006,-0.7322503549999997
reserved_holdout,,OCNT-2309593,CYP2D6,5.51965537,5.43158575,5.602766,5.09036806,0.4292873099999994
reserved_holdout,,OCNT-2309598,CYP1A2,3.686655173,3.15342875,4.22728425,4.21985332,-0.5331981470000002
reserved_holdout,,OCNT-2309603,CYP2C9,5.2606706,5.01926525,5.45962975,4.95451078,0.3061598200000004
reserved_holdout,,OCNT-2309604,CYP2C9,6.087979192,5.9894435,6.190332,5.25369882,0.8342803719999994
reserved_holdout,,OCNT-2309604,CYP3A4,4.632807945,4.5585265,4.7564755,4.96728578,-0.3344778350000004
reserved_holdout,,OCNT-2309612,CYP1A2,5.372954847,5.2529995,5.47571575,4.726494820000001,0.6464600269999989
reserved_holdout,,OCNT-2309615,CYP2C9,4.496250013,4.03604225,5.1337525,5.01304948,-0.5167994670000002
reserved_holdout,,OCNT-2309615,CYP3A4,3.865637308,3.57340525,4.13960075,4.481293459999999,-0.6156561519999988
reserved_holdout,,OCNT-2309630,CYP1A2,4.13112114,3.81830975,4.4653095,5.33195558,-1.2008344399999995
reserved_holdout,,OCNT-2309630,CYP3A4,4.629011913,4.53717775,4.7695035,4.5580308,0.0709811130000002
reserved_holdout,,OCNT-2309634,CYP1A2,5.619969043,5.5183805,5.713324,5.164797399999999,0.4551716430000008
reserved_holdout,,OCNT-2309634,CYP2C9,5.901771727,5.80388925,6.00544025,5.02043738,0.8813343470000001
reserved_holdout,,OCNT-2309634,CYP2D6,4.98585667,4.819983,5.10149075,4.65870474,0.3271519300000003
reserved_holdout,,OCNT-2309639,CYP2C9,4.266663793,3.89521575,4.867859,5.03456684,-0.7679030469999999
reserved_holdout,,OCNT-2309641,CYP1A2,4.320567018,4.057148,4.6916225,5.210240860000001,-0.8896738420000005
reserved_holdout,,OCNT-2309641,CYP2C9,5.283653068,5.084648,5.47173,4.948720059999999,0.33493300800000014
reserved_holdout,,OCNT-2309641,CYP2D6,4.624523775,4.52446275,4.7563525,4.664657619999999,-0.040133844999998836
reserved_holdout,,OCNT-2309641,CYP3A4,4.984762537,4.9071255,5.076597,5.02480488,-0.04004234299999965
reserved_holdout,,OCNT-2309655,CYP1A2,2.492578865,1.1185145,3.77799,4.50737206,-2.0147931949999998
reserved_holdout,,OCNT-2309655,CYP2C9,3.404934917,1.72082825,4.01987775,4.24269614,-0.8377612229999998
reserved_holdout,,OCNT-2309655,CYP2D6,4.595812623,4.494024,4.749282,4.90987964,-0.31406701700000017
reserved_holdout,,OCNT-2309664,CYP1A2,5.571034195,5.38202275,5.72265075,5.5606322399999994,0.01040195500000074
reserved_holdout,,OCNT-2309670,CYP2D6,5.028736595,4.789314,5.18907825,4.56168804,0.46704855499999987
reserved_holdout,,OCNT-2309670,CYP3A4,5.861414615,5.80905975,5.91270025,4.48297246,1.3784421550000001
reserved_holdout,,OCNT-2309692,CYP2D6,3.26384948,1.16984,4.1160725,4.0965629,-0.8327134200000001
reserved_holdout,,OCNT-2309695,CYP1A2,4.387167883,4.1942155,4.6867035,5.30066942,-0.9135015370000001
reserved_holdout,,OCNT-2309705,CYP3A4,3.302121712,2.2790995,3.909842,4.18379112,-0.8816694080000005
reserved_holdout,,OCNT-2309719,CYP3A4,4.068564775,3.8394915,4.26253325,3.95461442,0.11395035499999961
reserved_holdout,,OCNT-2309730,CYP2C9,4.652421682,4.518768,4.80818925,5.03511796,-0.38269627800000006
reserved_holdout,,OCNT-2309730,CYP2D6,4.851135392,4.7194895,4.98743625,5.07571832,-0.22458292800000024
reserved_holdout,,OCNT-2309730,CYP3A4,4.627266935,4.5530775,4.740846,5.012520879999999,-0.38525394499999965
reserved_holdout,,OCNT-2309734,CYP1A2,5.255905082,5.1034195,5.376052,4.549802799999999,0.7061022820000007
reserved_holdout,,OCNT-2309742,CYP2C9,4.870802473,4.574166,5.22243475,4.490358280000001,0.38044419299999976
reserved_holdout,,OCNT-2309743,CYP2C9,4.63313349,4.354579,4.97403975,4.66635662,-0.033223130000000545
reserved_holdout,,OCNT-2309769,CYP3A4,3.626002505,2.94435575,4.02417,3.96901892,-0.3430164149999997
reserved_holdout,,OCNT-2309800,CYP3A4,4.441259253,4.27993575,4.7697755,4.78406028,-0.34280102700000015
reserved_holdout,,OCNT-2309801,CYP1A2,5.83432212,5.74256775,5.9221945,5.1136411399999995,0.7206809800000009
reserved_holdout,,OCNT-2309801,CYP2D6,4.673633565,4.53760675,4.8492315,4.82491816,-0.1512845949999999
reserved_holdout,,OCNT-2309819,CYP2C9,6.100596402,5.99282475,6.2099445,4.9447662999999995,1.1558301020000004
reserved_holdout,,OCNT-2309819,CYP2D6,5.471543947,5.35901175,5.576885,4.76328932,0.7082546269999996
reserved_holdout,,OCNT-2309819,CYP3A4,6.29576257,6.21207375,6.37683225,4.6604624800000005,1.6353000899999994
reserved_holdout,,OCNT-2309829,CYP2C9,4.700835203,4.5236365,4.906394,4.4642857,0.236549503
reserved_holdout,,OCNT-2309845,CYP2C9,4.065893427,3.67579225,4.59877875,4.86344136,-0.7975479330000006
reserved_holdout,,OCNT-2309846,CYP1A2,5.503999183,5.36935925,5.62534125,4.95424218,0.5497570030000007
reserved_holdout,,OCNT-2309846,CYP2D6,5.762859247,5.66055575,5.8675815,4.401145520000001,1.3617137269999988
reserved_holdout,,OCNT-2309846,CYP3A4,6.69209685,6.63329725,6.751536,4.4557718799999995,2.236324970000001
reserved_holdout,,OCNT-2309850,CYP1A2,5.042702487,4.802517,5.22197325,5.08637898,-0.04367649300000043
reserved_holdout,,OCNT-2309850,CYP2C9,5.421519808,5.26191925,5.55220775,5.05052396,0.3709958480000006
reserved_holdout,,OCNT-2309860,CYP2C9,4.724725225,4.54065875,4.94374675,4.524138680000001,0.20058654499999928
reserved_holdout,,OCNT-2309860,CYP3A4,5.150775183,5.10793625,5.1979605,4.085179219999999,1.0655959630000016
reserved_holdout,,OCNT-2309866,CYP1A2,5.370652495,5.2435685,5.4751915,5.154902900000001,0.21574959499999924
reserved_holdout,,OCNT-2309866,CYP2D6,6.220280083,6.080574,6.3565955,5.1593187799999995,1.060961303
reserved_holdout,,OCNT-2309901,CYP1A2,5.512484602,5.404119,5.610254,5.5055536400000005,0.006930961999999319
reserved_holdout,,OCNT-2309901,CYP2C9,5.051713033,4.8299965,5.22720175,5.32180192,-0.270088887
reserved_holdout,,OCNT-2309901,CYP2D6,4.399624023,4.3283475,4.49263675,4.84752844,-0.4479044169999993
reserved_holdout,,OCNT-2309901,CYP3A4,5.452919655,5.4090495,5.50091475,5.148244060000001,0.3046755949999991
reserved_holdout,,OCNT-2309902,CYP2C9,4.70377319,4.55275775,4.8671355,4.70015066,0.0036225299999994576
reserved_holdout,,OCNT-2309918,CYP1A2,2.801646928,1.17153425,3.9173995,4.49066898,-1.6890220519999999
reserved_holdout,,OCNT-2309931,CYP1A2,4.631574237,4.42657725,4.89450125,5.4366075,-0.8050332630000003
reserved_holdout,,OCNT-2309935,CYP1A2,5.532844648,5.43391625,5.62858325,4.91825618,0.614588468
reserved_holdout,,OCNT-2309935,CYP2C9,5.586979483,5.452386,5.7120215,4.75703086,0.8299486229999999
reserved_holdout,,OCNT-2309935,CYP2D6,2.04733052,1.04635875,3.40853,4.8940287,-2.8466981799999997
reserved_holdout,,OCNT-2309940,CYP1A2,6.960038212,6.880699,7.0398015,5.93939244,1.020645772
reserved_holdout,,OCNT-2309940,CYP2D6,4.478287435,4.38305925,4.617172,5.31862824,-0.8403408049999994
reserved_holdout,,OCNT-2310023,CYP2C9,4.532056638,4.32121225,4.799131,4.43215172,0.09990491800000001
reserved_holdout,,OCNT-2310023,CYP3A4,5.239640683,5.1672695,5.317552,4.50425652,0.735384163
reserved_holdout,,OCNT-2310050,CYP2D6,5.234369557,4.9988045,5.360519,4.756309659999999,0.4780598970000005
reserved_holdout,,OCNT-2310066,CYP2D6,5.80726313,5.70299175,5.9197265,4.62014298,1.1871201500000002
reserved_holdout,,OCNT-2310081,CYP1A2,6.060211415,5.94318,6.17309,5.09175284,0.9684585750000005
reserved_holdout,,OCNT-2310093,CYP1A2,4.994680215,4.61789725,5.27245625,5.2171698399999995,-0.2224896249999997
reserved_holdout,,OCNT-2310093,CYP2C9,5.398325397,5.3118495,5.4912025,4.84115316,0.5571722369999996
reserved_holdout,,OCNT-2310114,CYP1A2,6.077491923,5.9811365,6.1682615,5.270428620000001,0.8070633029999996
reserved_holdout,,OCNT-2310114,CYP2C9,5.82478148,5.66878575,5.97242325,4.9939006599999995,0.8308808200000009
reserved_holdout,,OCNT-2310114,CYP2D6,2.037006363,1.0460375,3.399739,4.6856022,-2.648595837
reserved_holdout,,OCNT-2310117,CYP3A4,4.545574832,4.43682725,4.725712,5.24000014,-0.6944253080000005
reserved_holdout,,OCNT-2310120,CYP2D6,2.51847933,1.0600695,3.94451075,4.783694,-2.2652146699999998
reserved_holdout,,OCNT-2310120,CYP3A4,4.81260784,4.74381875,4.90521875,4.68937364,0.12323419999999974
reserved_holdout,,OCNT-2310141,CYP1A2,3.85430554,3.37775625,4.2881645,5.036566819999999,-1.1822612799999992
reserved_holdout,,OCNT-2310159,CYP2C9,5.02196162,4.773624,5.25487,4.01086932,1.0110922999999996
reserved_holdout,,OCNT-2310167,CYP2D6,4.75309599,4.661644,4.851706,4.48797626,0.26511973000000033
reserved_holdout,,OCNT-2310167,CYP3A4,5.572514315,5.52430975,5.62018575,4.2816022799999995,1.2909120350000007
reserved_holdout,,OCNT-2310172,CYP3A4,6.619647975,6.5400545,6.69942125,4.19156454,2.4280834350000005
reserved_holdout,,OCNT-2310175,CYP1A2,4.999786098,4.787108,5.157265,4.35272756,0.6470585380000005
reserved_holdout,,OCNT-2310197,CYP2D6,4.303319457,4.1282015,4.43031275,4.86409836,-0.5607789030000001
reserved_holdout,,OCNT-2310214,CYP1A2,5.464391818,5.36966,5.55245075,5.72516806,-0.2607762419999995
reserved_holdout,,OCNT-2310214,CYP2D6,1.946780292,1.0444755,3.147833,4.88553104,-2.9387507480000004
reserved_holdout,,OCNT-2310216,CYP2C9,3.496522623,2.653351,4.1744535,4.42319834,-0.9266757169999997
reserved_holdout,,OCNT-2310225,CYP3A4,1.96408744,1.04906225,3.13330475,3.1791497399999997,-1.2150622999999998
reserved_holdout,,OCNT-2310235,CYP1A2,4.303932018,4.06191375,4.64831275,4.96793524,-0.6640032219999998
reserved_holdout,,OCNT-2310235,CYP2C9,4.83479045,4.6882145,4.98921525,4.727420260000001,0.10737018999999925
reserved_holdout,,OCNT-2310251,CYP3A4,3.552159,2.804577,4.010288,3.74490494,-0.19274594
reserved_holdout,,OCNT-2310262,CYP1A2,5.504600788,5.41274275,5.612002,5.03799248,0.4666083080000005
reserved_holdout,,OCNT-2310262,CYP2C9,5.632948973,5.496937,5.767266,4.9705619,0.6623870730000005
reserved_holdout,,OCNT-2310262,CYP2D6,4.488517362,4.40868775,4.59525,4.73951614,-0.2509987780000005
reserved_holdout,,OCNT-2310262,CYP3A4,4.88311627,4.761304,5.066477,4.8300155799999995,0.05310069000000084
reserved_holdout,,OCNT-2310288,CYP1A2,5.570652172,5.44352225,5.68766575,5.49356108,0.07709109199999986
reserved_holdout,,OCNT-2310288,CYP2C9,5.3059122,5.11436875,5.491256,5.2449618000000005,0.060950399999999405
reserved_holdout,,OCNT-2310292,CYP2D6,5.395895972,5.2925375,5.48992275,4.72586924,0.6700267320000002
reserved_holdout,,OCNT-2310298,CYP1A2,6.93558928,6.84333925,7.02372025,5.895557660000001,1.0400316199999997
reserved_holdout,,OCNT-2310303,CYP1A2,3.669168845,2.852335,4.12948075,5.02900618,-1.3598373349999995
reserved_holdout,,OCNT-2310303,CYP2C9,4.160295888,3.77269575,4.6298385,4.508680679999999,-0.34838479199999917
reserved_holdout,,OCNT-2310303,CYP2D6,5.481127608,5.37738875,5.58785375,4.35803334,1.123094268
reserved_holdout,,OCNT-2310322,CYP3A4,4.226493735,4.035499,4.4275405,3.8020371400000004,0.42445659499999966
reserved_holdout,,OCNT-2310324,CYP1A2,5.3115665,5.23831625,5.3861625,5.39239198,-0.08082548000000056
reserved_holdout,,OCNT-2310324,CYP2D6,2.104721338,1.058545,3.55731,4.78549008,-2.6807687419999997
reserved_holdout,,OCNT-2310324,CYP3A4,5.495719175,5.446314,5.5454,5.18081824,0.3149009349999998
reserved_holdout,,OCNT-2310332,CYP3A4,3.034982053,1.637737,3.797592,3.4930976199999995,-0.45811556699999967
reserved_holdout,,OCNT-2310336,CYP2D6,5.0412681,4.90042675,5.149822,4.72396746,0.31730064
reserved_holdout,,OCNT-2310337,CYP2C9,5.822423482,5.6668265,5.95918275,4.616060940000001,1.206362541999999
reserved_holdout,,OCNT-2310337,CYP2D6,5.558205412,5.46156,5.6587515,4.81262282,0.7455825920000008
reserved_holdout,,OCNT-2310337,CYP3A4,5.435582467,5.3624335,5.51417075,4.2037694000000005,1.2318130669999992
reserved_holdout,,OCNT-2310341,CYP3A4,5.137646755,5.05885925,5.223757,4.58082092,0.5568258349999997
reserved_holdout,,OCNT-2310342,CYP2D6,4.643247685,4.56135075,4.750317,4.47749832,0.16574936500000081
reserved_holdout,,OCNT-2310344,CYP1A2,6.310498873,6.226436,6.39338575,5.9180532800000005,0.3924455929999997
reserved_holdout,,OCNT-2310344,CYP2D6,2.08928974,1.04882175,3.49262325,4.914389900000001,-2.8251001600000007
reserved_holdout,,OCNT-2310348,CYP2C9,3.610731705,2.92446,4.1775255,4.04292296,-0.4321912550000002
reserved_holdout,,OCNT-2310351,CYP2C9,4.871511415,4.65827425,5.093379,4.68483354,0.186677875
reserved_holdout,,OCNT-2310355,CYP2D6,4.59424021,4.464019,4.769265,5.36917636,-0.7749361500000003
reserved_holdout,,OCNT-2310397,CYP2D6,4.497099885,4.32776875,4.693814,4.62734274,-0.13024285499999966
reserved_holdout,,OCNT-2310404,CYP2C9,5.617653735,5.45137725,5.778367,4.9492122,0.6684415350000004
reserved_holdout,,OCNT-2310404,CYP2D6,2.27170838,1.0607125,3.7520205,4.7490513199999995,-2.4773429399999993
reserved_holdout,,OCNT-2310404,CYP3A4,4.893396052,4.82409825,4.9732425,4.59588258,0.29751347200000033
reserved_holdout,,OCNT-2310439,CYP3A4,3.03787798,1.35236325,3.88184525,3.9712814800000005,-0.9334035000000003
reserved_holdout,,OCNT-2310442,CYP2D6,5.686585445,5.6156085,5.759983,5.3976258999999995,0.2889595450000009
reserved_holdout,,OCNT-2310450,CYP2D6,5.994918962,5.86353025,6.133373,4.97279394,1.022125022
reserved_holdout,,OCNT-2310451,CYP1A2,5.790230268,5.68838925,5.8901475,4.72090496,1.0693253079999998
reserved_holdout,,OCNT-2310458,CYP1A2,5.415105497,5.29188,5.52425225,5.5169996,-0.10189410300000024
reserved_holdout,,OCNT-2310458,CYP2C9,5.914623525,5.82969575,6.00106325,5.43064508,0.483978445
reserved_holdout,,OCNT-2310458,CYP2D6,2.052914187,1.06147325,3.42516225,4.940296859999999,-2.8873826729999994
reserved_holdout,,OCNT-2310481,CYP1A2,4.89869086,4.71166675,5.099514,5.064206440000001,-0.165515580000001
reserved_holdout,,OCNT-2310481,CYP2D6,4.891956715,4.740986,5.0392865,4.592557,0.29939971499999984
reserved_holdout,,OCNT-2310481,CYP3A4,6.130037083,6.0608315,6.1984855,4.32932088,1.8007162030000003
reserved_holdout,,OCNT-2310482,CYP3A4,4.77079698,4.61519075,5.025344,5.1077116,-0.33691461999999994
reserved_holdout,,OCNT-2310486,CYP2D6,4.394962288,4.17621875,4.595001,4.753391840000001,-0.3584295520000005
reserved_holdout,,OCNT-2310489,CYP3A4,1.996908568,1.04074775,3.14814175,3.4497070799999996,-1.4527985119999995
reserved_holdout,,OCNT-2310492,CYP2D6,5.279725628,5.1858415,5.36374125,4.82970776,0.45001786799999977
reserved_holdout,,OCNT-2310497,CYP2C9,4.891483887,4.709486,5.08362175,4.61714968,0.2743342069999999
reserved_holdout,,OCNT-2310497,CYP3A4,5.014968643,4.940259,5.094101,4.419535,0.5954336429999998
reserved_holdout,,OCNT-2310506,CYP3A4,3.654552397,3.2362575,4.0173615,4.02935814,-0.37480574300000047
reserved_holdout,,OCNT-2310512,CYP3A4,2.620137807,1.08912275,3.78307075,4.23178368,-1.6116458730000005
reserved_holdout,,OCNT-2310522,CYP3A4,4.190882708,4.0401405,4.33895,3.5447905,0.6460922080000002
reserved_holdout,,OCNT-2310539,CYP2D6,2.867100462,1.12242275,4.04635925,4.13182758,-1.2647271180000006
reserved_holdout,,OCNT-2310560,CYP2D6,4.577813117,4.30992875,4.86232625,4.97027646,-0.3924633430000002
reserved_holdout,,OCNT-2310580,CYP2D6,4.67877771,4.518528,4.8935515,5.369497220000001,-0.690719510000001
reserved_holdout,,OCNT-2310597,CYP2C9,4.426072795,4.1550435,4.7888525,4.56521068,-0.13913788500000024
reserved_holdout,,OCNT-2310613,CYP2D6,6.613189975,6.5013885,6.7242,4.81031428,1.802875695
reserved_holdout,,OCNT-2310621,CYP3A4,3.739102985,3.345239,4.061032,3.41527404,0.32382894500000026
reserved_holdout,,OCNT-2310627,CYP2D6,5.124925992,4.9580565,5.2742115,4.5217405799999995,0.6031854120000002
reserved_holdout,,OCNT-2310630,CYP3A4,4.039998015,3.80999275,4.2578805,3.6757341000000006,0.36426391499999955
reserved_holdout,,OCNT-2310634,CYP2D6,4.655220685,4.5539465,4.780584,4.99072778,-0.33550709500000053
reserved_holdout,,OCNT-2310665,CYP2D6,5.35394303,5.2045875,5.48301075,4.8205976800000006,0.5333453499999994
reserved_holdout,,OCNT-2310680,CYP2C9,5.100509677,4.87241325,5.2781205,4.70875568,0.39175399699999947
reserved_holdout,,OCNT-2310680,CYP2D6,4.995445173,4.8307225,5.15862275,4.90104886,0.09439631299999984
reserved_holdout,,OCNT-2310682,CYP1A2,5.41471833,5.26665775,5.53441075,5.0743485999999995,0.3403697300000008
reserved_holdout,,OCNT-2310698,CYP3A4,2.799867685,1.22453875,3.7916865,4.24853798,-1.4486702949999999
reserved_holdout,,OCNT-2310699,CYP1A2,5.026189213,4.84425975,5.1610655,5.367820400000001,-0.34163118700000084
reserved_holdout,,OCNT-2310717,CYP2C9,4.393078617,3.60788425,5.20254325,4.780436440000001,-0.3873578230000012
reserved_holdout,,OCNT-2310724,CYP3A4,2.100754382,1.042827,3.218672,3.55240816,-1.4516537780000003
reserved_holdout,,OCNT-2310726,CYP3A4,4.009024315,3.7175595,4.19364275,4.41363954,-0.4046152250000006
reserved_holdout,,OCNT-2310733,CYP3A4,2.09012465,1.0592035,3.205664,3.3578478000000005,-1.2677231500000006
reserved_holdout,,OCNT-2310735,CYP3A4,2.41579948,1.11243425,3.71437975,3.2661555,-0.85035602
reserved_holdout,,OCNT-2310736,CYP1A2,5.9101339,5.807981,6.0199665,5.09109242,0.8190414800000001
reserved_holdout,,OCNT-2310736,CYP2D6,5.614492347,5.5116955,5.71629625,4.39034062,1.2241517269999997
reserved_holdout,,OCNT-2310737,CYP3A4,2.31576097,1.07876925,3.5893215,3.12694332,-0.8111823500000002
reserved_holdout,,OCNT-2310745,CYP3A4,4.952322975,4.8612195,5.05620275,4.09203756,0.8602854150000008
reserved_holdout,,OCNT-2310763,CYP2C9,3.61018508,2.867986,4.12676025,4.11720232,-0.5070172399999997
reserved_holdout,,OCNT-2310782,CYP2C9,4.395840608,4.12230475,4.766451,4.46752006,-0.0716794519999997
reserved_holdout,,OCNT-2310782,CYP3A4,4.560168555,4.4734895,4.70510375,4.157161019999999,0.4030075350000004
reserved_holdout,,OCNT-2310791,CYP1A2,6.06209163,5.97544975,6.15340375,4.50183922,1.5602524100000004
reserved_holdout,,OCNT-2310796,CYP1A2,6.640890918,6.5620765,6.71921025,4.94683776,1.694053158
reserved_holdout,,OCNT-2310796,CYP2D6,2.043040692,1.0480125,3.4576805,4.78064034,-2.7375996479999998
reserved_holdout,,OCNT-2310809,CYP2C9,4.80196085,4.58719725,4.99887225,4.50013546,0.3018253900000003
reserved_holdout,,OCNT-2310830,CYP2C9,4.221872663,3.85951425,4.66520175,4.341069,-0.11919633699999999
reserved_holdout,,OCNT-2310830,CYP2D6,4.32872505,4.1653665,4.45551675,4.7914844,-0.4627593499999998
reserved_holdout,,OCNT-2310835,CYP1A2,5.468948873,5.3484185,5.5716515,5.23839574,0.2305531330000008
reserved_holdout,,OCNT-2310840,CYP1A2,5.460887015,5.327391,5.57249225,4.77354512,0.6873418950000003
reserved_holdout,,OCNT-2310845,CYP2C9,5.029456863,4.8056855,5.2413645,4.656458840000001,0.3729980229999992
reserved_holdout,,OCNT-2310845,CYP3A4,4.87844303,4.79967,4.97247225,4.24500748,0.6334355499999997
reserved_holdout,,OCNT-2310856,CYP2C9,3.295751517,1.92956225,4.001061,4.14538152,-0.8496300030000001
reserved_holdout,,OCNT-2310858,CYP3A4,4.336435115,4.22406,4.5029895,4.045743379999999,0.29069173500000023
reserved_holdout,,OCNT-2310871,CYP2C9,3.845818565,3.312947,4.3060615,4.05975268,-0.2139341149999998
reserved_holdout,,OCNT-2310880,CYP1A2,4.837814748,4.67442525,5.02922,5.087514140000001,-0.24969939200000013
reserved_holdout,,OCNT-2310880,CYP2C9,5.02258072,4.83276875,5.2288505,4.8732367000000005,0.14934401999999913
reserved_holdout,,OCNT-2310890,CYP1A2,5.584006195,5.46709975,5.69246175,5.583063139999999,0.00094305500000047
reserved_holdout,,OCNT-2310890,CYP2C9,6.158324037,6.0342965,6.284127,5.149036,1.0092880370000001
reserved_holdout,,OCNT-2310890,CYP2D6,6.908166937,6.83746625,6.97935,4.5829331799999995,2.3252337570000003
reserved_holdout,,OCNT-2310913,CYP1A2,5.84268185,5.7409985,5.94342425,5.15956972,0.6831121299999996
reserved_holdout,,OCNT-2310913,CYP2D6,3.72579882,1.8122085,4.24681325,4.5768194399999995,-0.8510206199999995
reserved_holdout,,OCNT-2310919,CYP1A2,5.380215127,5.2255035,5.51689425,5.4580021,-0.07778697300000026
reserved_holdout,,OCNT-2310919,CYP2D6,3.88550366,1.65140975,4.29526375,4.60349906,-0.7179954
reserved_holdout,,OCNT-2310920,CYP2D6,4.396432178,4.31647725,4.51882125,4.608204260000001,-0.21177208200000042
reserved_holdout,,OCNT-2310955,CYP2C9,4.04809364,3.63724375,4.51545125,4.405151399999999,-0.3570577599999991
reserved_holdout,,OCNT-2310956,CYP1A2,4.399326245,4.07094275,4.89729075,4.66136062,-0.2620343749999998
reserved_holdout,,OCNT-2310956,CYP2C9,4.96096473,4.715868,5.22838525,4.29661286,0.66435187
reserved_holdout,,OCNT-2310974,CYP2C9,4.98122716,4.64917925,5.30411525,4.582382279999999,0.3988448800000013
reserved_holdout,,OCNT-2310974,CYP3A4,4.97559505,4.881775,5.09615425,4.11158204,0.8640130099999999
reserved_holdout,,OCNT-2310980,CYP2C9,4.668794633,4.53288825,4.82207175,4.76202452,-0.09322988699999968
reserved_holdout,,OCNT-2311009,CYP3A4,2.68710448,1.141631,3.79485925,3.8254531999999997,-1.1383487199999998
reserved_holdout,,OCNT-2311014,CYP2C9,4.476941662,4.181263,4.8510705,4.6739482,-0.19700653800000012
reserved_holdout,,OCNT-2311020,CYP2D6,4.621851128,4.53128475,4.74987775,4.6263549799999995,-0.004503851999999142
reserved_holdout,,OCNT-2311030,CYP1A2,5.26911858,5.1179075,5.41354175,4.81938972,0.44972885999999956
reserved_holdout,,OCNT-2311030,CYP2C9,3.73569308,3.16248225,4.1847,4.6719043,-0.9362112199999997
reserved_holdout,,OCNT-2311042,CYP3A4,4.665653545,4.5816085,4.81020575,4.55341602,0.1122375249999994
reserved_holdout,,OCNT-2311060,CYP2C9,4.381499563,4.04853325,4.83545925,4.32029274,0.06120682300000002
reserved_holdout,,OCNT-2311060,CYP3A4,4.433826547,4.30892125,4.63093875,4.21057904,0.22324750699999996
reserved_holdout,,OCNT-2311074,CYP2C9,4.747628945,4.57677975,4.9107875,4.40225416,0.34537478499999974
reserved_holdout,,OCNT-2311075,CYP3A4,2.484979553,1.07287425,3.680099,3.59682096,-1.111841407
reserved_holdout,,OCNT-2311088,CYP1A2,5.744338573,5.57154025,5.91131125,5.51308532,0.23125325300000021
reserved_holdout,,OCNT-2311088,CYP3A4,5.15852155,4.92170925,5.4304145,5.21089332,-0.052371770000000595
reserved_holdout,,OCNT-2311090,CYP2C9,4.804308423,4.50747,5.0380705,4.968213459999999,-0.16390503699999925
reserved_holdout,,OCNT-2311090,CYP2D6,5.597076215,5.517667,5.67934175,5.1027168,0.4943594150000008
reserved_holdout,,OCNT-2311090,CYP3A4,4.322184425,4.21661925,4.49778325,5.0345799200000005,-0.7123954950000009
reserved_holdout,,OCNT-2311092,CYP2D6,5.274863845,4.988197,5.4758895,4.55857282,0.7162910249999994
reserved_holdout,,OCNT-2311092,CYP3A4,5.711437672,5.63014925,5.79619075,4.7960665,0.9153711719999995
reserved_holdout,,OCNT-2311102,CYP2C9,2.22774604,1.07563975,3.253763,4.38960508,-2.16185904
reserved_holdout,,OCNT-2311133,CYP1A2,5.152543565,5.00986925,5.266401,4.93862792,0.21391564500000015
reserved_holdout,,OCNT-2311133,CYP2D6,4.73258698,4.61927675,4.87255325,5.0072316400000005,-0.27464466000000076
reserved_holdout,,OCNT-2311147,CYP2C9,4.233222165,3.89367875,4.68523025,4.92489348,-0.6916713149999998
reserved_holdout,,OCNT-2311160,CYP2C9,5.208209313,5.00494125,5.3890755,4.914142539999999,0.29406677300000084
reserved_holdout,,OCNT-2311160,CYP2D6,5.583530928,5.469369,5.68481875,4.64889542,0.9346355080000004
reserved_holdout,,OCNT-2311175,CYP2C9,4.620787417,4.44072625,4.8442645,4.25540164,0.3653857770000002
reserved_holdout,,OCNT-2311175,CYP3A4,4.199997547,3.9808495,4.53733625,3.9424850000000005,0.25751254699999926
reserved_holdout,,OCNT-2311178,CYP2C9,3.174862055,1.401481,4.000531,4.4525988,-1.2777367449999995
reserved_holdout,,OCNT-2311178,CYP3A4,3.541061135,2.92156575,3.98674025,4.1002174,-0.5591562649999999
reserved_holdout,,OCNT-2311187,CYP1A2,5.221296835,5.1173885,5.31361075,5.06620322,0.15509361500000018
reserved_holdout,,OCNT-2311187,CYP2D6,4.6669882,4.55118175,4.7996045,4.75893054,-0.09194234000000012
reserved_holdout,,OCNT-2311187,CYP3A4,5.8484545,5.78413875,5.912104,5.07711422,0.7713402799999995
reserved_holdout,,OCNT-2311200,CYP3A4,2.809871705,1.1401135,3.85168025,3.90523552,-1.0953638150000002
reserved_holdout,,OCNT-2311202,CYP2C9,4.49184202,4.23536575,4.852144,4.6214879,-0.12964588
reserved_holdout,,OCNT-2311202,CYP2D6,2.894404565,1.15164975,4.01944,4.029495,-1.135090435
reserved_holdout,,OCNT-2311203,CYP1A2,1.979960085,1.04054475,3.20420325,4.254012019999999,-2.2740519349999992
reserved_holdout,,OCNT-2311203,CYP2C9,4.070270208,3.66821,4.50050025,4.333222259999999,-0.26295205199999927
reserved_holdout,,OCNT-2311203,CYP2D6,4.575077637,4.4524985,4.7395115,4.12291184,0.45216579699999926
reserved_holdout,,OCNT-2311204,CYP1A2,4.705323017,4.5411085,4.90118225,4.84011998,-0.13479696299999944
reserved_holdout,,OCNT-2311204,CYP2C9,4.491492863,4.28631325,4.75300525,4.7489361599999995,-0.2574432969999991
reserved_holdout,,OCNT-2311233,CYP2D6,4.726028418,4.6130735,4.8557905,5.0064003,-0.28037188199999985
reserved_holdout,,OCNT-2311240,CYP2D6,4.628811675,4.50169975,4.81790625,4.214369980000001,0.41444169499999894
reserved_holdout,,OCNT-2311260,CYP2D6,4.57418723,4.483228,4.6994685,4.89052902,-0.31634179000000007
reserved_holdout,,OCNT-2311289,CYP3A4,4.06602255,3.8064735,4.22798125,3.70410246,0.3619200899999995
reserved_holdout,,OCNT-2311306,CYP3A4,3.529890103,3.0189815,3.965568,3.90906296,-0.3791728569999999
reserved_holdout,,OCNT-2311310,CYP3A4,2.839482715,1.2487605,3.81966575,3.76252432,-0.9230416049999999
reserved_holdout,,OCNT-2311311,CYP2D6,4.109968232,3.79183725,4.2452885,4.623118459999999,-0.5131502279999989
reserved_holdout,,OCNT-2311312,CYP2C9,4.571280785,4.285512,4.9314655,5.27998868,-0.7087078949999999
reserved_holdout,,OCNT-2311312,CYP2D6,4.52039321,4.4299365,4.657831,5.03105642,-0.5106632099999997
reserved_holdout,,OCNT-2311316,CYP3A4,4.993338912,4.86883925,5.128362,4.60537272,0.3879661919999995
reserved_holdout,,OCNT-2311320,CYP2C9,4.883998907,4.7159545,5.044953,4.69005754,0.19394136699999986
reserved_holdout,,OCNT-2311320,CYP3A4,5.38287681,5.330108,5.4341545,4.645071880000001,0.7378049299999994
reserved_holdout,,OCNT-2311335,CYP2C9,4.13930824,3.780096,4.61881,4.27311824,-0.13380999999999954
reserved_holdout,,OCNT-2311340,CYP1A2,3.133907592,1.27241325,3.9812995,4.47727654,-1.3433689480000002
reserved_holdout,,OCNT-2311340,CYP2D6,4.5844445,4.497206,4.706942,4.41238346,0.17206104
reserved_holdout,,OCNT-2311380,CYP2D6,4.346829182,4.18619975,4.4756165,4.66065968,-0.3138304980000006
reserved_holdout,,OCNT-2311450,CYP2D6,4.873686128,4.7413015,5.01916325,4.83422288,0.03946324799999967
reserved_holdout,,OCNT-2311473,CYP1A2,6.00149444,5.909379,6.09464425,5.1406065000000005,0.8608879399999996
reserved_holdout,,OCNT-2311473,CYP2D6,4.772501642,4.540599,5.1013285,4.70985002,0.06265162199999974
reserved_holdout,,OCNT-2311479,CYP2D6,5.30587627,5.209538,5.39472175,4.9733411400000005,0.33253512999999923
reserved_holdout,,OCNT-2311511,CYP2C9,4.616034257,4.301011,4.99724025,4.3034037,0.3126305570000003
reserved_holdout,,OCNT-2311516,CYP3A4,2.528821815,1.12465825,3.7341835,3.2211013399999997,-0.6922795249999996
reserved_holdout,,OCNT-2311517,CYP2C9,4.624677525,4.424879,4.862328,4.687732860000001,-0.06305533500000049
reserved_holdout,,OCNT-2311517,CYP3A4,4.990687795,4.89941475,5.10692325,4.47106426,0.519623535
reserved_holdout,,OCNT-2311523,CYP2D6,4.463267783,4.38837425,4.587985,4.5718381,-0.10857031699999986
reserved_holdout,,OCNT-2311532,CYP1A2,7.427857497,7.3255775,7.53513825,5.68152094,1.7463365569999993
reserved_holdout,,OCNT-2311532,CYP2D6,5.349687265,5.24128675,5.45211925,4.9741451,0.3755421649999997
reserved_holdout,,OCNT-2311559,CYP1A2,5.563636198,5.49328775,5.63438275,5.643207599999999,-0.07957140199999913
reserved_holdout,,OCNT-2311559,CYP2D6,4.760042698,4.664147,4.8551365,4.71671202,0.04333067800000023
reserved_holdout,,OCNT-2311565,CYP2C9,4.856040695,4.63328975,5.1276435,4.4203747799999995,0.4356659150000004
reserved_holdout,,OCNT-2311571,CYP3A4,1.918085225,1.04359125,3.1079185,3.27845358,-1.3603683549999999
reserved_holdout,,OCNT-2311582,CYP1A2,4.553127107,4.359116,4.835252,4.8245596,-0.27143249299999983
reserved_holdout,,OCNT-2311582,CYP2C9,4.485723177,4.128856,4.92748675,4.551229739999999,-0.06550656299999957
reserved_holdout,,OCNT-2311582,CYP2D6,4.31534708,4.1922265,4.42131175,4.440001260000001,-0.12465418000000117
reserved_holdout,,OCNT-2311602,CYP1A2,3.668555707,3.14165625,4.1889845,4.8894402,-1.2208844930000002
reserved_holdout,,OCNT-2311602,CYP2C9,4.590927075,4.306866,4.941203,4.718915,-0.12798792500000022
reserved_holdout,,OCNT-2311619,CYP3A4,3.419543963,1.97426975,4.00525775,3.56812264,-0.14857867699999971
reserved_holdout,,OCNT-2311621,CYP2D6,5.110498853,4.967219,5.245048,4.717842859999999,0.39265599300000087
reserved_holdout,,OCNT-2311634,CYP2D6,5.310218017,5.22249025,5.39576025,4.70489118,0.6053268370000007
reserved_holdout,,OCNT-2311636,CYP2D6,5.355270962,5.2759895,5.4360305,5.02310716,0.3321638019999993
reserved_holdout,,OCNT-2311662,CYP2C9,5.38926024,5.22265175,5.5256015,4.78938196,0.5998782799999995
reserved_holdout,,OCNT-2311662,CYP2D6,4.342548352,4.2371685,4.45788375,4.6127201,-0.2701717480000001
reserved_holdout,,OCNT-2311697,CYP2C9,4.675404995,4.43016425,4.9446715,4.85699048,-0.18158548500000027
reserved_holdout,,OCNT-2311697,CYP3A4,6.006745022,5.94395875,6.066486,4.67432394,1.3324210819999998
reserved_holdout,,OCNT-2311709,CYP1A2,5.237559848,5.0844385,5.36884975,4.81476154,0.42279830799999996
reserved_holdout,,OCNT-2311728,CYP1A2,5.600461978,5.4687795,5.70778225,4.61339586,0.9870661180000004
reserved_holdout,,OCNT-2311737,CYP3A4,4.48398643,4.4110475,4.6002635,3.8200369199999997,0.6639495100000001
reserved_holdout,,OCNT-2311804,CYP2D6,4.444178672,4.28845325,4.626106,4.94091718,-0.49673850799999997
reserved_holdout,,OCNT-2311805,CYP2D6,4.56633621,4.45369975,4.71289475,4.737773840000001,-0.17143763000000067
reserved_holdout,,OCNT-2311806,CYP3A4,5.222497227,5.1615235,5.28760075,4.80024642,0.4222508070000002
reserved_holdout,,OCNT-2311816,CYP2D6,5.184815087,5.052738,5.30163025,4.57223668,0.612578407
reserved_holdout,,OCNT-2311818,CYP3A4,2.355650435,1.082772,3.5688365,2.86638088,-0.5107304450000001
reserved_holdout,,OCNT-2311831,CYP2D6,5.703062475,5.60693075,5.80192675,4.969167339999999,0.7338951350000009
reserved_holdout,,OCNT-2311855,CYP1A2,5.221924237,5.0325765,5.35815225,5.06378342,0.1581408169999996
reserved_holdout,,OCNT-2311862,CYP3A4,4.332681897,4.2000835,4.5031715,4.408407179999999,-0.0757252829999997
reserved_holdout,,OCNT-2311871,CYP2D6,4.737936128,4.60935525,4.890802,4.5505525,0.18738362800000008
reserved_holdout,,OCNT-2311890,CYP2D6,4.134224525,3.47179275,4.3303715,4.19254054,-0.05831601500000083
reserved_holdout,,OCNT-2311890,CYP3A4,5.317936325,5.25948925,5.38230475,4.5533019999999995,0.7646343250000003
reserved_holdout,,OCNT-2311901,CYP1A2,7.610285327,7.50850625,7.70113925,5.471772379999999,2.1385129470000006
reserved_holdout,,OCNT-2311901,CYP2D6,4.666809113,4.5777395,4.78023125,4.38550664,0.2813024730000002
reserved_holdout,,OCNT-2311912,CYP2D6,4.611720638,4.47802225,4.79066825,5.1074826799999995,-0.49576204199999907
reserved_holdout,,OCNT-2311915,CYP3A4,2.375981097,1.08413775,3.6099005,3.74250192,-1.366520823
reserved_holdout,,OCNT-2311920,CYP3A4,5.403068218,5.3392505,5.47246075,4.55814798,0.8449202379999994
reserved_holdout,,OCNT-2311950,CYP2C9,4.489078483,4.1654785,4.8941435,5.0864394399999995,-0.5973609569999994
reserved_holdout,,OCNT-2311955,CYP2C9,3.644447505,3.027225,4.17162825,4.2385256,-0.594078095
reserved_holdout,,OCNT-2311955,CYP3A4,3.655085287,3.07645175,4.05571275,3.82374056,-0.16865527300000016
reserved_holdout,,OCNT-2311975,CYP1A2,5.7417475,5.67334175,5.80961525,5.68611796,0.05562953999999998
reserved_holdout,,OCNT-2311975,CYP2D6,4.563390538,4.4439565,4.722417,4.98976588,-0.42637534200000005
reserved_holdout,,OCNT-2311976,CYP2C9,4.205108525,3.855352,4.5845615,4.59306114,-0.38795261499999967
reserved_holdout,,OCNT-2311976,CYP3A4,3.785388597,3.282769,4.08372125,4.41297962,-0.6275910229999999
reserved_holdout,,OCNT-2312009,CYP1A2,5.259094682,5.1251555,5.36861275,5.1885455799999995,0.0705491020000002
reserved_holdout,,OCNT-2312009,CYP3A4,5.61093729,5.55401675,5.66771025,4.9550538600000005,0.6558834299999994
reserved_holdout,,OCNT-2312015,CYP2D6,5.876646283,5.7692175,5.9893935,5.179281120000001,0.6973651629999997
reserved_holdout,,OCNT-2312024,CYP2D6,4.359444397,4.1852305,4.5470115,4.98353512,-0.6240907230000001
reserved_holdout,,OCNT-2312033,CYP1A2,2.86491911,1.12913175,3.8774065,4.6352109200000005,-1.7702918100000002
reserved_holdout,,OCNT-2312033,CYP2C9,3.296598073,1.73451525,4.006543,4.22691122,-0.9303131469999997
reserved_holdout,,OCNT-2312041,CYP1A2,5.93837573,5.855872,6.02209675,4.461495960000001,1.4768797699999991
reserved_holdout,,OCNT-2312066,CYP1A2,5.471353987,5.29718775,5.6121755,4.855885819999999,0.6154681670000004
reserved_holdout,,OCNT-2312078,CYP1A2,5.722540748,5.616379,5.82666275,5.1466318200000005,0.5759089279999996
reserved_holdout,,OCNT-2312087,CYP3A4,3.194845533,1.5027005,3.92921325,3.72461304,-0.5297675069999999
reserved_holdout,,OCNT-2312089,CYP1A2,4.98092184,4.79998925,5.15690975,5.20338246,-0.22246062000000055
reserved_holdout,,OCNT-2312089,CYP2D6,5.183713617,5.1282785,5.23787025,5.100178120000001,0.08353549699999974
reserved_holdout,,OCNT-2312113,CYP1A2,5.065387835,4.94065525,5.1852915,4.7089304599999995,0.35645737500000063
reserved_holdout,,OCNT-2312113,CYP2D6,4.86034967,4.66252675,5.0620645,4.7959973,0.06435236999999994
reserved_holdout,,OCNT-2312118,CYP2D6,4.43014278,4.31254775,4.58176525,4.5391406000000005,-0.1089978200000008
reserved_holdout,,OCNT-2312118,CYP3A4,4.218859603,4.03579425,4.49372075,4.43036912,-0.21150951699999965
reserved_holdout,,OCNT-2312145,CYP1A2,4.01257303,3.59578525,4.4059205,5.08192718,-1.0693541499999997
reserved_holdout,,OCNT-2312145,CYP3A4,6.227752448,6.16861875,6.28895225,4.9079036799999995,1.3198487680000008
reserved_holdout,,OCNT-2312161,CYP1A2,5.06015934,4.90644525,5.23929975,4.5885004,0.4716589400000002
reserved_holdout,,OCNT-2312161,CYP2C9,4.672456945,4.3782265,4.98149275,4.537231960000001,0.1352249849999998
reserved_holdout,,OCNT-2312161,CYP3A4,5.445329992,5.34929275,5.5377005,4.3557581999999995,1.089571792
reserved_holdout,,OCNT-2312173,CYP3A4,4.467026628,4.40289975,4.5698,4.08193458,0.38509204799999974
reserved_holdout,,OCNT-2312174,CYP1A2,5.44967587,5.299003,5.57764075,5.3969615200000005,0.05271434999999958
reserved_holdout,,OCNT-2312191,CYP1A2,3.07924099,1.379555,3.90652025,4.6200321,-1.5407911100000002
reserved_holdout,,OCNT-2312197,CYP1A2,5.109189215,4.922453,5.29690575,4.9279607599999995,0.1812284550000003
reserved_holdout,,OCNT-2312208,CYP1A2,4.35866423,4.0743715,4.79185575,5.296764639999999,-0.9381004099999997
reserved_holdout,,OCNT-2312208,CYP2D6,5.431971727,5.29549675,5.55893175,4.74871664,0.683255087
reserved_holdout,,OCNT-2312217,CYP1A2,5.21873838,5.0727705,5.36242125,5.10265702,0.11608135999999991
reserved_holdout,,OCNT-2312222,CYP1A2,3.668926313,3.108256,4.16415475,5.1661257,-1.4971993870000002
reserved_holdout,,OCNT-2312229,CYP2D6,3.772304263,1.66761925,4.26885025,4.45968428,-0.6873800170000002
reserved_holdout,,OCNT-2312252,CYP3A4,2.031538242,1.04887075,3.40115,3.53880002,-1.5072617780000002
reserved_holdout,,OCNT-2312278,CYP1A2,5.263770092,5.01684575,5.42353025,5.21904994,0.04472015200000001
reserved_holdout,,OCNT-2312280,CYP2C9,6.150488705,6.06504825,6.237374,4.7952705799999995,1.3552181250000004
reserved_holdout,,OCNT-2312280,CYP2D6,4.29906668,3.79129175,4.50087775,4.60455988,-0.3054931999999999
reserved_holdout,,OCNT-2312280,CYP3A4,4.692955035,4.60511775,4.827354,4.43086812,0.26208691499999937
reserved_holdout,,OCNT-2312281,CYP2D6,5.031414103,4.8923885,5.14960525,5.029863420000001,0.0015506829999996086
reserved_holdout,,OCNT-2312299,CYP1A2,5.178202748,5.0401545,5.291864,5.67076552,-0.4925627719999994
reserved_holdout,,OCNT-2312302,CYP2C9,6.923698355,6.83462725,7.00950275,5.1697624,1.7539359550000002
reserved_holdout,,OCNT-2312302,CYP2D6,4.794812773,4.6220445,4.9976385,4.6019910799999995,0.19282169300000085
reserved_holdout,,OCNT-2312308,CYP1A2,5.894582448,5.79805725,5.99086,4.9871004800000005,0.9074819679999999
reserved_holdout,,OCNT-2312311,CYP3A4,2.136561533,1.06592325,3.47398,3.5237263800000003,-1.3871648470000002
reserved_holdout,,OCNT-2312312,CYP1A2,5.232058398,5.06312625,5.36816125,5.06819576,0.16386263800000034
reserved_holdout,,OCNT-2312312,CYP2C9,4.761029035,4.59052725,4.92669025,4.94824904,-0.18722000500000036
reserved_holdout,,OCNT-2312312,CYP2D6,4.900788015,4.745738,5.0552145,4.69983956,0.2009484549999998
reserved_holdout,,OCNT-2312316,CYP1A2,5.32535307,5.16738775,5.4694165,5.079666779999999,0.24568629000000097
reserved_holdout,,OCNT-2312368,CYP2D6,6.7905094,6.6486815,6.921929,5.0336276,1.7568818000000004
reserved_holdout,,OCNT-2312368,CYP3A4,4.813022092,4.687925,5.022725,4.899250739999999,-0.08622864799999963
reserved_holdout,,OCNT-2312377,CYP2C9,4.105874055,3.686097,4.6700315,3.8903134,0.215560655
reserved_holdout,,OCNT-2312382,CYP1A2,6.882938605,6.8082575,6.96093425,5.348196740000001,1.534741864999999
reserved_holdout,,OCNT-2312382,CYP2C9,5.841189035,5.70062375,6.00100425,4.972235980000001,0.8689530549999995
reserved_holdout,,OCNT-2312387,CYP1A2,5.229927352,5.0666685,5.38179975,5.15938628,0.07054107200000015
reserved_holdout,,OCNT-2312397,CYP2C9,4.626792757,4.4889695,4.78771225,5.5022275800000005,-0.8754348230000009
reserved_holdout,,OCNT-2312400,CYP2D6,4.99012208,4.83270175,5.11469725,4.50481868,0.4853034000000003
reserved_holdout,,OCNT-2312401,CYP2D6,4.76647041,4.59677975,4.99260325,5.1837802,-0.41730979
reserved_holdout,,OCNT-2312414,CYP1A2,4.968917783,4.7617285,5.16433375,5.279908860000001,-0.3109910770000006
reserved_holdout,,OCNT-2312420,CYP1A2,5.757593662,5.628079,5.882591,5.2317292,0.5258644619999995
reserved_holdout,,OCNT-2312429,CYP1A2,5.307879368,5.1497345,5.44871775,5.608106220000001,-0.30022685200000065
reserved_holdout,,OCNT-2312429,CYP2D6,5.078974155,4.94392675,5.1776305,5.1105411599999995,-0.031567004999999426
reserved_holdout,,OCNT-2312433,CYP2D6,4.729473042,4.613529,4.86573025,4.34906894,0.38040410199999997
reserved_holdout,,OCNT-2312466,CYP3A4,2.746786435,1.16855725,3.82777475,2.6749154600000002,0.07187097499999995
reserved_holdout,,OCNT-2312478,CYP2C9,5.061349107,4.79079325,5.28080125,4.8539982,0.20735090699999947
reserved_holdout,,OCNT-2312478,CYP3A4,4.653348517,4.48863,4.95798675,4.5853766,0.06797191700000038
reserved_holdout,,OCNT-2312486,CYP2C9,5.443233575,5.3032675,5.570092,4.96482988,0.4784036949999999
reserved_holdout,,OCNT-2312486,CYP3A4,5.166347952,5.08919125,5.2627065,4.78156208,0.38478587200000014
reserved_holdout,,OCNT-2312496,CYP1A2,4.902117292,4.72962775,5.098319,5.30339886,-0.4012815679999999
reserved_holdout,,OCNT-2312522,CYP1A2,5.183013522,5.0543875,5.322574,5.004709620000001,0.17830390199999968
reserved_holdout,,OCNT-2312522,CYP2C9,4.759535215,4.61875375,4.89812175,4.7291756,0.030359615000000062
reserved_holdout,,OCNT-2312522,CYP3A4,4.993356617,4.8912375,5.07123,4.60412536,0.3892312569999996
reserved_holdout,,OCNT-2312525,CYP1A2,4.87473432,4.690806,5.08420175,5.5247388,-0.6500044799999998
reserved_holdout,,OCNT-2312527,CYP2C9,4.5658004,4.359016,4.822894,4.26257582,0.3032245799999993
reserved_holdout,,OCNT-2312546,CYP1A2,4.94420277,4.75378925,5.10881,5.4478943200000005,-0.5036915500000001
reserved_holdout,,OCNT-2312546,CYP2D6,5.26651585,5.18230675,5.3518315,4.77396138,0.49255446999999997
reserved_holdout,,OCNT-2312559,CYP1A2,4.631074257,4.4426945,4.87178125,4.67478572,-0.04371146300000017
reserved_holdout,,OCNT-2312601,CYP3A4,2.089793428,1.04268475,3.44119225,3.64334888,-1.553555452
reserved_holdout,,OCNT-2312606,CYP1A2,4.509429705,4.34678,4.73349725,4.775448419999999,-0.2660187149999995
reserved_holdout,,OCNT-2312606,CYP2C9,5.9224618,5.81616325,6.0327915,4.89483386,1.0276279399999995
reserved_holdout,,OCNT-2312606,CYP2D6,4.56985311,4.5103675,4.65858075,4.46938032,0.10047279000000042
reserved_holdout,,OCNT-2312606,CYP3A4,5.09727303,5.04352475,5.155131,4.52729292,0.5699801100000004
reserved_holdout,,OCNT-2312624,CYP3A4,2.453434783,1.08324975,3.70427,3.8952528600000003,-1.4418180770000002
reserved_holdout,,OCNT-2312626,CYP2C9,5.376112565,5.29825925,5.45569125,4.82844186,0.5476707049999998
reserved_holdout,,OCNT-2312626,CYP3A4,5.07521693,5.0123045,5.13765775,4.50714528,0.5680716500000003
reserved_holdout,,OCNT-2312656,CYP2C9,3.60138903,2.93741475,4.116877,4.554700680000001,-0.9533116500000007
reserved_holdout,,OCNT-2312656,CYP3A4,3.516112773,2.9373885,3.973516,4.090135340000001,-0.5740225670000005
reserved_holdout,,OCNT-2312712,CYP1A2,5.275897328,5.179154,5.36290075,4.9962819199999995,0.2796154080000006
reserved_holdout,,OCNT-2312712,CYP2D6,4.928469325,4.77506625,5.04343825,4.680995019999999,0.24747430500000078
reserved_holdout,,OCNT-2312714,CYP1A2,3.699680345,3.0503155,4.193767,4.20060304,-0.5009226949999999
reserved_holdout,,OCNT-2312716,CYP2C9,5.036849637,4.92254,5.156102,4.74807674,0.2887728970000003
reserved_holdout,,OCNT-2312716,CYP3A4,4.614776755,4.50310975,4.80351175,4.69790492,-0.08312816499999975
reserved_holdout,,OCNT-2312721,CYP2D6,4.7666282,4.645316,4.893883,4.32725696,0.4393712400000007
reserved_holdout,,OCNT-2312731,CYP3A4,1.948410522,1.02935725,3.17765575,3.36484454,-1.416434018
reserved_holdout,,OCNT-2312743,CYP2D6,4.634486723,4.5649195,4.7266825,4.4641734,0.17031332300000024
reserved_holdout,,OCNT-2312754,CYP3A4,5.50840485,5.45516675,5.563073,4.74874262,0.75966223
reserved_holdout,,OCNT-2312772,CYP3A4,2.706600332,1.12018,3.8183925,4.151715179999999,-1.4451148479999993
reserved_holdout,,OCNT-2312779,CYP3A4,3.803329245,3.45410875,4.09892575,3.8987376599999997,-0.09540841499999964
reserved_holdout,,OCNT-2312780,CYP3A4,2.504521725,1.09834975,3.74568025,3.9426491400000003,-1.4381274150000003
reserved_holdout,,OCNT-2312795,CYP1A2,5.074247032,4.9059005,5.22416225,4.42957422,0.6446728119999996
reserved_holdout,,OCNT-2312808,CYP3A4,2.008084975,1.05179825,3.1818075,3.31133954,-1.303254565
reserved_holdout,,OCNT-2312822,CYP3A4,3.6951886,3.15818525,4.04679675,3.5506811,0.1445075
reserved_holdout,,OCNT-2312825,CYP2D6,4.837867078,4.70345475,4.96749075,4.882862139999999,-0.04499506199999903
reserved_holdout,,OCNT-2312859,CYP2C9,4.539779715,4.28083,4.8590795,4.29459554,0.24518417499999945
reserved_holdout,,OCNT-2312892,CYP2C9,4.458132812,4.1938825,4.8007865,4.55989364,-0.10176082800000064
reserved_holdout,,OCNT-2312892,CYP3A4,3.78657058,3.431688,4.10191375,4.4412782,-0.6547076200000004
reserved_holdout,,OCNT-2312925,CYP1A2,5.692550137,5.60094775,5.781781,4.6589241,1.0336260369999994
reserved_holdout,,OCNT-2312925,CYP2D6,4.47348305,4.40385575,4.5829385,5.18296986,-0.7094868100000005
reserved_holdout,,OCNT-2312925,CYP3A4,4.669072857,4.57698625,4.8037205,4.21439404,0.45467881699999957
reserved_holdout,,OCNT-2312931,CYP3A4,4.528305637,4.416625,4.72460025,4.835286,-0.3069803630000001
reserved_holdout,,OCNT-2312943,CYP2D6,4.335994807,4.149106,4.47106075,4.174944999999999,0.16104980700000038
reserved_holdout,,OCNT-2312947,CYP2D6,5.399259727,5.31473375,5.48590325,4.57483692,0.8244228069999995
reserved_holdout,,OCNT-2312959,CYP1A2,5.234491722,5.13570725,5.32310025,5.13239748,0.10209424199999972
reserved_holdout,,OCNT-2312959,CYP2C9,5.261825863,5.18802725,5.3354705,4.9254675,0.33635836300000044
reserved_holdout,,OCNT-2312959,CYP2D6,4.221894255,3.95069725,4.3581625,4.883341880000001,-0.661447625000001
reserved_holdout,,OCNT-2312959,CYP3A4,5.109494788,5.05367825,5.1645725,4.94126652,0.16822826800000001
reserved_holdout,,OCNT-2312967,CYP2C9,3.995847987,3.59616575,4.377591,4.12202906,-0.12618107300000014
reserved_holdout,,OCNT-2312971,CYP1A2,5.10658165,4.90138875,5.285288,4.903655519999999,0.2029261300000007
reserved_holdout,,OCNT-2312974,CYP2C9,4.612095185,4.428826,4.853137,4.5001163,0.11197888500000008
reserved_holdout,,OCNT-2312974,CYP3A4,4.168835715,3.91108325,4.39475875,4.06037358,0.1084621349999999
reserved_holdout,,OCNT-2312975,CYP2C9,4.33818311,3.99884925,4.7465265,3.79859876,0.5395843500000002
reserved_holdout,,OCNT-2312986,CYP3A4,3.74292473,3.1961045,4.07721025,3.53189728,0.21102745
reserved_holdout,,OCNT-2312987,CYP1A2,4.294096595,4.01674875,4.724339,4.74266912,-0.44857252500000033
reserved_holdout,,OCNT-2312992,CYP2D6,5.160772223,4.93629175,5.36529075,5.039392739999999,0.12137948300000101
reserved_holdout,,OCNT-2312994,CYP1A2,4.578476995,4.3684015,4.873397,4.88079246,-0.3023154650000004
reserved_holdout,,OCNT-2312994,CYP3A4,5.322390977,5.27831475,5.3692365,4.89604268,0.42634829700000054
reserved_holdout,,OCNT-2312996,CYP2D6,4.635499835,4.52430475,4.79943525,4.7832916999999995,-0.1477918649999994
reserved_holdout,,OCNT-2312996,CYP3A4,4.80337406,4.7205185,4.9105665,4.93653566,-0.13316159999999932
reserved_holdout,,OCNT-2313003,CYP1A2,4.480402615,4.2485335,4.80830975,4.7681176999999995,-0.2877150849999994
reserved_holdout,,OCNT-2313003,CYP2C9,4.640909807,4.46672225,4.8378725,4.82189758,-0.18098777300000002
reserved_holdout,,OCNT-2313003,CYP3A4,4.97790941,4.90302875,5.06104325,4.38496422,0.59294519
reserved_holdout,,OCNT-2313020,CYP2C9,3.566885088,2.635515,4.11445575,4.09465284,-0.5277677520000004
reserved_holdout,,OCNT-2313023,CYP1A2,5.52585036,5.4417075,5.60060475,5.110946,0.41490435999999953
reserved_holdout,,OCNT-2313023,CYP2D6,4.611851455,4.5308485,4.7200105,4.3043258,0.30752565500000006
reserved_holdout,,OCNT-2313065,CYP3A4,4.827659123,4.71072875,4.9926295,3.85114642,0.976512703
reserved_holdout,,OCNT-2313085,CYP2D6,5.372491528,5.2198495,5.5154125,5.01425478,0.3582367480000004
reserved_holdout,,OCNT-2313093,CYP2C9,5.487727403,5.40760525,5.5677675,4.64702138,0.8407060230000001
reserved_holdout,,OCNT-2313093,CYP2D6,4.488723545,4.40212875,4.61464425,4.63348668,-0.14476313499999982
reserved_holdout,,OCNT-2313100,CYP2D6,5.9466183,5.828454,6.0704225,4.979958160000001,0.9666601399999992
reserved_holdout,,OCNT-2313106,CYP2D6,5.235721253,5.12737275,5.33904425,4.834927179999999,0.400794073000001
reserved_holdout,,OCNT-2313118,CYP2C9,4.345180737,3.9850445,4.8849785,4.40608106,-0.060900323000000256
reserved_holdout,,OCNT-2313118,CYP3A4,4.117966995,3.91075325,4.32592225,3.99746308,0.12050391499999957
reserved_holdout,,OCNT-2313124,CYP2D6,4.548939843,4.438637,4.72893525,4.48997118,0.05896866299999992
reserved_holdout,,OCNT-2313134,CYP3A4,2.472731802,1.107622,3.69435725,3.5068148,-1.0340829979999997
reserved_holdout,,OCNT-2313141,CYP1A2,4.904995085,4.71597625,5.07963,4.2364137,0.6685813850000004
reserved_holdout,,OCNT-2313155,CYP2C9,5.48302117,5.400774,5.560361,4.92734124,0.5556799300000002
reserved_holdout,,OCNT-2313155,CYP2D6,5.081173085,4.887488,5.213152,5.15333014,-0.07215705499999991
reserved_holdout,,OCNT-2313165,CYP2C9,5.67219835,5.54094075,5.77051075,4.7347395,0.9374588500000005
reserved_holdout,,OCNT-2313165,CYP3A4,4.50062413,4.4014955,4.64692575,4.4868228000000006,0.013801329999999723
reserved_holdout,,OCNT-2313188,CYP2D6,5.8201217,5.67954775,5.974636,4.637950859999999,1.1821708400000004
reserved_holdout,,OCNT-2313192,CYP3A4,1.97476065,1.04059125,3.167705,3.22974344,-1.2549827900000001
reserved_holdout,,OCNT-2313193,CYP2C9,4.028416113,3.5848955,4.49687475,4.473495399999999,-0.44507928699999955
reserved_holdout,,OCNT-2313193,CYP3A4,4.651616657,4.47478325,5.00306325,3.7226909400000006,0.9289257169999994
reserved_holdout,,OCNT-2313213,CYP3A4,3.070356283,1.43543025,3.8294325,4.07075726,-1.0004009769999995
reserved_holdout,,OCNT-2313239,CYP2D6,4.639137015,4.50752975,4.810807,4.49447602,0.14466099500000063
reserved_holdout,,OCNT-2313250,CYP1A2,5.614650313,5.49446675,5.73867475,5.10777424,0.5068760729999999
reserved_holdout,,OCNT-2313250,CYP2D6,7.28737555,7.2022275,7.37787125,4.8949298400000005,2.3924457099999996
reserved_holdout,,OCNT-2313254,CYP3A4,2.049795582,1.0539055,3.4141735,3.7314010200000007,-1.681605438000001
reserved_holdout,,OCNT-2313278,CYP2C9,5.617345842,5.53982975,5.69565425,4.82460202,0.7927438219999994
reserved_holdout,,OCNT-2313278,CYP3A4,5.477680473,5.350799,5.587752,4.4810082,0.9966722730000006
reserved_holdout,,OCNT-2313287,CYP3A4,4.85689231,4.73680825,5.0358415,3.3739213599999998,1.4829709500000003
reserved_holdout,,OCNT-2313300,CYP1A2,6.463543148,6.38224975,6.5469105,5.5190566,0.9444865480000004
reserved_holdout,,OCNT-2313300,CYP2C9,6.556153238,6.4490065,6.67204925,5.189551119999999,1.3666021180000012
reserved_holdout,,OCNT-2313300,CYP2D6,6.269737023,6.12831725,6.41620825,4.69407148,1.5756655430000004
reserved_holdout,,OCNT-2313300,CYP3A4,6.296327448,6.23984925,6.355071,4.96043474,1.3358927080000003
reserved_holdout,,OCNT-2313326,CYP3A4,4.099866582,3.82732225,4.53574325,4.36227036,-0.26240377800000037
reserved_holdout,,OCNT-2313362,CYP1A2,5.041680803,4.83715275,5.2105475,4.44620244,0.5954783629999998
reserved_holdout,,OCNT-2313362,CYP2D6,6.520498622,6.42125325,6.618651,5.074214,1.4462846220000003
reserved_holdout,,OCNT-2313365,CYP1A2,5.89035038,5.8024675,5.975782,4.909316980000001,0.9810333999999994
reserved_holdout,,OCNT-2313367,CYP1A2,4.348778185,4.15338725,4.61631025,4.785599100000001,-0.4368209150000011
reserved_holdout,,OCNT-2313373,CYP2C9,4.388285253,4.1588585,4.716474,4.8284082,-0.4401229469999999
reserved_holdout,,OCNT-2313373,CYP3A4,5.016634348,4.92076925,5.133154,4.678165900000001,0.33846844799999953
reserved_holdout,,OCNT-2313393,CYP2C9,3.914628015,3.449291,4.395489,4.51884156,-0.6042135450000004
reserved_holdout,,OCNT-2313402,CYP1A2,4.951977945,4.76356675,5.11874225,3.87467214,1.0773058050000004
reserved_holdout,,OCNT-2313402,CYP2D6,3.606227758,1.62251075,4.1589715,4.49179968,-0.8855719219999996
reserved_holdout,,OCNT-2313423,CYP2D6,4.697239085,4.53985675,4.90777175,4.83297428,-0.13573519500000053
reserved_holdout,,OCNT-2313438,CYP3A4,4.79947084,4.72601,4.886568,4.41502506,0.38444578000000007
reserved_holdout,,OCNT-2313448,CYP3A4,2.152932452,1.08121825,3.22047325,3.7610219999999996,-1.6080895479999997
reserved_holdout,,OCNT-2313509,CYP3A4,3.082478023,1.3774845,3.892459,3.38537646,-0.30289843699999963
reserved_holdout,,OCNT-2313515,CYP3A4,4.33482822,4.1716565,4.5189965,3.8347332200000004,0.500095
reserved_holdout,,OCNT-2313538,CYP1A2,3.861599535,3.378173,4.35755375,4.758505080000001,-0.896905545000001
reserved_holdout,,OCNT-2313560,CYP2C9,3.40581907,1.991613,4.03600575,4.365493379999999,-0.9596743099999991
reserved_holdout,,OCNT-2313618,CYP1A2,3.245417602,1.51768725,3.9899805,4.61539198,-1.3699743780000002
reserved_holdout,,OCNT-2313623,CYP1A2,5.465486595,5.31633,5.59178325,4.78209288,0.6833937149999993
reserved_holdout,,OCNT-2313630,CYP2D6,4.321523303,4.2130965,4.4316815,4.8235664400000005,-0.5020431370000003
reserved_holdout,,OCNT-2313636,CYP2D6,5.090295705,4.92212825,5.23716375,4.390529519999999,0.6997661850000005
reserved_holdout,,OCNT-2313639,CYP2C9,4.96386623,4.8188885,5.13243075,4.54394468,0.41992154999999975
reserved_holdout,,OCNT-2313643,CYP1A2,3.734271975,3.24730625,4.34415225,4.568351659999999,-0.8340796849999994
reserved_holdout,,OCNT-2313643,CYP2C9,3.802664595,3.30040975,4.24431725,4.44223984,-0.6395752450000001
reserved_holdout,,OCNT-2313643,CYP3A4,2.348734148,1.06875975,3.67116725,3.9704624200000005,-1.6217282720000004
reserved_holdout,,OCNT-2313644,CYP1A2,5.472312683,5.3093955,5.65413625,4.35166548,1.1206472029999999
reserved_holdout,,OCNT-2313644,CYP2C9,5.081791727,4.90451475,5.247545,4.4590369,0.6227548269999996
reserved_holdout,,OCNT-2313644,CYP3A4,5.277013402,5.208478,5.3533355,4.0661320199999995,1.2108813820000002
reserved_holdout,,OCNT-2313652,CYP2D6,4.600899405,4.48048,4.77711525,4.645533,-0.044633595000000525
reserved_holdout,,OCNT-2313707,CYP3A4,4.09391884,3.877332,4.2811325,4.05116912,0.04274971999999977
reserved_holdout,,OCNT-2313708,CYP1A2,1.976778238,1.03478825,3.3323695,3.8122047199999995,-1.8354264819999995
reserved_holdout,,OCNT-2313740,CYP3A4,2.898912167,1.16183075,3.882608,3.6572723199999997,-0.7583601529999995
reserved_holdout,,OCNT-2313765,CYP3A4,4.369324348,4.25478475,4.561541,4.25602548,0.11329886800000022
reserved_holdout,,OCNT-2313767,CYP2D6,4.5906571,4.48436775,4.72896475,4.364801160000001,0.22585593999999887
reserved_holdout,,OCNT-2313781,CYP2C9,5.558221168,5.3344275,5.74815,5.01841604,0.5398051280000002
reserved_holdout,,OCNT-2313803,CYP2C9,4.004899832,3.58978075,4.37210325,4.594762019999999,-0.5898621879999988
reserved_holdout,,OCNT-2313821,CYP3A4,2.022024903,1.0480635,3.42573975,2.8880893199999997,-0.8660644169999996
reserved_holdout,,OCNT-2313839,CYP3A4,4.54909255,4.45985725,4.70316375,3.3408425399999997,1.2082500100000004
reserved_holdout,,OCNT-2313852,CYP2C9,4.011552745,3.5783675,4.43558975,4.5971424800000005,-0.5855897350000001
reserved_holdout,,OCNT-2313863,CYP1A2,5.09262361,4.87601325,5.26223125,4.8645632,0.22806041000000032
reserved_holdout,,OCNT-2313874,CYP2C9,4.707371583,4.4879665,4.94140275,4.58556592,0.12180566299999995
reserved_holdout,,OCNT-2313886,CYP1A2,4.82344904,4.62677275,5.0382535,4.778304199999999,0.04514484000000074
reserved_holdout,,OCNT-2313888,CYP1A2,5.344484643,5.16662775,5.50265125,4.39266012,0.951824523
reserved_holdout,,OCNT-2313906,CYP1A2,2.116247137,1.0541595,3.23494525,4.378259680000001,-2.2620125430000013
reserved_holdout,,OCNT-2313906,CYP2C9,3.924278895,3.436717,4.30168575,4.36122426,-0.43694536500000014
reserved_holdout,,OCNT-2313910,CYP1A2,4.459490872,4.1860425,4.857761,5.0146107,-0.5551198280000005
reserved_holdout,,OCNT-2313910,CYP3A4,4.33313748,4.21400425,4.47787825,4.328276000000001,0.0048614799999997516
reserved_holdout,,OCNT-2313921,CYP2C9,3.811110198,3.3330185,4.349951,4.5357864800000005,-0.7246762820000003
reserved_holdout,,OCNT-2313921,CYP3A4,4.1690063,4.01542625,4.32838225,3.9686821599999993,0.2003241400000011
reserved_holdout,,OCNT-2313939,CYP1A2,2.312545838,1.09469975,3.6149845,4.880881199999999,-2.568335361999999
reserved_holdout,,OCNT-2313982,CYP2D6,5.45933297,5.36600925,5.54925275,4.27208732,1.1872456500000004
reserved_holdout,,OCNT-2313987,CYP3A4,4.425940018,4.34429975,4.560547,4.28818054,0.13775947800000043
reserved_holdout,,OCNT-2313994,CYP1A2,5.165077923,5.026047,5.292886,4.7496507999999995,0.4154271230000006
reserved_holdout,,OCNT-2313994,CYP2D6,4.80404251,4.6277865,5.00996225,4.85810998,-0.05406746999999967
reserved_holdout,,OCNT-2313996,CYP3A4,4.09443821,3.861168,4.284674,4.65732708,-0.5628888700000001
reserved_holdout,,OCNT-2313997,CYP2D6,4.617108802,4.488192,4.8057465,4.82012334,-0.20301453800000058
reserved_holdout,,OCNT-2314004,CYP1A2,4.995842308,4.867607,5.132895,5.05186214,-0.0560198319999996
reserved_holdout,,OCNT-2314006,CYP1A2,3.464743202,2.6775385,4.0466115,5.21988798,-1.755144778
reserved_holdout,,OCNT-2314041,CYP3A4,3.82154681,3.42766225,4.121833,3.9548719400000003,-0.13332513000000024
reserved_holdout,,OCNT-2314061,CYP1A2,2.29687258,1.0574715,3.63900625,4.8851698,-2.58829722
reserved_holdout,,OCNT-2314069,CYP3A4,3.621849465,3.28607025,3.968473,3.1340877199999997,0.48776174500000025
reserved_holdout,,OCNT-2314070,CYP1A2,4.781566355,4.62451725,4.9662385,4.85500208,-0.0734357250000004
reserved_holdout,,OCNT-2314118,CYP2D6,4.492107222,4.34296875,4.714198,4.52676732,-0.034660098000000694
reserved_holdout,,OCNT-2314118,CYP3A4,4.391379602,4.291259,4.54864025,3.47499308,0.9163865219999998
reserved_holdout,,OCNT-2314135,CYP1A2,4.879882067,4.64686475,5.14853175,5.11719112,-0.2373090530000006
reserved_holdout,,OCNT-2314135,CYP2D6,5.61096984,5.424978,5.7671695,4.45807348,1.1528963599999997
reserved_holdout,,OCNT-2314135,CYP3A4,6.095481985,5.986478,6.2009815,4.719044520000001,1.3764374649999995
reserved_holdout,,OCNT-2314137,CYP3A4,4.0408311,3.76451825,4.24410275,3.6473381600000003,0.3934929399999998
reserved_holdout,,OCNT-2314151,CYP1A2,4.124147192,3.7714095,4.66205375,5.2265707,-1.1024235080000002
reserved_holdout,,OCNT-2314151,CYP2C9,5.409001743,5.274533,5.52838525,4.94974084,0.45926090300000055
reserved_holdout,,OCNT-2314168,CYP2C9,4.22897121,3.92114225,4.6483585,4.58532106,-0.35634984999999997
reserved_holdout,,OCNT-2314182,CYP2D6,5.072708598,4.7228975,5.4181235,4.6555018200000005,0.4172067779999997
reserved_holdout,,OCNT-2314202,CYP1A2,4.98344575,4.834692,5.12869975,4.8095605,0.17388524999999966
reserved_holdout,,OCNT-2314235,CYP2D6,4.327968535,4.21602475,4.43329375,4.553890279999999,-0.22592174499999906
reserved_holdout,,OCNT-2314247,CYP1A2,5.411912248,5.2355125,5.5635615,3.8326074399999994,1.5793048080000007
reserved_holdout,,OCNT-2314255,CYP2D6,4.375300795,4.3023045,4.48395,4.90534526,-0.5300444649999996
reserved_holdout,,OCNT-2314306,CYP1A2,5.410053963,5.25082525,5.54232125,5.38354278,0.026511183000000216
reserved_holdout,,OCNT-2314322,CYP1A2,4.90689459,4.725386,5.06053225,4.646715779999999,0.2601788100000011
reserved_holdout,,OCNT-2314322,CYP2C9,4.672109782,4.4862975,4.8817825,4.7415518599999995,-0.0694420779999998
reserved_holdout,,OCNT-2314328,CYP3A4,3.961423673,3.67316025,4.21587725,4.37517496,-0.41375128699999975
reserved_holdout,,OCNT-2314335,CYP1A2,4.86428017,4.63389325,5.0523425,4.27300824,0.5912719299999996
reserved_holdout,,OCNT-2314397,CYP2D6,4.43539628,4.3741795,4.52562225,4.91259016,-0.47719387999999974
reserved_holdout,,OCNT-2314399,CYP1A2,1.97698462,1.0376135,3.3715445,3.9218502,-1.94486558
reserved_holdout,,OCNT-2314405,CYP1A2,5.130239262,4.99718375,5.24674675,5.05661198,0.07362728200000035
reserved_holdout,,OCNT-2314405,CYP2C9,5.0337618,4.87723075,5.13434025,4.929808560000001,0.10395323999999917
reserved_holdout,,OCNT-2314405,CYP3A4,4.955052688,4.86060975,5.0540545,4.89811634,0.05693634800000069
reserved_holdout,,OCNT-2314407,CYP1A2,4.971656497,4.78588375,5.13282875,4.81007564,0.1615808569999997
reserved_holdout,,OCNT-2314408,CYP1A2,5.046927207,4.8496825,5.211427,5.39768416,-0.3507569529999994
reserved_holdout,,OCNT-2314433,CYP1A2,5.307677755,5.1551675,5.43774075,5.2752775,0.032400255000000655
reserved_holdout,,OCNT-2314445,CYP2D6,4.656172,4.57207125,4.75881125,4.6403708,0.015801199999999405
reserved_holdout,,OCNT-2314446,CYP1A2,3.850819357,3.44063525,4.38537525,3.9269397999999995,-0.07612044299999932
reserved_holdout,,OCNT-2314446,CYP3A4,4.223559652,4.078309,4.39754475,3.7331753,0.4903843519999995
reserved_holdout,,OCNT-2314460,CYP1A2,2.27034177,1.08051,3.60961325,3.6971323400000005,-1.4267905700000005
reserved_holdout,,OCNT-2314462,CYP1A2,5.02937702,4.843191,5.216357,5.4567492600000005,-0.4273722400000004
reserved_holdout,,OCNT-2314462,CYP2D6,4.511637978,4.45885525,4.5945005,4.62283054,-0.11119256199999938
reserved_holdout,,OCNT-2314465,CYP1A2,2.118008605,1.06765975,3.239643,4.675478340000001,-2.5574697350000006
reserved_holdout,,OCNT-2314465,CYP3A4,4.482847083,4.3709385,4.7067245,4.1050029,0.37784418300000056
reserved_holdout,,OCNT-2314473,CYP2D6,2.723357548,1.09005525,4.070404,4.8238796399999995,-2.1005220919999994
reserved_holdout,,OCNT-2314482,CYP1A2,5.075178525,4.90339475,5.231537,5.3013649,-0.22618637500000016
reserved_holdout,,OCNT-2314483,CYP2C9,4.47994384,4.26002425,4.767375,4.61178058,-0.13183673999999979
reserved_holdout,,OCNT-2314483,CYP3A4,5.429143218,5.381245,5.47758225,4.6237506,0.805392618
reserved_holdout,,OCNT-2314499,CYP1A2,5.231568163,5.13560875,5.3227205,4.70491088,0.5266572830000005
reserved_holdout,,OCNT-2314502,CYP2C9,5.665052405,5.56157575,5.7696055,5.10853278,0.556519625
reserved_holdout,,OCNT-2314502,CYP3A4,5.534735125,5.485277,5.5844555,4.59762424,0.9371108850000001
reserved_holdout,,OCNT-2314504,CYP2C9,4.367487787,4.03342375,4.85607875,4.54788716,-0.1803993730000002
reserved_holdout,,OCNT-2314509,CYP2D6,4.6207381,4.47671325,4.813333,4.53948644,0.0812516599999995
reserved_holdout,,OCNT-2314524,CYP3A4,3.909895802,3.65523325,4.14772,3.8931970199999997,0.01669878200000019
reserved_holdout,,OCNT-2314528,CYP1A2,5.037264623,4.82985825,5.193546,5.33220934,-0.2949447169999999
reserved_holdout,,OCNT-2314528,CYP2D6,5.25034773,5.1469565,5.34700825,5.2199182,0.03042952999999926
reserved_holdout,,OCNT-2314534,CYP1A2,5.282190228,5.08325125,5.47253075,5.135813539999999,0.14637668800000103
reserved_holdout,,OCNT-2314534,CYP3A4,4.92615128,4.8775995,4.9756775,4.82253992,0.10361136000000037
reserved_holdout,,OCNT-2314539,CYP3A4,5.67336373,5.60342725,5.74268075,4.0664842,1.6068795300000005
reserved_holdout,,OCNT-2314591,CYP3A4,4.34038317,4.2225295,4.53056925,4.44308598,-0.10270281000000026
reserved_holdout,,OCNT-2314616,CYP2D6,4.570009373,4.460678,4.73406025,4.8616958,-0.29168642699999925
reserved_holdout,,OCNT-2314617,CYP1A2,4.850214027,4.71537925,5.011748,5.21051544,-0.3603014130000002
reserved_holdout,,OCNT-2314617,CYP3A4,5.33447703,5.29093575,5.37845025,4.88270408,0.4517729500000005
reserved_holdout,,OCNT-2314618,CYP2D6,5.21145335,5.12573925,5.31794225,5.10676918,0.10468417000000052
reserved_holdout,,OCNT-2314625,CYP1A2,5.575078667,5.46645625,5.67984475,5.20181056,0.37326810699999946
reserved_holdout,,OCNT-2314625,CYP2C9,5.308222345,5.138379,5.4391615,5.031475779999999,0.2767465650000007
reserved_holdout,,OCNT-2314625,CYP2D6,4.794212472,4.6877375,4.90020775,4.6317506999999996,0.16246177200000034
reserved_holdout,,OCNT-2314636,CYP3A4,4.05435501,3.81026375,4.27351325,3.8007462199999997,0.25360879000000036
reserved_holdout,,OCNT-2314649,CYP1A2,4.909640955,4.6811045,5.18503175,4.80383032,0.1058106350000001
reserved_holdout,,OCNT-2314649,CYP2C9,4.55864245,4.3551555,4.8158455,4.734387119999999,-0.17574466999999938
reserved_holdout,,OCNT-2314657,CYP1A2,6.829797427,6.74685775,6.91327,5.10341316,1.7263842670000002
reserved_holdout,,OCNT-2314658,CYP2C9,2.977566293,1.2795915,3.86024375,4.26396546,-1.2863991669999995
reserved_holdout,,OCNT-2314665,CYP2D6,4.55352133,4.384357,4.7735765,4.88668942,-0.33316809000000003
reserved_holdout,,OCNT-2314665,CYP3A4,3.86937792,3.61313,4.15460375,3.99392682,-0.12454890000000018
reserved_holdout,,OCNT-2314667,CYP3A4,3.99294753,3.74982975,4.21031025,3.14623188,0.8467156499999997
reserved_holdout,,OCNT-2314688,CYP1A2,4.951358575,4.78540925,5.14331775,4.58017398,0.3711845950000008
reserved_holdout,,OCNT-2314688,CYP2C9,3.926251815,3.4744955,4.35931425,4.363178019999999,-0.43692620499999935
reserved_holdout,,OCNT-2314691,CYP1A2,5.09154258,4.890926,5.294733,4.7092997400000005,0.3822428399999991
reserved_holdout,,OCNT-2314691,CYP2C9,5.695131488,5.47004175,5.90227525,4.500978999999999,1.1941524880000012
reserved_holdout,,OCNT-2314691,CYP2D6,4.666479735,4.47215325,4.98194075,4.5314246,0.135055135
reserved_holdout,,OCNT-2314691,CYP3A4,5.554580797,5.487298,5.6217465,4.25558398,1.298996817
reserved_holdout,,OCNT-2314699,CYP1A2,5.018384795,4.78942425,5.19971025,5.103390360000001,-0.08500556500000034
reserved_holdout,,OCNT-2314706,CYP1A2,6.074837122,5.99966925,6.15259375,5.57086856,0.5039685619999998
reserved_holdout,,OCNT-2314713,CYP2C9,3.367810055,2.291518,3.99267175,4.197282339999999,-0.8294722849999991
reserved_holdout,,OCNT-2314739,CYP1A2,2.695982695,1.14261875,3.83495525,4.63927294,-1.9432902449999996
reserved_holdout,,OCNT-2314739,CYP3A4,4.431477645,4.29402775,4.69689025,4.321195680000001,0.11028196499999954
reserved_holdout,,OCNT-2314741,CYP1A2,2.40076287,1.07288325,3.644315,4.3157776,-1.9150147299999998
reserved_holdout,,OCNT-2314744,CYP3A4,5.19545769,5.11234175,5.28941175,4.269523019999999,0.9259346700000002
reserved_holdout,,OCNT-2314750,CYP1A2,5.44580044,5.30441575,5.569411,4.06829218,1.37750826
reserved_holdout,,OCNT-2314801,CYP1A2,5.890563753,5.79049475,5.98767025,5.764000139999999,0.12656361300000096
reserved_holdout,,OCNT-2314801,CYP2D6,6.964228025,6.828534,7.06067025,4.699897460000001,2.264330564999999
reserved_holdout,,OCNT-2314827,CYP2D6,4.65184998,4.52519225,4.8122545,4.49770734,0.1541426399999999
reserved_holdout,,OCNT-2314827,CYP3A4,5.50751886,5.4608085,5.55413575,4.607785,0.8997338600000004
reserved_holdout,,OCNT-2314859,CYP1A2,2.042327302,1.04752525,3.415111,5.2451210800000005,-3.2027937780000006
reserved_holdout,,OCNT-2314859,CYP2C9,4.975407442,4.8399025,5.1129525,4.802704100000001,0.17270334199999926
reserved_holdout,,OCNT-2314864,CYP2D6,4.917009972,4.8018365,5.01116025,4.76514744,0.151862532
reserved_holdout,,OCNT-2314865,CYP2D6,5.136309263,5.0526285,5.21608775,4.9296736,0.20663566300000014
reserved_holdout,,OCNT-2314875,CYP1A2,4.88428075,4.685902,5.0985825,5.241624799999999,-0.35734404999999914
reserved_holdout,,OCNT-2314896,CYP1A2,5.191857085,5.01224775,5.38121375,4.83876156,0.35309552499999963
reserved_holdout,,OCNT-2314897,CYP1A2,4.984620122,4.79931725,5.12088075,5.16569892,-0.1810787979999997
reserved_holdout,,OCNT-2314946,CYP1A2,2.04147612,1.05176075,3.185483,4.33636302,-2.2948869000000003
reserved_holdout,,OCNT-2314946,CYP3A4,3.791126203,3.14915325,4.13035425,3.5869671800000007,0.20415902299999944
reserved_holdout,,OCNT-2314962,CYP2C9,4.445633612,4.18378,4.7764905,4.25789944,0.18773417199999987
reserved_holdout,,OCNT-2314962,CYP2D6,4.428092525,4.3237675,4.5593245,4.66161872,-0.2335261949999996
reserved_holdout,,OCNT-2314976,CYP2D6,4.9048933,4.73665025,5.019321,4.703575160000001,0.2013181399999997
reserved_holdout,,OCNT-2314992,CYP2C9,4.537842343,4.3415945,4.777407,4.734693640000001,-0.19685129700000026
reserved_holdout,,OCNT-2314993,CYP3A4,3.757790875,3.0554775,4.09055075,3.33619184,0.42159903499999984
reserved_holdout,,OCNT-2314998,CYP1A2,1.920213635,1.030459,3.13034675,4.14735334,-2.2271397050000004
reserved_holdout,,OCNT-2315008,CYP1A2,4.313483523,4.06743675,4.649451,4.87493048,-0.5614469569999994
reserved_holdout,,OCNT-2315008,CYP3A4,5.11520141,5.05791975,5.1739715,4.61880058,0.4964008299999998
reserved_holdout,,OCNT-2315016,CYP1A2,6.212632232,6.1260955,6.2985285,4.76353398,1.4490982519999998
reserved_holdout,,OCNT-2315030,CYP1A2,1.999050187,1.04638875,3.35540025,5.23503764,-3.235987453
reserved_holdout,,OCNT-2315030,CYP2D6,5.082417,5.01463325,5.15194375,4.16386174,0.9185552600000007
reserved_holdout,,OCNT-2315036,CYP1A2,6.30273673,6.22805275,6.38089225,4.19482244,2.10791429
reserved_holdout,,OCNT-2315042,CYP3A4,4.288542807,4.13588775,4.486792,4.0751232,0.21341960699999962
reserved_holdout,,OCNT-2315044,CYP3A4,2.263925345,1.08351625,3.2466205,3.23128894,-0.9673635950000001
reserved_holdout,,OCNT-2315064,CYP1A2,3.243709095,1.39234775,3.99179625,4.52690912,-1.2832000250000002
reserved_holdout,,OCNT-2315064,CYP2C9,4.462939343,4.11157125,4.92114925,4.2722244,0.19071494300000058
reserved_holdout,,OCNT-2315064,CYP2D6,5.122424898,5.0196695,5.20219175,4.53948732,0.5829375780000001
reserved_holdout,,OCNT-2315064,CYP3A4,4.827346797,4.69445975,5.043153,3.82792784,0.9994189569999996
reserved_holdout,,OCNT-2315065,CYP2D6,4.305725717,4.0623005,4.4643805,4.8050891,-0.4993633830000004
reserved_holdout,,OCNT-2315078,CYP3A4,5.376955667,5.13019725,5.78400125,4.277553080000001,1.0994025869999993
reserved_holdout,,OCNT-2315082,CYP2C9,4.207233985,3.9206275,4.57164025,4.53632094,-0.3290869550000002
reserved_holdout,,OCNT-2315082,CYP3A4,3.643544107,3.1772945,4.0420625,4.12243642,-0.4788923129999998
reserved_holdout,,OCNT-2315086,CYP1A2,4.003649968,3.60392925,4.5847675,4.401799540000001,-0.39814957200000034
reserved_holdout,,OCNT-2315097,CYP2D6,5.157569278,5.07413925,5.24005175,5.25618364,-0.09861436199999929
reserved_holdout,,OCNT-2315097,CYP3A4,4.356792138,4.2261385,4.5535165,5.06991522,-0.7131230820000001
reserved_holdout,,OCNT-2315112,CYP1A2,5.673541682,5.565823,5.78062075,5.4633224600000005,0.2102192219999992
reserved_holdout,,OCNT-2315114,CYP3A4,4.27330808,4.125892,4.467999,3.8730783000000004,0.4002297799999992
reserved_holdout,,OCNT-2315115,CYP1A2,4.604758073,4.39880475,4.88491,5.095971799999999,-0.491213726999999
reserved_holdout,,OCNT-2315115,CYP2C9,4.72554833,4.549997,4.89008175,4.8111700399999995,-0.08562170999999985
reserved_holdout,,OCNT-2315125,CYP2D6,5.41617366,5.30414875,5.52896,5.13250152,0.2836721400000002
reserved_holdout,,OCNT-2315127,CYP2D6,4.995725925,4.8370445,5.18006775,4.4698287400000005,0.5258971849999998
reserved_holdout,,OCNT-2315145,CYP2D6,4.297870983,3.94664,4.462466,4.82683942,-0.5289684369999996
reserved_holdout,,OCNT-2315145,CYP3A4,4.441895018,4.31011875,4.69607525,4.5918564,-0.14996138199999987
reserved_holdout,,OCNT-2315159,CYP2D6,4.270086723,3.93026025,4.4397135,4.879688259999999,-0.6096015369999987
reserved_holdout,,OCNT-2315165,CYP2C9,2.185295185,1.05956425,3.2569525,4.28440676,-2.0991115750000002
reserved_holdout,,OCNT-2315179,CYP2C9,2.60472614,1.16379725,3.79426375,3.3180694799999997,-0.7133433399999998
reserved_holdout,,OCNT-2315179,CYP3A4,3.398660913,2.658811,3.94293325,2.86621518,0.5324457329999999
reserved_holdout,,OCNT-2315185,CYP3A4,5.138592392,4.7314085,5.507811,5.1082878,0.030304591999999353
reserved_holdout,,OCNT-2315194,CYP1A2,5.70175191,5.61792775,5.78656175,4.488084639999999,1.2136672700000002
reserved_holdout,,OCNT-2315194,CYP2C9,4.269143742,3.96645775,4.6778725,4.44960662,-0.18046287800000016
reserved_holdout,,OCNT-2315200,CYP3A4,4.899862077,4.7905005,5.056977,4.4800274799999995,0.41983459700000036
reserved_holdout,,OCNT-2315213,CYP2C9,3.918185957,3.41566625,4.35151675,4.2784799200000005,-0.3602939630000006
reserved_holdout,,OCNT-2315230,CYP1A2,6.134430408,6.023669,6.24658175,4.80862744,1.3258029679999996
reserved_holdout,,OCNT-2315230,CYP2C9,5.218507295,5.061524,5.34806075,4.65116794,0.5673393550000005
reserved_holdout,,OCNT-2315230,CYP2D6,4.673697915,4.5003095,4.931417,5.06918076,-0.3954828450000001
reserved_holdout,,OCNT-2315237,CYP1A2,5.515966385,5.368103,5.624147,5.7332062399999995,-0.21723985499999987
reserved_holdout,,OCNT-2315237,CYP2C9,5.49736638,5.389337,5.5979145,5.397494719999999,0.0998716600000007
reserved_holdout,,OCNT-2315237,CYP3A4,5.616899258,5.55905875,5.67606575,5.19596306,0.4209361979999997
reserved_holdout,,OCNT-2315261,CYP1A2,6.300731918,6.21410775,6.38368975,5.22015222,1.0805796980000002
reserved_holdout,,OCNT-2315261,CYP2D6,4.217057325,3.81788325,4.39081225,4.73254614,-0.5154888150000003
reserved_holdout,,OCNT-2315275,CYP3A4,4.005393523,3.6772075,4.21080625,3.92195252,0.08344100300000035
reserved_holdout,,OCNT-2315277,CYP1A2,2.326819487,1.06673125,3.62925,5.52482382,-3.198004333
reserved_holdout,,OCNT-2315277,CYP2C9,4.0925307,3.52481425,4.885429,5.1215508,-1.0290200999999994
reserved_holdout,,OCNT-2315315,CYP3A4,2.965374128,1.23673025,3.90632625,3.6330106,-0.6676364719999999
reserved_holdout,,OCNT-2315333,CYP3A4,4.243629817,4.087996,4.406189,3.89547344,0.34815637700000046
reserved_holdout,,OCNT-2315351,CYP1A2,5.809583585,5.72163325,5.898691,5.882456899999999,-0.07287331499999894
reserved_holdout,,OCNT-2315367,CYP1A2,4.69477369,4.42702875,5.01924025,5.3736293,-0.6788556100000003
reserved_holdout,,OCNT-2315382,CYP3A4,2.107904373,1.06630925,3.42240175,3.0735535000000005,-0.9656491270000003
reserved_holdout,,OCNT-2315390,CYP2C9,4.523620613,4.30318225,4.8089005,4.32315918,0.20046143300000008
reserved_holdout,,OCNT-2315390,CYP2D6,5.64158656,5.5374295,5.7478145,4.85855626,0.7830303000000001
reserved_holdout,,OCNT-2315409,CYP2C9,5.81104472,5.692653,5.930984,4.76891476,1.0421299599999996
reserved_holdout,,OCNT-2315416,CYP3A4,3.849254713,3.47495925,4.1218405,3.76519914,0.0840555730000001
reserved_holdout,,OCNT-2315425,CYP3A4,3.833124142,3.39358625,4.10773825,3.7050776799999996,0.12804646200000036
reserved_holdout,,OCNT-2315448,CYP1A2,4.469367545,4.154918,4.902527,4.16415686,0.3052106849999996
reserved_holdout,,OCNT-2315450,CYP3A4,3.631761013,3.026573,4.0383445,3.2444847799999996,0.3872762330000006
reserved_holdout,,OCNT-2315451,CYP2D6,4.66078161,4.52987675,4.8246885,4.97067494,-0.3098933300000004
reserved_holdout,,OCNT-2315451,CYP3A4,5.865305562,5.815771,5.9164425,4.8555052199999995,1.0098003420000001
reserved_holdout,,OCNT-2315456,CYP1A2,1.971150622,1.052412,3.17316825,4.8888459,-2.917695278
reserved_holdout,,OCNT-2315458,CYP3A4,4.661217348,4.544832,4.874377,4.19557576,0.46564158800000044
reserved_holdout,,OCNT-2315467,CYP2C9,4.137838903,3.740632,4.6887545,4.44392334,-0.3060844370000009
reserved_holdout,,OCNT-2315468,CYP1A2,5.262218208,5.1192675,5.3867015,5.14741128,0.11480692800000014
reserved_holdout,,OCNT-2315468,CYP2C9,5.133736072,4.973873,5.2758825,4.90599392,0.22774215199999936
reserved_holdout,,OCNT-2315468,CYP2D6,5.581530458,5.4526735,5.71395,5.2657815999999995,0.3157488580000001
reserved_holdout,,OCNT-2315468,CYP3A4,5.350106043,5.22398975,5.45800525,4.835945880000001,0.5141601629999997
reserved_holdout,,OCNT-2315469,CYP2D6,6.19462461,6.06845975,6.3233175,4.578863180000001,1.6157614299999992
reserved_holdout,,OCNT-2315476,CYP2C9,5.056307233,4.93082625,5.17223925,4.671763660000001,0.3845435729999993
reserved_holdout,,OCNT-2315479,CYP3A4,2.213438478,1.07206975,3.25409275,4.14820368,-1.934765202
reserved_holdout,,OCNT-2315480,CYP2C9,4.811714238,4.6710035,4.963472,5.02901174,-0.2172975019999992
reserved_holdout,,OCNT-2315480,CYP3A4,5.336830762,5.05662825,5.5780045,4.70657312,0.6302576420000001
reserved_holdout,,OCNT-2315482,CYP3A4,5.249099615,5.14314425,5.33051925,4.125678280000001,1.1234213349999997
reserved_holdout,,OCNT-2315488,CYP2D6,4.48479351,4.35643625,4.638435,5.1024867,-0.6176931899999998
reserved_holdout,,OCNT-2315498,CYP2C9,4.755540072,4.4703335,5.035536,4.50485294,0.2506871319999995
reserved_holdout,,OCNT-2315518,CYP2D6,4.27060501,4.0512545,4.40170625,5.0232471400000005,-0.7526421300000008
reserved_holdout,,OCNT-2315525,CYP2D6,4.186298222,3.291747,4.41929575,4.54103906,-0.35474083800000056
reserved_holdout,,OCNT-2315528,CYP2C9,5.558461777,5.4533195,5.6574365,4.759429540000001,0.7990322369999987
reserved_holdout,,OCNT-2315542,CYP2D6,4.465390203,4.3632695,4.60950825,4.44019952,0.025190682999999936
reserved_holdout,,OCNT-2315551,CYP2C9,4.703555175,4.28764475,5.12844175,4.32935394,0.37420123500000013
reserved_holdout,,OCNT-2315573,CYP2D6,4.509963645,4.44454,4.61079375,4.212395000000001,0.29756864499999924
reserved_holdout,,OCNT-2315585,CYP2D6,4.794912433,4.64597275,4.95626725,4.5585588999999995,0.23635353300000084
reserved_holdout,,OCNT-2315618,CYP1A2,6.425365415,6.3179745,6.5343305,5.569833,0.8555324149999999
reserved_holdout,,OCNT-2315623,CYP3A4,4.068717858,3.53735975,5.41764725,3.9298249999999997,0.13889285800000062
reserved_holdout,,OCNT-2315652,CYP1A2,6.038040677,5.93912,6.1340625,5.6345215,0.40351917699999973
reserved_holdout,,OCNT-2315652,CYP2C9,6.147345507,6.05497525,6.24676425,5.1792265,0.9681190069999994
reserved_holdout,,OCNT-2315652,CYP2D6,6.708815683,6.596258,6.8218215,4.6079205199999995,2.1008951630000006
reserved_holdout,,OCNT-2315660,CYP3A4,2.23280475,1.07503675,3.56813875,3.14383854,-0.9110337899999998
reserved_holdout,,OCNT-2315667,CYP1A2,5.465198392,5.30437475,5.60914225,5.27563674,0.1895616519999992
reserved_holdout,,OCNT-2315667,CYP2C9,5.285970397,5.02117225,5.51994425,4.94556392,0.34040647700000015
reserved_holdout,,OCNT-2315667,CYP3A4,5.194751392,5.10158275,5.28847225,4.7202297600000005,0.4745216319999992
reserved_holdout,,OCNT-2315670,CYP2D6,5.051544527,4.888608,5.19961125,4.58689562,0.46464890699999994
reserved_holdout,,OCNT-2315672,CYP2D6,5.262383873,5.12942275,5.37443325,5.05457566,0.20780821299999985
reserved_holdout,,OCNT-2315684,CYP2C9,3.209572325,1.46026125,4.0255655,4.441831799999999,-1.2322594749999993
reserved_holdout,,OCNT-2315690,CYP2C9,4.64081704,4.44649325,4.86391975,5.0556914200000005,-0.41487438000000054
reserved_holdout,,OCNT-2315696,CYP3A4,4.572099113,4.47709775,4.723775,3.7761971999999995,0.7959019130000007
reserved_holdout,,OCNT-2315705,CYP2D6,4.275172858,3.5662825,4.486571,4.67911594,-0.4039430819999996
reserved_holdout,,OCNT-2315705,CYP3A4,4.822124495,4.7402595,4.94937025,4.8728722399999995,-0.05074774499999979
reserved_holdout,,OCNT-2315713,CYP2C9,4.826926822,4.591199,5.07448,4.93411184,-0.10718501800000002
reserved_holdout,,OCNT-2315721,CYP3A4,4.150867857,3.92182825,4.40099275,3.93165026,0.21921759699999965
reserved_holdout,,OCNT-2315727,CYP2D6,4.435923365,4.29690225,4.5985505,4.9148895,-0.4789661350000003
reserved_holdout,,OCNT-2315759,CYP1A2,5.848593743,5.74286225,5.95129525,5.2203859999999995,0.6282077430000008
reserved_holdout,,OCNT-2315764,CYP2D6,5.277414505,5.064229,5.42004025,4.8715891,0.40582540500000075
reserved_holdout,,OCNT-2315764,CYP3A4,3.389942373,1.98039475,3.98972575,4.13027592,-0.7403335470000001
reserved_holdout,,OCNT-2315767,CYP3A4,2.44907719,1.09894575,3.730119,3.5721970999999995,-1.1231199099999993
reserved_holdout,,OCNT-2315775,CYP2D6,5.662576332,5.53375975,5.78039975,5.257877580000001,0.40469875199999983
reserved_holdout,,OCNT-2315780,CYP3A4,4.167065945,3.98463125,4.3677925,4.39485726,-0.22779131500000016
reserved_holdout,,OCNT-2315781,CYP2D6,4.29023471,3.77190425,4.533025,4.8368867,-0.54665199
reserved_holdout,,OCNT-2315808,CYP3A4,2.151907,1.04588125,3.4833865,3.5193193000000003,-1.3674123000000002
reserved_holdout,,OCNT-2315819,CYP1A2,3.366381088,1.542117,4.1223525,4.85045968,-1.4840785920000004
reserved_holdout,,OCNT-2315821,CYP1A2,5.278253475,5.19710775,5.35945075,5.29988226,-0.02162878500000076
reserved_holdout,,OCNT-2315827,CYP2D6,4.635299593,4.5410505,4.76401225,5.057751720000001,-0.42245212700000057
reserved_holdout,,OCNT-2315845,CYP2C9,5.54125345,5.42114825,5.6502025,4.56943584,0.9718176100000004
reserved_holdout,,OCNT-2315845,CYP2D6,3.758702395,1.9130305,4.2177895,4.731560979999999,-0.9728585849999996
reserved_holdout,,OCNT-2315878,CYP2D6,4.402872227,4.20595975,4.588858,4.878088580000001,-0.4752163530000013
reserved_holdout,,OCNT-2315946,CYP2D6,4.304557198,4.114229,4.43525325,5.153653719999999,-0.8490965219999991
reserved_holdout,,OCNT-2315954,CYP1A2,4.920125312,4.72008875,5.1174725,4.69441554,0.2257097720000001
reserved_holdout,,OCNT-2315965,CYP1A2,3.95208176,3.561566,4.48945625,4.32760942,-0.37552765999999993
reserved_holdout,,OCNT-2315966,CYP2D6,4.74105035,4.64291525,4.84017725,4.6668701,0.07418025000000039
reserved_holdout,,OCNT-2315980,CYP2C9,4.476754965,4.2252555,4.79501325,4.52630396,-0.04954899500000032
reserved_holdout,,OCNT-2315998,CYP3A4,2.241415588,1.05129625,3.62041,3.9345954,-1.693179812
reserved_holdout,,OCNT-2316017,CYP2D6,4.469651403,4.38578825,4.59144575,4.7319394,-0.2622879969999996
reserved_holdout,,OCNT-2316072,CYP2D6,6.123416898,5.99189625,6.254317,4.289854799999999,1.8335620980000016
reserved_holdout,,OCNT-2316084,CYP2C9,4.85324961,4.63537925,5.113734,4.46608442,0.38716519000000016
reserved_holdout,,OCNT-2316100,CYP1A2,5.43887023,5.295858,5.58295325,5.30650344,0.13236678999999985
reserved_holdout,,OCNT-2316100,CYP2D6,5.970085483,5.84288325,6.0928845,4.95346762,1.0166178630000005
reserved_holdout,,OCNT-2316110,CYP3A4,3.815318973,3.430127,4.10943475,4.25163442,-0.43631544700000013
reserved_holdout,,OCNT-2316115,CYP1A2,4.83507146,4.26064825,5.58655475,4.8641035399999994,-0.02903207999999946
reserved_holdout,,OCNT-2316115,CYP2C9,5.149962775,4.98826975,5.289763,4.80573802,0.34422475499999994
reserved_holdout,,OCNT-2316115,CYP3A4,4.51463321,4.31717625,5.0009125,4.69639794,-0.18176472999999937
reserved_holdout,,OCNT-2316133,CYP2C9,5.170290357,5.036987,5.27452175,4.02992712,1.1403632369999999
reserved_holdout,,OCNT-2316133,CYP2D6,2.86369471,1.127979,4.07213575,4.6618485199999995,-1.7981538099999996
reserved_holdout,,OCNT-2316158,CYP3A4,3.824272543,3.3636765,4.11347225,3.7428990799999995,0.0813734630000007
reserved_holdout,,OCNT-2316164,CYP1A2,2.1908636,1.05545175,3.49446425,3.5978698000000002,-1.4070062
reserved_holdout,,OCNT-2316187,CYP3A4,3.936897763,3.64958875,4.17393925,3.8263000400000005,0.1105977229999997
reserved_holdout,,OCNT-2316195,CYP2C9,4.145326198,3.7409165,4.565864,4.232790720000001,-0.08746452200000032
reserved_holdout,,OCNT-2316198,CYP2C9,3.884817165,3.4521615,4.32263675,4.282666600000001,-0.3978494350000008
reserved_holdout,,OCNT-2316225,CYP2C9,5.90815395,5.80306225,6.01385,4.941690940000001,0.9664630099999991
reserved_holdout,,OCNT-2316230,CYP2C9,4.069478327,3.69060425,4.5514155,4.00277294,0.06670538699999984
reserved_holdout,,OCNT-2316296,CYP2D6,4.01315734,2.11552325,4.3413815,3.9690141800000007,0.044143159999999515
reserved_holdout,,OCNT-2316345,CYP1A2,5.3855554,5.21654975,5.5377635,5.38887272,-0.003317319999999846
reserved_holdout,,OCNT-2316345,CYP2D6,5.78596358,5.69509925,5.8827895,4.57856154,1.2074020399999998
reserved_holdout,,OCNT-2316348,CYP2D6,5.420184458,5.33304425,5.5033695,4.56404706,0.8561373979999995
reserved_holdout,,OCNT-2316359,CYP2C9,5.049563625,4.8415245,5.26544125,4.3886285,0.660935125
reserved_holdout,,OCNT-2316359,CYP3A4,4.651495482,4.58039625,4.7826345,4.0207719,0.6307235819999999
reserved_holdout,,OCNT-2316360,CYP2C9,3.86617964,3.23023,4.26727375,3.9363250800000005,-0.07014544000000056
reserved_holdout,,OCNT-2316374,CYP3A4,3.076821783,1.26649725,3.93128725,3.67556364,-0.5987418569999998
reserved_holdout,,OCNT-2316388,CYP1A2,5.12796983,4.9788085,5.2632125,5.37107944,-0.2431096100000003
reserved_holdout,,OCNT-2316388,CYP2D6,5.33596842,5.252516,5.413952,4.6542932,0.6816752200000007
reserved_holdout,,OCNT-2316392,CYP1A2,5.02477199,4.81040675,5.2358595,5.1745442,-0.14977221000000007
reserved_holdout,,OCNT-2316394,CYP2C9,4.437455658,4.23350725,4.69172625,4.05729456,0.3801610980000003
reserved_holdout,,OCNT-2316397,CYP1A2,2.21808428,1.05438725,3.5727275,3.7824106800000004,-1.5643264000000006
reserved_holdout,,OCNT-2316420,CYP2D6,2.06840671,1.0533165,3.4378075,4.4854188,-2.4170120899999996
reserved_holdout,,OCNT-2316420,CYP3A4,5.58953025,5.54651,5.6328615,4.96977296,0.6197572899999999
reserved_holdout,,OCNT-2316424,CYP2D6,6.138897052,5.9797115,6.297402,4.92410692,1.214790132
reserved_holdout,,OCNT-2316424,CYP3A4,3.827092787,3.4587105,4.0924715,4.49060394,-0.6635111529999995
reserved_holdout,,OCNT-2316430,CYP2C9,2.935518698,1.15551725,3.92912,4.32983258,-1.3943138819999996
reserved_holdout,,OCNT-2316462,CYP3A4,4.26923471,4.13360675,4.417979,4.3223629,-0.0531281899999998
reserved_holdout,,OCNT-2316464,CYP1A2,4.97757222,4.77732175,5.1456855,4.91031616,0.06725606000000006
reserved_holdout,,OCNT-2316464,CYP3A4,4.78611958,4.7149095,4.882085,4.54027956,0.24584002000000016
reserved_holdout,,OCNT-2316472,CYP3A4,1.956486295,1.037339,3.18025125,3.28783526,-1.331348965
reserved_holdout,,OCNT-2316507,CYP1A2,3.828016938,3.27106575,4.25768675,4.794035979999999,-0.9660190419999992
reserved_holdout,,OCNT-2316507,CYP2C9,5.197979617,5.016982,5.352737,4.800539260000001,0.3974403569999989
reserved_holdout,,OCNT-2316507,CYP2D6,4.490284045,4.40841425,4.61984075,4.902830079999999,-0.4125460349999992
reserved_holdout,,OCNT-2316507,CYP3A4,4.708411847,4.6364585,4.80972625,4.6096565,0.098755347
reserved_holdout,,OCNT-2316512,CYP2C9,5.4782905,5.37334225,5.60322075,4.654242,0.8240485
reserved_holdout,,OCNT-2316512,CYP3A4,4.9787672,4.350754,5.40027175,4.42774208,0.5510251200000003
reserved_holdout,,OCNT-2316516,CYP1A2,5.109112632,4.9189585,5.27813125,5.45351302,-0.3444003879999995
reserved_holdout,,OCNT-2316548,CYP1A2,5.30587331,5.1559445,5.42682125,5.746340259999999,-0.44046694999999936
reserved_holdout,,OCNT-2316557,CYP3A4,5.535707637,5.448025,5.62156,5.0458285,0.48987913699999996
reserved_holdout,,OCNT-2316569,CYP2D6,4.564947945,4.46379975,4.7040125,4.7709543199999995,-0.2060063749999994
reserved_holdout,,OCNT-2316570,CYP2D6,5.111616237,5.05491975,5.17117225,4.12946536,0.9821508769999996
reserved_holdout,,OCNT-2316617,CYP2C9,5.085396777,4.9321565,5.258662,4.532815220000001,0.552581556999999
reserved_holdout,,OCNT-2316617,CYP2D6,5.66063223,5.603429,5.726365,4.61014994,1.0504822899999997
reserved_holdout,,OCNT-2316656,CYP2C9,2.869953317,1.2240175,3.8888065,4.093960300000001,-1.224006983000001
reserved_holdout,,OCNT-2316656,CYP2D6,3.318434083,1.16958975,4.27731875,4.637199900000001,-1.3187658170000005
reserved_holdout,,OCNT-2316656,CYP3A4,3.185495683,1.51655425,3.92104275,3.6714831000000006,-0.4859874170000005
reserved_holdout,,OCNT-2316657,CYP2D6,4.840807162,4.696618,4.98631275,4.6070649999999995,0.23374216200000042
reserved_holdout,,OCNT-2316664,CYP1A2,6.23792502,6.11414075,6.356671,4.6318984,1.6060266199999997
reserved_holdout,,OCNT-2316664,CYP2C9,4.778867897,4.554718,5.040413,4.38138776,0.3974801369999996
reserved_holdout,,OCNT-2316664,CYP2D6,4.421912285,4.32665825,4.551862,4.51030594,-0.08839365499999996
reserved_holdout,,OCNT-2316664,CYP3A4,4.96712044,4.8744245,5.0764105,4.09930894,0.8678115000000002
reserved_holdout,,OCNT-2316682,CYP2D6,3.834267898,2.180892,4.2420685,4.81000508,-0.975737182
reserved_holdout,,OCNT-2316693,CYP1A2,5.440881145,5.30799875,5.550906,4.54046498,0.9004161649999993
reserved_holdout,,OCNT-2316696,CYP1A2,4.99652576,4.77173675,5.165334,5.5117158,-0.5151900400000002
reserved_holdout,,OCNT-2316696,CYP2D6,5.987045455,5.8794245,6.0955105,5.335539,0.6515064549999998
reserved_holdout,,OCNT-2316701,CYP2D6,1.99645009,1.039031,3.380083,4.2981001999999995,-2.3016501099999997
reserved_holdout,,OCNT-2316735,CYP3A4,5.006224675,4.88126725,5.12154025,4.24338114,0.762843535
reserved_holdout,,OCNT-2316764,CYP3A4,3.00186335,1.3030085,3.813043,3.31434604,-0.3124826900000004
reserved_holdout,,OCNT-2316781,CYP1A2,6.085547658,5.993899,6.17699975,5.14684752,0.9387001380000006
reserved_holdout,,OCNT-2316781,CYP2D6,6.370402795,6.28849325,6.45434,4.82689032,1.543512475
reserved_holdout,,OCNT-2316836,CYP1A2,4.935100625,4.737256,5.105707,5.0451866,-0.1100859750000005
reserved_holdout,,OCNT-2316845,CYP2D6,4.727728935,4.56827725,4.94604025,4.8319341399999995,-0.10420520499999952
reserved_holdout,,OCNT-2316859,CYP3A4,3.800100432,3.36502575,4.0872875,3.8649656,-0.0648651680000003
reserved_holdout,,OCNT-2316876,CYP3A4,3.98073007,3.73440575,4.211998,3.94555078,0.03517928999999986
reserved_holdout,,OCNT-2316880,CYP2C9,4.34215907,4.1175475,4.6333255,4.11004852,0.2321105499999998
reserved_holdout,,OCNT-2316896,CYP3A4,2.140792532,1.0594225,3.46778775,2.1007207,0.04007183199999975
reserved_holdout,,OCNT-2316933,CYP2C9,4.653624925,4.52469925,4.799305,4.52707808,0.12654684500000002
reserved_holdout,,OCNT-2316933,CYP3A4,4.689175693,4.57816075,4.8875805,4.13650874,0.5526669530000001
reserved_holdout,,OCNT-2316964,CYP2C9,5.17686601,5.025652,5.3182305,4.6269352,0.5499308100000002
reserved_holdout,,OCNT-2316966,CYP1A2,4.798313712,4.61836925,5.00219225,4.20112478,0.5971889319999999
reserved_holdout,,OCNT-2316984,CYP3A4,1.982199055,1.0441965,3.17028725,3.8722027,-1.890003645
reserved_holdout,,OCNT-2316987,CYP2D6,4.41372459,4.19143975,4.603504,4.5208539000000005,-0.10712931000000037
reserved_holdout,,OCNT-2317021,CYP2C9,5.760211485,5.61592525,5.902702,4.01390374,1.7463077450000002
reserved_holdout,,OCNT-2317024,CYP3A4,4.146107025,3.95931625,4.420716,4.022714039999999,0.12339298500000062
reserved_holdout,,OCNT-2317078,CYP3A4,2.89010585,1.157526,3.90637625,3.9564660799999998,-1.06636023
reserved_holdout,,OCNT-2317103,CYP2C9,4.51746869,4.27781225,4.8321935,4.586079,-0.06861030999999951
reserved_holdout,,OCNT-2317105,CYP2D6,4.3614257,4.24528025,4.45939475,4.65399248,-0.29256678000000047
reserved_holdout,,OCNT-2317107,CYP3A4,3.769107792,3.32824975,4.08664,3.8864871200000004,-0.11737932800000062
reserved_holdout,,OCNT-2317118,CYP1A2,2.600185648,1.1012245,3.7259755,4.399413259999999,-1.7992276119999993
reserved_holdout,,OCNT-2317135,CYP3A4,4.804200035,4.7307055,4.89470675,4.2743818,0.5298182350000005
reserved_holdout,,OCNT-2317136,CYP2C9,4.44681635,4.142148,4.8584745,4.175741960000001,0.271074389999999
reserved_holdout,,OCNT-2317136,CYP3A4,3.794024557,3.43126375,4.09058875,3.82587276,-0.03184820300000002
reserved_holdout,,OCNT-2317163,CYP2D6,2.121788272,1.0675695,3.5054085,4.68557902,-2.5637907479999997
reserved_holdout,,OCNT-2317181,CYP2C9,6.264391032,6.15540975,6.366445,4.17917686,2.0852141719999997
reserved_holdout,,OCNT-2317181,CYP2D6,4.45536569,4.199064,4.82827925,4.3355964,0.1197692899999998
reserved_holdout,,OCNT-2317189,CYP1A2,3.881641023,2.4397135,4.49147525,4.98150886,-1.0998678370000001
reserved_holdout,,OCNT-2317189,CYP3A4,4.246614323,4.07138475,4.46483,4.338600680000001,-0.09198635700000057
reserved_holdout,,OCNT-2317195,CYP1A2,5.566309087,5.45688575,5.67193075,5.3185574,0.24775168699999917
reserved_holdout,,OCNT-2317210,CYP3A4,4.979195707,4.90548575,5.07129025,4.423023939999999,0.5561717670000004
reserved_holdout,,OCNT-2317217,CYP3A4,5.197492235,5.0748955,5.29930625,4.202210620000001,0.9952816149999997
reserved_holdout,,OCNT-2317231,CYP1A2,4.298015033,3.9542685,4.85420275,4.385961280000001,-0.08794624700000053
reserved_holdout,,OCNT-2317252,CYP3A4,5.279497388,5.1754785,5.40122825,4.27786322,1.0016341679999998
reserved_holdout,,OCNT-2317261,CYP3A4,2.177626995,1.05532275,3.24392625,3.4555331799999998,-1.277906185
reserved_holdout,,OCNT-2317262,CYP2D6,4.40284118,4.227768,4.59871525,4.673897200000001,-0.2710560200000005
reserved_holdout,,OCNT-2317263,CYP3A4,3.14901929,1.3324515,3.9583255,4.23220902,-1.08318973
reserved_holdout,,OCNT-2317273,CYP2D6,3.32377182,1.21744775,4.2389865,4.601212680000001,-1.2774408600000005
reserved_holdout,,OCNT-2317273,CYP3A4,3.464697555,2.845632,3.943089,3.9096789800000002,-0.4449814250000004
reserved_holdout,,OCNT-2317280,CYP3A4,4.502469825,4.4075095,4.673743,4.74296102,-0.2404911949999997
reserved_holdout,,OCNT-2317312,CYP3A4,4.133487012,3.9506005,4.28756375,4.076085900000001,0.05740111199999909
reserved_holdout,,OCNT-2317321,CYP2C9,5.929771308,5.843918,6.01826375,4.8863534600000005,1.0434178479999998
reserved_holdout,,OCNT-2317321,CYP3A4,4.84079472,4.775009,4.9137755,4.6400906,0.20070412000000015
reserved_holdout,,OCNT-2317327,CYP2D6,5.25381474,5.18967975,5.3229625,5.099284,0.15453074000000022
reserved_holdout,,OCNT-2317336,CYP2D6,4.218204713,3.59106075,4.44216175,4.78444134,-0.5662366269999994
reserved_holdout,,OCNT-2317349,CYP2C9,4.66441265,4.4808685,4.870728,4.3974573999999995,0.26695525000000053
reserved_holdout,,OCNT-2317349,CYP2D6,4.840674287,4.6551085,5.05589175,4.9035559,-0.06288161300000006
reserved_holdout,,OCNT-2317349,CYP3A4,4.131915098,3.93541925,4.318924,4.15551418,-0.023599081999999605
reserved_holdout,,OCNT-2317373,CYP3A4,2.080599563,1.05419725,3.45736225,3.23300638,-1.1524068170000001
reserved_holdout,,OCNT-2317470,CYP2D6,5.22377856,5.09769,5.34444175,4.8191854,0.4045931600000001
reserved_holdout,,OCNT-2317470,CYP3A4,3.972794433,3.67469825,4.1970455,4.1054105,-0.13261606699999984
reserved_holdout,,OCNT-2317472,CYP2C9,4.298153518,3.96358975,4.78788775,4.43596226,-0.13780874199999982
reserved_holdout,,OCNT-2317479,CYP2D6,4.56712387,4.44479475,4.73129225,4.09837498,0.46874888999999964
reserved_holdout,,OCNT-2317510,CYP2D6,5.239596772,5.1374985,5.342503,5.107374900000001,0.1322218719999988
reserved_holdout,,OCNT-2317521,CYP2D6,4.63078723,4.48800425,4.81951275,4.50995568,0.12083155000000012
reserved_holdout,,OCNT-2317551,CYP2D6,6.245797693,6.10745425,6.38460025,4.838000259999999,1.4077974330000007
reserved_holdout,,OCNT-2317589,CYP2D6,4.436259062,4.306608,4.592721,4.8302197200000005,-0.39396065800000013
reserved_holdout,,OCNT-2317592,CYP2D6,2.267230695,1.072981,3.802137,4.423195680000001,-2.155964985000001
reserved_holdout,,OCNT-2317592,CYP3A4,2.153491995,1.0615755,3.239186,3.42003958,-1.266547585
reserved_holdout,,OCNT-2317597,CYP1A2,3.797528263,3.26524025,4.2670715,4.63929022,-0.8417619570000006
reserved_holdout,,OCNT-2317600,CYP2D6,4.096403018,3.48804375,4.311957,4.62895902,-0.5325560019999998
reserved_holdout,,OCNT-2317600,CYP3A4,4.171676782,3.97301825,4.395352,4.168474519999999,0.003202262000000289
reserved_holdout,,OCNT-2317620,CYP3A4,2.395769367,1.074958,3.666243,3.1110809799999997,-0.7153116129999995
reserved_holdout,,OCNT-2317624,CYP3A4,3.17493777,1.45858475,3.92637925,3.7303156,-0.5553778299999999
reserved_holdout,,OCNT-2317625,CYP3A4,4.665070187,4.57475,4.79850275,4.520047979999999,0.14502220700000112
reserved_holdout,,OCNT-2317633,CYP3A4,2.05228555,1.051637,3.4147775,2.39651506,-0.3442295099999999
reserved_holdout,,OCNT-2317666,CYP1A2,3.945418577,3.506745,4.58506925,4.16266562,-0.21724704300000042
reserved_holdout,,OCNT-2317666,CYP2C9,3.613834993,2.92849275,4.183577,4.2216604,-0.607825407
reserved_holdout,,OCNT-2317671,CYP1A2,4.942471115,4.70755875,5.134627,4.61926938,0.3232017349999996
reserved_holdout,,OCNT-2317700,CYP2D6,4.27219851,3.77302975,4.47383375,4.76751554,-0.4953170299999998
reserved_holdout,,OCNT-2317719,CYP2C9,5.164397147,4.90901025,5.41291275,3.7238866199999996,1.4405105270000003
reserved_holdout,,OCNT-2317719,CYP3A4,4.195084347,4.0078065,4.4499615,3.20596342,0.9891209270000001
reserved_holdout,,OCNT-2317738,CYP2D6,5.622023915,5.48382,5.7612405,5.39814456,0.22387935499999934
reserved_holdout,,OCNT-2317740,CYP2D6,5.572677387,5.52308825,5.627432,5.178497179999999,0.39418020700000067
reserved_holdout,,OCNT-2317750,CYP3A4,2.068067157,1.065808,3.1788985,2.8732938600000004,-0.8052267030000002
reserved_holdout,,OCNT-2317763,CYP2D6,7.467447948,7.39867825,7.54071025,5.06825,2.3991979480000003
reserved_holdout,,OCNT-2317807,CYP1A2,5.148213045,4.942428,5.30524075,5.2900797,-0.1418666549999994
reserved_holdout,,OCNT-2317807,CYP2C9,5.019831007,4.87391125,5.14830475,4.950860759999999,0.0689702470000002
reserved_holdout,,OCNT-2317807,CYP3A4,5.321651427,5.2782195,5.368104,4.766570700000001,0.5550807269999991
reserved_holdout,,OCNT-2317809,CYP2D6,4.088904775,3.07746075,4.35681025,4.93769314,-0.8487883650000008
reserved_holdout,,OCNT-2317841,CYP2C9,4.607014355,4.37581175,4.88089625,4.697233219999999,-0.09021886499999976
reserved_holdout,,OCNT-2317846,CYP2D6,5.36431472,5.2672725,5.45687175,4.5408157000000005,0.8234990199999999
reserved_holdout,,OCNT-2317860,CYP2C9,4.138366385,3.76567375,4.52310675,4.4608172999999995,-0.3224509149999992
reserved_holdout,,OCNT-2317860,CYP3A4,4.431612102,4.319519,4.588788,3.969272,0.46234010199999975
reserved_holdout,,OCNT-2317872,CYP3A4,3.666389928,3.20140375,4.03130075,3.1259915200000004,0.5403984079999997
reserved_holdout,,OCNT-2317890,CYP2D6,6.18287847,6.07448675,6.289773,5.077253880000001,1.1056245899999997
reserved_holdout,,OCNT-2317899,CYP2C9,4.24263638,3.881685,4.758033,4.59269472,-0.35005833999999947
reserved_holdout,,OCNT-2317906,CYP3A4,3.220234395,1.4688885,3.97489275,4.116103579999999,-0.8958691849999991
reserved_holdout,,OCNT-2317940,CYP2D6,4.229076645,3.95422825,4.36018025,4.80151276,-0.5724361149999995
reserved_holdout,,OCNT-2317942,CYP3A4,5.197977975,5.11835275,5.2792045,4.660680080000001,0.5372978949999991
reserved_holdout,,OCNT-2317957,CYP2D6,4.644202297,4.4402795,4.92659225,4.69165866,-0.04745636300000022
reserved_holdout,,OCNT-2317983,CYP1A2,5.537184468,5.46115875,5.61480175,5.895671139999999,-0.35848667199999884
reserved_holdout,,OCNT-2317983,CYP2C9,5.491822847,5.39119725,5.59674275,5.34199718,0.149825667
reserved_holdout,,OCNT-2317988,CYP3A4,1.968786308,1.05280675,3.17643475,2.11943568,-0.15064937199999995
reserved_holdout,,OCNT-2318000,CYP1A2,5.081386173,4.85035625,5.2382835,5.0447751,0.03661107300000044
reserved_holdout,,OCNT-2318000,CYP3A4,4.070875052,3.83845725,4.232508,4.122940080000001,-0.052065028000001234
reserved_holdout,,OCNT-2318002,CYP1A2,5.308471928,5.21717625,5.389643,5.133914899999999,0.1745570280000015
reserved_holdout,,OCNT-2318002,CYP2D6,2.38676796,1.09673,3.86931375,5.01642292,-2.6296549600000003
reserved_holdout,,OCNT-2318024,CYP1A2,4.42591923,4.153679,4.8327245,4.81268788,-0.3867686500000005
reserved_holdout,,OCNT-2318024,CYP2D6,4.514269055,4.361924,4.694363,4.91037844,-0.3961093849999999
reserved_holdout,,OCNT-2318026,CYP2C9,5.58411089,5.4555755,5.70467425,4.51631724,1.0677936499999996
reserved_holdout,,OCNT-2318058,CYP2C9,5.645458675,5.55275,5.74395375,4.67332402,0.9721346550000005
reserved_holdout,,OCNT-2318073,CYP3A4,3.659290205,3.2124035,4.03523275,3.87343624,-0.21414603500000018
reserved_holdout,,OCNT-2318114,CYP2C9,3.265350053,1.378167,4.01950775,3.9488765999999997,-0.6835265469999996
reserved_holdout,,OCNT-2318114,CYP3A4,2.010743362,1.04607275,3.1536305,3.33181414,-1.3210707780000002
reserved_holdout,,OCNT-2318116,CYP2D6,4.89503489,4.71486,5.07820775,5.05337632,-0.15834143000000012
reserved_holdout,,OCNT-2318150,CYP2D6,6.156803655,6.077391,6.23750025,4.77156314,1.3852405150000004
reserved_holdout,,OCNT-2318155,CYP3A4,2.77773337,1.16640475,3.809173,4.14688542,-1.3691520500000003
reserved_holdout,,OCNT-2318156,CYP2D6,4.699939722,4.55530625,4.87062425,4.64946002,0.05047970199999963
reserved_holdout,,OCNT-2318184,CYP2D6,5.275216935,5.1815875,5.37243,4.52637936,0.7488375750000005
reserved_holdout,,OCNT-2318184,CYP3A4,6.284807875,6.2103795,6.3628625,4.76313892,1.521668955
reserved_holdout,,OCNT-2318207,CYP3A4,4.65338344,4.55392475,4.80985275,4.22797542,0.4254080199999999
reserved_holdout,,OCNT-2318236,CYP1A2,6.25668999,6.1513185,6.3565695,4.91397952,1.34271047
reserved_holdout,,OCNT-2318242,CYP2C9,3.734503483,3.18161725,4.2124055,4.429410079999999,-0.6949065969999992
reserved_holdout,,OCNT-2318261,CYP2C9,4.263361048,3.98263,4.6612285,4.52333154,-0.2599704919999999
reserved_holdout,,OCNT-2318269,CYP1A2,5.08601735,4.64866475,5.39795375,5.10237496,-0.016357610000000022
reserved_holdout,,OCNT-2318272,CYP2D6,4.526393937,4.4241395,4.67657325,4.7583708,-0.23197686299999987
reserved_holdout,,OCNT-2318273,CYP3A4,4.6892838,4.59990725,4.81956925,4.485149219999999,0.20413458000000073
reserved_holdout,,OCNT-2318278,CYP3A4,5.744499435,5.6770655,5.814081,4.29483488,1.449664555
reserved_holdout,,OCNT-2318287,CYP2D6,5.79704726,5.690565,5.9108305,4.8167211000000005,0.9803261599999997
reserved_holdout,,OCNT-2318290,CYP2D6,4.380346848,4.254977,4.5373535,4.8868873200000005,-0.5065404720000002
reserved_holdout,,OCNT-2318307,CYP1A2,5.411674442,5.3010895,5.5139265,4.94961074,0.462063702
reserved_holdout,,OCNT-2318344,CYP2C9,3.991314042,3.5670175,4.41838175,4.69217318,-0.7008591380000002
reserved_holdout,,OCNT-2318399,CYP2D6,4.616928888,4.48870725,4.81667375,4.17286338,0.44406550800000044
reserved_holdout,,OCNT-2318401,CYP2D6,4.456975518,4.37769825,4.580474,4.09086482,0.36611069799999996
reserved_holdout,,OCNT-2318434,CYP3A4,4.255873205,4.0879445,4.46236425,3.65386144,0.6020117650000003
reserved_holdout,,OCNT-2318439,CYP1A2,5.270841387,5.11185925,5.417702,4.29948756,0.9713538269999997
reserved_holdout,,OCNT-2318453,CYP1A2,5.828513045,5.719919,5.9367025,5.2553178,0.573195245
reserved_holdout,,OCNT-2318453,CYP2D6,2.085073915,1.0445915,3.51670875,4.1618926400000005,-2.0768187250000003
reserved_holdout,,OCNT-2318456,CYP2C9,3.853915698,3.32023475,4.24667225,4.3975738,-0.5436581020000002
reserved_holdout,,OCNT-2318484,CYP2C9,4.98031472,4.85219825,5.076662,4.94947474,0.030839979999999656
reserved_holdout,,OCNT-2318484,CYP3A4,5.17531254,5.1139895,5.2474325,4.7481282,0.42718434000000016
reserved_holdout,,OCNT-2318499,CYP2D6,5.247872538,5.1567785,5.35702275,5.23234274,0.015529798000000206
reserved_holdout,,OCNT-2318503,CYP3A4,3.4958544,2.84745825,3.9593505,3.7158985,-0.2200441000000004
reserved_holdout,,OCNT-2318545,CYP3A4,3.10309161,1.24924475,3.9421585,4.10273958,-0.9996479699999998
reserved_holdout,,OCNT-2318552,CYP3A4,4.487801792,4.389806,4.6596025,3.68345908,0.804342712
reserved_holdout,,OCNT-2318555,CYP2C9,5.296508428,5.1500145,5.4311975,4.487977559999999,0.808530868000001
reserved_holdout,,OCNT-2318555,CYP2D6,4.296957078,4.067046,4.451756,4.6654544399999995,-0.3684973619999994
reserved_holdout,,OCNT-2318555,CYP3A4,4.928054252,4.8612255,4.999058,4.0014941,0.9265601519999995
reserved_holdout,,OCNT-2318558,CYP2C9,4.028682997,3.60149425,4.5368225,4.6653343199999995,-0.6366513229999997
reserved_holdout,,OCNT-2318558,CYP3A4,3.697662418,3.3663205,4.038849,4.42252016,-0.7248577420000002
reserved_holdout,,OCNT-2318568,CYP3A4,5.493017873,5.4338675,5.5525095,4.030378659999999,1.462639213000001
reserved_holdout,,OCNT-2318572,CYP2C9,5.107121982,4.980929,5.22357575,4.839769779999999,0.26735220200000054
reserved_holdout,,OCNT-2318577,CYP1A2,5.100747877,4.918087,5.26472275,5.2366816,-0.13593372299999995
reserved_holdout,,OCNT-2318586,CYP3A4,2.26172203,1.08449875,3.57053125,3.19539976,-0.9336777299999999
reserved_holdout,,OCNT-2318599,CYP3A4,2.726152313,1.1963555,3.714014,3.0259962,-0.29984388699999975
reserved_holdout,,OCNT-2318602,CYP3A4,4.009477295,3.7150345,4.21157825,3.5265945199999997,0.4828827750000002
reserved_holdout,,OCNT-2318612,CYP1A2,5.101097193,4.919217,5.25859675,4.724421479999999,0.3766757130000009
reserved_holdout,,OCNT-2318618,CYP2D6,4.454990203,4.38071725,4.56976625,4.7510531,-0.29606289699999966
reserved_holdout,,OCNT-2318637,CYP2C9,4.370210617,4.14057425,4.66633225,4.353487920000001,0.016722696999998732
reserved_holdout,,OCNT-2318637,CYP3A4,2.77777442,1.22374325,3.76097125,3.81285656,-1.03508214
reserved_holdout,,OCNT-2318643,CYP2C9,4.767168082,4.50542275,5.02805525,4.23383658,0.5333315020000002
reserved_holdout,,OCNT-2318647,CYP1A2,4.981743517,4.812777,5.15769125,5.58867408,-0.6069305629999997
reserved_holdout,,OCNT-2318673,CYP2D6,4.2930771,4.08604975,4.47113075,4.73111166,-0.4380345600000002
reserved_holdout,,OCNT-2318680,CYP1A2,5.309533675,5.1898385,5.412356,4.566632459999999,0.7429012150000007
reserved_holdout,,OCNT-2328337,CYP1A2,5.509644433,5.42974425,5.61196125,4.7240144200000005,0.7856300129999996
reserved_holdout,,OCNT-2328337,CYP2D6,4.631229767,4.56409625,4.72575625,5.0988409400000005,-0.46761117300000077
reserved_holdout,,OCNT-2328339,CYP2C9,4.37345684,4.04447175,4.83517,4.26653406,0.10692278000000055
reserved_holdout,,OCNT-2328359,CYP3A4,4.502966093,4.3830295,4.7623615,3.5413346199999998,0.9616314730000006
reserved_holdout,,OCNT-2328366,CYP3A4,4.718160855,4.5999595,4.91681825,3.517344799999999,1.2008160550000007
reserved_holdout,,OCNT-2328371,CYP2C9,4.7204408,4.5251115,4.9244455,3.3636341799999996,1.3568066200000009
reserved_holdout,,OCNT-2328371,CYP3A4,3.651939905,3.24874175,4.0143215,2.21843552,1.433504385
reserved_holdout,,OCNT-2328378,CYP2D6,4.67422722,4.55053775,4.8336005,5.2425520400000005,-0.5683248200000008
reserved_holdout,,OCNT-2328381,CYP2D6,4.892280237,4.72719,5.005743,4.7379166,0.15436363699999944
reserved_holdout,,OCNT-2328420,CYP1A2,6.129806315,6.030439,6.223367,5.47613646,0.6536698549999995
reserved_holdout,,OCNT-2328420,CYP2D6,5.669635833,5.578585,5.76481225,4.8473433,0.8222925329999997
reserved_holdout,,OCNT-2328421,CYP2D6,4.40668639,4.27849425,4.532444,4.615422839999999,-0.20873644999999907
reserved_holdout,,OCNT-2328455,CYP1A2,4.718853295,4.632435,4.80113,5.03433624,-0.3154829450000003
reserved_holdout,,OCNT-2328455,CYP2C9,5.753006065,5.646842,5.859163,4.734924100000001,1.0180819649999995
reserved_holdout,,OCNT-2328455,CYP3A4,5.142915203,5.099807,5.18685175,4.34823804,0.7946771630000002
reserved_holdout,,OCNT-2328483,CYP3A4,2.034344685,1.05779875,3.37430725,4.26338574,-2.229041055
reserved_holdout,,OCNT-2328509,CYP2D6,5.790099298,5.6093945,5.975608,4.85355242,0.9365468780000006
reserved_holdout,,OCNT-2328519,CYP1A2,5.093239353,4.89655775,5.26050125,3.6377369,1.4555024530000003
reserved_holdout,,OCNT-2328533,CYP2D6,4.782759983,4.63115425,4.966192,5.12579066,-0.3430306769999998
reserved_holdout,,OCNT-2328534,CYP2D6,4.66182121,4.50583825,4.8810515,5.10246342,-0.44064221000000003
reserved_holdout,,OCNT-2328559,CYP1A2,4.853442213,4.70741875,4.9970235,5.7495485,-0.8961062870000003
reserved_holdout,,OCNT-2328559,CYP2D6,7.242264825,7.159595,7.33077125,5.20793764,2.0343271850000004
reserved_holdout,,OCNT-2328587,CYP2D6,4.97687231,4.79117975,5.10173575,3.85795144,1.1189208700000002
reserved_holdout,,OCNT-2328589,CYP1A2,3.642390255,3.050627,4.201996,4.47814792,-0.8357576649999996
reserved_holdout,,OCNT-2328597,CYP2D6,5.05545025,4.886766,5.20630375,5.3351293,-0.2796790500000004
reserved_holdout,,OCNT-2328617,CYP1A2,5.522360535,5.34325125,5.70179575,5.4445402199999995,0.0778203150000003
reserved_holdout,,OCNT-2328617,CYP2D6,5.42790349,5.34849425,5.5120755,4.89517542,0.5327280700000001
reserved_holdout,,OCNT-2328638,CYP1A2,4.236983705,3.94085925,4.68260325,4.89929312,-0.6623094150000002
reserved_holdout,,OCNT-2328671,CYP2D6,4.551545305,4.4649545,4.6702445,4.85323068,-0.3016853749999999
reserved_holdout,,OCNT-2328675,CYP3A4,2.616801833,1.145597,3.72951025,2.4744059,0.14239593299999997
reserved_holdout,,OCNT-2328727,CYP2D6,5.964720312,5.8093805,6.12224425,5.20392168,0.7607986320000002
reserved_holdout,,OCNT-2328753,CYP3A4,2.484795243,1.1091115,3.696818,3.7538090600000005,-1.2690138170000003
reserved_holdout,,OCNT-2328784,CYP1A2,5.49263816,5.3493175,5.6293555,5.3683271,0.12431106000000014
reserved_holdout,,OCNT-2328784,CYP3A4,3.317232682,2.22004975,3.90522175,4.776297120000001,-1.4590644380000004
reserved_holdout,,OCNT-2328788,CYP2D6,4.98170079,4.88900925,5.04847075,5.51694254,-0.53524175
reserved_holdout,,OCNT-2328803,CYP2D6,5.129553383,4.98585775,5.27750425,4.79820484,0.33134854299999983
reserved_holdout,,OCNT-2328824,CYP1A2,5.378572777,5.32389975,5.44273975,5.63783494,-0.2592621630000007
reserved_holdout,,OCNT-2328824,CYP2D6,5.595320342,5.53393575,5.664751,4.33608188,1.259238462
reserved_holdout,,OCNT-2328839,CYP2D6,4.372751283,4.2211125,4.52816975,5.02854414,-0.6557928569999998
reserved_holdout,,OCNT-2328849,CYP2C9,2.110043877,1.049306,3.220839,1.377582208,0.7324616689999999
reserved_holdout,,OCNT-2328892,CYP1A2,4.774593187,4.6843485,4.8756735,5.684013500000001,-0.9094203130000009
reserved_holdout,,OCNT-2328892,CYP2C9,6.342905652,6.1957395,6.48012325,5.10508042,1.2378252319999996
reserved_holdout,,OCNT-2328892,CYP3A4,5.05946557,5.004677,5.114895,4.86024982,0.19921575000000047
reserved_holdout,,OCNT-2328914,CYP2D6,4.617477477,4.46742825,4.82426425,4.793663319999999,-0.17618584299999895
reserved_holdout,,OCNT-2328916,CYP2D6,6.20407803,6.01288125,6.40031225,5.24001138,0.9640666499999995
reserved_holdout,,OCNT-2328955,CYP2C9,3.817187388,3.28519725,4.23263525,4.765868159999999,-0.9486807719999995
reserved_holdout,,OCNT-2328985,CYP2C9,4.69347433,4.4876745,4.9187555,3.84035856,0.85311577
reserved_holdout,,OCNT-2328993,CYP3A4,2.045776065,1.0527465,3.38958675,4.45500526,-2.409229195
reserved_holdout,,OCNT-2395272,CYP3A4,3.833791445,3.47622925,4.10866825,4.41338324,-0.5795917949999998
reserved_holdout,,OCNT-2395276,CYP3A4,4.304885555,4.206236,4.44296675,4.57831292,-0.27342736499999987
reserved_holdout,,OCNT-2395278,CYP3A4,2.678431218,1.12824625,3.794117,3.18223078,-0.5037995619999998
reserved_holdout,,OCNT-2395282,CYP3A4,4.024870125,3.80058525,4.31734,3.2016728800000003,0.8231972449999994
reserved_holdout,,OCNT-2395284,CYP3A4,3.586721283,3.1105965,4.010155,4.046446899999999,-0.45972561699999925
reserved_holdout,,OCNT-2395291,CYP3A4,5.172392398,4.97122625,5.3655265,5.008919499999999,0.1634728980000011
reserved_holdout,,OCNT-2395297,CYP3A4,4.036993605,3.784736,4.32318025,4.2308746,-0.19388099499999978
reserved_holdout,,OCNT-2395303,CYP3A4,5.809834187,5.756338,5.8607745,4.555028340000001,1.2548058469999992
reserved_holdout,,OCNT-2395304,CYP3A4,4.167815617,3.99767925,4.35284275,4.6888203399999995,-0.5210047229999999
reserved_holdout,,OCNT-2395307,CYP3A4,5.10581791,5.04229075,5.17757025,5.01927158,0.08654633
reserved_holdout,,OCNT-2395311,CYP3A4,5.319436237,5.264882,5.3737205,5.00313786,0.31629837699999985
reserved_holdout,,OCNT-2395320,CYP3A4,3.644961728,2.87101075,4.0744855,3.9837088200000004,-0.3387470920000002
reserved_holdout,,OCNT-2395323,CYP3A4,5.134304378,5.05044,5.23415575,4.112065459999999,1.022238918000001
reserved_holdout,,OCNT-2395333,CYP3A4,4.519548128,4.43257825,4.666671,4.1698235,0.3497246280000006
reserved_holdout,,OCNT-2395335,CYP3A4,4.4082593,4.2815275,4.6050505,4.6627588200000005,-0.2544995200000004
reserved_holdout,,OCNT-2395337,CYP3A4,4.166390942,3.955452,4.366989,4.2446098800000005,-0.0782189380000009
reserved_holdout,,OCNT-2395341,CYP3A4,2.015861195,1.05142125,3.37194175,3.02651154,-1.0106503450000002
reserved_holdout,,OCNT-2395346,CYP3A4,5.57847756,5.467295,5.67836225,4.25526758,1.3232099799999997
reserved_holdout,,OCNT-2395349,CYP3A4,5.07026549,5.0115255,5.13252075,4.7034622200000005,0.36680326999999924
reserved_holdout,,OCNT-2395350,CYP3A4,4.39927141,4.2479955,4.62322925,4.39049974,0.008771669999999787
reserved_holdout,,OCNT-2395363,CYP3A4,4.867541923,4.75756725,5.01149825,4.05904226,0.8084996630000001
reserved_holdout,,OCNT-2395375,CYP3A4,4.144938892,3.97028875,4.302569,4.046000080000001,0.09893881199999921
reserved_holdout,,OCNT-2395380,CYP3A4,3.91647593,3.613619,4.14720825,3.1419526199999996,0.7745233100000002
reserved_holdout,,OCNT-2395384,CYP3A4,5.648142737,5.59503975,5.70196025,5.1766361000000005,0.4715066369999992
reserved_holdout,,OCNT-2395401,CYP3A4,3.515679212,3.05534575,3.93417175,3.9229981799999996,-0.40731896799999934
reserved_holdout,,OCNT-2395407,CYP3A4,3.985942915,3.704549,4.20375625,4.16660712,-0.18066420500000024
reserved_holdout,,OCNT-2395413,CYP3A4,4.26554637,3.9515275,4.541938,3.45880226,0.8067441099999999
reserved_holdout,,OCNT-2395416,CYP3A4,4.424372147,4.3004475,4.60008975,3.86528864,0.5590835069999995
reserved_holdout,,OCNT-2395421,CYP3A4,5.55095215,5.49507975,5.60690025,4.31175202,1.2392001299999995
reserved_holdout,,OCNT-2395422,CYP3A4,1.942231613,1.04481925,3.14400375,3.75957222,-1.817340607
reserved_holdout,,OCNT-2395423,CYP3A4,5.136154207,5.06684925,5.209228,4.42301598,0.713138227
reserved_holdout,,OCNT-2395425,CYP3A4,5.120864273,5.076438,5.16561625,4.517560519999999,0.6033037530000005
reserved_holdout,,OCNT-2395426,CYP3A4,2.072467178,1.059541,3.39394025,2.250204,-0.17773682199999996
reserved_holdout,,OCNT-2395431,CYP3A4,3.45467804,2.413926,3.995667,3.4775908799999997,-0.0229128399999996
reserved_holdout,,OCNT-2395436,CYP3A4,5.963552567,5.879613,6.04144975,4.60093906,1.3626135069999998
reserved_holdout,,OCNT-2395438,CYP3A4,3.095404022,1.27620775,3.93558125,3.66392384,-0.568519818
reserved_holdout,,OCNT-2395440,CYP3A4,4.95328548,4.894889,5.019266,4.4758854,0.4774000799999998
reserved_holdout,,OCNT-2395441,CYP3A4,5.138354168,5.08806925,5.1944515,4.2246667,0.913687468
reserved_holdout,,OCNT-2395448,CYP3A4,2.071110248,1.06050175,3.42182,2.21227164,-0.14116139199999989
reserved_holdout,,OCNT-2395451,CYP3A4,3.579423645,2.5403175,4.045222,4.01282092,-0.43339727500000036
reserved_holdout,,OCNT-2395452,CYP3A4,2.131347953,1.06516675,3.21875425,3.3762188600000003,-1.2448709070000001
reserved_holdout,,OCNT-2395454,CYP3A4,4.118105522,3.94501925,4.27035825,4.0263234400000005,0.09178208199999904
reserved_holdout,,OCNT-2395457,CYP3A4,5.856038895,5.7611665,5.9453565,4.677067839999999,1.1789710550000008
reserved_holdout,,OCNT-2395458,CYP3A4,3.340401267,1.6569845,3.99390525,3.7178668999999998,-0.3774656329999999
reserved_holdout,,OCNT-2395470,CYP3A4,4.95156472,4.8561595,5.04365325,4.9134025999999995,0.038162120000000854
reserved_holdout,,OCNT-2395472,CYP3A4,2.968446817,1.22270025,3.8386575,3.3692207400000003,-0.4007739230000005
reserved_holdout,,OCNT-2395474,CYP3A4,4.957931657,4.893734,5.03487725,4.352204159999999,0.6057274970000002
reserved_holdout,,OCNT-2395481,CYP3A4,3.275800322,1.79943925,3.93804325,3.94352874,-0.6677284180000003
reserved_holdout,,OCNT-2395485,CYP3A4,5.041130693,4.95023925,5.14813525,4.9614841400000005,0.0796465529999999
reserved_holdout,,OCNT-2395499,CYP3A4,5.005418815,4.90903575,5.13134125,4.11617588,0.8892429349999995
reserved_holdout,,OCNT-2395500,CYP3A4,5.1413988,5.06469525,5.218943,4.751210080000001,0.3901887199999994
reserved_holdout,,OCNT-2395501,CYP3A4,5.140313218,5.08054825,5.2027535,4.3980457,0.7422675180000002
reserved_holdout,,OCNT-2395505,CYP3A4,5.023646047,4.959458,5.09553975,4.17943758,0.8442084669999996
reserved_holdout,,OCNT-2395513,CYP3A4,3.086277585,1.81354775,3.79182075,4.694151079999999,-1.6078734949999993
reserved_holdout,,OCNT-2395514,CYP3A4,4.002443927,3.763356,4.241122,3.9966110200000005,0.005832906999999388
reserved_holdout,,OCNT-2395519,CYP3A4,4.769233823,4.67744925,4.90517075,4.614559419999999,0.15467440300000135
reserved_holdout,,OCNT-2395522,CYP3A4,4.518967697,4.397948,4.72952725,4.31569738,0.2032703170000003
reserved_holdout,,OCNT-2395528,CYP3A4,4.64217941,4.549068,4.78722375,4.79940512,-0.15722571000000052
reserved_holdout,,OCNT-2395543,CYP3A4,5.333809693,5.26451975,5.40708075,4.7868840200000005,0.5469256729999996
reserved_holdout,,OCNT-2395547,CYP3A4,4.29194543,4.1666855,4.45068175,3.63398846,0.6579569700000003
reserved_holdout,,OCNT-2395548,CYP3A4,5.303949493,5.251849,5.35804825,5.18372576,0.12022373300000044
reserved_holdout,,OCNT-2395553,CYP3A4,4.624680377,4.51470925,4.83512475,4.23527396,0.389406417
reserved_holdout,,OCNT-2395555,CYP3A4,3.427380085,2.340609,3.98609875,4.05516024,-0.6277801550000004
reserved_holdout,,OCNT-2395561,CYP3A4,3.054516267,1.32663575,3.86748175,4.32571784,-1.2712015730000004
reserved_holdout,,OCNT-2395566,CYP3A4,4.440221917,4.354798,4.5726615,3.99619656,0.4440253569999997
reserved_holdout,,OCNT-2395567,CYP3A4,5.21310288,5.14231625,5.286944,4.57831206,0.6347908200000001
reserved_holdout,,OCNT-2395576,CYP3A4,4.395570003,4.309686,4.5662555,4.5566322,-0.16106219700000057
reserved_holdout,,OCNT-2395577,CYP3A4,4.015097575,3.7526775,4.19595225,3.9252876800000003,0.08980989500000014
reserved_holdout,,OCNT-2395582,CYP3A4,4.516886957,4.438958,4.66089925,4.56435436,-0.04746740300000063
reserved_holdout,,OCNT-2395583,CYP3A4,4.06572573,3.82304375,4.29208375,4.27310934,-0.20738361000000083
reserved_holdout,,OCNT-2395586,CYP3A4,4.92501999,4.86653625,4.99260675,4.62699782,0.2980221700000003
reserved_holdout,,OCNT-2395595,CYP3A4,4.884816772,4.7824435,5.03149,3.4342697600000003,1.4505470119999995
reserved_holdout,,OCNT-2395597,CYP3A4,5.809395215,5.74132975,5.87732175,5.19756876,0.6118264550000001
reserved_holdout,,OCNT-2395599,CYP3A4,4.808982763,4.72355225,4.928572,4.43689706,0.37208570300000066
reserved_holdout,,OCNT-2395600,CYP3A4,3.036258822,1.37715725,3.83856875,3.4711014,-0.4348425779999996
reserved_holdout,,OCNT-2395605,CYP3A4,5.60513497,5.554319,5.65652775,4.96027578,0.64485919
reserved_holdout,,OCNT-2395609,CYP3A4,2.496124733,1.09469625,3.72704575,3.4974117400000004,-1.0012870070000006
reserved_holdout,,OCNT-2395610,CYP3A4,3.32945167,1.5575295,3.99967125,3.0262026000000004,0.3032490699999997
reserved_holdout,,OCNT-2395615,CYP3A4,5.30099028,5.2143145,5.393892,4.16352698,1.1374632999999994
reserved_holdout,,OCNT-2395619,CYP3A4,4.266635078,4.13338775,4.4269115,5.02753308,-0.7608980020000002
reserved_holdout,,OCNT-2395626,CYP3A4,5.186547398,5.1162675,5.2633565,4.048993780000001,1.1375536179999992
reserved_holdout,,OCNT-2395629,CYP3A4,4.475290858,4.3781485,4.64405325,4.70162182,-0.22633096199999958
reserved_holdout,,OCNT-2395634,CYP3A4,2.190838462,1.07634825,3.2486565,3.7564016199999997,-1.5655631579999998
reserved_holdout,,OCNT-2395636,CYP3A4,3.663136355,2.98192825,4.087832,4.219594980000001,-0.5564586250000012
reserved_holdout,,OCNT-2395637,CYP3A4,4.902830315,4.79686275,5.04857625,4.3873555,0.5154748150000001
reserved_holdout,,OCNT-2395638,CYP3A4,4.572224542,4.4239835,4.83188225,4.1959675,0.37625704199999976
reserved_holdout,,OCNT-2395642,CYP3A4,2.204663052,1.0662635,3.224451,2.4898114199999997,-0.28514836799999976
reserved_holdout,,OCNT-2395644,CYP3A4,5.346789933,5.272259,5.41141375,5.21687828,0.12991165299999974
reserved_holdout,,OCNT-2395657,CYP3A4,5.295529767,5.25101775,5.34032325,4.79135788,0.504171887
reserved_holdout,,OCNT-2395658,CYP3A4,2.102320618,1.0708365,3.1937675,3.23110352,-1.1287829020000002
reserved_holdout,,OCNT-2395660,CYP3A4,4.85167092,4.78122275,4.9292305,5.08877608,-0.2371051599999996
reserved_holdout,,OCNT-2395662,CYP3A4,2.404207318,1.08571925,3.62350075,2.38657652,0.017630797999999892
reserved_holdout,,OCNT-2395663,CYP3A4,5.183907513,5.1181465,5.25482825,3.58329976,1.6006077530000002
reserved_holdout,,OCNT-2395667,CYP3A4,4.37885095,4.26682775,4.5514935,3.6177506999999998,0.7611002500000006
reserved_holdout,,OCNT-2395670,CYP3A4,4.504472302,4.3969995,4.675415,4.2112234399999995,0.29324886200000044
reserved_holdout,,OCNT-2395671,CYP3A4,4.42524445,4.323078,4.584757,3.3003088399999996,1.1249356100000005
reserved_holdout,,OCNT-2395679,CYP3A4,3.416967683,1.65348075,4.019343,3.09056204,0.3264056430000002
reserved_holdout,,OCNT-2395692,CYP3A4,4.148652315,3.9595665,4.31427625,4.21159044,-0.06293812500000051
reserved_holdout,,OCNT-2395699,CYP3A4,2.874505928,1.31869425,3.7654805,3.5343338799999997,-0.6598279519999997
reserved_holdout,,OCNT-2395702,CYP3A4,4.004066267,3.71392425,4.635889,4.21273176,-0.2086654929999998
reserved_holdout,,OCNT-2395706,CYP3A4,3.54631486,2.97762425,3.9765535,4.297932040000001,-0.7516171800000011
reserved_holdout,,OCNT-2395711,CYP3A4,4.165031332,4.0078975,4.28301375,3.8573843000000005,0.3076470319999993
reserved_holdout,,OCNT-2395712,CYP3A4,5.291723665,5.1710085,5.41607475,4.12854808,1.1631755850000003
reserved_holdout,,OCNT-2395722,CYP3A4,5.418126688,5.35641625,5.48173175,5.2202601,0.19786658800000012
reserved_holdout,,OCNT-2395724,CYP3A4,4.986965113,4.90412225,5.085122,5.006422120000001,-0.019457007000000637
reserved_holdout,,OCNT-2395725,CYP3A4,5.243843163,5.1629035,5.33340525,4.04181274,1.202030423
reserved_holdout,,OCNT-2395726,CYP3A4,4.893126983,4.803304,5.0149925,3.9880653799999997,0.9050616030000005
reserved_holdout,,OCNT-2395728,CYP3A4,5.686804833,5.63396975,5.741082,5.29848958,0.388315253
reserved_holdout,,OCNT-2395734,CYP3A4,4.858771785,4.775018,4.967831,4.24127118,0.617500605
reserved_holdout,,OCNT-2395743,CYP3A4,4.89372463,4.81355075,4.9899015,3.99366434,0.9000602900000003
reserved_holdout,,OCNT-2395746,CYP3A4,4.334929565,4.2119755,4.4951465,4.18717442,0.14775514500000053
reserved_holdout,,OCNT-2395773,CYP3A4,5.363346235,5.2832595,5.44116225,4.383658240000001,0.979687994999999
reserved_holdout,,OCNT-2395775,CYP3A4,4.23762731,4.045407,4.44990525,4.44153444,-0.20390713000000016
reserved_holdout,,OCNT-2395783,CYP3A4,4.37567144,4.28675475,4.53044325,4.47274454,-0.09707310000000025
reserved_holdout,,OCNT-2395784,CYP3A4,5.151652217,5.1027665,5.20141375,4.70863854,0.4430136769999997
reserved_holdout,,OCNT-2395788,CYP3A4,5.57510725,5.50850125,5.64489375,5.015581299999999,0.5595259500000012
reserved_holdout,,OCNT-2395789,CYP3A4,5.536836112,5.41219925,5.65592225,4.25713342,1.2797026919999999
reserved_holdout,,OCNT-2395790,CYP3A4,4.13460412,3.9396765,4.33215175,4.1782341,-0.0436299800000004
reserved_holdout,,OCNT-2395797,CYP3A4,4.456504423,4.26228475,4.764945,3.8886297,0.5678747230000001
